datetime,air_temp,humidity,rain,water_temp,do,ph
2025-03-05 00:00:00,23.9,98,0.0,22.9,10.98,7.48
2025-03-05 01:00:00,24.9,95,0.0,23.2,10.86,7.49
2025-03-05 02:00:00,25.8,87,0.0,23.68,10.59,7.64
2025-03-05 03:00:00,27.3,76,0.0,24.47,10.21,7.78
2025-03-05 04:00:00,29.5,64,0.0,25.68,9.73,7.64
2025-03-05 05:00:00,31.9,51,0.0,27.24,9.17,7.65
2025-03-05 06:00:00,33.9,41,0.0,28.94,8.65,7.83
2025-03-05 07:00:00,34.5,43,0.0,30.31,8.42,7.72
2025-03-05 08:00:00,33.9,48,0.0,31.09,8.35,7.56
2025-03-05 09:00:00,33.8,41,0.0,31.6,8.13,7.61
2025-03-05 10:00:00,32.8,45,0.0,31.66,8.19,7.45
2025-03-05 11:00:00,31.5,52,0.0,31.31,8.37,7.38
2025-03-05 12:00:00,29.8,68,0.0,30.56,8.79,7.38
2025-03-05 13:00:00,28.5,76,0.0,29.64,9.12,7.09
2025-03-05 14:00:00,27.9,81,0.0,28.82,9.38,7.05
2025-03-05 15:00:00,27.5,82,0.0,28.12,9.55,7.11
2025-03-05 16:00:00,27.2,85,0.0,27.55,9.73,7.02
2025-03-05 17:00:00,27.0,85,0.0,27.08,9.83,7.13
2025-03-05 18:00:00,26.6,87,0.0,26.64,9.96,7.0
2025-03-05 19:00:00,26.2,90,0.0,26.21,10.11,6.97
2025-03-05 20:00:00,25.5,93,0.0,25.69,10.27,7.29
2025-03-05 21:00:00,24.6,96,0.0,25.07,10.47,7.17
2025-03-05 22:00:00,24.3,96,0.0,24.54,10.58,7.27
2025-03-05 23:00:00,24.0,97,0.0,24.08,10.7,7.2
2025-03-06 00:00:00,23.6,98,0.0,23.63,10.82,7.37
2025-03-06 01:00:00,24.7,97,0.0,23.65,10.8,7.51
2025-03-06 02:00:00,25.5,88,0.0,23.91,10.56,7.46
2025-03-06 03:00:00,27.2,77,0.0,24.59,10.2,7.66
2025-03-06 04:00:00,30.0,62,0.0,25.92,9.64,7.6
2025-03-06 05:00:00,32.9,46,0.0,27.71,8.99,7.64
2025-03-06 06:00:00,34.8,36,0.0,29.54,8.45,7.6
2025-03-06 07:00:00,35.2,36,0.0,30.94,8.18,7.83
2025-03-06 08:00:00,34.8,39,0.0,31.8,8.06,7.6
2025-03-06 09:00:00,34.8,32,0.0,32.4,7.83,7.44
2025-03-06 10:00:00,34.1,29,0.0,32.61,7.74,7.57
2025-03-06 11:00:00,32.8,32,0.0,32.37,7.83,7.29
2025-03-06 12:00:00,30.8,47,0.0,31.6,8.23,7.36
2025-03-06 13:00:00,29.2,56,0.0,30.58,8.59,7.08
2025-03-06 14:00:00,28.6,62,0.0,29.68,8.87,7.08
2025-03-06 15:00:00,28.5,58,0.0,29.03,8.93,7.18
2025-03-06 16:00:00,27.9,63,0.0,28.39,9.15,7.19
2025-03-06 17:00:00,27.2,71,0.0,27.73,9.43,7.11
2025-03-06 18:00:00,26.4,82,0.0,27.03,9.78,7.08
2025-03-06 19:00:00,25.6,87,0.0,26.3,10.03,7.08
2025-03-06 20:00:00,24.9,90,0.0,25.58,10.24,7.0
2025-03-06 21:00:00,24.3,90,0.0,24.9,10.39,7.13
2025-03-06 22:00:00,23.5,90,0.0,24.18,10.55,7.22
2025-03-06 23:00:00,23.1,90,0.0,23.55,10.68,7.45
2025-03-07 00:00:00,22.8,89,0.0,23.03,10.77,7.46
2025-03-07 01:00:00,23.2,75,0.0,22.78,10.55,7.33
2025-03-07 02:00:00,24.5,67,0.0,23.0,10.34,7.61
2025-03-07 03:00:00,27.1,64,0.0,23.93,10.09,7.59
2025-03-07 04:00:00,29.5,53,0.0,25.3,9.6,7.6
2025-03-07 05:00:00,31.7,41,0.0,26.92,9.05,7.74
2025-03-07 06:00:00,33.0,35,0.0,28.44,8.64,7.78
2025-03-07 07:00:00,33.0,37,0.0,29.51,8.47,7.75
2025-03-07 08:00:00,32.5,39,0.0,30.11,8.39,7.53
2025-03-07 09:00:00,31.9,41,0.0,30.35,8.38,7.54
2025-03-07 10:00:00,30.8,48,0.0,30.18,8.53,7.54
2025-03-07 11:00:00,29.6,56,0.0,29.71,8.76,7.54
2025-03-07 12:00:00,28.2,66,0.0,28.95,9.09,7.32
2025-03-07 13:00:00,27.2,76,0.0,28.13,9.44,7.28
2025-03-07 14:00:00,26.9,79,0.0,27.46,9.64,7.12
2025-03-07 15:00:00,26.8,77,0.0,26.96,9.7,7.06
2025-03-07 16:00:00,26.6,75,0.0,26.55,9.75,7.22
2025-03-07 17:00:00,26.3,79,0.0,26.18,9.91,7.24
2025-03-07 18:00:00,26.0,82,0.0,25.82,10.04,7.09
2025-03-07 19:00:00,25.8,84,0.0,25.52,10.14,7.22
2025-03-07 20:00:00,25.0,88,0.0,25.06,10.32,7.19
2025-03-07 21:00:00,24.5,91,0.0,24.59,10.48,7.14
2025-03-07 22:00:00,24.0,93,0.0,24.12,10.62,7.3
2025-03-07 23:00:00,23.5,95,0.0,23.63,10.76,7.5
2025-03-08 00:00:00,23.1,96,0.0,23.17,10.88,7.42
2025-03-08 01:00:00,23.5,95,0.0,22.97,10.91,7.66
2025-03-08 02:00:00,25.0,87,0.0,23.28,10.68,7.32
2025-03-08 03:00:00,26.8,74,0.0,24.04,10.26,7.71
2025-03-08 04:00:00,28.9,61,0.0,25.19,9.77,7.68
2025-03-08 05:00:00,31.0,50,0.0,26.64,9.27,7.65
2025-03-08 06:00:00,32.8,41,0.0,28.19,8.8,7.69
2025-03-08 07:00:00,32.8,44,0.0,29.27,8.64,7.46
2025-03-08 08:00:00,32.3,43,0.0,29.88,8.5,7.6
2025-03-08 09:00:00,32.0,42,0.0,30.22,8.42,7.61
2025-03-08 10:00:00,31.5,47,0.0,30.3,8.49,7.65
2025-03-08 11:00:00,30.4,52,0.0,30.03,8.63,7.39
2025-03-08 12:00:00,28.9,64,0.0,29.39,8.97,7.29
2025-03-08 13:00:00,27.9,71,0.0,28.64,9.24,7.25
2025-03-08 14:00:00,27.4,76,0.0,27.97,9.47,7.32
2025-03-08 15:00:00,27.1,76,0.0,27.41,9.59,7.21
2025-03-08 16:00:00,26.8,79,0.0,26.93,9.75,7.08
2025-03-08 17:00:00,26.4,82,0.0,26.47,9.9,7.16
2025-03-08 18:00:00,26.1,84,0.0,26.06,10.03,7.11
2025-03-08 19:00:00,25.9,85,0.0,25.71,10.12,7.21
2025-03-08 20:00:00,25.5,87,0.0,25.35,10.24,7.08
2025-03-08 21:00:00,24.9,90,0.0,24.91,10.39,7.17
2025-03-08 22:00:00,24.1,92,0.0,24.37,10.54,7.23
2025-03-08 23:00:00,23.8,94,0.0,23.9,10.68,7.2
2025-03-09 00:00:00,23.4,96,0.0,23.45,10.82,7.46
2025-03-09 01:00:00,23.8,98,0.0,23.25,10.9,7.53
2025-03-09 02:00:00,24.8,93,0.0,23.42,10.77,7.58
2025-03-09 03:00:00,26.8,81,0.0,24.13,10.38,7.61
2025-03-09 04:00:00,29.0,66,0.0,25.29,9.85,7.53
2025-03-09 05:00:00,30.1,60,0.0,26.43,9.5,7.64
2025-03-09 06:00:00,30.8,57,0.0,27.44,9.24,7.65
2025-03-09 07:00:00,31.1,54,0.0,28.24,9.02,7.59
2025-03-09 08:00:00,31.0,53,0.0,28.77,8.9,7.62
2025-03-09 09:00:00,30.5,55,0.0,28.99,8.89,7.62
2025-03-09 10:00:00,30.0,57,0.0,28.99,8.92,7.71
2025-03-09 11:00:00,29.2,60,0.0,28.75,9.03,7.47
2025-03-09 12:00:00,28.5,63,0.0,28.38,9.16,7.4
2025-03-09 13:00:00,28.2,64,0.0,28.02,9.25,7.29
2025-03-09 14:00:00,28.2,63,0.0,27.78,9.28,7.04
2025-03-09 15:00:00,28.0,64,0.0,27.54,9.35,7.17
2025-03-09 16:00:00,28.0,65,0.0,27.38,9.4,7.13
2025-03-09 17:00:00,27.9,67,0.0,27.24,9.46,7.34
2025-03-09 18:00:00,27.5,69,0.0,27.02,9.55,7.07
2025-03-09 19:00:00,27.0,71,0.0,26.71,9.65,7.13
2025-03-09 20:00:00,26.6,72,0.0,26.38,9.73,7.13
2025-03-09 21:00:00,26.4,69,0.0,26.08,9.74,7.07
2025-03-09 22:00:00,26.2,67,0.0,25.82,9.76,7.37
2025-03-09 23:00:00,26.1,64,0.0,25.6,9.74,7.4
2025-03-10 00:00:00,26.1,63,0.0,25.45,9.76,7.48
2025-03-10 01:00:00,25.6,80,0.1,25.2,10.13,7.39
2025-03-10 02:00:00,26.9,72,0.0,25.41,9.94,7.7
2025-03-10 03:00:00,28.4,59,0.0,26.01,9.57,7.47
2025-03-10 04:00:00,29.8,49,0.0,26.84,9.21,7.71
2025-03-10 05:00:00,30.5,45,0.0,27.64,8.98,7.89
2025-03-10 06:00:00,30.8,47,0.0,28.29,8.89,7.58
2025-03-10 07:00:00,30.9,48,0.0,28.77,8.81,7.61
2025-03-10 08:00:00,31.1,46,0.0,29.17,8.7,7.64
2025-03-10 09:00:00,31.5,46,0.0,29.57,8.62,7.53
2025-03-10 10:00:00,30.7,50,0.0,29.61,8.68,7.36
2025-03-10 11:00:00,29.5,57,0.0,29.28,8.87,7.45
2025-03-10 12:00:00,28.5,60,0.0,28.74,9.03,7.27
2025-03-10 13:00:00,28.2,64,0.0,28.28,9.19,7.35
2025-03-10 14:00:00,28.3,63,0.0,27.99,9.24,7.14
2025-03-10 15:00:00,27.9,66,0.0,27.66,9.36,7.33
2025-03-10 16:00:00,28.0,65,0.0,27.46,9.38,7.05
2025-03-10 17:00:00,27.7,67,0.0,27.23,9.46,7.07
2025-03-10 18:00:00,27.4,69,0.0,26.98,9.55,7.17
2025-03-10 19:00:00,27.4,69,0.0,26.81,9.59,6.98
2025-03-10 20:00:00,27.2,70,0.0,26.63,9.65,7.16
2025-03-10 21:00:00,27.2,70,0.0,26.5,9.67,7.31
2025-03-10 22:00:00,27.2,70,0.0,26.41,9.69,7.09
2025-03-10 23:00:00,27.2,70,0.0,26.35,9.7,7.34
2025-03-11 00:00:00,27.1,71,0.0,26.27,9.74,7.42
2025-03-11 01:00:00,27.1,77,0.0,26.22,9.86,7.55
2025-03-11 02:00:00,28.0,73,0.1,26.45,9.74,7.41
2025-03-11 03:00:00,29.0,68,0.1,26.92,9.55,7.46
2025-03-11 04:00:00,30.0,63,0.1,27.54,9.33,7.69
2025-03-11 05:00:00,27.0,78,2.0,27.08,9.7,7.62
2025-03-11 06:00:00,27.6,75,0.9,26.94,9.67,7.66
2025-03-11 07:00:00,29.0,71,0.1,27.26,9.53,7.7
2025-03-11 08:00:00,29.5,71,0.1,27.63,9.46,7.57
2025-03-11 09:00:00,27.4,78,2.9,27.26,9.66,7.51
2025-03-11 10:00:00,26.4,79,0.6,26.7,9.8,7.53
2025-03-11 11:00:00,26.0,84,0.9,26.19,10.0,7.35
2025-03-11 12:00:00,26.2,83,0.0,25.89,10.04,7.59
2025-03-11 13:00:00,25.0,93,5.7,25.33,10.35,7.22
2025-03-11 14:00:00,25.0,92,0.1,24.93,10.42,7.13
2025-03-11 15:00:00,25.0,91,0.0,24.65,10.46,7.27
2025-03-11 16:00:00,25.1,92,0.1,24.48,10.52,7.05
2025-03-11 17:00:00,24.8,94,0.2,24.28,10.6,7.19
2025-03-11 18:00:00,24.5,94,0.9,24.05,10.65,7.18
2025-03-11 19:00:00,24.4,96,0.0,23.85,10.73,7.05
2025-03-11 20:00:00,24.2,95,0.0,23.66,10.76,7.26
2025-03-11 21:00:00,24.0,97,0.0,23.46,10.84,7.25
2025-03-11 22:00:00,24.0,97,0.0,23.32,10.87,7.36
2025-03-11 23:00:00,24.0,97,0.0,23.23,10.89,7.54
2025-03-12 00:00:00,24.0,96,0.0,23.16,10.89,7.4
2025-03-12 01:00:00,24.9,96,0.3,23.38,10.84,7.41
2025-03-12 02:00:00,25.4,91,1.0,23.69,10.67,7.43
2025-03-12 03:00:00,27.0,87,0.1,24.38,10.44,7.54
2025-03-12 04:00:00,28.4,78,0.1,25.29,10.08,7.65
2025-03-12 05:00:00,29.5,74,0.0,26.25,9.8,7.72
2025-03-12 06:00:00,29.6,74,0.2,26.96,9.65,7.7
2025-03-12 07:00:00,30.0,73,0.1,27.57,9.5,7.75
2025-03-12 08:00:00,30.0,72,0.0,28.0,9.4,7.64
2025-03-12 09:00:00,29.9,72,0.0,28.27,9.34,7.73
2025-03-12 10:00:00,29.5,73,0.0,28.34,9.34,7.5
2025-03-12 11:00:00,28.9,74,0.0,28.21,9.39,7.73
2025-03-12 12:00:00,28.1,78,0.0,27.87,9.53,7.44
2025-03-12 13:00:00,27.4,84,0.0,27.43,9.73,7.22
2025-03-12 14:00:00,26.6,85,0.0,26.88,9.87,7.13
2025-03-12 15:00:00,26.5,86,0.0,26.47,9.98,7.23
2025-03-12 16:00:00,26.2,88,0.0,26.09,10.1,7.12
2025-03-12 17:00:00,25.8,91,0.0,25.7,10.24,7.18
2025-03-12 18:00:00,25.5,93,0.0,25.34,10.35,7.15
2025-03-12 19:00:00,25.1,95,0.0,24.97,10.47,7.11
2025-03-12 20:00:00,24.8,96,0.0,24.62,10.57,7.07
2025-03-12 21:00:00,24.5,98,0.0,24.28,10.68,7.05
2025-03-12 22:00:00,24.2,98,0.0,23.96,10.75,7.23
2025-03-12 23:00:00,24.0,98,0.0,23.67,10.81,7.43
2025-03-13 00:00:00,24.0,96,0.0,23.47,10.82,7.45
2025-03-13 01:00:00,24.9,97,0.0,23.6,10.81,7.38
2025-03-13 02:00:00,25.8,92,0.0,23.96,10.63,7.59
2025-03-13 03:00:00,27.8,81,0.0,24.81,10.24,7.66
2025-03-13 04:00:00,30.0,68,0.0,26.07,9.72,7.57
2025-03-13 05:00:00,31.9,58,0.0,27.52,9.24,7.69
2025-03-13 06:00:00,33.0,54,0.0,28.86,8.9,7.68
2025-03-13 07:00:00,33.2,55,0.0,29.86,8.71,7.54
2025-03-13 08:00:00,33.0,55,0.0,30.5,8.58,7.65
2025-03-13 09:00:00,32.3,56,0.0,30.74,8.55,7.62
2025-03-13 10:00:00,31.5,62,0.0,30.67,8.67,7.61
2025-03-13 11:00:00,30.5,66,0.0,30.32,8.81,7.54
2025-03-13 12:00:00,29.5,70,0.0,29.77,8.99,7.22
2025-03-13 13:00:00,28.3,79,0.0,29.03,9.3,7.2
2025-03-13 14:00:00,27.9,83,0.0,28.39,9.51,7.28
2025-03-13 15:00:00,27.6,84,0.0,27.85,9.64,7.22
2025-03-13 16:00:00,27.3,86,0.0,27.39,9.78,7.18
2025-03-13 17:00:00,27.0,89,0.0,26.97,9.92,7.49
2025-03-13 18:00:00,26.5,91,0.0,26.53,10.06,7.15
2025-03-13 19:00:00,26.0,94,0.0,26.07,10.21,7.22
2025-03-13 20:00:00,25.6,95,0.0,25.63,10.33,7.24
2025-03-13 21:00:00,25.1,97,0.0,25.17,10.47,7.26
2025-03-13 22:00:00,24.8,98,0.0,24.76,10.57,7.23
2025-03-13 23:00:00,24.8,98,0.0,24.47,10.64,7.41
2025-03-14 00:00:00,24.7,97,0.0,24.24,10.67,7.34
2025-03-14 01:00:00,26.1,95,0.0,24.5,10.57,7.47
2025-03-14 02:00:00,27.1,84,0.0,24.98,10.26,7.51
2025-03-14 03:00:00,28.8,75,0.0,25.83,9.91,7.62
2025-03-14 04:00:00,30.8,63,0.0,27.02,9.44,7.88
2025-03-14 05:00:00,32.5,55,0.0,28.36,9.02,7.48
2025-03-14 06:00:00,33.4,53,0.0,29.57,8.74,7.73
2025-03-14 07:00:00,33.3,58,0.0,30.39,8.66,7.48
2025-03-14 08:00:00,33.0,55,0.0,30.87,8.51,7.56
2025-03-14 09:00:00,32.8,50,0.0,31.15,8.37,7.67
2025-03-14 10:00:00,32.2,51,0.0,31.17,8.38,7.5
2025-03-14 11:00:00,31.1,56,0.0,30.85,8.53,7.32
2025-03-14 12:00:00,29.5,69,0.0,30.14,8.9,7.29
2025-03-14 13:00:00,28.2,78,0.0,29.26,9.24,7.36
2025-03-14 14:00:00,27.9,81,0.0,28.55,9.44,7.15
2025-03-14 15:00:00,27.5,81,0.0,27.94,9.57,7.19
2025-03-14 16:00:00,27.1,84,0.0,27.39,9.74,7.13
2025-03-14 17:00:00,26.8,85,0.0,26.91,9.86,7.04
2025-03-14 18:00:00,26.6,86,0.0,26.52,9.97,7.31
2025-03-14 19:00:00,26.5,86,0.0,26.21,10.03,7.17
2025-03-14 20:00:00,26.3,87,0.0,25.94,10.11,6.94
2025-03-14 21:00:00,25.9,88,0.0,25.63,10.19,7.21
2025-03-14 22:00:00,25.8,89,0.0,25.38,10.27,7.19
2025-03-14 23:00:00,25.5,89,0.0,25.12,10.32,7.42
2025-03-15 00:00:00,25.0,91,0.0,24.78,10.43,7.33
2025-03-15 01:00:00,25.4,93,0.0,24.67,10.5,7.48
2025-03-15 02:00:00,26.1,88,0.0,24.8,10.37,7.61
2025-03-15 03:00:00,28.4,75,0.0,25.58,9.96,7.7
2025-03-15 04:00:00,30.4,60,0.0,26.72,9.44,7.53
2025-03-15 05:00:00,32.3,49,0.0,28.1,8.96,7.64
2025-03-15 06:00:00,33.8,43,0.0,29.51,8.58,7.62
2025-03-15 07:00:00,34.0,47,0.0,30.56,8.44,7.58
2025-03-15 08:00:00,33.8,47,0.0,31.23,8.3,7.78
2025-03-15 09:00:00,33.3,44,0.0,31.55,8.19,7.6
2025-03-15 10:00:00,32.4,49,0.0,31.51,8.28,7.37
2025-03-15 11:00:00,31.1,57,0.0,31.08,8.5,7.52
2025-03-15 12:00:00,29.8,63,0.0,30.4,8.74,7.57
2025-03-15 13:00:00,28.7,75,0.0,29.59,9.12,7.39
2025-03-15 14:00:00,28.3,77,0.0,28.9,9.3,7.07
2025-03-15 15:00:00,28.1,78,0.0,28.36,9.43,7.12
2025-03-15 16:00:00,28.0,79,0.0,27.95,9.53,7.25
2025-03-15 17:00:00,27.7,80,0.0,27.58,9.63,7.02
2025-03-15 18:00:00,27.5,83,0.0,27.25,9.75,7.13
2025-03-15 19:00:00,27.0,85,0.0,26.88,9.87,7.18
2025-03-15 20:00:00,26.4,89,0.0,26.43,10.04,7.04
2025-03-15 21:00:00,26.0,90,0.0,26.0,10.15,7.18
2025-03-15 22:00:00,25.7,92,0.0,25.61,10.27,6.93
2025-03-15 23:00:00,25.4,94,0.0,25.25,10.39,7.23
2025-03-16 00:00:00,25.1,94,0.0,24.9,10.47,7.39
2025-03-16 01:00:00,25.8,97,0.0,24.87,10.53,7.36
2025-03-16 02:00:00,26.7,92,0.1,25.12,10.38,7.71
2025-03-16 03:00:00,28.6,79,0.1,25.86,9.97,7.46
2025-03-16 04:00:00,30.6,66,0.0,26.99,9.5,7.61
2025-03-16 05:00:00,32.2,57,0.1,28.25,9.08,7.67
2025-03-16 06:00:00,32.7,54,0.1,29.28,8.81,7.8
2025-03-16 07:00:00,32.8,54,0.0,30.04,8.66,7.51
2025-03-16 08:00:00,32.8,53,0.0,30.57,8.54,7.73
2025-03-16 09:00:00,32.5,53,0.0,30.85,8.48,7.56
2025-03-16 10:00:00,32.0,56,0.0,30.89,8.52,7.4
2025-03-16 11:00:00,31.1,60,0.0,30.66,8.64,7.48
2025-03-16 12:00:00,30.0,66,0.0,30.16,8.84,7.38
2025-03-16 13:00:00,29.1,74,0.0,29.54,9.11,7.23
2025-03-16 14:00:00,28.9,76,0.0,29.05,9.25,7.23
2025-03-16 15:00:00,28.5,79,0.0,28.58,9.4,7.12
2025-03-16 16:00:00,28.4,81,0.0,28.23,9.51,7.13
2025-03-16 17:00:00,28.1,83,0.0,27.89,9.62,7.16
2025-03-16 18:00:00,27.9,84,0.0,27.59,9.7,7.24
2025-03-16 19:00:00,27.6,86,0.0,27.3,9.8,6.97
2025-03-16 20:00:00,27.2,88,0.0,26.97,9.91,7.34
2025-03-16 21:00:00,26.7,90,0.0,26.59,10.03,6.99
2025-03-16 22:00:00,26.2,93,0.0,26.17,10.17,7.23
2025-03-16 23:00:00,25.9,95,0.0,25.79,10.29,7.38
2025-03-17 00:00:00,26.0,94,0.0,25.55,10.32,7.43
2025-03-17 01:00:00,27.1,91,0.0,25.72,10.23,7.42
2025-03-17 02:00:00,28.0,83,0.0,26.1,10.0,7.53
2025-03-17 03:00:00,29.7,72,0.0,26.88,9.63,7.55
2025-03-17 04:00:00,32.0,58,0.0,28.12,9.12,7.58
2025-03-17 05:00:00,33.6,50,0.0,29.46,8.71,7.74
2025-03-17 06:00:00,34.0,49,0.0,30.52,8.48,7.69
2025-03-17 07:00:00,32.8,59,0.1,30.91,8.57,7.56
2025-03-17 08:00:00,32.8,56,0.0,31.17,8.47,7.7
2025-03-17 09:00:00,32.5,60,0.0,31.27,8.51,7.59
2025-03-17 10:00:00,32.1,58,0.0,31.22,8.49,7.58
2025-03-17 11:00:00,31.5,61,0.0,31.0,8.58,7.49
2025-03-17 12:00:00,30.2,68,0.0,30.46,8.81,7.27
2025-03-17 13:00:00,29.0,77,0.0,29.72,9.12,7.23
2025-03-17 14:00:00,28.8,80,0.0,29.15,9.3,7.29
2025-03-17 15:00:00,28.5,81,0.0,28.65,9.42,7.22
2025-03-17 16:00:00,28.3,83,0.0,28.25,9.54,7.12
2025-03-17 17:00:00,28.1,84,0.0,27.9,9.63,7.1
2025-03-17 18:00:00,27.8,86,0.0,27.57,9.74,7.21
2025-03-17 19:00:00,27.5,88,0.0,27.25,9.85,7.04
2025-03-17 20:00:00,27.2,89,0.0,26.94,9.93,7.19
2025-03-17 21:00:00,26.8,92,0.0,26.59,10.06,7.16
2025-03-17 22:00:00,26.4,93,0.0,26.24,10.16,7.23
2025-03-17 23:00:00,26.0,95,0.0,25.87,10.28,7.43
2025-03-18 00:00:00,25.9,95,0.0,25.58,10.34,7.49
2025-03-18 01:00:00,27.2,91,0.1,25.76,10.22,7.55
2025-03-18 02:00:00,28.0,84,0.1,26.13,10.01,7.67
2025-03-18 03:00:00,29.6,74,0.0,26.87,9.67,7.61
2025-03-18 04:00:00,31.5,62,0.0,27.96,9.22,7.71
2025-03-18 05:00:00,32.6,57,0.0,29.05,8.91,7.63
2025-03-18 06:00:00,33.0,56,0.0,29.94,8.72,7.69
2025-03-18 07:00:00,33.0,58,0.0,30.56,8.62,7.63
2025-03-18 08:00:00,32.8,57,0.0,30.93,8.53,7.62
2025-03-18 09:00:00,32.7,55,0.0,31.16,8.45,7.62
2025-03-18 10:00:00,32.0,56,0.0,31.11,8.48,7.42
2025-03-18 11:00:00,31.1,60,0.0,30.81,8.61,7.64
2025-03-18 12:00:00,30.0,67,0.0,30.27,8.84,7.26
2025-03-18 13:00:00,29.1,75,0.0,29.62,9.11,7.16
2025-03-18 14:00:00,28.9,78,0.0,29.1,9.27,7.33
2025-03-18 15:00:00,28.7,79,0.0,28.68,9.38,7.24
2025-03-18 16:00:00,28.5,80,0.0,28.33,9.47,7.18
2025-03-18 17:00:00,28.2,82,0.0,27.99,9.58,7.15
2025-03-18 18:00:00,27.9,83,0.0,27.66,9.67,7.08
2025-03-18 19:00:00,27.6,84,0.0,27.34,9.75,7.01
2025-03-18 20:00:00,27.4,85,0.0,27.06,9.83,7.14
2025-03-18 21:00:00,27.1,86,0.0,26.77,9.91,7.11
2025-03-18 22:00:00,27.0,87,0.0,26.54,9.98,7.34
2025-03-18 23:00:00,26.6,87,0.0,26.26,10.04,7.31
2025-03-19 00:00:00,26.5,88,0.0,26.03,10.11,7.32
2025-03-19 01:00:00,26.4,92,0.0,25.84,10.22,7.45
2025-03-19 02:00:00,27.5,86,0.1,26.04,10.07,7.58
2025-03-19 03:00:00,29.5,74,0.2,26.78,9.69,7.53
2025-03-19 04:00:00,31.2,63,0.1,27.8,9.27,7.55
2025-03-19 05:00:00,32.5,56,0.0,28.91,8.92,7.69
2025-03-19 06:00:00,33.2,52,0.0,29.9,8.65,7.69
2025-03-19 07:00:00,33.3,50,0.0,30.62,8.48,7.59
2025-03-19 08:00:00,33.2,51,0.0,31.09,8.4,7.56
2025-03-19 09:00:00,32.7,55,0.0,31.28,8.43,7.58
2025-03-19 10:00:00,32.0,60,0.0,31.19,8.53,7.35
2025-03-19 11:00:00,31.0,64,0.0,30.83,8.67,7.29
2025-03-19 12:00:00,30.0,69,0.0,30.28,8.87,7.29
2025-03-19 13:00:00,29.2,77,0.0,29.66,9.14,7.26
2025-03-19 14:00:00,29.0,78,0.0,29.16,9.26,7.25
2025-03-19 15:00:00,28.9,79,0.0,28.78,9.36,7.31
2025-03-19 16:00:00,28.7,79,0.0,28.46,9.43,7.2
2025-03-19 17:00:00,28.4,81,0.0,28.14,9.53,7.07
2025-03-19 18:00:00,28.0,83,0.0,27.8,9.64,7.08
2025-03-19 19:00:00,27.8,85,0.0,27.5,9.74,6.99
2025-03-19 20:00:00,27.5,87,0.0,27.2,9.84,7.13
2025-03-19 21:00:00,27.3,87,0.0,26.93,9.9,7.15
2025-03-19 22:00:00,27.2,85,0.0,26.71,9.91,7.28
2025-03-19 23:00:00,27.1,84,0.0,26.53,9.93,7.23
2025-03-20 00:00:00,27.0,84,0.0,26.37,9.96,7.45
2025-03-20 01:00:00,27.4,83,0.0,26.38,9.94,7.63
2025-03-20 02:00:00,28.6,76,0.0,26.74,9.73,7.53
2025-03-20 03:00:00,30.1,66,0.0,27.45,9.4,7.64
2025-03-20 04:00:00,31.5,59,0.0,28.37,9.09,7.71
2025-03-20 05:00:00,32.7,51,0.0,29.37,8.74,7.62
2025-03-20 06:00:00,33.4,47,0.0,30.28,8.49,7.68
2025-03-20 07:00:00,33.6,45,0.0,30.97,8.32,7.64
2025-03-20 08:00:00,33.2,47,0.0,31.34,8.28,7.62
2025-03-20 09:00:00,32.5,51,0.0,31.39,8.34,7.48
2025-03-20 10:00:00,31.7,57,0.0,31.18,8.48,7.5
2025-03-20 11:00:00,30.9,61,0.0,30.8,8.63,7.48
2025-03-20 12:00:00,30.0,64,0.0,30.26,8.79,7.5
2025-03-20 13:00:00,29.4,71,0.0,29.7,9.02,7.38
2025-03-20 14:00:00,29.0,74,0.0,29.19,9.18,7.43
2025-03-20 15:00:00,29.0,74,0.0,28.83,9.26,7.08
2025-03-20 16:00:00,28.7,75,0.0,28.49,9.35,7.2
2025-03-20 17:00:00,28.5,76,0.0,28.2,9.43,7.11
2025-03-20 18:00:00,28.2,77,0.0,27.9,9.51,7.3
2025-03-20 19:00:00,28.1,78,0.0,27.66,9.58,7.01
2025-03-20 20:00:00,28.0,78,0.0,27.46,9.62,7.04
2025-03-20 21:00:00,27.9,78,0.0,27.29,9.65,7.12
2025-03-20 22:00:00,27.8,78,0.0,27.14,9.68,7.03
2025-03-20 23:00:00,27.6,79,0.0,26.98,9.74,7.26
2025-03-21 00:00:00,27.4,80,0.0,26.81,9.79,7.32
2025-03-21 01:00:00,28.0,80,0.0,26.86,9.78,7.48
2025-03-21 02:00:00,29.0,73,0.0,27.21,9.58,7.57
2025-03-21 03:00:00,30.2,65,0.0,27.8,9.31,7.78
2025-03-21 04:00:00,31.4,59,0.0,28.58,9.04,7.73
2025-03-21 05:00:00,32.3,55,0.0,29.4,8.81,7.6
2025-03-21 06:00:00,32.8,52,0.0,30.12,8.61,7.57
2025-03-21 07:00:00,33.2,50,0.0,30.74,8.45,7.69
2025-03-21 08:00:00,32.9,52,0.0,31.09,8.42,7.48
2025-03-21 09:00:00,32.4,55,0.0,31.18,8.45,7.74
2025-03-21 10:00:00,31.6,59,0.0,31.01,8.55,7.62
2025-03-21 11:00:00,30.8,63,0.0,30.65,8.69,7.38
2025-03-21 12:00:00,29.8,67,0.0,30.09,8.87,7.19
2025-03-21 13:00:00,29.2,74,0.0,29.52,9.11,7.42
2025-03-21 14:00:00,29.0,76,0.0,29.07,9.24,7.21
2025-03-21 15:00:00,28.8,77,0.0,28.69,9.34,7.28
2025-03-21 16:00:00,28.6,78,0.0,28.36,9.43,6.96
2025-03-21 17:00:00,28.4,79,0.0,28.07,9.51,7.03
2025-03-21 18:00:00,28.2,80,0.0,27.81,9.58,7.08
2025-03-21 19:00:00,28.0,83,0.0,27.57,9.69,7.1
2025-03-21 20:00:00,27.8,84,0.0,27.34,9.75,7.08
2025-03-21 21:00:00,27.8,84,0.0,27.18,9.79,7.24
2025-03-21 22:00:00,27.5,85,0.0,26.97,9.85,7.13
2025-03-21 23:00:00,27.2,86,0.0,26.74,9.92,7.3
2025-03-22 00:00:00,27.0,87,0.0,26.52,9.98,7.41
2025-03-22 01:00:00,27.9,83,0.0,26.63,9.89,7.52
2025-03-22 02:00:00,28.6,79,0.2,26.92,9.75,7.6
2025-03-22 03:00:00,29.9,71,0.0,27.52,9.48,7.48
2025-03-22 04:00:00,31.1,64,0.0,28.29,9.19,7.48
2025-03-22 05:00:00,32.0,60,0.0,29.1,8.95,7.79
2025-03-22 06:00:00,32.3,58,0.0,29.76,8.79,7.7
2025-03-22 07:00:00,32.7,57,0.0,30.34,8.65,7.57
2025-03-22 08:00:00,32.5,57,0.0,30.69,8.58,7.77
2025-03-22 09:00:00,32.2,59,0.1,30.84,8.58,7.57
2025-03-22 10:00:00,31.1,64,0.1,30.62,8.71,7.61
2025-03-22 11:00:00,30.5,66,0.0,30.28,8.82,7.44
2025-03-22 12:00:00,30.0,70,0.0,29.9,8.97,7.57
2025-03-22 13:00:00,29.4,74,0.0,29.45,9.13,7.46
2025-03-22 14:00:00,29.0,78,0.0,29.01,9.29,7.19
2025-03-22 15:00:00,28.7,80,0.0,28.62,9.41,7.26
2025-03-22 16:00:00,28.5,82,0.0,28.28,9.52,7.18
2025-03-22 17:00:00,28.2,83,0.0,27.96,9.6,7.23
2025-03-22 18:00:00,28.0,84,0.0,27.67,9.68,6.99
2025-03-22 19:00:00,27.8,86,0.0,27.41,9.77,7.16
2025-03-22 20:00:00,27.5,86,0.0,27.14,9.83,7.23
2025-03-22 21:00:00,27.2,87,0.0,26.86,9.91,7.0
2025-03-22 22:00:00,27.1,86,0.0,26.63,9.94,7.13
2025-03-22 23:00:00,27.0,85,0.0,26.44,9.96,7.11
2025-03-23 00:00:00,27.0,85,0.0,26.31,9.99,7.37
2025-03-23 01:00:00,28.2,78,0.1,26.58,9.8,7.54
2025-03-23 02:00:00,29.2,73,0.0,27.06,9.61,7.69
2025-03-23 03:00:00,30.5,64,0.1,27.79,9.29,7.59
2025-03-23 04:00:00,31.4,59,0.0,28.58,9.04,7.8
2025-03-23 05:00:00,32.0,55,0.0,29.3,8.83,7.52
2025-03-23 06:00:00,32.5,53,0.0,29.96,8.66,7.49
2025-03-23 07:00:00,32.8,53,0.0,30.51,8.55,7.64
2025-03-23 08:00:00,32.8,53,0.0,30.9,8.47,7.65
2025-03-23 09:00:00,32.2,55,0.0,30.99,8.49,7.56
2025-03-23 10:00:00,31.8,57,0.0,30.93,8.53,7.29
2025-03-23 11:00:00,30.9,62,0.0,30.62,8.68,7.42
2025-03-23 12:00:00,30.0,66,0.0,30.14,8.85,7.23
2025-03-23 13:00:00,29.4,72,0.0,29.62,9.06,7.35
2025-03-23 14:00:00,29.1,74,0.0,29.16,9.19,7.26
2025-03-23 15:00:00,28.9,77,0.0,28.78,9.32,7.07
2025-03-23 16:00:00,28.7,78,0.0,28.46,9.41,7.06
2025-03-23 17:00:00,28.5,79,0.0,28.17,9.49,6.98
2025-03-23 18:00:00,28.1,80,0.0,27.85,9.57,7.08
2025-03-23 19:00:00,27.9,82,0.0,27.56,9.67,7.19
2025-03-23 20:00:00,27.3,86,0.0,27.19,9.82,7.03
2025-03-23 21:00:00,27.0,88,0.0,26.83,9.94,7.23
2025-03-23 22:00:00,26.7,89,0.0,26.49,10.03,7.19
2025-03-23 23:00:00,26.5,90,0.0,26.19,10.11,7.24
2025-03-24 00:00:00,26.2,92,0.0,25.9,10.21,7.39
2025-03-24 01:00:00,27.1,88,0.2,25.96,10.12,7.36
2025-03-24 02:00:00,28.1,83,0.2,26.3,9.96,7.48
2025-03-24 03:00:00,29.1,76,0.1,26.84,9.71,7.48
2025-03-24 04:00:00,30.4,68,0.1,27.61,9.41,7.83
2025-03-24 05:00:00,31.2,63,0.0,28.39,9.15,7.67
2025-03-24 06:00:00,31.8,58,0.0,29.11,8.92,7.6
2025-03-24 07:00:00,32.0,56,0.0,29.68,8.77,7.67
2025-03-24 08:00:00,31.8,58,0.0,30.01,8.73,7.61
2025-03-24 09:00:00,31.2,60,0.0,30.07,8.76,7.55
2025-03-24 10:00:00,30.9,62,0.0,30.02,8.8,7.57
2025-03-24 11:00:00,30.4,64,0.0,29.83,8.88,7.52
2025-03-24 12:00:00,29.5,69,0.0,29.43,9.04,7.31
2025-03-24 13:00:00,28.9,75,0.0,28.97,9.25,7.24
2025-03-24 14:00:00,28.8,76,0.0,28.62,9.34,7.2
2025-03-24 15:00:00,28.5,77,0.0,28.28,9.43,6.93
2025-03-24 16:00:00,28.3,79,0.0,27.99,9.52,6.97
2025-03-24 17:00:00,28.0,80,0.0,27.69,9.61,7.23
2025-03-24 18:00:00,27.6,81,0.0,27.36,9.69,7.25
2025-03-24 19:00:00,27.2,83,0.0,27.02,9.8,7.08
2025-03-24 20:00:00,26.5,87,0.0,26.56,9.98,7.19
2025-03-24 21:00:00,26.1,89,0.0,26.12,10.11,7.22
2025-03-24 22:00:00,25.8,90,0.0,25.73,10.21,7.56
2025-03-24 23:00:00,25.1,94,0.0,25.24,10.39,7.44
2025-03-25 00:00:00,24.9,96,0.0,24.84,10.52,7.4
2025-03-25 01:00:00,26.2,93,0.0,24.95,10.44,7.39
2025-03-25 02:00:00,27.4,84,0.0,25.38,10.17,7.4
2025-03-25 03:00:00,29.0,74,0.0,26.17,9.82,7.63
2025-03-25 04:00:00,30.9,63,0.0,27.29,9.38,7.57
2025-03-25 05:00:00,32.2,56,0.0,28.46,9.01,7.52
2025-03-25 06:00:00,32.6,56,0.0,29.4,8.82,7.6
2025-03-25 07:00:00,31.9,58,0.0,29.85,8.77,7.54
2025-03-25 08:00:00,32.0,56,0.0,30.2,8.66,7.79
2025-03-25 09:00:00,31.9,54,0.0,30.41,8.59,7.66
2025-03-25 10:00:00,31.6,51,0.0,30.47,8.52,7.5
2025-03-25 11:00:00,30.9,57,0.0,30.3,8.66,7.58
2025-03-25 12:00:00,29.6,66,0.0,29.79,8.92,7.37
2025-03-25 13:00:00,28.8,70,0.0,29.19,9.11,7.2
2025-03-25 14:00:00,28.5,73,0.0,28.68,9.27,7.38
2025-03-25 15:00:00,28.2,75,0.0,28.24,9.4,7.22
2025-03-25 16:00:00,28.0,76,0.0,27.87,9.5,7.02
2025-03-25 17:00:00,27.8,77,0.0,27.55,9.58,7.08
2025-03-25 18:00:00,27.4,79,0.0,27.2,9.69,7.0
2025-03-25 19:00:00,27.0,81,0.0,26.84,9.8,6.96
2025-03-25 20:00:00,26.2,85,0.0,26.35,9.98,7.23
2025-03-25 21:00:00,25.8,88,0.0,25.88,10.14,7.38
2025-03-25 22:00:00,25.6,88,0.0,25.5,10.22,7.12
2025-03-25 23:00:00,25.1,91,0.0,25.08,10.37,7.39
2025-03-26 00:00:00,24.7,92,0.0,24.67,10.48,7.35
2025-03-26 01:00:00,26.2,89,0.0,24.83,10.39,7.44
2025-03-26 02:00:00,27.6,80,0.0,25.36,10.1,7.5
2025-03-26 03:00:00,29.2,71,0.0,26.21,9.75,7.52
2025-03-26 04:00:00,31.0,60,0.0,27.35,9.31,7.65
2025-03-26 05:00:00,32.4,53,0.0,28.56,8.94,7.58
2025-03-26 06:00:00,33.2,50,0.0,29.65,8.67,7.69
2025-03-26 07:00:00,33.2,48,0.0,30.42,8.48,7.64
2025-03-26 08:00:00,32.8,50,0.0,30.83,8.43,7.59
2025-03-26 09:00:00,32.6,50,0.0,31.06,8.39,7.47
2025-03-26 10:00:00,32.3,48,0.0,31.13,8.34,7.44
2025-03-26 11:00:00,31.3,55,0.0,30.88,8.51,7.5
2025-03-26 12:00:00,30.0,64,0.0,30.32,8.78,7.41
2025-03-26 13:00:00,29.0,70,0.0,29.62,9.02,7.19
2025-03-26 14:00:00,28.6,75,0.0,29.02,9.24,7.23
2025-03-26 15:00:00,28.4,76,0.0,28.53,9.36,7.24
2025-03-26 16:00:00,28.2,79,0.0,28.13,9.49,6.95
2025-03-26 17:00:00,28.1,79,0.0,27.82,9.56,7.15
2025-03-26 18:00:00,27.8,81,0.0,27.52,9.66,7.02
2025-03-26 19:00:00,27.4,83,0.0,27.18,9.77,7.16
2025-03-26 20:00:00,26.8,87,0.0,26.77,9.93,7.06
2025-03-26 21:00:00,26.5,89,0.0,26.39,10.05,7.0
2025-03-26 22:00:00,26.0,91,0.0,25.97,10.18,7.09
2025-03-26 23:00:00,25.5,94,0.0,25.53,10.33,7.33
2025-03-27 00:00:00,25.2,94,0.0,25.13,10.42,7.43
2025-03-27 01:00:00,26.2,91,0.0,25.15,10.35,7.4
2025-03-27 02:00:00,27.5,82,0.0,25.56,10.1,7.62
2025-03-27 03:00:00,29.4,71,0.0,26.41,9.71,7.44
2025-03-27 04:00:00,31.5,58,0.0,27.64,9.22,7.64
2025-03-27 05:00:00,33.8,45,0.0,29.19,8.68,7.54
2025-03-27 06:00:00,35.7,36,0.0,30.84,8.2,7.59
2025-03-27 07:00:00,35.9,36,0.0,32.06,7.96,7.63
2025-03-27 08:00:00,34.5,53,0.0,32.49,8.15,7.51
2025-03-27 09:00:00,34.2,50,0.0,32.7,8.06,7.51
2025-03-27 10:00:00,33.3,49,0.0,32.58,8.07,7.58
2025-03-27 11:00:00,32.2,54,0.0,32.17,8.23,7.36
2025-03-27 12:00:00,31.0,54,0.0,31.52,8.36,7.43
2025-03-27 13:00:00,29.8,63,0.0,30.7,8.68,7.16
2025-03-27 14:00:00,29.2,73,0.0,29.95,9.01,7.26
2025-03-27 15:00:00,29.0,73,0.0,29.37,9.13,7.3
2025-03-27 16:00:00,28.7,77,0.0,28.87,9.3,6.86
2025-03-27 17:00:00,28.2,80,0.0,28.37,9.46,7.01
2025-03-27 18:00:00,28.0,82,0.0,27.96,9.59,7.14
2025-03-27 19:00:00,27.7,84,0.0,27.58,9.7,7.07
2025-03-27 20:00:00,27.1,87,0.0,27.14,9.85,7.17
2025-03-27 21:00:00,26.1,90,0.0,26.52,10.04,7.12
2025-03-27 22:00:00,25.7,88,0.0,25.98,10.12,7.26
2025-03-27 23:00:00,25.5,87,0.0,25.53,10.2,7.31
2025-03-28 00:00:00,25.4,86,0.0,25.19,10.25,7.52
2025-03-28 01:00:00,26.4,89,0.0,25.26,10.29,7.51
2025-03-28 02:00:00,27.5,84,0.0,25.63,10.12,7.59
2025-03-28 03:00:00,29.9,69,0.0,26.61,9.63,7.56
2025-03-28 04:00:00,32.8,49,0.0,28.17,8.95,7.59
2025-03-28 05:00:00,35.0,37,0.0,29.92,8.39,7.61
2025-03-28 06:00:00,36.2,34,0.0,31.5,8.03,7.68
2025-03-28 07:00:00,36.0,43,0.0,32.55,7.98,7.58
2025-03-28 08:00:00,35.0,48,0.0,32.99,7.97,7.62
2025-03-28 09:00:00,34.8,42,0.0,33.23,7.83,7.75
2025-03-28 10:00:00,33.7,44,0.0,33.07,7.89,7.57
2025-03-28 11:00:00,32.5,53,0.0,32.6,8.13,7.38
2025-03-28 12:00:00,31.0,61,0.0,31.82,8.42,7.46
2025-03-28 13:00:00,30.0,71,0.0,30.97,8.76,7.23
2025-03-28 14:00:00,29.5,78,0.0,30.23,9.03,7.0
2025-03-28 15:00:00,29.1,82,0.0,29.59,9.24,7.05
2025-03-28 16:00:00,28.9,80,0.0,29.08,9.31,6.92
2025-03-28 17:00:00,28.3,85,0.0,28.55,9.51,7.05
2025-03-28 18:00:00,27.9,88,0.0,28.05,9.67,7.08
2025-03-28 19:00:00,27.4,91,0.0,27.56,9.83,7.26
2025-03-28 20:00:00,26.8,92,0.0,27.03,9.97,7.16
2025-03-28 21:00:00,26.2,92,0.0,26.48,10.09,7.16
2025-03-28 22:00:00,25.6,93,0.0,25.92,10.23,7.33
2025-03-28 23:00:00,25.1,94,0.0,25.37,10.36,7.11
2025-03-29 00:00:00,24.7,94,0.0,24.87,10.47,7.43
2025-03-29 01:00:00,25.8,93,0.0,24.85,10.46,7.57
2025-03-29 02:00:00,27.4,85,0.0,25.31,10.2,7.41
2025-03-29 03:00:00,29.9,70,0.0,26.39,9.69,7.72
2025-03-29 04:00:00,33.3,46,0.0,28.16,8.9,7.67
2025-03-29 05:00:00,36.0,31,0.0,30.21,8.23,7.61
2025-03-29 06:00:00,36.5,29,0.0,31.8,7.89,7.71
2025-03-29 07:00:00,36.7,30,0.0,32.97,7.69,7.85
2025-03-29 08:00:00,37.1,24,0.0,33.91,7.41,7.6
2025-03-29 09:00:00,36.9,22,0.0,34.51,7.27,7.55
2025-03-29 10:00:00,36.1,25,0.0,34.68,7.28,7.42
2025-03-29 11:00:00,34.4,34,0.0,34.3,7.49,7.31
2025-03-29 12:00:00,31.9,54,0.0,33.28,8.01,7.41
2025-03-29 13:00:00,30.2,67,0.0,32.06,8.47,7.18
2025-03-29 14:00:00,29.0,84,0.0,30.84,9.01,7.21
2025-03-29 15:00:00,28.6,86,0.0,29.87,9.25,7.1
2025-03-29 16:00:00,28.5,80,0.0,29.16,9.29,7.16
2025-03-29 17:00:00,28.0,84,0.0,28.51,9.5,7.12
2025-03-29 18:00:00,27.5,90,0.0,27.91,9.74,7.18
2025-03-29 19:00:00,27.0,92,0.0,27.33,9.9,7.05
2025-03-29 20:00:00,26.5,94,0.0,26.78,10.06,7.11
2025-03-29 21:00:00,25.9,96,0.0,26.22,10.22,7.09
2025-03-29 22:00:00,25.2,96,0.0,25.61,10.35,7.21
2025-03-29 23:00:00,24.8,96,0.0,25.07,10.47,7.37
2025-03-30 00:00:00,24.3,96,0.0,24.54,10.58,7.49
2025-03-30 01:00:00,26.8,91,0.0,24.92,10.41,7.4
2025-03-30 02:00:00,27.6,84,0.0,25.42,10.16,7.64
2025-03-30 03:00:00,29.7,71,0.0,26.41,9.71,7.74
2025-03-30 04:00:00,32.2,52,0.0,27.84,9.07,7.68
2025-03-30 05:00:00,33.7,43,0.0,29.3,8.62,7.84
2025-03-30 06:00:00,34.0,44,0.0,30.41,8.42,7.58
2025-03-30 07:00:00,34.2,42,0.0,31.25,8.22,7.51
2025-03-30 08:00:00,34.0,43,0.0,31.77,8.13,7.42
2025-03-30 09:00:00,33.8,43,0.0,32.08,8.07,7.7
2025-03-30 10:00:00,33.0,45,0.0,32.06,8.11,7.55
2025-03-30 11:00:00,31.7,51,0.0,31.65,8.29,7.42
2025-03-30 12:00:00,30.1,63,0.0,30.88,8.64,7.38
2025-03-30 13:00:00,29.0,76,0.0,30.02,9.04,7.17
2025-03-30 14:00:00,28.6,79,0.0,29.29,9.25,7.46
2025-03-30 15:00:00,28.5,76,0.0,28.76,9.31,7.17
2025-03-30 16:00:00,28.5,74,0.0,28.38,9.35,7.13
2025-03-30 17:00:00,28.2,75,0.0,28.03,9.44,7.16
2025-03-30 18:00:00,27.9,77,0.0,27.69,9.55,7.13
2025-03-30 19:00:00,27.5,80,0.0,27.33,9.68,7.12
2025-03-30 20:00:00,27.0,83,0.0,26.93,9.82,7.05
2025-03-30 21:00:00,26.7,86,0.0,26.56,9.96,7.23
2025-03-30 22:00:00,26.1,89,0.0,26.12,10.11,7.44
2025-03-30 23:00:00,25.8,91,0.0,25.73,10.23,7.46
2025-03-31 00:00:00,25.5,92,0.0,25.36,10.33,7.57
2025-03-31 01:00:00,25.8,90,0.0,25.19,10.33,7.43
2025-03-31 02:00:00,27.1,82,0.0,25.46,10.12,7.46
2025-03-31 03:00:00,29.3,71,0.0,26.31,9.73,7.6
2025-03-31 04:00:00,31.1,60,0.0,27.45,9.29,7.65
2025-03-31 05:00:00,31.9,54,0.0,28.49,8.97,7.77
2025-03-31 06:00:00,32.3,50,0.0,29.33,8.73,7.5
2025-03-31 07:00:00,32.5,49,0.0,29.98,8.59,7.8
2025-03-31 08:00:00,32.7,48,0.0,30.5,8.47,7.6
2025-03-31 09:00:00,32.5,48,0.0,30.8,8.41,7.52
2025-03-31 10:00:00,32.0,49,0.0,30.86,8.41,7.4
2025-03-31 11:00:00,31.2,52,0.0,30.66,8.5,7.27
2025-03-31 12:00:00,30.0,58,0.0,30.16,8.7,7.44
2025-03-31 13:00:00,29.1,66,0.0,29.54,8.97,7.29
2025-03-31 14:00:00,29.0,66,0.0,29.08,9.06,7.09
2025-03-31 15:00:00,28.9,65,0.0,28.73,9.12,7.03
2025-03-31 16:00:00,28.7,65,0.0,28.42,9.18,7.08
2025-03-31 17:00:00,28.5,65,0.0,28.14,9.24,7.26
2025-03-31 18:00:00,28.3,66,0.0,27.89,9.31,7.06
2025-03-31 19:00:00,28.0,66,0.0,27.62,9.37,6.94
2025-03-31 20:00:00,27.7,67,0.0,27.35,9.44,7.1
2025-03-31 21:00:00,27.4,69,0.0,27.06,9.54,7.15
2025-03-31 22:00:00,27.0,71,0.0,26.74,9.64,6.97
2025-03-31 23:00:00,26.5,73,0.0,26.37,9.75,7.31
2025-04-01 00:00:00,26.2,75,0.0,26.02,9.87,7.38
2025-04-01 01:00:00,25.0,90,0.2,25.41,10.28,7.54
2025-04-01 02:00:00,27.2,70,0.0,25.65,9.85,7.74
2025-04-01 03:00:00,29.1,59,0.0,26.38,9.49,7.72
2025-04-01 04:00:00,30.8,53,0.0,27.41,9.17,7.62
2025-04-01 05:00:00,32.0,47,0.0,28.49,8.85,7.55
2025-04-01 06:00:00,32.7,44,0.0,29.45,8.61,7.92
2025-04-01 07:00:00,32.8,42,0.0,30.16,8.43,7.65
2025-04-01 08:00:00,32.8,43,0.0,30.65,8.35,7.61
2025-04-01 09:00:00,32.3,45,0.0,30.84,8.35,7.56
2025-04-01 10:00:00,31.8,48,0.0,30.83,8.4,7.52
2025-04-01 11:00:00,30.9,51,0.0,30.55,8.51,7.42
2025-04-01 12:00:00,29.8,57,0.0,30.03,8.72,7.3
2025-04-01 13:00:00,29.0,66,0.0,29.42,9.0,7.23
2025-04-01 14:00:00,28.9,66,0.0,28.96,9.09,7.22
2025-04-01 15:00:00,28.6,68,0.0,28.55,9.21,7.11
2025-04-01 16:00:00,28.5,70,0.0,28.24,9.31,7.05
2025-04-01 17:00:00,28.4,72,0.0,27.99,9.4,7.1
2025-04-01 18:00:00,28.2,72,0.0,27.75,9.45,7.06
2025-04-01 19:00:00,28.1,73,0.0,27.56,9.51,7.25
2025-04-01 20:00:00,28.1,72,0.0,27.42,9.52,6.86
2025-04-01 21:00:00,28.0,71,0.0,27.29,9.53,7.28
2025-04-01 22:00:00,27.8,72,0.0,27.15,9.57,7.36
2025-04-01 23:00:00,27.5,73,0.0,26.95,9.63,7.11
2025-04-02 00:00:00,27.2,74,0.0,26.73,9.7,7.36
2025-04-02 01:00:00,27.8,78,0.2,26.75,9.77,7.42
2025-04-02 02:00:00,28.8,73,0.1,27.06,9.61,7.39
2025-04-02 03:00:00,30.0,67,0.2,27.64,9.38,7.5
2025-04-02 04:00:00,31.3,60,0.2,28.44,9.09,7.51
2025-04-02 05:00:00,32.2,55,0.1,29.27,8.83,7.82
2025-04-02 06:00:00,32.7,52,0.0,30.0,8.63,7.75
2025-04-02 07:00:00,32.9,51,0.0,30.57,8.5,7.77
2025-04-02 08:00:00,32.8,53,0.0,30.94,8.46,7.68
2025-04-02 09:00:00,32.7,54,0.0,31.17,8.43,7.45
2025-04-02 10:00:00,32.3,54,0.0,31.21,8.43,7.45
2025-04-02 11:00:00,31.2,61,0.0,30.9,8.6,7.48
2025-04-02 12:00:00,30.4,64,0.0,30.45,8.75,7.23
2025-04-02 13:00:00,29.6,73,0.0,29.9,9.02,7.35
2025-04-02 14:00:00,29.5,74,0.0,29.48,9.12,7.19
2025-04-02 15:00:00,29.4,74,0.0,29.15,9.19,7.12
2025-04-02 16:00:00,29.2,75,0.0,28.87,9.27,7.18
2025-04-02 17:00:00,29.1,74,0.0,28.64,9.3,7.13
2025-04-02 18:00:00,29.0,74,0.0,28.45,9.34,7.04
2025-04-02 19:00:00,28.9,74,0.0,28.28,9.37,7.2
2025-04-02 20:00:00,28.6,75,0.0,28.08,9.43,7.01
2025-04-02 21:00:00,28.5,74,0.0,27.9,9.45,7.23
2025-04-02 22:00:00,27.7,79,0.0,27.54,9.62,7.29
2025-04-02 23:00:00,26.6,84,0.0,26.96,9.83,7.28
2025-04-03 00:00:00,26.1,86,0.0,26.4,9.99,7.43
2025-04-03 01:00:00,26.0,86,0.0,25.98,10.08,7.35
2025-04-03 02:00:00,26.7,81,0.0,25.9,10.0,7.64
2025-04-03 03:00:00,28.2,74,0.0,26.29,9.79,7.59
2025-04-03 04:00:00,29.6,68,0.0,26.98,9.54,7.6
2025-04-03 05:00:00,31.2,61,0.0,27.95,9.21,7.78
2025-04-03 06:00:00,32.0,59,0.0,28.86,8.99,7.6
2025-04-03 07:00:00,32.3,58,0.0,29.59,8.82,7.51
2025-04-03 08:00:00,31.9,59,0.0,29.99,8.76,7.46
2025-04-03 09:00:00,31.6,61,0.0,30.17,8.75,7.63
2025-04-03 10:00:00,31.0,64,0.0,30.12,8.82,7.38
2025-04-03 11:00:00,30.3,68,0.0,29.87,8.94,7.61
2025-04-03 12:00:00,29.2,73,0.0,29.37,9.13,7.16
2025-04-03 13:00:00,28.9,78,0.0,28.93,9.31,7.46
2025-04-03 14:00:00,28.8,80,0.0,28.59,9.41,7.25
2025-04-03 15:00:00,28.6,81,0.0,28.29,9.5,7.16
2025-04-03 16:00:00,28.4,82,0.0,28.03,9.57,7.07
2025-04-03 17:00:00,28.1,83,0.0,27.75,9.65,7.13
2025-04-03 18:00:00,27.8,85,0.0,27.46,9.74,7.08
2025-04-03 19:00:00,27.6,86,0.0,27.2,9.82,7.21
2025-04-03 20:00:00,27.5,88,0.0,26.99,9.9,7.14
2025-04-03 21:00:00,27.2,89,0.0,26.76,9.97,7.2
2025-04-03 22:00:00,27.0,89,0.0,26.53,10.02,7.21
2025-04-03 23:00:00,26.9,90,0.0,26.34,10.08,7.31
2025-04-04 00:00:00,26.7,91,0.0,26.15,10.14,7.43
2025-04-04 01:00:00,27.6,87,0.4,26.28,10.03,7.28
2025-04-04 02:00:00,27.2,87,0.5,26.26,10.04,7.38
2025-04-04 03:00:00,26.4,85,6.1,26.0,10.06,7.53
2025-04-04 04:00:00,27.6,78,0.1,26.18,9.89,7.67
2025-04-04 05:00:00,29.4,72,0.1,26.85,9.64,7.66
2025-04-04 06:00:00,30.3,68,0.0,27.58,9.41,7.69
2025-04-04 07:00:00,30.3,68,0.1,28.1,9.3,7.7
2025-04-04 08:00:00,29.5,72,0.0,28.22,9.35,7.58
2025-04-04 09:00:00,29.8,71,0.0,28.39,9.3,7.51
2025-04-04 10:00:00,29.4,73,0.0,28.4,9.33,7.55
2025-04-04 11:00:00,28.9,74,0.0,28.25,9.38,7.36
2025-04-04 12:00:00,28.5,77,0.0,28.02,9.48,7.42
2025-04-04 13:00:00,29.6,72,0.0,28.2,9.36,7.13
2025-04-04 14:00:00,29.4,74,0.0,28.26,9.38,7.33
2025-04-04 15:00:00,29.2,74,0.0,28.24,9.38,7.21
2025-04-04 16:00:00,29.1,74,0.0,28.2,9.39,7.14
2025-04-04 17:00:00,28.9,75,0.0,28.11,9.43,7.19
2025-04-04 18:00:00,28.6,77,0.0,27.96,9.5,7.25
2025-04-04 19:00:00,28.5,77,0.0,27.82,9.52,7.19
2025-04-04 20:00:00,28.3,77,0.0,27.66,9.56,6.94
2025-04-04 21:00:00,28.0,78,0.1,27.46,9.62,7.04
2025-04-04 22:00:00,27.5,80,0.1,27.18,9.71,7.17
2025-04-04 23:00:00,27.2,81,0.1,26.88,9.8,7.31
2025-04-05 00:00:00,26.5,85,0.2,26.47,9.96,7.43
2025-04-05 01:00:00,24.8,94,2.0,25.67,10.3,7.32
2025-04-05 02:00:00,25.5,90,0.3,25.32,10.3,7.55
2025-04-05 03:00:00,26.0,82,0.1,25.22,10.17,7.54
2025-04-05 04:00:00,28.4,70,0.0,25.88,9.8,7.6
2025-04-05 05:00:00,31.3,59,0.0,27.2,9.32,7.54
2025-04-05 06:00:00,32.7,53,0.0,28.55,8.94,7.58
2025-04-05 07:00:00,33.2,52,0.0,29.65,8.71,7.52
2025-04-05 08:00:00,32.2,56,0.0,30.11,8.68,7.52
2025-04-05 09:00:00,32.2,55,0.0,30.44,8.6,7.67
2025-04-05 10:00:00,31.2,61,0.0,30.37,8.71,7.41
2025-04-05 11:00:00,30.6,64,0.0,30.14,8.81,7.7
2025-04-05 12:00:00,29.8,68,0.0,29.74,8.96,7.41
2025-04-05 13:00:00,29.5,71,0.0,29.37,9.09,7.31
2025-04-05 14:00:00,29.4,72,0.0,29.08,9.17,7.13
2025-04-05 15:00:00,29.1,72,0.0,28.78,9.23,7.23
2025-04-05 16:00:00,29.0,73,0.0,28.55,9.3,7.06
2025-04-05 17:00:00,28.9,75,0.0,28.35,9.38,7.1
2025-04-05 18:00:00,28.5,76,0.0,28.1,9.45,7.34
2025-04-05 19:00:00,28.1,79,0.0,27.8,9.56,7.08
2025-04-05 20:00:00,27.6,83,0.0,27.44,9.71,7.24
2025-04-05 21:00:00,27.4,83,0.0,27.13,9.78,7.11
2025-04-05 22:00:00,27.1,84,0.0,26.82,9.86,7.24
2025-04-05 23:00:00,26.9,85,0.0,26.54,9.94,7.49
2025-04-06 00:00:00,26.5,87,0.0,26.23,10.05,7.34
2025-04-06 01:00:00,27.4,84,0.0,26.28,9.98,7.66
2025-04-06 02:00:00,29.0,75,0.0,26.8,9.7,7.61
2025-04-06 03:00:00,30.9,63,0.0,27.73,9.29,7.54
2025-04-06 04:00:00,31.8,57,0.0,28.65,8.99,7.7
2025-04-06 05:00:00,33.8,48,0.0,29.89,8.59,7.75
2025-04-06 06:00:00,34.2,49,0.0,30.89,8.41,7.71
2025-04-06 07:00:00,33.8,53,0.0,31.46,8.36,7.48
2025-04-06 08:00:00,33.4,52,0.1,31.74,8.28,7.52
2025-04-06 09:00:00,33.2,52,0.0,31.88,8.26,7.53
2025-04-06 10:00:00,32.0,57,0.0,31.62,8.39,7.49
2025-04-06 11:00:00,31.7,58,0.0,31.34,8.47,7.49
2025-04-06 12:00:00,30.8,65,0.0,30.88,8.68,7.37
2025-04-06 13:00:00,29.9,72,0.0,30.29,8.92,7.15
2025-04-06 14:00:00,29.5,75,0.0,29.75,9.08,7.25
2025-04-06 15:00:00,29.3,76,0.0,29.31,9.19,7.22
2025-04-06 16:00:00,29.1,78,0.0,28.95,9.3,7.17
2025-04-06 17:00:00,29.0,78,0.0,28.67,9.36,7.19
2025-04-06 18:00:00,28.8,80,0.0,28.41,9.45,7.16
2025-04-06 19:00:00,28.4,83,0.0,28.1,9.57,7.14
2025-04-06 20:00:00,28.0,86,0.0,27.77,9.7,7.12
2025-04-06 21:00:00,27.5,88,0.0,27.39,9.82,7.01
2025-04-06 22:00:00,27.4,89,0.0,27.09,9.9,7.28
2025-04-06 23:00:00,27.0,91,0.0,26.77,10.01,7.34
2025-04-07 00:00:00,26.5,93,0.0,26.39,10.12,7.42
2025-04-07 01:00:00,27.7,87,0.1,26.48,9.99,7.34
2025-04-07 02:00:00,28.8,80,0.1,26.88,9.78,7.43
2025-04-07 03:00:00,30.5,70,0.0,27.66,9.43,7.7
2025-04-07 04:00:00,32.5,59,0.0,28.81,9.0,7.63
2025-04-07 05:00:00,33.7,53,0.0,29.98,8.66,7.72
2025-04-07 06:00:00,33.9,54,0.0,30.86,8.5,7.65
2025-04-07 07:00:00,33.5,55,0.0,31.35,8.41,7.64
2025-04-07 08:00:00,33.3,53,0.0,31.63,8.32,7.7
2025-04-07 09:00:00,32.8,56,0.0,31.68,8.36,7.5
2025-04-07 10:00:00,32.0,60,0.0,31.48,8.47,7.5
2025-04-07 11:00:00,31.3,64,0.0,31.13,8.61,7.38
2025-04-07 12:00:00,30.3,70,0.0,30.58,8.82,7.31
2025-04-07 13:00:00,30.0,74,0.0,30.1,8.99,7.25
2025-04-07 14:00:00,29.8,75,0.0,29.71,9.09,7.24
2025-04-07 15:00:00,29.6,75,0.0,29.38,9.16,7.11
2025-04-07 16:00:00,29.4,76,0.0,29.09,9.24,7.23
2025-04-07 17:00:00,29.1,78,0.0,28.79,9.34,6.99
2025-04-07 18:00:00,29.0,78,0.0,28.55,9.39,7.06
2025-04-07 19:00:00,28.6,80,0.0,28.27,9.48,7.04
2025-04-07 20:00:00,28.2,82,0.0,27.95,9.59,7.27
2025-04-07 21:00:00,27.6,85,0.0,27.54,9.73,7.19
2025-04-07 22:00:00,27.1,88,0.0,27.11,9.88,7.34
2025-04-07 23:00:00,26.9,90,0.0,26.75,9.99,7.17
2025-04-08 00:00:00,26.5,92,0.0,26.37,10.11,7.42
2025-04-08 01:00:00,27.7,87,0.0,26.47,9.99,7.56
2025-04-08 02:00:00,29.1,79,0.0,26.96,9.74,7.55
2025-04-08 03:00:00,30.8,68,0.0,27.81,9.36,7.7
2025-04-08 04:00:00,32.2,60,0.0,28.83,9.01,7.58
2025-04-08 05:00:00,33.2,54,0.0,29.84,8.7,7.79
2025-04-08 06:00:00,33.5,52,0.0,30.64,8.51,7.88
2025-04-08 07:00:00,33.3,53,0.0,31.14,8.42,7.6
2025-04-08 08:00:00,33.6,51,0.0,31.58,8.3,7.56
2025-04-08 09:00:00,33.3,51,0.0,31.79,8.26,7.7
2025-04-08 10:00:00,32.7,54,0.0,31.77,8.31,7.65
2025-04-08 11:00:00,31.6,59,0.0,31.42,8.47,7.37
2025-04-08 12:00:00,30.8,63,0.0,30.93,8.63,7.31
2025-04-08 13:00:00,30.0,69,0.0,30.35,8.85,7.25
2025-04-08 14:00:00,29.9,70,0.0,29.92,8.96,7.08
2025-04-08 15:00:00,29.8,70,0.0,29.58,9.03,7.06
2025-04-08 16:00:00,29.5,71,0.0,29.26,9.12,7.01
2025-04-08 17:00:00,29.3,73,0.0,28.97,9.21,7.0
2025-04-08 18:00:00,28.9,74,0.0,28.65,9.3,7.07
2025-04-08 19:00:00,28.6,76,0.0,28.33,9.4,7.11
2025-04-08 20:00:00,28.2,78,0.0,27.99,9.51,7.28
2025-04-08 21:00:00,27.8,80,0.0,27.64,9.62,7.07
2025-04-08 22:00:00,27.4,82,0.0,27.27,9.73,7.34
2025-04-08 23:00:00,27.0,84,0.0,26.89,9.85,7.29
2025-04-09 00:00:00,26.9,85,0.0,26.59,9.93,7.39
2025-04-09 01:00:00,28.0,78,0.0,26.71,9.78,7.54
2025-04-09 02:00:00,29.3,72,0.0,27.19,9.57,7.43
2025-04-09 03:00:00,31.0,63,0.0,28.03,9.23,7.63
2025-04-09 04:00:00,32.5,55,0.0,29.07,8.87,7.65
2025-04-09 05:00:00,33.5,50,0.0,30.1,8.58,7.7
2025-04-09 06:00:00,33.8,50,0.0,30.91,8.42,7.68
2025-04-09 07:00:00,33.7,51,0.0,31.45,8.33,7.88
2025-04-09 08:00:00,33.3,53,0.0,31.7,8.31,7.54
2025-04-09 09:00:00,33.2,54,0.0,31.85,8.3,7.5
2025-04-09 10:00:00,32.4,57,0.0,31.72,8.37,7.43
2025-04-09 11:00:00,31.4,61,0.0,31.32,8.52,7.37
2025-04-09 12:00:00,30.5,66,0.0,30.78,8.72,7.29
2025-04-09 13:00:00,29.6,73,0.0,30.12,8.97,7.4
2025-04-09 14:00:00,29.4,75,0.0,29.61,9.11,7.36
2025-04-09 15:00:00,29.1,76,0.0,29.15,9.23,7.1
2025-04-09 16:00:00,29.0,77,0.0,28.81,9.32,7.03
2025-04-09 17:00:00,28.6,78,0.0,28.45,9.41,7.13
2025-04-09 18:00:00,28.4,80,0.0,28.13,9.51,7.02
2025-04-09 19:00:00,27.9,82,0.0,27.76,9.63,7.16
2025-04-09 20:00:00,27.2,85,0.0,27.29,9.78,7.15
2025-04-09 21:00:00,26.6,89,0.0,26.79,9.96,7.03
2025-04-09 22:00:00,26.4,90,0.0,26.37,10.07,7.4
2025-04-09 23:00:00,26.1,91,0.0,25.99,10.17,7.5
2025-04-10 00:00:00,25.9,93,0.0,25.66,10.28,7.34
2025-04-10 01:00:00,27.7,86,0.0,25.97,10.08,7.44
2025-04-10 02:00:00,28.9,78,0.0,26.55,9.81,7.57
2025-04-10 03:00:00,31.0,65,0.0,27.59,9.36,7.63
2025-04-10 04:00:00,33.5,52,0.0,29.06,8.82,7.7
2025-04-10 05:00:00,35.7,41,0.0,30.75,8.3,7.84
2025-04-10 06:00:00,37.3,34,0.0,32.42,7.86,7.62
2025-04-10 07:00:00,37.2,34,0.0,33.55,7.64,7.53
2025-04-10 08:00:00,35.0,50,0.5,33.69,7.86,7.41
2025-04-10 09:00:00,34.2,52,0.0,33.54,7.92,7.46
2025-04-10 10:00:00,33.7,53,0.0,33.29,7.99,7.47
2025-04-10 11:00:00,32.5,56,0.0,32.75,8.15,7.59
2025-04-10 12:00:00,32.2,57,0.0,32.29,8.26,7.29
2025-04-10 13:00:00,31.0,69,0.0,31.6,8.59,7.29
2025-04-10 14:00:00,30.6,71,0.0,31.0,8.75,7.2
2025-04-10 15:00:00,30.4,76,0.0,30.52,8.94,7.26
2025-04-10 16:00:00,30.1,76,0.0,30.09,9.03,7.35
2025-04-10 17:00:00,29.9,80,0.0,29.74,9.17,7.02
2025-04-10 18:00:00,29.6,83,0.0,29.4,9.3,7.02
2025-04-10 19:00:00,29.3,85,0.0,29.07,9.4,7.18
2025-04-10 20:00:00,29.1,86,0.0,28.78,9.48,7.18
2025-04-10 21:00:00,29.0,86,0.0,28.54,9.53,7.35
2025-04-10 22:00:00,29.0,89,0.0,28.38,9.62,7.28
2025-04-10 23:00:00,28.8,90,0.0,28.21,9.68,7.26
2025-04-11 00:00:00,28.5,89,0.0,27.99,9.7,7.44
2025-04-11 01:00:00,28.6,85,0.0,27.88,9.66,7.57
2025-04-11 02:00:00,30.0,78,0.0,28.21,9.46,7.61
2025-04-11 03:00:00,32.2,62,0.0,29.11,8.99,7.63
2025-04-11 04:00:00,34.5,50,0.0,30.43,8.51,7.72
2025-04-11 05:00:00,35.5,45,0.0,31.65,8.19,7.75
2025-04-11 06:00:00,36.0,45,0.0,32.65,7.99,7.77
2025-04-11 07:00:00,35.7,51,0.0,33.27,7.96,7.68
2025-04-11 08:00:00,34.7,53,0.0,33.4,7.97,7.57
2025-04-11 09:00:00,35.4,47,0.0,33.7,7.81,7.55
2025-04-11 10:00:00,35.0,47,0.0,33.79,7.8,7.59
2025-04-11 11:00:00,33.3,51,0.0,33.34,7.95,7.32
2025-04-11 12:00:00,32.5,56,0.0,32.79,8.14,7.37
2025-04-11 13:00:00,29.9,77,0.0,31.62,8.72,7.23
2025-04-11 14:00:00,29.5,81,0.0,30.69,8.99,7.21
2025-04-11 15:00:00,29.4,82,0.0,30.0,9.15,7.28
2025-04-11 16:00:00,29.2,81,0.0,29.46,9.25,7.12
2025-04-11 17:00:00,29.1,80,0.0,29.05,9.32,7.08
2025-04-11 18:00:00,29.0,80,0.0,28.74,9.38,6.94
2025-04-11 19:00:00,28.7,83,0.0,28.43,9.5,7.16
2025-04-11 20:00:00,28.8,80,0.0,28.24,9.49,7.18
2025-04-11 21:00:00,28.5,85,0.0,28.02,9.63,7.38
2025-04-11 22:00:00,28.1,85,0.0,27.74,9.69,7.2
2025-04-11 23:00:00,27.7,83,0.0,27.43,9.72,7.33
2025-04-12 00:00:00,27.2,80,0.0,27.06,9.74,7.41
2025-04-12 01:00:00,28.0,83,0.0,27.04,9.8,7.62
2025-04-12 02:00:00,29.4,76,0.0,27.45,9.58,7.53
2025-04-12 03:00:00,31.4,61,0.0,28.33,9.13,7.62
2025-04-12 04:00:00,34.1,44,0.0,29.76,8.54,7.68
2025-04-12 05:00:00,36.6,32,0.0,31.52,8.0,7.65
2025-04-12 06:00:00,38.0,28,0.0,33.16,7.62,7.58
2025-04-12 07:00:00,38.8,27,0.0,34.55,7.34,7.62
2025-04-12 08:00:00,38.2,34,0.0,35.35,7.29,7.67
2025-04-12 09:00:00,36.2,42,0.0,35.3,7.42,7.42
2025-04-12 10:00:00,35.3,43,0.0,35.0,7.49,7.47
2025-04-12 11:00:00,34.2,49,0.0,34.46,7.69,7.32
2025-04-12 12:00:00,32.8,56,0.0,33.66,7.96,7.44
2025-04-12 13:00:00,31.4,68,0.0,32.68,8.35,7.1
2025-04-12 14:00:00,30.6,75,0.0,31.76,8.66,7.14
2025-04-12 15:00:00,30.4,76,0.0,31.05,8.83,7.18
2025-04-12 16:00:00,30.1,76,0.0,30.47,8.95,7.25
2025-04-12 17:00:00,29.9,78,0.0,30.0,9.08,7.06
2025-04-12 18:00:00,29.4,82,0.0,29.52,9.25,7.01
2025-04-12 19:00:00,28.9,89,0.0,29.03,9.48,7.27
2025-04-12 20:00:00,28.6,91,0.0,28.6,9.61,6.97
2025-04-12 21:00:00,28.3,94,0.0,28.21,9.75,6.95
2025-04-12 22:00:00,28.0,95,0.0,27.85,9.84,7.28
2025-04-12 23:00:00,27.5,97,0.0,27.44,9.97,7.26
2025-04-13 00:00:00,27.2,98,0.0,27.07,10.07,7.29
2025-04-13 01:00:00,29.5,75,0.0,27.5,9.56,7.53
2025-04-13 02:00:00,30.8,66,0.0,28.19,9.25,7.55
2025-04-13 03:00:00,32.6,56,0.0,29.21,8.86,7.52
2025-04-13 04:00:00,35.0,45,0.0,30.65,8.39,7.49
2025-04-13 05:00:00,36.2,40,0.0,32.01,8.03,7.72
2025-04-13 06:00:00,36.2,46,0.0,32.97,7.94,7.7
2025-04-13 07:00:00,33.0,58,2.3,32.68,8.19,7.52
2025-04-13 08:00:00,34.4,51,0.0,32.9,8.04,7.78
2025-04-13 09:00:00,34.5,53,0.0,33.08,8.03,7.43
2025-04-13 10:00:00,33.4,59,0.0,32.87,8.17,7.33
2025-04-13 11:00:00,33.2,57,0.0,32.67,8.18,7.34
2025-04-13 12:00:00,32.1,62,0.0,32.2,8.36,7.33
2025-04-13 13:00:00,30.8,76,0.0,31.48,8.74,7.29
2025-04-13 14:00:00,30.1,81,0.0,30.77,8.97,7.18
2025-04-13 15:00:00,29.8,84,0.0,30.18,9.15,7.18
2025-04-13 16:00:00,29.5,87,0.0,29.67,9.31,6.98
2025-04-13 17:00:00,29.1,89,0.0,29.2,9.44,7.22
2025-04-13 18:00:00,28.9,90,0.0,28.81,9.54,7.06
2025-04-13 19:00:00,28.6,91,0.0,28.45,9.64,7.2
2025-04-13 20:00:00,28.3,93,0.0,28.1,9.75,7.15
2025-04-13 21:00:00,28.0,94,0.0,27.77,9.84,7.22
2025-04-13 22:00:00,27.7,96,0.0,27.45,9.95,7.29
2025-04-13 23:00:00,27.5,97,0.0,27.17,10.03,7.36
2025-04-14 00:00:00,27.3,98,0.0,26.91,10.1,7.46
2025-04-14 01:00:00,26.7,91,0.0,26.54,10.05,7.61
2025-04-14 02:00:00,27.5,85,0.0,26.53,9.94,7.56
2025-04-14 03:00:00,29.9,75,0.0,27.24,9.61,7.67
2025-04-14 04:00:00,31.8,64,0.1,28.31,9.19,7.62
2025-04-14 05:00:00,33.4,55,0.0,29.54,8.78,7.8
2025-04-14 06:00:00,34.2,51,0.0,30.64,8.49,7.59
2025-04-14 07:00:00,34.5,49,0.0,31.49,8.28,7.81
2025-04-14 08:00:00,34.2,51,0.0,32.01,8.22,7.6
2025-04-14 09:00:00,33.2,57,0.0,32.06,8.3,7.41
2025-04-14 10:00:00,32.6,61,0.0,31.93,8.4,7.5
2025-04-14 11:00:00,31.6,64,0.0,31.53,8.53,7.35
2025-04-14 12:00:00,30.9,68,0.0,31.04,8.69,7.43
2025-04-14 13:00:00,30.5,70,0.0,30.58,8.82,7.21
2025-04-14 14:00:00,30.1,71,0.0,30.13,8.93,7.16
2025-04-14 15:00:00,30.0,71,0.0,29.79,9.0,6.96
2025-04-14 16:00:00,29.8,72,0.0,29.5,9.08,7.06
2025-04-14 17:00:00,29.6,74,0.0,29.23,9.17,6.84
2025-04-14 18:00:00,29.4,76,0.0,28.98,9.26,6.91
2025-04-14 19:00:00,29.0,79,0.0,28.69,9.38,7.16
2025-04-14 20:00:00,28.7,80,0.0,28.39,9.46,7.19
2025-04-14 21:00:00,28.4,82,0.0,28.09,9.56,7.21
2025-04-14 22:00:00,28.0,84,0.0,27.76,9.66,7.14
2025-04-14 23:00:00,27.5,87,0.0,27.39,9.8,7.3
2025-04-15 00:00:00,27.2,89,0.0,27.03,9.91,7.39
2025-04-15 01:00:00,28.9,80,0.0,27.29,9.69,7.35
2025-04-15 02:00:00,29.5,75,0.0,27.65,9.52,7.68
2025-04-15 03:00:00,30.6,68,0.0,28.24,9.27,7.68
2025-04-15 04:00:00,32.2,60,0.0,29.13,8.95,7.61
2025-04-15 05:00:00,33.3,55,0.0,30.08,8.67,7.65
2025-04-15 06:00:00,34.3,51,0.0,31.04,8.41,7.67
2025-04-15 07:00:00,33.5,55,1.7,31.48,8.39,7.35
2025-04-15 08:00:00,33.0,60,1.2,31.64,8.44,7.52
2025-04-15 09:00:00,33.0,59,0.0,31.75,8.4,7.49
2025-04-15 10:00:00,31.7,63,0.0,31.43,8.53,7.4
2025-04-15 11:00:00,31.6,62,0.0,31.18,8.56,7.4
2025-04-15 12:00:00,30.5,67,0.0,30.68,8.75,7.53
2025-04-15 13:00:00,30.0,74,0.0,30.17,8.98,7.34
2025-04-15 14:00:00,29.9,73,0.0,29.79,9.04,7.15
2025-04-15 15:00:00,29.6,74,0.0,29.43,9.13,7.21
2025-04-15 16:00:00,29.5,75,0.0,29.15,9.21,7.25
2025-04-15 17:00:00,29.2,77,0.0,28.87,9.3,7.17
2025-04-15 18:00:00,29.0,77,0.0,28.61,9.36,7.08
2025-04-15 19:00:00,28.9,78,0.0,28.4,9.42,7.02
2025-04-15 20:00:00,28.6,79,0.0,28.16,9.49,7.19
2025-04-15 21:00:00,28.5,80,0.0,27.96,9.55,7.21
2025-04-15 22:00:00,28.3,80,0.0,27.76,9.59,7.32
2025-04-15 23:00:00,28.1,81,0.0,27.56,9.65,7.37
2025-04-16 00:00:00,27.9,83,0.0,27.36,9.73,7.49
2025-04-16 01:00:00,29.0,75,0.1,27.55,9.54,7.4
2025-04-16 02:00:00,29.8,70,0.1,27.93,9.37,7.65
2025-04-16 03:00:00,31.2,63,0.1,28.61,9.11,7.6
2025-04-16 04:00:00,32.7,57,0.0,29.54,8.81,7.83
2025-04-16 05:00:00,33.7,53,0.1,30.49,8.55,7.57
2025-04-16 06:00:00,34.1,52,0.0,31.27,8.38,7.82
2025-04-16 07:00:00,33.2,54,0.5,31.55,8.36,7.62
2025-04-16 08:00:00,33.2,56,0.6,31.74,8.35,7.5
2025-04-16 09:00:00,32.2,59,0.5,31.58,8.43,7.48
2025-04-16 10:00:00,31.7,61,0.0,31.32,8.52,7.46
2025-04-16 11:00:00,31.9,60,0.0,31.19,8.53,7.47
2025-04-16 12:00:00,31.0,63,0.0,30.83,8.65,7.4
2025-04-16 13:00:00,30.1,67,0.0,30.31,8.83,7.22
2025-04-16 14:00:00,29.9,70,0.0,29.89,8.97,7.21
2025-04-16 15:00:00,29.9,70,0.0,29.59,9.03,7.37
2025-04-16 16:00:00,29.6,73,0.0,29.29,9.14,7.28
2025-04-16 17:00:00,29.4,75,0.0,29.03,9.23,7.12
2025-04-16 18:00:00,29.1,76,0.0,28.75,9.31,7.08
2025-04-16 19:00:00,28.9,77,0.0,28.49,9.38,7.1
2025-04-16 20:00:00,28.7,79,0.0,28.26,9.47,7.18
2025-04-16 21:00:00,28.5,79,0.0,28.03,9.52,7.07
2025-04-16 22:00:00,28.3,81,0.0,27.81,9.6,7.21
2025-04-16 23:00:00,28.0,82,0.0,27.57,9.67,7.14
2025-04-17 00:00:00,27.7,83,0.0,27.31,9.74,7.43
2025-04-17 01:00:00,28.2,81,0.0,27.27,9.71,7.53
2025-04-17 02:00:00,29.6,73,0.0,27.67,9.48,7.48
2025-04-17 03:00:00,31.3,65,0.0,28.46,9.18,7.74
2025-04-17 04:00:00,33.0,56,0.0,29.52,8.8,7.5
2025-04-17 05:00:00,34.3,52,0.0,30.66,8.5,7.5
2025-04-17 06:00:00,32.8,61,1.2,31.0,8.58,7.61
2025-04-17 07:00:00,32.0,65,2.9,31.0,8.65,7.64
2025-04-17 08:00:00,31.6,68,0.1,30.88,8.73,7.77
2025-04-17 09:00:00,31.6,68,0.0,30.8,8.74,7.52
2025-04-17 10:00:00,31.4,66,0.0,30.68,8.74,7.61
2025-04-17 11:00:00,31.0,69,0.0,30.47,8.83,7.43
2025-04-17 12:00:00,30.1,71,0.0,30.06,8.95,7.34
2025-04-17 13:00:00,30.0,76,0.0,29.74,9.1,7.37
2025-04-17 14:00:00,29.7,78,0.0,29.43,9.2,7.28
2025-04-17 15:00:00,29.5,79,0.0,29.15,9.28,7.0
2025-04-17 16:00:00,29.5,79,0.0,28.96,9.32,7.26
2025-04-17 17:00:00,29.4,79,0.0,28.79,9.36,7.22
2025-04-17 18:00:00,29.1,80,0.0,28.58,9.42,7.01
2025-04-17 19:00:00,28.9,81,0.0,28.38,9.48,7.13
2025-04-17 20:00:00,28.6,82,0.0,28.14,9.55,7.17
2025-04-17 21:00:00,28.2,86,0.0,27.86,9.68,7.2
2025-04-17 22:00:00,27.9,88,0.0,27.57,9.78,7.18
2025-04-17 23:00:00,27.6,89,0.0,27.28,9.86,7.24
2025-04-18 00:00:00,27.5,89,0.0,27.05,9.91,7.39
2025-04-18 01:00:00,28.6,85,0.0,27.21,9.8,7.58
2025-04-18 02:00:00,30.2,74,0.0,27.81,9.47,7.59
2025-04-18 03:00:00,31.9,64,0.0,28.74,9.1,7.55
2025-04-18 04:00:00,33.7,53,0.0,29.93,8.67,7.7
2025-04-18 05:00:00,35.3,46,0.0,31.24,8.29,7.35
2025-04-18 06:00:00,36.2,44,0.0,32.43,8.02,7.75
2025-04-18 07:00:00,35.3,54,0.0,32.99,8.07,7.45
2025-04-18 08:00:00,34.7,56,0.0,33.2,8.06,7.55
2025-04-18 09:00:00,33.8,55,0.0,33.08,8.06,7.43
2025-04-18 10:00:00,33.3,60,0.0,32.85,8.19,7.35
2025-04-18 11:00:00,32.5,62,0.0,32.44,8.31,7.53
2025-04-18 12:00:00,31.6,64,0.0,31.89,8.45,7.29
2025-04-18 13:00:00,30.2,74,0.0,31.08,8.79,7.31
2025-04-18 14:00:00,30.0,78,0.0,30.46,8.98,7.2
2025-04-18 15:00:00,30.0,77,0.0,30.02,9.06,7.2
2025-04-18 16:00:00,29.6,82,0.0,29.59,9.24,7.11
2025-04-18 17:00:00,29.5,83,0.0,29.27,9.32,6.95
2025-04-18 18:00:00,29.2,84,0.0,28.95,9.41,7.17
2025-04-18 19:00:00,29.0,87,0.0,28.66,9.52,7.03
2025-04-18 20:00:00,28.8,87,0.0,28.4,9.58,6.96
2025-04-18 21:00:00,28.6,88,0.0,28.16,9.65,7.12
2025-04-18 22:00:00,28.4,88,0.0,27.93,9.7,7.38
2025-04-18 23:00:00,28.1,90,0.0,27.68,9.79,7.39
2025-04-19 00:00:00,28.0,88,0.0,27.48,9.8,7.35
2025-04-19 01:00:00,28.9,83,0.0,27.6,9.68,7.43
2025-04-19 02:00:00,30.0,76,0.0,28.02,9.46,7.5
2025-04-19 03:00:00,32.2,63,0.0,28.98,9.03,7.79
2025-04-19 04:00:00,34.3,50,0.0,30.27,8.55,7.66
2025-04-19 05:00:00,36.0,42,0.0,31.69,8.13,7.68
2025-04-19 06:00:00,36.7,40,0.0,32.89,7.86,7.73
2025-04-19 07:00:00,36.7,44,0.0,33.74,7.76,7.64
2025-04-19 08:00:00,36.0,52,0.0,34.12,7.81,7.55
2025-04-19 09:00:00,35.3,50,0.0,34.17,7.77,7.51
2025-04-19 10:00:00,34.7,51,0.0,34.03,7.81,7.46
2025-04-19 11:00:00,34.0,55,0.0,33.72,7.93,7.4
2025-04-19 12:00:00,32.3,63,0.0,32.99,8.21,7.4
2025-04-19 13:00:00,30.9,76,0.0,32.07,8.61,7.27
2025-04-19 14:00:00,30.4,80,0.0,31.27,8.85,7.27
2025-04-19 15:00:00,30.1,82,0.0,30.62,9.02,7.13
2025-04-19 16:00:00,30.0,83,0.0,30.13,9.14,7.11
2025-04-19 17:00:00,29.8,84,0.0,29.73,9.24,6.87
2025-04-19 18:00:00,29.6,85,0.0,29.39,9.33,7.16
2025-04-19 19:00:00,29.3,87,0.0,29.06,9.44,7.11
2025-04-19 20:00:00,29.0,89,0.0,28.75,9.54,7.21
2025-04-19 21:00:00,28.9,90,0.0,28.49,9.61,6.87
2025-04-19 22:00:00,28.6,90,0.0,28.22,9.67,7.44
2025-04-19 23:00:00,28.5,91,0.0,28.01,9.74,7.29
2025-04-20 00:00:00,28.2,91,0.0,27.76,9.79,7.49
2025-04-20 01:00:00,28.9,85,0.0,27.81,9.67,7.36
2025-04-20 02:00:00,30.3,76,0.0,28.25,9.41,7.59
2025-04-20 03:00:00,32.2,64,0.0,29.14,9.02,7.48
2025-04-20 04:00:00,34.2,52,0.0,30.36,8.56,7.55
2025-04-20 05:00:00,35.8,45,0.0,31.69,8.18,7.82
2025-04-20 06:00:00,36.7,42,0.0,32.89,7.89,7.61
2025-04-20 07:00:00,36.2,50,0.0,33.58,7.88,7.64
2025-04-20 08:00:00,35.6,50,0.0,33.89,7.82,7.67
2025-04-20 09:00:00,35.1,48,0.0,33.95,7.78,7.58
2025-04-20 10:00:00,34.4,53,0.0,33.79,7.89,7.49
2025-04-20 11:00:00,33.7,54,0.0,33.46,7.97,7.44
2025-04-20 12:00:00,32.3,61,0.0,32.81,8.21,7.57
2025-04-20 13:00:00,31.1,73,0.0,32.0,8.58,7.26
2025-04-20 14:00:00,30.6,78,0.0,31.28,8.81,7.22
2025-04-20 15:00:00,30.2,83,0.0,30.66,9.03,7.25
2025-04-20 16:00:00,29.9,86,0.0,30.13,9.19,7.21
2025-04-20 17:00:00,29.6,87,0.0,29.67,9.31,7.19
2025-04-20 18:00:00,29.3,89,0.0,29.26,9.43,7.13
2025-04-20 19:00:00,29.0,90,0.0,28.88,9.53,6.97
2025-04-20 20:00:00,28.9,91,0.0,28.59,9.61,7.28
2025-04-20 21:00:00,28.5,92,0.0,28.26,9.7,7.05
2025-04-20 22:00:00,28.4,91,0.0,28.0,9.74,7.26
2025-04-20 23:00:00,28.1,91,0.0,27.73,9.8,7.23
2025-04-21 00:00:00,28.0,92,0.0,27.51,9.86,7.38
2025-04-21 01:00:00,29.2,88,0.1,27.72,9.74,7.49
2025-04-21 02:00:00,30.2,80,0.1,28.16,9.51,7.55
2025-04-21 03:00:00,31.8,70,0.0,28.95,9.16,7.62
2025-04-21 04:00:00,33.6,59,0.0,30.05,8.75,7.78
2025-04-21 05:00:00,34.8,52,0.0,31.17,8.4,7.68
2025-04-21 06:00:00,35.1,51,0.0,32.05,8.21,7.62
2025-04-21 07:00:00,34.9,53,0.0,32.61,8.13,7.72
2025-04-21 08:00:00,34.6,54,0.0,32.9,8.08,7.71
2025-04-21 09:00:00,34.2,56,0.0,32.99,8.1,7.42
2025-04-21 10:00:00,33.5,59,0.0,32.85,8.18,7.54
2025-04-21 11:00:00,32.5,62,0.0,32.44,8.31,7.48
2025-04-21 12:00:00,31.1,70,0.0,31.74,8.58,7.31
2025-04-21 13:00:00,30.5,73,0.0,31.07,8.77,7.41
2025-04-21 14:00:00,30.0,78,0.0,30.45,8.99,7.19
2025-04-21 15:00:00,29.8,79,0.0,29.95,9.11,7.16
2025-04-21 16:00:00,29.6,80,0.0,29.55,9.21,7.09
2025-04-21 17:00:00,29.4,81,0.0,29.2,9.3,7.08
2025-04-21 18:00:00,29.1,82,0.0,28.87,9.39,6.96
2025-04-21 19:00:00,28.9,82,0.0,28.58,9.45,6.94
2025-04-21 20:00:00,28.5,84,0.0,28.26,9.56,7.28
2025-04-21 21:00:00,28.2,85,0.0,27.94,9.64,7.08
2025-04-21 22:00:00,27.7,88,0.0,27.57,9.78,7.14
2025-04-21 23:00:00,27.2,91,0.0,27.16,9.92,7.1
2025-04-22 00:00:00,26.8,93,0.0,26.75,10.05,7.33
2025-04-22 01:00:00,28.0,90,0.0,26.83,9.97,7.34
2025-04-22 02:00:00,29.5,81,0.0,27.33,9.7,7.7
2025-04-22 03:00:00,31.3,69,0.0,28.22,9.3,7.69
2025-04-22 04:00:00,32.9,59,0.0,29.32,8.89,7.56
2025-04-22 05:00:00,33.9,53,0.0,30.4,8.57,7.87
2025-04-22 06:00:00,34.5,52,0.0,31.33,8.37,7.74
2025-04-22 07:00:00,34.7,52,0.0,32.04,8.22,7.6
2025-04-22 08:00:00,34.5,50,0.0,32.48,8.1,7.35
2025-04-22 09:00:00,34.2,48,0.0,32.69,8.03,7.77
2025-04-22 10:00:00,33.7,51,0.0,32.7,8.08,7.34
2025-04-22 11:00:00,32.8,53,0.0,32.43,8.16,7.25
2025-04-22 12:00:00,31.5,60,0.0,31.85,8.39,7.44
2025-04-22 13:00:00,30.6,72,0.0,31.17,8.73,7.51
2025-04-22 14:00:00,30.2,74,0.0,30.58,8.89,7.34
2025-04-22 15:00:00,30.0,77,0.0,30.11,9.04,7.2
2025-04-22 16:00:00,29.8,80,0.0,29.72,9.18,7.16
2025-04-22 17:00:00,29.5,81,0.0,29.35,9.27,7.16
2025-04-22 18:00:00,29.2,82,0.0,29.01,9.36,7.15
2025-04-22 19:00:00,29.0,83,0.0,28.7,9.44,7.11
2025-04-22 20:00:00,28.9,83,0.0,28.46,9.5,7.13
2025-04-22 21:00:00,28.5,85,0.0,28.17,9.59,7.16
2025-04-22 22:00:00,28.2,86,0.0,27.88,9.67,7.16
2025-04-22 23:00:00,27.9,87,0.0,27.59,9.75,7.28
2025-04-23 00:00:00,27.5,89,0.0,27.26,9.86,7.22
2025-04-23 01:00:00,28.8,83,0.0,27.42,9.72,7.45
2025-04-23 02:00:00,29.9,78,0.0,27.87,9.53,7.43
2025-04-23 03:00:00,31.8,66,0.0,28.75,9.13,7.47
2025-04-23 04:00:00,33.6,54,0.0,29.9,8.69,7.64
2025-04-23 05:00:00,35.1,46,0.0,31.16,8.3,7.78
2025-04-23 06:00:00,35.5,45,0.0,32.16,8.09,7.73
2025-04-23 07:00:00,35.0,51,0.0,32.71,8.07,7.47
2025-04-23 08:00:00,34.8,52,0.0,33.04,8.02,7.49
2025-04-23 09:00:00,34.6,46,0.0,33.21,7.89,7.63
2025-04-23 10:00:00,34.2,48,0.0,33.21,7.93,7.38
2025-04-23 11:00:00,33.5,48,0.0,32.99,7.97,7.39
2025-04-23 12:00:00,32.0,59,0.0,32.4,8.27,7.39
2025-04-23 13:00:00,30.7,70,0.0,31.59,8.61,7.17
2025-04-23 14:00:00,30.1,76,0.0,30.84,8.87,7.21
2025-04-23 15:00:00,29.9,78,0.0,30.26,9.03,7.01
2025-04-23 16:00:00,29.8,78,0.0,29.82,9.12,7.04
2025-04-23 17:00:00,29.5,81,0.0,29.42,9.26,7.11
2025-04-23 18:00:00,29.2,82,0.0,29.06,9.35,6.91
2025-04-23 19:00:00,29.0,83,0.0,28.74,9.44,7.13
2025-04-23 20:00:00,28.6,84,0.0,28.4,9.53,7.11
2025-04-23 21:00:00,28.4,85,0.0,28.1,9.61,7.22
2025-04-23 22:00:00,28.1,87,0.0,27.8,9.71,7.25
2025-04-23 23:00:00,28.1,88,0.0,27.59,9.77,7.44
2025-04-24 00:00:00,27.9,88,0.0,27.38,9.82,7.4
2025-04-24 01:00:00,29.3,83,0.0,27.66,9.67,7.42
2025-04-24 02:00:00,30.6,74,0.0,28.24,9.38,7.54
2025-04-24 03:00:00,32.3,64,0.0,29.16,9.01,7.63
2025-04-24 04:00:00,34.0,55,0.0,30.31,8.62,7.62
2025-04-24 05:00:00,35.2,49,0.0,31.48,8.29,7.64
2025-04-24 06:00:00,35.1,53,0.0,32.26,8.2,7.57
2025-04-24 07:00:00,35.2,53,0.0,32.85,8.08,7.56
2025-04-24 08:00:00,34.8,51,0.0,33.13,7.99,7.45
2025-04-24 09:00:00,34.5,53,0.0,33.24,8.0,7.71
2025-04-24 10:00:00,33.8,55,0.0,33.11,8.06,7.35
2025-04-24 11:00:00,32.8,60,0.0,32.72,8.22,7.34
2025-04-24 12:00:00,31.6,68,0.0,32.08,8.48,7.27
2025-04-24 13:00:00,30.8,74,0.0,31.4,8.72,7.36
2025-04-24 14:00:00,30.5,75,0.0,30.83,8.86,7.17
2025-04-24 15:00:00,30.2,77,0.0,30.34,8.99,7.27
2025-04-24 16:00:00,29.9,80,0.0,29.91,9.14,7.03
2025-04-24 17:00:00,29.6,82,0.0,29.52,9.25,7.1
2025-04-24 18:00:00,29.4,83,0.0,29.18,9.34,6.98
2025-04-24 19:00:00,29.1,84,0.0,28.86,9.43,7.3
2025-04-24 20:00:00,28.9,86,0.0,28.57,9.53,7.0
2025-04-24 21:00:00,28.6,87,0.0,28.28,9.61,7.2
2025-04-24 22:00:00,28.6,87,0.0,28.08,9.65,7.29
2025-04-24 23:00:00,28.2,89,0.0,27.81,9.74,7.35
2025-04-25 00:00:00,28.0,90,0.1,27.57,9.81,7.36
2025-04-25 01:00:00,29.2,84,0.1,27.76,9.66,7.44
2025-04-25 02:00:00,30.4,77,0.1,28.25,9.43,7.52
2025-04-25 03:00:00,31.6,70,0.1,28.96,9.16,7.56
2025-04-25 04:00:00,33.3,60,0.0,29.96,8.78,7.72
2025-04-25 05:00:00,34.2,55,0.0,30.93,8.5,7.86
2025-04-25 06:00:00,34.6,55,0.0,31.73,8.34,7.59
2025-04-25 07:00:00,34.5,55,0.0,32.26,8.23,7.49
2025-04-25 08:00:00,34.2,56,0.0,32.54,8.19,7.59
2025-04-25 09:00:00,34.0,56,0.0,32.68,8.16,7.8
2025-04-25 10:00:00,33.5,57,0.0,32.63,8.19,7.4
2025-04-25 11:00:00,32.5,61,0.0,32.29,8.32,7.58
2025-04-25 12:00:00,31.4,68,0.0,31.72,8.55,7.51
2025-04-25 13:00:00,30.6,75,0.0,31.09,8.8,7.22
2025-04-25 14:00:00,30.2,79,0.0,30.52,8.99,7.26
2025-04-25 15:00:00,30.0,80,0.0,30.06,9.1,7.31
2025-04-25 16:00:00,30.0,80,0.0,29.74,9.17,7.06
2025-04-25 17:00:00,29.8,81,0.0,29.46,9.25,7.06
2025-04-25 18:00:00,29.5,83,0.0,29.17,9.34,7.01
2025-04-25 19:00:00,29.2,85,0.0,28.88,9.44,6.98
2025-04-25 20:00:00,29.0,86,0.0,28.62,9.52,7.05
2025-04-25 21:00:00,28.7,87,0.0,28.34,9.59,7.04
2025-04-25 22:00:00,28.5,86,0.0,28.09,9.63,7.23
2025-04-25 23:00:00,28.2,87,0.0,27.82,9.7,7.23
2025-04-26 00:00:00,27.9,89,0.0,27.55,9.8,7.41
2025-04-26 01:00:00,29.4,82,0.1,27.8,9.62,7.3
2025-04-26 02:00:00,29.9,79,0.2,28.13,9.49,7.55
2025-04-26 03:00:00,31.5,69,0.1,28.84,9.17,7.66
2025-04-26 04:00:00,33.0,60,0.0,29.79,8.81,7.42
2025-04-26 05:00:00,33.6,57,0.0,30.63,8.59,7.68
2025-04-26 06:00:00,33.8,57,0.0,31.28,8.46,7.77
2025-04-26 07:00:00,34.2,54,0.0,31.86,8.29,7.51
2025-04-26 08:00:00,34.0,55,0.0,32.2,8.24,7.77
2025-04-26 09:00:00,33.6,57,0.0,32.32,8.25,7.59
2025-04-26 10:00:00,33.0,59,0.0,32.22,8.3,7.42
2025-04-26 11:00:00,32.1,64,0.0,31.89,8.45,7.41
2025-04-26 12:00:00,31.2,68,0.0,31.38,8.62,7.4
2025-04-26 13:00:00,30.6,71,0.0,30.85,8.78,7.28
2025-04-26 14:00:00,30.5,73,0.0,30.44,8.9,7.26
2025-04-26 15:00:00,30.3,73,0.0,30.1,8.97,7.05
2025-04-26 16:00:00,30.1,74,0.0,29.8,9.05,7.12
2025-04-26 17:00:00,29.8,77,0.0,29.5,9.17,6.93
2025-04-26 18:00:00,29.4,81,0.0,29.17,9.31,7.06
2025-04-26 19:00:00,29.0,84,0.0,28.82,9.44,6.99
2025-04-26 20:00:00,28.6,86,0.0,28.45,9.55,7.04
2025-04-26 21:00:00,28.5,86,0.0,28.17,9.61,7.29
2025-04-26 22:00:00,28.3,84,0.0,27.91,9.63,7.34
2025-04-26 23:00:00,28.2,84,0.0,27.69,9.68,7.37
2025-04-27 00:00:00,28.0,84,0.0,27.49,9.72,7.28
2025-04-27 01:00:00,29.4,77,0.0,27.76,9.54,7.43
2025-04-27 02:00:00,30.5,70,0.0,28.28,9.3,7.65
2025-04-27 03:00:00,32.0,62,0.0,29.1,8.99,7.6
2025-04-27 04:00:00,33.3,55,0.0,30.06,8.67,7.85
2025-04-27 05:00:00,34.1,51,0.0,30.97,8.42,7.68
2025-04-27 06:00:00,34.2,51,0.1,31.64,8.29,7.66
2025-04-27 07:00:00,34.0,53,0.1,32.05,8.24,7.59
2025-04-27 08:00:00,34.0,52,0.0,32.33,8.17,7.61
2025-04-27 09:00:00,33.8,52,0.0,32.47,8.14,7.53
2025-04-27 10:00:00,32.7,58,0.0,32.24,8.28,7.56
2025-04-27 11:00:00,32.1,61,0.0,31.9,8.4,7.51
2025-04-27 12:00:00,31.2,65,0.0,31.39,8.57,7.27
2025-04-27 13:00:00,30.1,73,0.0,30.7,8.85,7.14
2025-04-27 14:00:00,29.9,76,0.0,30.16,9.01,7.02
2025-04-27 15:00:00,29.5,77,0.0,29.66,9.14,7.2
2025-04-27 16:00:00,29.1,79,0.0,29.19,9.27,7.0
2025-04-27 17:00:00,28.9,80,0.0,28.81,9.37,6.87
2025-04-27 18:00:00,28.8,81,0.0,28.5,9.45,7.11
2025-04-27 19:00:00,28.6,83,0.0,28.23,9.54,7.34
2025-04-27 20:00:00,28.3,85,0.0,27.95,9.64,7.12
2025-04-27 21:00:00,28.0,86,0.0,27.67,9.72,7.26
2025-04-27 22:00:00,27.5,89,0.1,27.32,9.85,7.24
2025-04-27 23:00:00,27.6,88,0.1,27.1,9.88,7.29
2025-04-28 00:00:00,27.5,88,0.0,26.92,9.92,7.48
2025-04-28 01:00:00,28.6,79,0.1,27.12,9.71,7.43
2025-04-28 02:00:00,29.8,72,0.0,27.63,9.47,7.56
2025-04-28 03:00:00,30.8,65,0.0,28.28,9.21,7.62
2025-04-28 04:00:00,32.0,58,0.0,29.1,8.92,7.56
2025-04-28 05:00:00,33.1,53,0.0,30.0,8.65,7.75
2025-04-28 06:00:00,33.6,51,0.0,30.78,8.46,7.63
2025-04-28 07:00:00,33.7,52,0.0,31.35,8.36,7.56
2025-04-28 08:00:00,33.4,53,0.0,31.67,8.32,7.66
2025-04-28 09:00:00,33.3,54,0.0,31.86,8.29,7.46
2025-04-28 10:00:00,32.3,59,0.0,31.69,8.41,7.5
2025-04-28 11:00:00,31.6,62,0.0,31.36,8.53,7.42
2025-04-28 12:00:00,30.9,64,0.0,30.92,8.65,7.46
2025-04-28 13:00:00,31.1,61,0.0,30.68,8.65,7.32
2025-04-28 14:00:00,30.8,63,0.0,30.41,8.74,7.2
2025-04-28 15:00:00,30.7,63,0.0,30.2,8.78,7.23
2025-04-28 16:00:00,30.5,65,0.0,29.99,8.86,7.24
2025-04-28 17:00:00,30.4,65,0.0,29.81,8.9,7.13
2025-04-28 18:00:00,30.1,67,0.0,29.6,8.98,7.07
2025-04-28 19:00:00,29.8,70,0.0,29.36,9.08,6.95
2025-04-28 20:00:00,29.4,74,0.0,29.07,9.21,7.0
2025-04-28 21:00:00,29.0,77,0.0,28.75,9.33,7.13
2025-04-28 22:00:00,28.7,79,0.0,28.44,9.43,7.16
2025-04-28 23:00:00,28.4,81,0.0,28.12,9.53,7.28
2025-04-29 00:00:00,28.0,83,0.0,27.79,9.64,7.39
2025-04-29 01:00:00,28.8,78,0.0,27.79,9.55,7.51
2025-04-29 02:00:00,30.0,72,0.1,28.15,9.36,7.51
2025-04-29 03:00:00,31.6,64,0.0,28.89,9.07,7.63
2025-04-29 04:00:00,32.7,58,0.0,29.73,8.79,7.63
2025-04-29 05:00:00,33.0,58,0.1,30.41,8.65,7.44
2025-04-29 06:00:00,33.0,58,0.1,30.89,8.56,7.55
2025-04-29 07:00:00,33.1,59,0.0,31.25,8.5,7.62
2025-04-29 08:00:00,33.3,56,0.2,31.57,8.39,7.47
2025-04-29 09:00:00,33.2,56,0.0,31.76,8.35,7.61
2025-04-29 10:00:00,32.6,59,0.0,31.71,8.41,7.65
2025-04-29 11:00:00,31.4,66,0.0,31.32,8.6,7.55
2025-04-29 12:00:00,30.2,74,0.0,30.68,8.87,7.33
2025-04-29 13:00:00,30.2,72,0.0,30.24,8.93,7.43
2025-04-29 14:00:00,29.8,77,0.0,29.81,9.11,7.23
2025-04-29 15:00:00,29.7,78,0.0,29.47,9.19,7.12
2025-04-29 16:00:00,29.6,77,0.0,29.21,9.23,7.05
2025-04-29 17:00:00,29.5,78,0.0,29.0,9.29,7.05
2025-04-29 18:00:00,29.4,78,0.0,28.82,9.33,7.03
2025-04-29 19:00:00,29.1,80,0.0,28.6,9.41,7.1
2025-04-29 20:00:00,28.9,81,0.0,28.39,9.47,7.13
2025-04-29 21:00:00,28.8,82,0.0,28.21,9.53,7.17
2025-04-29 22:00:00,28.5,83,0.0,28.0,9.59,7.27
2025-04-29 23:00:00,28.2,84,0.0,27.76,9.66,7.42
2025-04-30 00:00:00,28.0,85,0.0,27.53,9.73,7.48
2025-04-30 01:00:00,28.9,80,0.0,27.64,9.62,7.31
2025-04-30 02:00:00,30.1,72,0.0,28.08,9.38,7.27
2025-04-30 03:00:00,31.9,62,0.0,28.93,9.03,7.68
2025-04-30 04:00:00,33.6,54,0.0,30.03,8.66,7.48
2025-04-30 05:00:00,34.8,51,0.0,31.16,8.38,7.62
2025-04-30 06:00:00,35.4,50,0.0,32.13,8.17,7.52
2025-04-30 07:00:00,35.5,52,0.0,32.84,8.06,7.44
2025-04-30 08:00:00,35.4,51,0.0,33.31,7.95,7.64
2025-04-30 09:00:00,35.0,48,0.0,33.52,7.87,7.61
2025-04-30 10:00:00,34.1,51,0.0,33.39,7.94,7.42
2025-04-30 11:00:00,32.9,58,0.0,32.94,8.14,7.15
2025-04-30 12:00:00,31.8,62,0.0,32.3,8.34,7.28
2025-04-30 13:00:00,30.7,76,0.0,31.52,8.73,7.31
2025-04-30 14:00:00,30.4,77,0.0,30.88,8.88,7.05
2025-04-30 15:00:00,30.3,76,0.0,30.41,8.96,7.16
2025-04-30 16:00:00,30.0,78,0.0,29.99,9.08,7.1
2025-04-30 17:00:00,29.9,79,0.0,29.66,9.17,7.13
2025-04-30 18:00:00,29.6,81,0.0,29.34,9.27,7.08
2025-04-30 19:00:00,29.4,83,0.0,29.06,9.37,6.98
2025-04-30 20:00:00,29.1,85,0.0,28.77,9.46,7.23
2025-04-30 21:00:00,28.9,87,0.0,28.51,9.56,7.15
2025-04-30 22:00:00,28.5,89,0.0,28.21,9.66,7.23
2025-04-30 23:00:00,28.3,89,0.0,27.94,9.72,7.21
2025-05-01 00:00:00,28.0,88,0.0,27.65,9.76,7.34
2025-05-01 01:00:00,29.0,78,0.0,27.76,9.56,7.37
2025-05-01 02:00:00,30.0,72,0.0,28.13,9.37,7.51
2025-05-01 03:00:00,31.8,62,0.0,28.93,9.03,7.75
2025-05-01 04:00:00,34.0,50,0.0,30.15,8.57,7.48
2025-05-01 05:00:00,35.8,43,0.0,31.55,8.17,7.47
2025-05-01 06:00:00,36.8,40,0.0,32.82,7.87,7.78
2025-05-01 07:00:00,36.2,45,0.2,33.54,7.81,7.58
2025-05-01 08:00:00,35.0,50,1.0,33.68,7.86,7.46
2025-05-01 09:00:00,35.1,46,0.0,33.8,7.78,7.64
2025-05-01 10:00:00,34.3,48,0.0,33.65,7.84,7.41
2025-05-01 11:00:00,33.5,52,0.0,33.31,7.97,7.59
2025-05-01 12:00:00,32.2,56,0.0,32.67,8.16,7.4
2025-05-01 13:00:00,31.4,70,0.0,31.99,8.53,7.21
2025-05-01 14:00:00,30.7,77,0.0,31.3,8.79,7.41
2025-05-01 15:00:00,30.5,78,0.0,30.76,8.92,7.08
2025-05-01 16:00:00,30.3,78,0.0,30.32,9.01,7.17
2025-05-01 17:00:00,30.1,80,0.0,29.96,9.13,7.1
2025-05-01 18:00:00,29.8,82,0.0,29.61,9.23,7.19
2025-05-01 19:00:00,29.5,84,0.0,29.28,9.34,7.23
2025-05-01 20:00:00,29.3,85,0.0,28.98,9.42,7.11
2025-05-01 21:00:00,29.0,88,0.0,28.69,9.54,7.09
2025-05-01 22:00:00,28.9,89,0.0,28.45,9.6,7.27
2025-05-01 23:00:00,28.9,88,0.0,28.29,9.62,7.23
2025-05-02 00:00:00,28.9,87,0.0,28.17,9.63,7.58
2025-05-02 01:00:00,29.8,82,0.0,28.36,9.5,7.47
2025-05-02 02:00:00,30.6,75,0.0,28.73,9.3,7.49
2025-05-02 03:00:00,32.0,66,0.0,29.41,9.0,7.6
2025-05-02 04:00:00,33.7,56,0.0,30.4,8.62,7.48
2025-05-02 05:00:00,35.2,50,0.0,31.54,8.29,7.54
2025-05-02 06:00:00,35.6,49,0.0,32.46,8.09,7.76
2025-05-02 07:00:00,35.1,51,0.3,32.95,8.03,7.53
2025-05-02 08:00:00,34.6,50,0.1,33.15,7.97,7.48
2025-05-02 09:00:00,34.3,52,0.0,33.19,7.99,7.59
2025-05-02 10:00:00,34.2,51,0.0,33.19,7.98,7.6
2025-05-02 11:00:00,32.8,59,0.0,32.78,8.19,7.48
2025-05-02 12:00:00,31.7,66,0.0,32.15,8.43,7.44
2025-05-02 13:00:00,31.1,71,0.0,31.54,8.64,7.19
2025-05-02 14:00:00,30.7,75,0.0,30.99,8.82,7.06
2025-05-02 15:00:00,30.4,77,0.0,30.51,8.96,7.29
2025-05-02 16:00:00,30.1,80,0.0,30.09,9.1,7.07
2025-05-02 17:00:00,30.0,79,0.0,29.76,9.15,7.05
2025-05-02 18:00:00,29.6,82,0.0,29.41,9.28,7.2
2025-05-02 19:00:00,29.2,84,0.0,29.05,9.39,7.14
2025-05-02 20:00:00,29.0,86,0.0,28.73,9.49,7.16
2025-05-02 21:00:00,29.0,86,0.0,28.51,9.54,7.38
2025-05-02 22:00:00,28.9,84,0.0,28.33,9.54,7.16
2025-05-02 23:00:00,28.6,81,0.0,28.11,9.53,7.39
2025-05-03 00:00:00,28.2,81,0.0,27.84,9.59,7.39
2025-05-03 01:00:00,29.4,77,0.0,28.01,9.48,7.48
2025-05-03 02:00:00,30.8,70,0.0,28.54,9.25,7.68
2025-05-03 03:00:00,32.8,60,0.0,29.52,8.87,7.63
2025-05-03 04:00:00,35.0,49,0.0,30.86,8.41,7.66
2025-05-03 05:00:00,36.6,43,0.0,32.29,8.03,7.73
2025-05-03 06:00:00,37.5,40,0.0,33.55,7.73,7.59
2025-05-03 07:00:00,37.1,46,0.5,34.31,7.68,7.49
2025-05-03 08:00:00,35.8,53,0.0,34.46,7.75,7.47
2025-05-03 09:00:00,35.2,51,0.0,34.38,7.74,7.33
2025-05-03 10:00:00,34.3,54,0.0,34.06,7.85,7.68
2025-05-03 11:00:00,33.9,53,0.0,33.71,7.91,7.29
2025-05-03 12:00:00,32.2,61,0.0,32.96,8.18,7.31
2025-05-03 13:00:00,31.5,68,0.0,32.22,8.45,7.23
2025-05-03 14:00:00,31.0,74,0.0,31.55,8.69,7.23
2025-05-03 15:00:00,30.8,76,0.0,31.03,8.83,7.22
2025-05-03 16:00:00,30.4,81,0.0,30.54,9.02,7.18
2025-05-03 17:00:00,30.1,82,0.0,30.11,9.13,7.01
2025-05-03 18:00:00,29.9,84,0.0,29.75,9.24,7.05
2025-05-03 19:00:00,29.5,85,0.0,29.37,9.34,7.1
2025-05-03 20:00:00,29.5,86,0.0,29.11,9.41,7.08
2025-05-03 21:00:00,29.2,87,0.0,28.84,9.49,7.32
2025-05-03 22:00:00,29.1,87,0.0,28.62,9.53,7.27
2025-05-03 23:00:00,29.0,85,0.0,28.43,9.54,7.37
2025-05-04 00:00:00,28.9,80,0.0,28.27,9.48,7.44
2025-05-04 01:00:00,29.6,77,0.0,28.37,9.41,7.57
2025-05-04 02:00:00,30.9,71,0.0,28.83,9.21,7.54
2025-05-04 03:00:00,32.8,61,0.0,29.72,8.85,7.45
2025-05-04 04:00:00,35.0,51,0.0,31.0,8.42,7.65
2025-05-04 05:00:00,36.9,42,0.0,32.47,7.98,7.56
2025-05-04 06:00:00,38.1,36,0.0,33.86,7.61,7.57
2025-05-04 07:00:00,37.8,39,0.0,34.74,7.48,7.66
2025-05-04 08:00:00,36.2,55,0.4,34.88,7.7,7.67
2025-05-04 09:00:00,34.8,58,0.6,34.56,7.81,7.49
2025-05-04 10:00:00,34.0,60,0.0,34.09,7.94,7.5
2025-05-04 11:00:00,33.5,58,0.0,33.61,8.0,7.57
2025-05-04 12:00:00,32.4,66,0.0,32.95,8.27,7.35
2025-05-04 13:00:00,29.4,71,0.0,31.58,8.63,7.53
2025-05-04 14:00:00,28.9,78,0.0,30.48,8.98,7.26
2025-05-04 15:00:00,29.1,78,0.0,29.77,9.13,6.97
2025-05-04 16:00:00,29.4,78,0.0,29.36,9.22,7.18
2025-05-04 17:00:00,29.1,81,0.0,28.98,9.35,7.12
2025-05-04 18:00:00,29.0,83,0.0,28.69,9.45,7.2
2025-05-04 19:00:00,28.6,85,0.0,28.36,9.55,7.15
2025-05-04 20:00:00,28.2,87,0.0,28.01,9.66,7.11
2025-05-04 21:00:00,28.1,86,0.0,27.74,9.7,7.05
2025-05-04 22:00:00,28.0,86,0.0,27.52,9.75,7.21
2025-05-04 23:00:00,27.9,88,0.0,27.33,9.83,7.22
2025-05-05 00:00:00,27.9,89,0.0,27.2,9.87,7.33
2025-05-05 01:00:00,26.7,78,0.0,26.75,9.77,7.53
2025-05-05 02:00:00,27.8,73,0.0,26.77,9.67,7.71
2025-05-05 03:00:00,29.7,64,0.0,27.35,9.39,7.64
2025-05-05 04:00:00,31.4,57,0.0,28.26,9.07,7.52
2025-05-05 05:00:00,33.2,51,0.0,29.44,8.73,7.7
2025-05-05 06:00:00,34.5,47,0.0,30.66,8.42,7.77
2025-05-05 07:00:00,34.5,52,0.0,31.51,8.33,7.57
2025-05-05 08:00:00,33.8,57,0.0,31.9,8.34,7.59
2025-05-05 09:00:00,33.4,55,0.0,32.05,8.27,7.55
2025-05-05 10:00:00,32.8,58,0.0,31.97,8.34,7.41
2025-05-05 11:00:00,31.8,62,0.0,31.62,8.47,7.49
2025-05-05 12:00:00,31.1,66,0.0,31.17,8.63,7.34
2025-05-05 13:00:00,30.2,74,0.0,30.58,8.89,7.32
2025-05-05 14:00:00,30.0,75,0.0,30.1,9.01,7.12
2025-05-05 15:00:00,29.7,81,0.0,29.68,9.2,7.11
2025-05-05 16:00:00,29.7,79,0.0,29.39,9.23,7.18
2025-05-05 17:00:00,29.5,82,0.0,29.12,9.34,7.04
2025-05-05 18:00:00,29.4,83,0.0,28.9,9.4,7.24
2025-05-05 19:00:00,29.0,86,0.0,28.63,9.51,7.04
2025-05-05 20:00:00,28.5,89,0.0,28.29,9.64,7.14
2025-05-05 21:00:00,28.2,90,0.0,27.97,9.73,7.26
2025-05-05 22:00:00,28.0,91,0.0,27.68,9.81,7.09
2025-05-05 23:00:00,27.6,92,0.0,27.35,9.9,7.13
2025-05-06 00:00:00,27.4,92,0.0,27.07,9.96,7.24
2025-05-06 01:00:00,28.5,84,0.0,27.2,9.78,7.59
2025-05-06 02:00:00,30.1,75,0.0,27.77,9.5,7.48
2025-05-06 03:00:00,32.2,62,0.0,28.8,9.05,7.84
2025-05-06 04:00:00,34.2,53,0.0,30.12,8.63,7.56
2025-05-06 05:00:00,36.2,45,0.0,31.64,8.19,7.65
2025-05-06 06:00:00,37.5,39,0.0,33.1,7.8,7.78
2025-05-06 07:00:00,36.2,51,0.0,33.73,7.87,7.81
2025-05-06 08:00:00,34.7,60,0.0,33.72,8.01,7.79
2025-05-06 09:00:00,33.8,62,0.0,33.44,8.1,7.66
2025-05-06 10:00:00,33.5,62,0.0,33.16,8.16,7.58
2025-05-06 11:00:00,32.9,63,0.0,32.78,8.25,7.47
2025-05-06 12:00:00,31.7,71,0.0,32.16,8.51,7.42
2025-05-06 13:00:00,31.0,74,0.0,31.51,8.7,7.21
2025-05-06 14:00:00,30.5,82,0.0,30.91,8.96,7.12
2025-05-06 15:00:00,30.3,82,0.0,30.43,9.06,7.14
2025-05-06 16:00:00,30.2,83,0.0,30.06,9.16,7.08
2025-05-06 17:00:00,30.0,84,0.0,29.74,9.24,7.03
2025-05-06 18:00:00,29.7,86,0.0,29.43,9.34,7.14
2025-05-06 19:00:00,29.4,87,0.0,29.12,9.43,7.17
2025-05-06 20:00:00,29.0,88,0.0,28.78,9.52,7.12
2025-05-06 21:00:00,28.9,88,0.0,28.52,9.57,7.31
2025-05-06 22:00:00,28.6,88,0.0,28.24,9.63,7.11
2025-05-06 23:00:00,28.5,88,0.0,28.02,9.68,7.28
2025-05-07 00:00:00,28.2,87,0.0,27.77,9.71,7.31
2025-05-07 01:00:00,27.9,78,0.0,27.51,9.61,7.28
2025-05-07 02:00:00,29.9,68,0.0,27.93,9.34,7.52
2025-05-07 03:00:00,32.5,54,0.0,29.0,8.87,7.57
2025-05-07 04:00:00,35.0,42,0.0,30.5,8.36,7.77
2025-05-07 05:00:00,36.2,39,0.0,31.91,8.04,7.69
2025-05-07 06:00:00,36.0,46,0.0,32.84,7.97,7.53
2025-05-07 07:00:00,34.8,50,0.6,33.13,7.97,7.77
2025-05-07 08:00:00,34.2,51,0.0,33.15,7.99,7.71
2025-05-07 09:00:00,34.2,52,0.0,33.16,8.0,7.6
2025-05-07 10:00:00,33.3,55,0.0,32.9,8.1,7.46
2025-05-07 11:00:00,32.5,60,0.0,32.48,8.27,7.32
2025-05-07 12:00:00,31.8,65,0.0,31.98,8.45,7.3
2025-05-07 13:00:00,31.0,68,0.0,31.38,8.62,7.38
2025-05-07 14:00:00,30.7,70,0.0,30.88,8.76,7.39
2025-05-07 15:00:00,30.5,72,0.0,30.47,8.88,7.3
2025-05-07 16:00:00,30.3,73,0.0,30.12,8.97,7.05
2025-05-07 17:00:00,30.0,76,0.0,29.78,9.09,6.96
2025-05-07 18:00:00,29.6,79,0.0,29.43,9.22,7.08
2025-05-07 19:00:00,29.4,81,0.0,29.12,9.32,6.9
2025-05-07 20:00:00,29.0,83,0.0,28.78,9.43,7.14
2025-05-07 21:00:00,28.1,84,0.0,28.28,9.55,7.15
2025-05-07 22:00:00,27.5,84,0.0,27.74,9.67,7.19
2025-05-07 23:00:00,27.2,84,0.0,27.28,9.77,7.15
2025-05-08 00:00:00,27.1,83,0.0,26.93,9.82,7.44
2025-05-08 01:00:00,27.9,81,0.0,26.92,9.79,7.42
2025-05-08 02:00:00,29.5,71,0.0,27.39,9.5,7.42
2025-05-08 03:00:00,31.8,60,0.0,28.42,9.1,7.3
2025-05-08 04:00:00,34.1,51,0.0,29.82,8.65,7.62
2025-05-08 05:00:00,36.1,42,0.0,31.4,8.19,7.81
2025-05-08 06:00:00,36.9,38,0.0,32.75,7.86,7.8
2025-05-08 07:00:00,35.7,47,0.1,33.34,7.88,7.56
2025-05-08 08:00:00,35.0,50,0.0,33.54,7.89,7.52
2025-05-08 09:00:00,34.5,53,0.0,33.53,7.94,7.58
2025-05-08 10:00:00,33.2,59,0.0,33.13,8.12,7.38
2025-05-08 11:00:00,33.2,57,0.0,32.85,8.14,7.44
2025-05-08 12:00:00,32.2,62,0.0,32.35,8.32,7.41
2025-05-08 13:00:00,31.5,65,0.0,31.8,8.49,7.39
2025-05-08 14:00:00,31.1,69,0.0,31.29,8.66,7.19
2025-05-08 15:00:00,30.8,76,0.0,30.84,8.87,7.12
2025-05-08 16:00:00,28.8,81,4.6,29.93,9.15,6.88
2025-05-08 17:00:00,26.5,83,4.4,28.6,9.47,6.87
2025-05-08 18:00:00,26.7,88,0.5,27.73,9.74,7.03
2025-05-08 19:00:00,26.8,90,0.2,27.15,9.9,7.12
2025-05-08 20:00:00,26.7,94,0.0,26.72,10.07,7.22
2025-05-08 21:00:00,26.8,94,0.0,26.44,10.13,7.1
2025-05-08 22:00:00,26.8,93,0.0,26.25,10.15,7.4
2025-05-08 23:00:00,26.5,93,0.0,26.02,10.2,7.3
2025-05-09 00:00:00,26.2,93,0.0,25.78,10.26,7.4
2025-05-09 01:00:00,28.1,70,0.0,26.17,9.74,7.4
2025-05-09 02:00:00,29.5,63,0.0,26.87,9.47,7.3
2025-05-09 03:00:00,31.5,53,0.0,27.96,9.06,7.68
2025-05-09 04:00:00,33.5,47,0.0,29.32,8.68,7.7
2025-05-09 05:00:00,35.5,39,0.0,30.88,8.24,7.61
2025-05-09 06:00:00,36.5,36,0.0,32.26,7.92,7.64
2025-05-09 07:00:00,36.2,42,0.0,33.14,7.84,7.67
2025-05-09 08:00:00,35.1,46,0.0,33.43,7.85,7.43
2025-05-09 09:00:00,34.5,47,0.0,33.45,7.86,7.48
2025-05-09 10:00:00,33.8,53,0.0,33.26,8.0,7.56
2025-05-09 11:00:00,32.8,56,0.0,32.82,8.13,7.28
2025-05-09 12:00:00,32.0,63,0.0,32.27,8.36,7.37
2025-05-09 13:00:00,31.0,67,0.0,31.59,8.56,7.13
2025-05-09 14:00:00,30.9,70,0.0,31.08,8.72,7.25
2025-05-09 15:00:00,30.6,72,0.0,30.64,8.85,7.14
2025-05-09 16:00:00,30.5,74,0.0,30.3,8.95,6.94
2025-05-09 17:00:00,30.3,76,0.0,30.0,9.05,7.19
2025-05-09 18:00:00,30.1,76,0.0,29.73,9.1,6.99
2025-05-09 19:00:00,29.9,77,0.0,29.48,9.17,6.99
2025-05-09 20:00:00,29.4,80,0.0,29.16,9.29,7.13
2025-05-09 21:00:00,28.8,83,0.0,28.75,9.43,7.28
2025-05-09 22:00:00,28.0,84,0.0,28.22,9.56,7.13
2025-05-09 23:00:00,27.4,83,0.0,27.68,9.66,7.31
2025-05-10 00:00:00,27.0,83,0.0,27.17,9.77,7.43
2025-05-10 01:00:00,29.5,80,0.0,27.57,9.63,7.53
2025-05-10 02:00:00,30.0,70,0.0,28.0,9.36,7.55
2025-05-10 03:00:00,31.5,62,0.0,28.75,9.06,7.55
2025-05-10 04:00:00,33.8,50,0.0,29.97,8.61,7.54
2025-05-10 05:00:00,35.5,42,0.0,31.33,8.2,7.65
2025-05-10 06:00:00,36.7,38,0.1,32.64,7.88,7.52
2025-05-10 07:00:00,37.0,38,0.0,33.65,7.68,7.32
2025-05-10 08:00:00,35.8,47,0.4,33.99,7.75,7.6
2025-05-10 09:00:00,34.7,55,0.9,33.9,7.9,7.57
2025-05-10 10:00:00,33.8,54,0.0,33.57,7.95,7.24
2025-05-10 11:00:00,33.6,58,0.0,33.28,8.07,7.3
2025-05-10 12:00:00,32.7,63,0.0,32.81,8.25,7.39
2025-05-10 13:00:00,31.4,68,0.0,32.08,8.48,7.47
2025-05-10 14:00:00,30.9,76,0.0,31.43,8.75,7.2
2025-05-10 15:00:00,30.6,77,0.0,30.88,8.88,7.07
2025-05-10 16:00:00,30.4,81,0.0,30.44,9.04,7.08
2025-05-10 17:00:00,30.2,81,0.0,30.07,9.12,7.21
2025-05-10 18:00:00,29.9,83,0.0,29.72,9.23,7.0
2025-05-10 19:00:00,29.5,86,0.0,29.35,9.36,7.0
2025-05-10 20:00:00,29.2,87,0.0,29.01,9.45,7.06
2025-05-10 21:00:00,29.0,88,0.0,28.7,9.53,7.07
2025-05-10 22:00:00,28.8,89,0.0,28.43,9.61,7.24
2025-05-10 23:00:00,28.6,90,0.0,28.18,9.68,7.46
2025-05-11 00:00:00,28.5,91,0.0,27.98,9.74,7.41
2025-05-11 01:00:00,29.6,84,0.0,28.16,9.58,7.43
2025-05-11 02:00:00,31.2,71,0.0,28.78,9.22,7.49
2025-05-11 03:00:00,33.2,58,0.0,29.8,8.78,7.42
2025-05-11 04:00:00,35.1,48,0.0,31.09,8.35,7.7
2025-05-11 05:00:00,36.5,41,0.0,32.41,7.97,7.62
2025-05-11 06:00:00,36.8,41,0.0,33.43,7.77,7.61
2025-05-11 07:00:00,35.7,53,0.1,33.81,7.88,7.92
2025-05-11 08:00:00,35.9,54,0.0,34.14,7.83,7.61
2025-05-11 09:00:00,35.1,50,0.0,34.13,7.77,7.46
2025-05-11 10:00:00,35.1,51,0.0,34.12,7.79,7.43
2025-05-11 11:00:00,34.2,55,0.0,33.84,7.91,7.51
2025-05-11 12:00:00,33.5,52,0.0,33.44,7.94,7.34
2025-05-11 13:00:00,31.4,68,0.0,32.53,8.39,7.11
2025-05-11 14:00:00,30.8,75,0.0,31.71,8.67,7.28
2025-05-11 15:00:00,30.5,76,0.0,31.05,8.83,7.07
2025-05-11 16:00:00,30.4,77,0.0,30.55,8.95,7.28
2025-05-11 17:00:00,30.0,80,0.0,30.09,9.1,7.18
2025-05-11 18:00:00,29.6,83,0.0,29.64,9.24,7.02
2025-05-11 19:00:00,29.3,85,0.0,29.24,9.36,7.21
2025-05-11 20:00:00,29.0,85,0.0,28.87,9.44,7.12
2025-05-11 21:00:00,28.8,86,0.0,28.55,9.53,7.25
2025-05-11 22:00:00,28.6,84,0.0,28.26,9.56,7.28
2025-05-11 23:00:00,28.4,81,0.0,28.0,9.56,7.22
2025-05-12 00:00:00,28.0,80,0.0,27.7,9.6,7.32
2025-05-12 01:00:00,29.2,77,0.0,27.85,9.52,7.56
2025-05-12 02:00:00,30.6,71,0.0,28.38,9.3,7.49
2025-05-12 03:00:00,32.8,59,0.0,29.4,8.88,7.54
2025-05-12 04:00:00,35.7,45,0.0,30.99,8.32,7.51
2025-05-12 05:00:00,37.9,34,0.0,32.76,7.79,7.66
2025-05-12 06:00:00,39.0,31,0.0,34.34,7.44,7.82
2025-05-12 07:00:00,38.7,34,0.0,35.34,7.29,7.49
2025-05-12 08:00:00,38.0,40,0.1,35.84,7.28,7.56
2025-05-12 09:00:00,36.9,47,0.0,35.86,7.38,7.65
2025-05-12 10:00:00,35.0,52,0.0,35.3,7.57,7.45
2025-05-12 11:00:00,34.7,52,0.0,34.82,7.67,7.43
2025-05-12 12:00:00,33.5,55,0.0,34.12,7.85,7.21
2025-05-12 13:00:00,32.5,60,0.0,33.34,8.09,7.29
2025-05-12 14:00:00,32.2,63,0.0,32.7,8.27,7.16
2025-05-12 15:00:00,32.0,66,0.0,32.19,8.42,7.22
2025-05-12 16:00:00,31.5,71,0.0,31.68,8.61,7.2
2025-05-12 17:00:00,30.7,81,0.0,31.09,8.9,7.32
2025-05-12 18:00:00,30.5,80,0.0,30.61,8.99,7.11
2025-05-12 19:00:00,30.1,82,0.0,30.16,9.12,7.1
2025-05-12 20:00:00,29.8,84,0.0,29.75,9.24,7.12
2025-05-12 21:00:00,29.4,85,0.0,29.35,9.34,7.12
2025-05-12 22:00:00,29.1,84,0.0,28.97,9.4,7.25
2025-05-12 23:00:00,29.0,80,0.0,28.68,9.4,7.27
2025-05-13 00:00:00,28.9,76,0.0,28.45,9.37,7.39
2025-05-13 01:00:00,30.2,64,0.0,28.67,9.11,7.58
2025-05-13 02:00:00,32.1,53,0.0,29.4,8.77,7.42
2025-05-13 03:00:00,34.6,44,0.0,30.66,8.37,7.68
2025-05-13 04:00:00,36.8,38,0.0,32.2,7.96,7.73
2025-05-13 05:00:00,38.2,34,0.0,33.7,7.61,7.6
2025-05-13 06:00:00,38.6,33,0.0,34.87,7.37,7.4
2025-05-13 07:00:00,38.4,36,0.0,35.63,7.26,7.53
2025-05-13 08:00:00,38.2,38,0.0,36.1,7.2,7.69
2025-05-13 09:00:00,37.5,38,0.0,36.22,7.18,7.51
2025-05-13 10:00:00,35.8,49,0.0,35.79,7.43,7.35
2025-05-13 11:00:00,34.3,55,0.0,35.05,7.67,7.34
2025-05-13 12:00:00,33.0,63,0.0,34.13,7.98,7.4
2025-05-13 13:00:00,31.5,69,0.0,33.04,8.3,7.31
2025-05-13 14:00:00,31.2,68,0.0,32.19,8.46,7.16
2025-05-13 15:00:00,31.2,67,0.0,31.59,8.56,7.1
2025-05-13 16:00:00,31.0,68,0.0,31.12,8.68,7.05
2025-05-13 17:00:00,30.8,71,0.0,30.72,8.81,6.97
2025-05-13 18:00:00,30.3,77,0.0,30.29,9.0,7.22
2025-05-13 19:00:00,29.9,81,0.0,29.88,9.16,7.04
2025-05-13 20:00:00,29.5,84,0.0,29.46,9.3,7.23
2025-05-13 21:00:00,29.3,86,0.0,29.11,9.41,7.31
2025-05-13 22:00:00,29.1,87,0.0,28.81,9.49,7.32
2025-05-13 23:00:00,28.9,88,0.0,28.54,9.57,7.25
2025-05-14 00:00:00,28.5,91,0.0,28.23,9.69,7.42
2025-05-14 01:00:00,29.7,87,0.0,28.37,9.59,7.45
2025-05-14 02:00:00,31.0,80,0.0,28.86,9.36,7.43
2025-05-14 03:00:00,33.3,62,0.0,29.89,8.83,7.61
2025-05-14 04:00:00,35.5,47,0.0,31.27,8.3,7.49
2025-05-14 05:00:00,36.7,42,0.0,32.6,7.95,7.74
2025-05-14 06:00:00,36.9,43,0.0,33.59,7.77,7.58
2025-05-14 07:00:00,35.9,52,0.0,33.98,7.83,7.63
2025-05-14 08:00:00,35.6,53,0.0,34.17,7.81,7.61
2025-05-14 09:00:00,35.0,55,0.0,34.12,7.85,7.51
2025-05-14 10:00:00,34.5,56,0.0,33.93,7.91,7.53
2025-05-14 11:00:00,33.6,58,0.0,33.53,8.02,7.35
2025-05-14 12:00:00,32.7,62,0.0,32.98,8.2,7.42
2025-05-14 13:00:00,31.8,68,0.0,32.33,8.43,7.12
2025-05-14 14:00:00,31.3,75,0.0,31.72,8.67,7.21
2025-05-14 15:00:00,31.0,78,0.0,31.2,8.83,7.33
2025-05-14 16:00:00,30.9,77,0.0,30.81,8.89,6.99
2025-05-14 17:00:00,30.8,79,0.0,30.51,8.99,7.0
2025-05-14 18:00:00,30.5,80,0.0,30.21,9.07,7.11
2025-05-14 19:00:00,30.2,82,0.0,29.9,9.17,7.09
2025-05-14 20:00:00,29.9,84,0.0,29.6,9.27,7.14
2025-05-14 21:00:00,29.6,86,0.0,29.3,9.37,7.2
2025-05-14 22:00:00,29.3,87,0.0,29.0,9.45,7.28
2025-05-14 23:00:00,29.0,88,0.0,28.7,9.53,7.41
2025-05-15 00:00:00,28.6,90,0.0,28.37,9.64,7.42
2025-05-15 01:00:00,29.9,73,0.0,28.53,9.3,7.43
2025-05-15 02:00:00,31.5,60,0.0,29.12,8.95,7.59
2025-05-15 03:00:00,33.5,51,0.0,30.13,8.59,7.76
2025-05-15 04:00:00,35.1,46,0.0,31.32,8.27,7.59
2025-05-15 05:00:00,36.2,44,0.0,32.49,8.01,7.53
2025-05-15 06:00:00,36.5,46,0.0,33.39,7.86,7.74
2025-05-15 07:00:00,35.5,52,0.5,33.72,7.89,7.57
2025-05-15 08:00:00,35.0,54,0.0,33.81,7.9,7.36
2025-05-15 09:00:00,34.8,53,0.0,33.8,7.89,7.62
2025-05-15 10:00:00,34.4,53,0.0,33.68,7.91,7.42
2025-05-15 11:00:00,33.3,58,0.0,33.27,8.07,7.4
2025-05-15 12:00:00,32.2,65,0.0,32.65,8.31,7.37
2025-05-15 13:00:00,31.4,70,0.0,31.97,8.53,7.28
2025-05-15 14:00:00,31.1,72,0.0,31.41,8.68,7.27
2025-05-15 15:00:00,31.0,74,0.0,30.99,8.81,7.09
2025-05-15 16:00:00,30.8,75,0.0,30.63,8.9,7.15
2025-05-15 17:00:00,30.5,77,0.0,30.29,9.0,7.04
2025-05-15 18:00:00,30.4,79,0.0,30.02,9.09,7.13
2025-05-15 19:00:00,30.1,81,0.0,29.75,9.19,7.13
2025-05-15 20:00:00,29.9,83,0.0,29.49,9.28,7.01
2025-05-15 21:00:00,29.5,85,0.0,29.2,9.37,7.26
2025-05-15 22:00:00,29.1,86,0.0,28.87,9.46,7.17
2025-05-15 23:00:00,28.8,87,0.0,28.55,9.55,7.38
2025-05-16 00:00:00,28.5,88,0.0,28.23,9.63,7.41
2025-05-16 01:00:00,30.0,80,0.0,28.46,9.44,7.64
2025-05-16 02:00:00,31.1,74,0.0,28.95,9.23,7.5
2025-05-16 03:00:00,33.0,63,0.0,29.87,8.85,7.54
2025-05-16 04:00:00,34.8,53,0.1,31.05,8.44,7.6
2025-05-16 05:00:00,36.2,48,0.0,32.29,8.11,7.6
2025-05-16 06:00:00,35.6,53,0.2,32.99,8.05,7.7
2025-05-16 07:00:00,35.0,59,0.3,33.29,8.09,7.43
2025-05-16 08:00:00,35.5,57,0.0,33.65,7.98,7.48
2025-05-16 09:00:00,35.0,57,0.0,33.76,7.96,7.43
2025-05-16 10:00:00,33.9,60,0.0,33.5,8.06,7.57
2025-05-16 11:00:00,33.1,64,0.0,33.08,8.21,7.58
2025-05-16 12:00:00,32.4,67,0.0,32.58,8.36,7.32
2025-05-16 13:00:00,30.8,74,0.0,31.74,8.65,7.25
2025-05-16 14:00:00,30.6,74,0.0,31.1,8.78,7.21
2025-05-16 15:00:00,30.5,75,0.0,30.62,8.9,7.26
2025-05-16 16:00:00,30.0,76,0.7,30.13,9.02,6.96
2025-05-16 17:00:00,27.2,88,1.5,28.95,9.48,7.03
2025-05-16 18:00:00,27.4,88,0.1,28.19,9.64,7.17
2025-05-16 19:00:00,25.7,90,0.5,27.14,9.91,7.12
2025-05-16 20:00:00,26.1,87,0.1,26.53,9.98,7.15
2025-05-16 21:00:00,26.0,88,0.0,26.07,10.1,7.29
2025-05-16 22:00:00,25.9,90,0.0,25.72,10.21,6.98
2025-05-16 23:00:00,26.0,91,0.0,25.5,10.28,7.4
2025-05-17 00:00:00,26.1,89,0.0,25.38,10.27,7.34
2025-05-17 01:00:00,28.0,75,0.0,25.87,9.9,7.3
2025-05-17 02:00:00,29.0,73,0.0,26.51,9.73,7.6
2025-05-17 03:00:00,30.5,67,0.0,27.41,9.43,7.74
2025-05-17 04:00:00,32.5,59,0.0,28.63,9.03,7.62
2025-05-17 05:00:00,32.5,58,0.0,29.49,8.84,7.75
2025-05-17 06:00:00,33.3,54,0.0,30.34,8.6,7.82
2025-05-17 07:00:00,33.2,56,0.0,30.89,8.52,7.77
2025-05-17 08:00:00,32.6,64,0.0,31.11,8.61,7.77
2025-05-17 09:00:00,33.1,62,1.1,31.4,8.52,7.57
2025-05-17 10:00:00,32.2,68,0.7,31.34,8.63,7.46
2025-05-17 11:00:00,31.5,70,0.0,31.09,8.72,7.27
2025-05-17 12:00:00,30.7,73,0.0,30.67,8.85,7.33
2025-05-17 13:00:00,30.0,75,0.0,30.17,8.99,7.2
2025-05-17 14:00:00,29.6,76,0.0,29.7,9.11,7.43
2025-05-17 15:00:00,29.0,78,0.0,29.19,9.25,7.14
2025-05-17 16:00:00,28.2,77,0.0,28.59,9.36,7.13
2025-05-17 17:00:00,27.8,75,0.0,28.06,9.44,7.14
2025-05-17 18:00:00,27.5,75,0.0,27.59,9.54,7.09
2025-05-17 19:00:00,27.4,76,0.0,27.23,9.63,7.27
2025-05-17 20:00:00,27.2,76,0.0,26.92,9.69,7.07
2025-05-17 21:00:00,27.3,77,0.0,26.74,9.75,7.2
2025-05-17 22:00:00,27.2,79,0.0,26.57,9.82,7.17
2025-05-17 23:00:00,27.2,80,0.0,26.46,9.87,7.19
2025-05-18 00:00:00,27.1,81,0.0,26.35,9.91,7.34
2025-05-18 01:00:00,27.8,81,0.0,26.49,9.88,7.47
2025-05-18 02:00:00,28.7,77,0.0,26.85,9.73,7.5
2025-05-18 03:00:00,30.1,69,0.0,27.53,9.44,7.53
2025-05-18 04:00:00,31.8,59,0.0,28.51,9.06,7.49
2025-05-18 05:00:00,33.0,55,0.0,29.56,8.78,7.65
2025-05-18 06:00:00,33.3,55,0.0,30.38,8.61,7.51
2025-05-18 07:00:00,31.9,64,0.4,30.54,8.73,7.69
2025-05-18 08:00:00,32.0,63,0.0,30.67,8.69,7.62
2025-05-18 09:00:00,32.2,61,0.0,30.83,8.62,7.42
2025-05-18 10:00:00,31.7,64,0.0,30.79,8.68,7.47
2025-05-18 11:00:00,30.9,71,0.0,30.52,8.85,7.36
2025-05-18 12:00:00,30.1,75,0.0,30.1,9.01,7.39
2025-05-18 13:00:00,30.0,83,0.0,29.77,9.22,7.42
2025-05-18 14:00:00,29.4,87,0.0,29.36,9.37,7.03
2025-05-18 15:00:00,28.5,89,0.7,28.8,9.53,7.13
2025-05-18 16:00:00,27.5,94,3.1,28.11,9.77,6.99
2025-05-18 17:00:00,26.4,93,7.9,27.3,9.93,6.99
2025-05-18 18:00:00,25.9,97,0.3,26.58,10.16,7.09
2025-05-18 19:00:00,25.6,97,0.3,25.98,10.29,7.01
2025-05-18 20:00:00,25.5,96,0.3,25.54,10.37,7.09
2025-05-18 21:00:00,25.1,98,0.7,25.11,10.5,7.07
2025-05-18 22:00:00,24.9,98,6.8,24.75,10.58,7.21
2025-05-18 23:00:00,25.1,96,1.9,24.55,10.58,7.25
2025-05-19 00:00:00,25.0,96,0.2,24.39,10.62,7.59
2025-05-19 01:00:00,26.6,94,0.2,24.75,10.5,7.47
2025-05-19 02:00:00,27.0,90,0.4,25.13,10.34,7.46
2025-05-19 03:00:00,26.3,95,1.7,25.18,10.43,7.39
2025-05-19 04:00:00,26.3,96,3.2,25.21,10.44,7.37
2025-05-19 05:00:00,27.0,93,2.4,25.45,10.33,7.44
2025-05-19 06:00:00,28.5,85,0.2,26.07,10.04,7.71
2025-05-19 07:00:00,30.0,75,0.2,26.95,9.67,7.72
2025-05-19 08:00:00,31.1,70,0.4,27.89,9.38,7.46
2025-05-19 09:00:00,31.5,68,0.2,28.67,9.18,7.66
2025-05-19 10:00:00,30.4,74,0.4,28.89,9.25,7.45
2025-05-19 11:00:00,29.8,77,0.3,28.86,9.3,7.44
2025-05-19 12:00:00,29.2,81,0.0,28.67,9.42,7.53
2025-05-19 13:00:00,29.0,86,0.0,28.47,9.55,7.39
2025-05-19 14:00:00,28.8,90,0.0,28.27,9.66,7.2
2025-05-19 15:00:00,28.4,91,0.1,28.01,9.74,7.07
2025-05-19 16:00:00,27.9,92,0.1,27.67,9.83,6.9
2025-05-19 17:00:00,26.8,93,0.8,27.11,9.97,6.98
2025-05-19 18:00:00,26.5,93,0.3,26.63,10.07,7.05
2025-05-19 19:00:00,26.4,91,0.0,26.26,10.11,7.01
2025-05-19 20:00:00,26.4,91,0.0,26.0,10.17,7.13
2025-05-19 21:00:00,26.4,93,0.0,25.82,10.25,7.2
2025-05-19 22:00:00,26.4,93,0.3,25.69,10.27,7.21
2025-05-19 23:00:00,26.3,94,0.2,25.58,10.32,7.25
2025-05-20 00:00:00,26.5,94,0.0,25.55,10.32,7.42
2025-05-20 01:00:00,27.4,89,0.1,25.81,10.17,7.52
2025-05-20 02:00:00,27.5,90,0.0,26.02,10.15,7.44
2025-05-20 03:00:00,28.4,87,0.1,26.43,10.0,7.74
2025-05-20 04:00:00,29.2,82,0.2,26.96,9.8,7.63
2025-05-20 05:00:00,30.0,78,0.4,27.57,9.59,7.65
2025-05-20 06:00:00,30.0,77,0.4,28.0,9.49,7.72
2025-05-20 07:00:00,30.8,73,0.2,28.54,9.3,7.67
2025-05-20 08:00:00,31.5,69,0.0,29.13,9.11,7.72
2025-05-20 09:00:00,31.5,68,0.0,29.54,9.0,7.61
2025-05-20 10:00:00,30.2,76,0.1,29.44,9.17,7.45
2025-05-20 11:00:00,29.5,82,0.0,29.16,9.33,7.48
2025-05-20 12:00:00,28.5,85,0.3,28.66,9.49,7.24
2025-05-20 13:00:00,28.8,84,0.3,28.4,9.53,7.29
2025-05-20 14:00:00,27.2,90,0.1,27.74,9.78,7.22
2025-05-20 15:00:00,26.4,91,0.0,27.04,9.95,7.16
2025-05-20 16:00:00,26.4,91,0.0,26.55,10.05,7.12
2025-05-20 17:00:00,26.5,92,0.0,26.23,10.14,6.92
2025-05-20 18:00:00,26.4,92,0.0,25.98,10.19,7.05
2025-05-20 19:00:00,26.4,92,0.0,25.81,10.23,7.12
2025-05-20 20:00:00,26.4,93,0.0,25.69,10.28,7.16
2025-05-20 21:00:00,26.5,93,0.0,25.63,10.29,7.09
2025-05-20 22:00:00,26.2,93,0.0,25.5,10.32,7.38
2025-05-20 23:00:00,26.3,93,0.0,25.44,10.33,7.24
2025-05-21 00:00:00,26.4,93,0.0,25.43,10.33,7.5
2025-05-21 01:00:00,27.4,89,0.0,25.72,10.19,7.52
2025-05-21 02:00:00,28.1,88,0.0,26.13,10.09,7.48
2025-05-21 03:00:00,29.1,83,0.0,26.72,9.87,7.78
2025-05-21 04:00:00,30.9,73,0.0,27.68,9.48,7.52
2025-05-21 05:00:00,32.2,64,0.0,28.73,9.1,7.75
2025-05-21 06:00:00,33.1,57,0.0,29.74,8.77,7.76
2025-05-21 07:00:00,33.5,55,0.0,30.57,8.57,7.58
2025-05-21 08:00:00,33.9,54,0.0,31.27,8.41,7.75
2025-05-21 09:00:00,33.7,53,0.8,31.7,8.31,7.48
2025-05-21 10:00:00,33.3,56,0.0,31.88,8.32,7.52
2025-05-21 11:00:00,32.8,59,0.0,31.86,8.38,7.45
2025-05-21 12:00:00,31.4,69,0.0,31.42,8.63,7.33
2025-05-21 13:00:00,29.3,85,0.0,30.48,9.1,7.36
2025-05-21 14:00:00,28.9,87,0.0,29.71,9.3,7.29
2025-05-21 15:00:00,28.9,87,0.0,29.17,9.42,6.98
2025-05-21 16:00:00,29.0,87,0.0,28.82,9.49,7.24
2025-05-21 17:00:00,29.0,81,0.0,28.57,9.44,6.92
2025-05-21 18:00:00,29.1,74,0.0,28.43,9.34,7.18
2025-05-21 19:00:00,28.9,67,0.0,28.27,9.25,7.2
2025-05-21 20:00:00,28.4,64,0.0,28.01,9.25,7.01
2025-05-21 21:00:00,27.7,66,0.0,27.62,9.37,7.13
2025-05-21 22:00:00,27.2,67,0.0,27.19,9.47,7.13
2025-05-21 23:00:00,26.9,67,0.0,26.8,9.55,7.29
2025-05-22 00:00:00,26.5,67,0.0,26.41,9.63,7.37
2025-05-22 01:00:00,27.3,69,0.0,26.38,9.68,7.55
2025-05-22 02:00:00,28.0,67,0.0,26.57,9.6,7.68
2025-05-22 03:00:00,29.3,66,0.0,27.09,9.48,7.74
2025-05-22 04:00:00,31.0,58,0.0,27.96,9.15,7.58
2025-05-22 05:00:00,32.1,54,0.0,28.9,8.89,7.64
2025-05-22 06:00:00,32.9,52,0.0,29.8,8.67,7.49
2025-05-22 07:00:00,33.6,51,0.0,30.64,8.49,7.56
2025-05-22 08:00:00,34.0,49,0.0,31.35,8.31,7.7
2025-05-22 09:00:00,33.9,50,0.1,31.81,8.24,7.71
2025-05-22 10:00:00,33.3,52,0.2,31.96,8.24,7.35
2025-05-22 11:00:00,31.9,64,0.0,31.64,8.5,7.36
2025-05-22 12:00:00,30.2,77,0.0,30.91,8.87,7.35
2025-05-22 13:00:00,29.9,78,0.0,30.31,9.02,7.31
2025-05-22 14:00:00,29.4,77,0.0,29.73,9.12,7.13
2025-05-22 15:00:00,29.2,76,0.0,29.27,9.2,7.2
2025-05-22 16:00:00,29.2,77,0.0,28.95,9.29,7.06
2025-05-22 17:00:00,29.2,79,0.0,28.73,9.37,7.08
2025-05-22 18:00:00,28.9,83,0.0,28.48,9.49,7.13
2025-05-22 19:00:00,28.8,83,0.0,28.27,9.54,7.09
2025-05-22 20:00:00,28.5,83,0.0,28.04,9.58,7.08
2025-05-22 21:00:00,28.2,85,0.0,27.79,9.68,7.16
2025-05-22 22:00:00,27.9,84,0.0,27.52,9.71,7.23
2025-05-22 23:00:00,27.4,83,0.0,27.19,9.77,7.27
2025-05-23 00:00:00,26.9,84,0.0,26.8,9.87,7.37
2025-05-23 01:00:00,27.9,83,0.0,26.83,9.84,7.63
2025-05-23 02:00:00,28.9,80,0.0,27.15,9.72,7.59
2025-05-23 03:00:00,30.7,69,0.0,27.92,9.36,7.56
2025-05-23 04:00:00,32.2,59,0.0,28.9,8.98,7.7
2025-05-23 05:00:00,33.7,51,0.0,30.04,8.61,7.62
2025-05-23 06:00:00,34.8,47,0.0,31.17,8.32,7.77
2025-05-23 07:00:00,35.2,46,0.0,32.08,8.12,7.67
2025-05-23 08:00:00,34.5,55,0.0,32.5,8.18,7.58
2025-05-23 09:00:00,33.8,57,0.1,32.59,8.19,7.58
2025-05-23 10:00:00,33.3,55,0.1,32.51,8.18,7.32
2025-05-23 11:00:00,32.1,63,0.1,32.08,8.4,7.3
2025-05-23 12:00:00,31.9,70,0.1,31.73,8.58,7.22
2025-05-23 13:00:00,30.9,75,0.0,31.18,8.78,7.28
2025-05-23 14:00:00,30.5,80,0.1,30.68,8.97,7.37
2025-05-23 15:00:00,27.0,90,5.6,29.27,9.44,7.23
2025-05-23 16:00:00,28.0,88,0.0,28.59,9.56,7.18
2025-05-23 17:00:00,28.8,90,0.0,28.35,9.64,7.14
2025-05-23 18:00:00,29.0,86,0.0,28.25,9.59,6.9
2025-05-23 19:00:00,29.0,89,0.0,28.17,9.66,7.03
2025-05-23 20:00:00,28.6,87,0.0,28.0,9.67,7.04
2025-05-23 21:00:00,28.1,86,0.0,27.73,9.71,7.11
2025-05-23 22:00:00,27.7,85,0.0,27.42,9.75,7.22
2025-05-23 23:00:00,27.5,85,0.0,27.15,9.81,7.26
2025-05-24 00:00:00,27.4,84,0.0,26.92,9.84,7.19
2025-05-24 01:00:00,28.1,78,0.0,26.98,9.72,7.54
2025-05-24 02:00:00,28.9,75,0.0,27.25,9.61,7.43
2025-05-24 03:00:00,29.4,73,0.0,27.6,9.5,7.62
2025-05-24 04:00:00,30.5,69,0.0,28.17,9.31,7.85
2025-05-24 05:00:00,33.2,56,0.0,29.38,8.83,7.56
2025-05-24 06:00:00,34.2,52,0.0,30.52,8.53,7.4
2025-05-24 07:00:00,34.7,46,0.0,31.48,8.24,7.61
2025-05-24 08:00:00,35.9,44,0.0,32.5,8.0,7.7
2025-05-24 09:00:00,35.8,44,0.0,33.19,7.87,7.74
2025-05-24 10:00:00,35.8,43,0.0,33.67,7.75,7.35
2025-05-24 11:00:00,34.4,47,0.0,33.59,7.83,7.45
2025-05-24 12:00:00,33.6,51,0.0,33.29,7.96,7.28
2025-05-24 13:00:00,32.5,59,0.0,32.76,8.19,7.24
2025-05-24 14:00:00,31.8,64,0.0,32.17,8.39,7.45
2025-05-24 15:00:00,30.9,75,0.2,31.49,8.72,6.97
2025-05-24 16:00:00,30.9,71,0.0,31.01,8.75,7.12
2025-05-24 17:00:00,30.9,65,0.0,30.68,8.72,7.11
2025-05-24 18:00:00,30.4,64,0.0,30.29,8.78,7.17
2025-05-24 19:00:00,29.8,65,0.0,29.85,8.89,7.08
2025-05-24 20:00:00,29.2,67,0.0,29.35,9.03,7.14
2025-05-24 21:00:00,28.9,69,0.0,28.92,9.15,7.12
2025-05-24 22:00:00,28.3,72,0.0,28.43,9.31,7.25
2025-05-24 23:00:00,27.9,74,0.0,27.97,9.44,7.27
2025-05-25 00:00:00,27.4,76,0.0,27.5,9.57,7.45
2025-05-25 01:00:00,28.8,70,0.0,27.59,9.45,7.42
2025-05-25 02:00:00,29.2,69,0.0,27.77,9.39,7.57
2025-05-25 03:00:00,30.9,62,0.0,28.41,9.13,7.59
2025-05-25 04:00:00,33.3,52,0.0,29.58,8.72,7.74
2025-05-25 05:00:00,34.2,49,0.0,30.66,8.45,7.64
2025-05-25 06:00:00,34.8,47,0.0,31.61,8.23,7.47
2025-05-25 07:00:00,35.5,46,0.0,32.47,8.04,7.75
2025-05-25 08:00:00,36.2,44,0.0,33.29,7.85,7.5
2025-05-25 09:00:00,36.9,42,0.0,34.07,7.66,7.47
2025-05-25 10:00:00,36.1,44,0.0,34.38,7.63,7.41
2025-05-25 11:00:00,35.2,47,0.0,34.33,7.69,7.53
2025-05-25 12:00:00,34.2,52,0.0,33.99,7.83,7.11
2025-05-25 13:00:00,31.5,65,0.0,32.94,8.25,7.57
2025-05-25 14:00:00,31.1,69,0.0,32.09,8.49,7.29
2025-05-25 15:00:00,31.2,64,0.0,31.52,8.53,7.15
2025-05-25 16:00:00,31.0,64,0.0,31.07,8.62,7.08
2025-05-25 17:00:00,30.5,66,0.0,30.6,8.75,7.09
2025-05-25 18:00:00,29.8,68,0.0,30.06,8.9,7.11
2025-05-25 19:00:00,29.1,71,0.0,29.47,9.07,7.14
2025-05-25 20:00:00,28.8,70,0.0,28.97,9.16,7.17
2025-05-25 21:00:00,28.5,70,0.0,28.53,9.25,7.17
2025-05-25 22:00:00,28.1,73,0.0,28.1,9.39,7.21
2025-05-25 23:00:00,27.9,76,0.0,27.74,9.52,7.29
2025-05-26 00:00:00,27.7,76,0.0,27.43,9.59,7.37
2025-05-26 01:00:00,29.1,65,0.0,27.63,9.35,7.57
2025-05-26 02:00:00,30.0,61,0.0,28.04,9.19,7.59
2025-05-26 03:00:00,30.0,63,0.0,28.33,9.17,7.29
2025-05-26 04:00:00,29.8,67,0.0,28.47,9.21,7.7
2025-05-26 05:00:00,30.6,65,0.0,28.81,9.1,7.68
2025-05-26 06:00:00,32.1,58,0.0,29.5,8.84,7.66
2025-05-26 07:00:00,34.0,50,0.0,30.55,8.49,7.61
2025-05-26 08:00:00,33.5,51,0.2,31.13,8.39,7.71
2025-05-26 09:00:00,31.3,61,0.0,30.88,8.61,7.66
2025-05-26 10:00:00,32.5,57,0.0,31.07,8.5,7.42
2025-05-26 11:00:00,32.8,56,0.0,31.29,8.44,7.47
2025-05-26 12:00:00,32.1,59,0.1,31.23,8.5,7.24
2025-05-26 13:00:00,31.1,64,0.2,30.89,8.66,7.12
2025-05-26 14:00:00,31.3,59,0.0,30.71,8.61,7.14
2025-05-26 15:00:00,30.9,60,0.0,30.47,8.68,7.23
2025-05-26 16:00:00,30.2,63,0.0,30.09,8.81,7.19
2025-05-26 17:00:00,30.2,63,0.0,29.82,8.86,7.12
2025-05-26 18:00:00,29.9,62,0.0,29.55,8.9,7.14
2025-05-26 19:00:00,29.6,63,0.0,29.26,8.98,7.13
2025-05-26 20:00:00,29.4,63,0.0,29.0,9.03,7.05
2025-05-26 21:00:00,29.0,65,0.0,28.7,9.13,7.2
2025-05-26 22:00:00,28.2,69,0.0,28.25,9.29,7.31
2025-05-26 23:00:00,28.1,68,0.0,27.91,9.34,7.38
2025-05-27 00:00:00,28.2,67,0.0,27.69,9.37,7.5
2025-05-27 01:00:00,29.2,63,0.0,27.85,9.27,7.53
2025-05-27 02:00:00,30.7,56,0.0,28.4,9.03,7.56
2025-05-27 03:00:00,31.9,51,0.0,29.15,8.79,7.69
2025-05-27 04:00:00,31.5,53,0.0,29.56,8.74,7.62
2025-05-27 05:00:00,31.9,54,0.0,29.96,8.68,7.56
2025-05-27 06:00:00,33.2,51,0.0,30.63,8.49,7.64
2025-05-27 07:00:00,35.0,46,0.0,31.64,8.21,7.56
2025-05-27 08:00:00,36.2,41,0.0,32.71,7.91,7.53
2025-05-27 09:00:00,36.3,41,0.0,33.49,7.76,7.52
2025-05-27 10:00:00,36.2,39,0.0,34.0,7.63,7.39
2025-05-27 11:00:00,35.3,43,0.0,34.09,7.67,7.37
2025-05-27 12:00:00,34.9,44,0.0,34.03,7.7,7.13
2025-05-27 13:00:00,32.1,55,0.0,33.15,8.05,7.27
2025-05-27 14:00:00,31.4,60,0.0,32.33,8.3,7.19
2025-05-27 15:00:00,30.8,63,0.0,31.57,8.5,7.05
2025-05-27 16:00:00,30.3,65,0.0,30.89,8.67,7.16
2025-05-27 17:00:00,30.2,65,0.0,30.38,8.78,7.16
2025-05-27 18:00:00,30.0,65,0.0,29.97,8.86,6.9
2025-05-27 19:00:00,29.3,69,0.0,29.47,9.04,7.0
2025-05-27 20:00:00,29.5,65,0.0,29.18,9.03,7.03
2025-05-27 21:00:00,30.0,58,0.0,29.12,8.92,7.06
2025-05-27 22:00:00,29.5,59,0.0,28.94,8.97,7.3
2025-05-27 23:00:00,29.3,61,0.0,28.75,9.05,7.28
2025-05-28 00:00:00,29.2,61,0.0,28.58,9.08,7.35
2025-05-28 01:00:00,29.8,57,0.0,28.65,8.99,7.25
2025-05-28 02:00:00,30.8,54,0.0,28.99,8.87,7.58
2025-05-28 03:00:00,32.3,50,0.0,29.69,8.66,7.45
2025-05-28 04:00:00,33.6,47,0.0,30.56,8.44,7.62
2025-05-28 05:00:00,34.9,43,0.0,31.56,8.17,7.66
2025-05-28 06:00:00,35.2,41,0.2,32.35,7.98,7.76
2025-05-28 07:00:00,36.2,39,0.3,33.21,7.78,7.47
2025-05-28 08:00:00,37.4,36,0.0,34.17,7.55,7.28
2025-05-28 09:00:00,35.2,42,0.7,34.18,7.64,7.51
2025-05-28 10:00:00,30.2,65,1.6,32.68,8.31,7.59
2025-05-28 11:00:00,30.8,65,0.3,31.82,8.48,7.52
2025-05-28 12:00:00,30.2,69,0.5,31.03,8.71,7.34
2025-05-28 13:00:00,30.2,70,0.0,30.48,8.84,7.23
2025-05-28 14:00:00,29.8,71,0.0,29.98,8.97,7.29
2025-05-28 15:00:00,30.4,69,0.0,29.8,8.97,7.05
2025-05-28 16:00:00,31.2,60,0.0,29.92,8.79,7.15
2025-05-28 17:00:00,31.5,55,0.0,30.1,8.67,7.12
2025-05-28 18:00:00,30.6,58,0.0,29.95,8.75,7.17
2025-05-28 19:00:00,30.5,58,0.0,29.81,8.78,7.35
2025-05-28 20:00:00,30.3,56,0.0,29.66,8.77,7.14
2025-05-28 21:00:00,30.0,56,0.0,29.46,8.81,7.1
2025-05-28 22:00:00,29.9,57,0.0,29.29,8.86,7.21
2025-05-28 23:00:00,29.7,58,0.0,29.12,8.92,7.11
2025-05-29 00:00:00,29.5,59,0.0,28.93,8.97,7.3
2025-05-29 01:00:00,30.1,58,0.0,28.98,8.94,7.41
2025-05-29 02:00:00,28.9,66,0.3,28.66,9.15,7.45
2025-05-29 03:00:00,31.1,57,0.0,29.09,8.9,7.6
2025-05-29 04:00:00,32.5,51,0.0,29.81,8.65,7.54
2025-05-29 05:00:00,34.6,45,0.0,30.95,8.33,7.75
2025-05-29 06:00:00,36.2,40,0.0,32.22,7.99,7.64
2025-05-29 07:00:00,36.7,39,0.0,33.27,7.77,7.62
2025-05-29 08:00:00,37.8,36,0.0,34.33,7.52,7.54
2025-05-29 09:00:00,36.2,40,0.2,34.59,7.53,7.53
2025-05-29 10:00:00,34.6,45,0.6,34.29,7.66,7.51
2025-05-29 11:00:00,31.3,65,1.0,33.09,8.22,7.26
2025-05-29 12:00:00,31.9,61,0.0,32.44,8.29,7.27
2025-05-29 13:00:00,33.0,51,0.0,32.31,8.16,7.23
2025-05-29 14:00:00,32.7,52,0.0,32.12,8.21,7.05
2025-05-29 15:00:00,32.2,55,0.0,31.85,8.31,7.05
2025-05-29 16:00:00,31.7,57,0.0,31.5,8.42,7.04
2025-05-29 17:00:00,31.2,59,0.0,31.11,8.53,7.15
2025-05-29 18:00:00,30.8,61,0.0,30.72,8.64,7.08
2025-05-29 19:00:00,30.4,62,0.0,30.32,8.74,7.09
2025-05-29 20:00:00,30.0,63,0.0,29.93,8.84,7.19
2025-05-29 21:00:00,29.7,61,0.0,29.56,8.88,7.14
2025-05-29 22:00:00,29.4,62,0.0,29.21,8.97,7.26
2025-05-29 23:00:00,29.2,62,0.0,28.91,9.03,7.28
2025-05-30 00:00:00,29.0,62,0.0,28.64,9.09,7.4
2025-05-30 01:00:00,29.7,61,0.0,28.65,9.06,7.39
2025-05-30 02:00:00,30.5,58,0.0,28.91,8.96,7.28
2025-05-30 03:00:00,31.5,56,0.0,29.39,8.83,7.56
2025-05-30 04:00:00,32.3,54,0.0,29.96,8.68,7.76
2025-05-30 05:00:00,34.5,48,0.0,31.02,8.36,7.73
2025-05-30 06:00:00,35.8,45,0.0,32.16,8.09,7.73
2025-05-30 07:00:00,36.0,44,0.0,33.01,7.9,7.74
2025-05-30 08:00:00,30.8,66,0.5,32.05,8.45,7.58
2025-05-30 09:00:00,28.4,75,0.7,30.65,8.89,7.54
2025-05-30 10:00:00,28.0,84,5.4,29.56,9.28,7.3
2025-05-30 11:00:00,28.2,87,2.7,28.85,9.48,7.31
2025-05-30 12:00:00,28.5,84,0.1,28.44,9.52,7.43
2025-05-30 13:00:00,28.7,85,0.0,28.22,9.58,7.42
2025-05-30 14:00:00,29.0,85,0.0,28.15,9.6,7.21
2025-05-30 15:00:00,29.0,81,0.0,28.11,9.53,7.12
2025-05-30 16:00:00,28.2,78,0.2,27.84,9.54,7.11
2025-05-30 17:00:00,27.8,79,0.0,27.53,9.62,7.16
2025-05-30 18:00:00,27.8,78,0.0,27.31,9.65,6.94
2025-05-30 19:00:00,27.9,77,0.0,27.19,9.66,6.87
2025-05-30 20:00:00,27.7,78,0.0,27.04,9.71,7.07
2025-05-30 21:00:00,27.8,77,0.0,26.97,9.7,7.06
2025-05-30 22:00:00,27.9,75,0.0,26.95,9.67,7.19
2025-05-30 23:00:00,28.0,72,0.0,26.96,9.61,7.3
2025-05-31 00:00:00,28.0,71,0.0,26.97,9.59,7.34
2025-05-31 01:00:00,28.2,71,0.0,27.04,9.58,7.61
2025-05-31 02:00:00,28.9,70,0.0,27.3,9.51,7.57
2025-05-31 03:00:00,30.2,67,0.0,27.87,9.33,7.62
2025-05-31 04:00:00,32.0,60,0.0,28.81,9.02,7.69
2025-05-31 05:00:00,33.0,57,0.0,29.77,8.77,7.54
2025-05-31 06:00:00,33.8,56,0.0,30.68,8.57,7.76
2025-05-31 07:00:00,35.0,52,0.0,31.67,8.3,7.63
2025-05-31 08:00:00,35.7,49,0.0,32.58,8.07,7.66
2025-05-31 09:00:00,36.2,42,0.0,33.37,7.8,7.43
2025-05-31 10:00:00,34.2,60,0.0,33.32,8.1,7.32
2025-05-31 11:00:00,31.8,84,0.0,32.56,8.64,7.49
2025-05-31 12:00:00,30.5,88,0.0,31.64,8.9,7.38
2025-05-31 13:00:00,29.4,91,0.0,30.67,9.16,7.19
2025-05-31 14:00:00,29.2,89,0.0,29.93,9.29,7.12
2025-05-31 15:00:00,29.2,88,0.0,29.41,9.38,7.27
2025-05-31 16:00:00,29.2,84,0.0,29.05,9.39,6.99
2025-05-31 17:00:00,28.9,84,0.0,28.7,9.46,7.25
2025-05-31 18:00:00,28.5,84,0.0,28.34,9.54,6.99
2025-05-31 19:00:00,28.1,85,0.0,27.97,9.64,7.15
2025-05-31 20:00:00,27.8,80,0.0,27.62,9.62,7.09
2025-05-31 21:00:00,27.4,74,0.0,27.25,9.59,7.24
2025-05-31 22:00:00,27.4,69,0.0,27.0,9.55,7.19
2025-05-31 23:00:00,27.4,70,0.0,26.82,9.61,7.3
2025-06-01 00:00:00,27.0,73,0.0,26.57,9.71,7.4
2025-06-01 01:00:00,28.5,71,0.0,26.85,9.62,7.37
2025-06-01 02:00:00,29.6,67,0.0,27.38,9.44,7.61
2025-06-01 03:00:00,30.9,63,0.0,28.13,9.21,7.54
2025-06-01 04:00:00,32.2,58,0.0,29.05,8.93,7.61
2025-06-01 05:00:00,33.7,52,0.0,30.15,8.6,7.55
2025-06-01 06:00:00,35.2,46,0.0,31.36,8.26,7.39
2025-06-01 07:00:00,36.4,42,0.0,32.57,7.96,7.6
2025-06-01 08:00:00,37.3,38,0.0,33.69,7.67,7.82
2025-06-01 09:00:00,37.2,36,0.0,34.44,7.5,7.61
2025-06-01 10:00:00,34.1,68,0.0,34.04,8.07,7.47
2025-06-01 11:00:00,32.0,77,0.0,33.13,8.4,7.38
2025-06-01 12:00:00,30.8,79,0.0,32.13,8.65,7.34
2025-06-01 13:00:00,30.0,81,0.0,31.19,8.88,7.33
2025-06-01 14:00:00,30.0,80,0.0,30.53,9.0,7.09
2025-06-01 15:00:00,29.8,84,0.0,30.01,9.18,7.26
2025-06-01 16:00:00,29.6,83,0.0,29.59,9.26,7.18
2025-06-01 17:00:00,29.5,84,0.0,29.26,9.34,7.15
2025-06-01 18:00:00,29.2,84,0.0,28.94,9.41,7.11
2025-06-01 19:00:00,28.9,83,0.0,28.63,9.46,7.09
2025-06-01 20:00:00,28.6,80,0.0,28.32,9.47,7.18
2025-06-01 21:00:00,28.4,77,0.0,28.05,9.48,7.23
2025-06-01 22:00:00,28.2,71,0.0,27.79,9.42,7.2
2025-06-01 23:00:00,28.0,65,0.0,27.55,9.36,7.25
2025-06-02 00:00:00,27.6,64,0.0,27.27,9.4,7.4
2025-06-02 01:00:00,28.8,65,0.0,27.43,9.39,7.62
2025-06-02 02:00:00,29.8,63,0.0,27.84,9.27,7.41
2025-06-02 03:00:00,31.2,58,0.0,28.55,9.03,7.44
2025-06-02 04:00:00,32.5,53,0.0,29.43,8.77,7.64
2025-06-02 05:00:00,33.9,49,0.0,30.47,8.49,7.65
2025-06-02 06:00:00,35.1,45,0.0,31.56,8.2,7.66
2025-06-02 07:00:00,36.2,41,0.0,32.65,7.92,7.65
2025-06-02 08:00:00,35.5,44,0.0,33.21,7.86,7.57
2025-06-02 09:00:00,34.3,58,0.1,33.23,8.08,7.68
2025-06-02 10:00:00,33.5,59,0.1,33.01,8.14,7.31
2025-06-02 11:00:00,32.5,66,0.1,32.56,8.35,7.32
2025-06-02 12:00:00,31.5,67,0.0,31.94,8.49,7.33
2025-06-02 13:00:00,31.4,63,0.0,31.48,8.52,7.1
2025-06-02 14:00:00,30.9,68,0.0,31.01,8.7,7.18
2025-06-02 15:00:00,30.5,72,0.0,30.55,8.86,7.31
2025-06-02 16:00:00,30.0,74,0.0,30.09,8.99,7.1
2025-06-02 17:00:00,29.8,75,0.0,29.7,9.09,7.1
2025-06-02 18:00:00,29.5,78,0.0,29.34,9.22,6.94
2025-06-02 19:00:00,29.4,79,0.0,29.06,9.3,7.02
2025-06-02 20:00:00,29.2,76,0.0,28.8,9.3,7.07
2025-06-02 21:00:00,29.0,72,0.0,28.56,9.28,7.13
2025-06-02 22:00:00,28.5,72,0.0,28.24,9.35,7.36
2025-06-02 23:00:00,28.2,73,0.0,27.93,9.43,7.36
2025-06-03 00:00:00,28.1,72,0.0,27.68,9.46,7.27
2025-06-03 01:00:00,29.2,58,0.0,27.84,9.18,7.48
2025-06-03 02:00:00,30.4,56,0.0,28.31,9.05,7.58
2025-06-03 03:00:00,32.0,51,0.0,29.11,8.79,7.7
2025-06-03 04:00:00,33.8,46,0.0,30.22,8.49,7.78
2025-06-03 05:00:00,35.2,42,0.0,31.41,8.18,7.53
2025-06-03 06:00:00,36.8,37,0.0,32.73,7.84,7.55
2025-06-03 07:00:00,38.2,33,0.0,34.07,7.52,7.48
2025-06-03 08:00:00,37.2,34,0.4,34.71,7.41,7.52
2025-06-03 09:00:00,37.7,34,0.0,35.31,7.3,7.57
2025-06-03 10:00:00,36.1,40,0.3,35.24,7.4,7.54
2025-06-03 11:00:00,30.7,65,0.6,33.58,8.12,7.36
2025-06-03 12:00:00,30.4,68,0.1,32.33,8.43,7.3
2025-06-03 13:00:00,32.8,54,0.0,32.17,8.23,7.28
2025-06-03 14:00:00,32.4,58,0.0,31.94,8.34,7.11
2025-06-03 15:00:00,32.7,54,0.0,31.87,8.29,7.34
2025-06-03 16:00:00,31.7,61,0.0,31.52,8.48,6.92
2025-06-03 17:00:00,30.6,72,0.0,30.94,8.78,7.08
2025-06-03 18:00:00,30.3,76,0.0,30.45,8.95,7.26
2025-06-03 19:00:00,30.0,77,0.0,30.01,9.06,7.07
2025-06-03 20:00:00,29.9,74,0.0,29.68,9.08,7.08
2025-06-03 21:00:00,29.8,68,0.0,29.42,9.03,7.12
2025-06-03 22:00:00,29.4,65,0.0,29.11,9.04,7.2
2025-06-03 23:00:00,28.9,66,0.0,28.75,9.13,7.43
2025-06-04 00:00:00,28.6,67,0.0,28.4,9.22,7.15
2025-06-04 01:00:00,29.4,69,0.0,28.4,9.26,7.61
2025-06-04 02:00:00,31.0,60,0.0,28.88,9.0,7.38
2025-06-04 03:00:00,32.8,52,0.0,29.76,8.68,7.55
2025-06-04 04:00:00,34.2,46,0.0,30.79,8.37,7.57
2025-06-04 05:00:00,35.7,41,0.0,31.96,8.06,7.69
2025-06-04 06:00:00,37.0,37,0.0,33.17,7.76,7.47
2025-06-04 07:00:00,37.8,36,0.0,34.26,7.53,7.65
2025-06-04 08:00:00,37.5,36,0.0,34.93,7.4,7.77
2025-06-04 09:00:00,34.2,49,1.4,34.41,7.7,7.32
2025-06-04 10:00:00,32.5,56,0.7,33.54,7.99,7.45
2025-06-04 11:00:00,31.9,63,0.1,32.75,8.26,7.34
2025-06-04 12:00:00,31.0,70,0.1,31.92,8.54,7.38
2025-06-04 13:00:00,31.2,68,0.0,31.41,8.62,7.27
2025-06-04 14:00:00,30.5,76,0.0,30.83,8.87,7.14
2025-06-04 15:00:00,30.5,78,0.0,30.43,8.99,7.19
2025-06-04 16:00:00,30.4,78,0.0,30.12,9.06,7.28
2025-06-04 17:00:00,30.4,76,0.0,29.91,9.07,7.05
2025-06-04 18:00:00,30.0,80,0.0,29.63,9.19,7.14
2025-06-04 19:00:00,29.6,83,0.0,29.32,9.31,6.95
2025-06-04 20:00:00,29.4,84,0.0,29.05,9.39,7.01
2025-06-04 21:00:00,29.0,86,0.0,28.73,9.49,7.21
2025-06-04 22:00:00,28.7,87,0.0,28.42,9.58,7.37
2025-06-04 23:00:00,28.4,88,0.0,28.12,9.66,7.34
2025-06-05 00:00:00,28.0,88,0.0,27.78,9.73,7.35
2025-06-05 01:00:00,29.4,80,0.0,27.97,9.55,7.46
2025-06-05 02:00:00,30.9,69,0.0,28.55,9.23,7.4
2025-06-05 03:00:00,33.0,46,0.0,29.58,8.61,7.64
2025-06-05 04:00:00,33.8,45,0.0,30.55,8.41,7.7
2025-06-05 05:00:00,35.0,43,0.0,31.58,8.17,7.59
2025-06-05 06:00:00,36.2,38,0.0,32.67,7.87,7.59
2025-06-05 07:00:00,37.0,35,0.0,33.67,7.63,7.64
2025-06-05 08:00:00,37.3,35,0.0,34.46,7.48,7.53
2025-06-05 09:00:00,36.8,36,0.0,34.86,7.41,7.52
2025-06-05 10:00:00,35.4,43,0.2,34.72,7.55,7.66
2025-06-05 11:00:00,33.6,50,0.1,34.09,7.78,7.36
2025-06-05 12:00:00,32.9,52,0.0,33.43,7.95,7.29
2025-06-05 13:00:00,31.6,62,0.0,32.58,8.28,7.19
2025-06-05 14:00:00,31.0,70,0.0,31.81,8.57,7.27
2025-06-05 15:00:00,30.6,75,0.0,31.14,8.79,7.12
2025-06-05 16:00:00,30.4,77,0.0,30.62,8.93,7.03
2025-06-05 17:00:00,30.1,79,0.0,30.16,9.06,7.2
2025-06-05 18:00:00,29.9,81,0.0,29.79,9.18,7.2
2025-06-05 19:00:00,29.6,83,0.0,29.43,9.29,7.02
2025-06-05 20:00:00,29.3,84,0.0,29.09,9.38,6.92
2025-06-05 21:00:00,28.9,86,0.0,28.73,9.49,7.26
2025-06-05 22:00:00,28.5,88,0.0,28.36,9.61,7.16
2025-06-05 23:00:00,28.4,88,0.0,28.07,9.67,7.38
2025-06-06 00:00:00,28.4,84,0.0,27.87,9.64,7.18
2025-06-06 01:00:00,29.8,71,0.0,28.15,9.35,7.55
2025-06-06 02:00:00,31.0,64,0.0,28.71,9.11,7.4
2025-06-06 03:00:00,32.7,54,0.0,29.6,8.75,7.65
2025-06-06 04:00:00,34.5,46,0.0,30.77,8.38,7.61
2025-06-06 05:00:00,36.2,39,0.0,32.1,8.0,7.53
2025-06-06 06:00:00,37.3,34,0.2,33.36,7.67,7.57
2025-06-06 07:00:00,37.8,33,0.1,34.39,7.46,7.67
2025-06-06 08:00:00,37.7,35,0.3,35.08,7.36,7.56
2025-06-06 09:00:00,36.1,46,0.7,35.09,7.52,7.54
2025-06-06 10:00:00,34.8,53,0.2,34.7,7.71,7.65
2025-06-06 11:00:00,34.5,50,0.1,34.34,7.73,7.23
2025-06-06 12:00:00,33.0,61,0.0,33.64,8.05,7.49
2025-06-06 13:00:00,31.5,76,0.0,32.7,8.48,7.27
2025-06-06 14:00:00,30.8,77,0.0,31.83,8.68,7.1
2025-06-06 15:00:00,30.5,80,0.0,31.13,8.88,7.0
2025-06-06 16:00:00,30.1,84,0.0,30.52,9.07,7.08
2025-06-06 17:00:00,30.1,82,0.0,30.09,9.13,7.16
2025-06-06 18:00:00,29.9,80,0.0,29.74,9.17,7.05
2025-06-06 19:00:00,29.7,79,0.0,29.43,9.22,7.23
2025-06-06 20:00:00,29.5,79,0.0,29.15,9.28,6.96
2025-06-06 21:00:00,29.2,80,0.0,28.86,9.36,7.16
2025-06-06 22:00:00,29.0,77,0.0,28.6,9.36,7.1
2025-06-06 23:00:00,28.9,72,0.0,28.39,9.31,7.33
2025-06-07 00:00:00,28.6,70,0.0,28.16,9.33,7.47
2025-06-07 01:00:00,29.0,70,0.0,28.11,9.34,7.41
2025-06-07 02:00:00,29.7,66,0.0,28.29,9.23,7.27
2025-06-07 03:00:00,31.8,60,0.0,29.04,8.97,7.6
2025-06-07 04:00:00,33.3,51,0.0,30.02,8.61,7.66
2025-06-07 05:00:00,35.2,44,0.0,31.27,8.25,7.68
2025-06-07 06:00:00,36.5,40,0.0,32.54,7.93,7.76
2025-06-07 07:00:00,37.7,37,0.0,33.79,7.64,7.5
2025-06-07 08:00:00,38.0,36,0.0,34.75,7.44,7.64
2025-06-07 09:00:00,37.8,37,0.0,35.37,7.33,7.64
2025-06-07 10:00:00,37.8,37,0.0,35.8,7.25,7.27
2025-06-07 11:00:00,35.3,51,1.0,35.35,7.55,7.36
2025-06-07 12:00:00,34.5,55,0.0,34.79,7.72,7.26
2025-06-07 13:00:00,34.9,54,0.0,34.53,7.76,7.23
2025-06-07 14:00:00,33.8,59,0.0,34.01,7.94,7.2
2025-06-07 15:00:00,32.8,56,0.0,33.35,8.03,7.07
2025-06-07 16:00:00,31.8,65,0.0,32.58,8.33,7.01
2025-06-07 17:00:00,31.0,69,0.0,31.81,8.55,7.06
2025-06-07 18:00:00,30.4,73,0.0,31.09,8.77,6.94
2025-06-07 19:00:00,30.0,75,0.0,30.46,8.93,6.96
2025-06-07 20:00:00,29.8,74,0.0,29.96,9.02,7.17
2025-06-07 21:00:00,29.6,67,0.0,29.55,8.98,7.04
2025-06-07 22:00:00,29.4,60,0.0,29.21,8.93,7.28
2025-06-07 23:00:00,29.0,60,0.0,28.85,9.01,7.34
2025-06-08 00:00:00,28.8,61,0.0,28.53,9.09,7.2
2025-06-08 01:00:00,29.6,66,0.0,28.55,9.17,7.38
2025-06-08 02:00:00,31.0,60,0.0,28.99,8.98,7.64
2025-06-08 03:00:00,32.8,53,0.0,29.83,8.69,7.48
2025-06-08 04:00:00,34.5,48,0.0,30.93,8.38,7.56
2025-06-08 05:00:00,35.5,44,0.0,32.0,8.1,7.68
2025-06-08 06:00:00,36.7,41,0.0,33.11,7.83,7.71
2025-06-08 07:00:00,37.8,39,0.0,34.22,7.59,7.58
2025-06-08 08:00:00,38.0,38,0.0,35.05,7.41,7.51
2025-06-08 09:00:00,36.4,43,0.0,35.16,7.46,7.66
2025-06-08 10:00:00,33.5,59,0.9,34.36,7.87,7.59
2025-06-08 11:00:00,33.8,55,0.0,33.89,7.9,7.5
2025-06-08 12:00:00,32.0,62,1.4,33.02,8.19,7.27
2025-06-08 13:00:00,31.8,69,0.0,32.36,8.44,7.18
2025-06-08 14:00:00,31.0,76,0.0,31.65,8.7,7.11
2025-06-08 15:00:00,30.9,74,0.0,31.12,8.78,7.19
2025-06-08 16:00:00,30.6,71,0.0,30.67,8.82,7.14
2025-06-08 17:00:00,30.1,74,0.0,30.2,8.97,7.21
2025-06-08 18:00:00,29.8,75,0.0,29.78,9.08,7.13
2025-06-08 19:00:00,29.3,72,0.0,29.33,9.12,6.93
2025-06-08 20:00:00,28.9,66,0.0,28.9,9.1,7.22
2025-06-08 21:00:00,28.7,65,0.0,28.54,9.16,7.06
2025-06-08 22:00:00,28.6,65,0.0,28.26,9.22,7.19
2025-06-08 23:00:00,28.5,63,0.0,28.03,9.23,7.33
2025-06-09 00:00:00,28.2,64,0.0,27.78,9.3,7.58
2025-06-09 01:00:00,27.9,72,0.0,27.52,9.5,7.77
2025-06-09 02:00:00,29.0,70,0.0,27.66,9.43,7.59
2025-06-09 03:00:00,30.2,66,0.0,28.12,9.26,7.57
2025-06-09 04:00:00,31.8,60,0.0,28.93,8.99,7.68
2025-06-09 05:00:00,33.0,57,0.0,29.85,8.75,7.74
2025-06-09 06:00:00,35.3,48,0.0,31.18,8.33,7.62
2025-06-09 07:00:00,37.2,41,0.0,32.69,7.92,7.8
2025-06-09 08:00:00,37.0,42,0.0,33.68,7.74,7.61
2025-06-09 09:00:00,34.8,51,1.4,33.72,7.87,7.51
2025-06-09 10:00:00,29.9,72,4.7,32.27,8.5,7.41
2025-06-09 11:00:00,31.9,65,0.1,31.86,8.47,7.45
2025-06-09 12:00:00,32.3,66,0.0,31.69,8.53,7.43
2025-06-09 13:00:00,30.5,79,0.0,31.03,8.88,7.21
2025-06-09 14:00:00,30.1,78,0.0,30.45,8.99,7.15
2025-06-09 15:00:00,29.9,72,0.0,29.99,8.98,7.04
2025-06-09 16:00:00,29.4,71,0.0,29.51,9.06,7.15
2025-06-09 17:00:00,29.0,72,0.0,29.06,9.18,7.16
2025-06-09 18:00:00,28.6,73,0.0,28.62,9.28,7.12
2025-06-09 19:00:00,28.2,73,0.0,28.19,9.37,7.26
2025-06-09 20:00:00,28.0,74,0.0,27.84,9.47,7.12
2025-06-09 21:00:00,28.0,74,0.0,27.59,9.52,7.24
2025-06-09 22:00:00,27.8,75,0.0,27.35,9.59,7.13
2025-06-09 23:00:00,27.5,76,0.0,27.09,9.66,7.27
2025-06-10 00:00:00,27.4,75,0.0,26.89,9.68,7.46
2025-06-10 01:00:00,28.2,74,0.0,26.98,9.65,7.55
2025-06-10 02:00:00,29.4,70,0.0,27.41,9.48,7.51
2025-06-10 03:00:00,31.0,63,0.0,28.18,9.2,7.58
2025-06-10 04:00:00,32.8,57,0.0,29.27,8.87,7.48
2025-06-10 05:00:00,34.4,52,0.0,30.51,8.53,7.61
2025-06-10 06:00:00,35.8,47,0.0,31.8,8.19,7.73
2025-06-10 07:00:00,37.0,44,0.0,33.06,7.89,7.68
2025-06-10 08:00:00,36.8,45,0.0,33.88,7.75,7.63
2025-06-10 09:00:00,34.3,58,0.2,33.71,7.98,7.53
2025-06-10 10:00:00,33.7,60,0.0,33.4,8.08,7.48
2025-06-10 11:00:00,32.9,63,0.0,32.95,8.22,7.34
2025-06-10 12:00:00,30.8,69,0.0,32.01,8.51,7.41
2025-06-10 13:00:00,29.6,73,0.1,30.98,8.79,7.31
2025-06-10 14:00:00,28.8,76,0.0,30.03,9.04,7.26
2025-06-10 15:00:00,28.8,75,0.0,29.36,9.16,7.1
2025-06-10 16:00:00,28.6,76,0.0,28.83,9.29,6.9
2025-06-10 17:00:00,28.2,77,0.0,28.34,9.41,7.2
2025-06-10 18:00:00,28.1,75,0.0,27.97,9.46,7.03
2025-06-10 19:00:00,28.0,74,0.0,27.68,9.5,7.01
2025-06-10 20:00:00,28.0,72,0.0,27.48,9.51,7.19
2025-06-10 21:00:00,27.7,71,0.0,27.24,9.54,7.14
2025-06-10 22:00:00,27.5,71,0.0,27.02,9.58,7.35
2025-06-10 23:00:00,27.4,72,0.0,26.83,9.64,7.38
2025-06-11 00:00:00,27.0,75,0.0,26.58,9.75,7.46
2025-06-11 01:00:00,28.1,74,0.0,26.74,9.7,7.33
2025-06-11 02:00:00,29.0,73,0.0,27.12,9.6,7.66
2025-06-11 03:00:00,30.6,66,0.0,27.86,9.32,7.62
2025-06-11 04:00:00,32.2,59,0.0,28.86,8.99,7.59
2025-06-11 05:00:00,33.8,54,0.0,30.04,8.66,7.66
2025-06-11 06:00:00,35.2,50,0.0,31.29,8.34,7.47
2025-06-11 07:00:00,36.0,47,0.0,32.4,8.07,7.67
2025-06-11 08:00:00,32.6,56,0.5,32.16,8.27,7.46
2025-06-11 09:00:00,30.9,65,0.7,31.48,8.55,7.38
2025-06-11 10:00:00,30.2,69,0.0,30.8,8.76,7.35
2025-06-11 11:00:00,29.9,70,0.0,30.23,8.9,7.55
2025-06-11 12:00:00,30.2,70,0.0,29.92,8.96,7.3
2025-06-11 13:00:00,29.9,76,0.0,29.61,9.13,7.44
2025-06-11 14:00:00,29.0,85,0.1,29.13,9.39,7.16
2025-06-11 15:00:00,28.5,86,0.0,28.64,9.51,6.99
2025-06-11 16:00:00,28.1,84,0.0,28.18,9.57,7.01
2025-06-11 17:00:00,26.4,84,4.9,27.35,9.75,7.08
2025-06-11 18:00:00,25.7,89,1.6,26.55,10.01,7.0
2025-06-11 19:00:00,25.7,91,0.5,26.0,10.17,7.02
2025-06-11 20:00:00,25.6,88,0.0,25.58,10.21,7.16
2025-06-11 21:00:00,25.5,86,0.0,25.25,10.24,7.25
2025-06-11 22:00:00,25.9,84,0.0,25.15,10.22,7.37
2025-06-11 23:00:00,26.0,85,0.0,25.1,10.25,7.48
2025-06-12 00:00:00,26.1,83,0.0,25.1,10.21,7.37
2025-06-12 01:00:00,28.0,79,0.0,25.67,10.01,7.35
2025-06-12 02:00:00,29.0,74,0.0,26.37,9.77,7.5
2025-06-12 03:00:00,29.6,71,0.0,27.04,9.58,7.63
2025-06-12 04:00:00,31.4,62,0.0,28.05,9.21,7.54
2025-06-12 05:00:00,33.2,54,0.0,29.29,8.81,7.56
2025-06-12 06:00:00,34.5,48,0.0,30.56,8.45,7.69
2025-06-12 07:00:00,35.4,45,0.0,31.71,8.18,7.63
2025-06-12 08:00:00,35.9,42,0.0,32.67,7.94,7.6
2025-06-12 09:00:00,33.7,58,0.5,32.68,8.19,7.44
2025-06-12 10:00:00,32.3,72,1.7,32.26,8.51,7.38
2025-06-12 11:00:00,31.8,67,0.1,31.82,8.52,7.32
2025-06-12 12:00:00,30.6,72,0.1,31.16,8.74,7.43
2025-06-12 13:00:00,30.2,72,0.0,30.57,8.86,7.38
2025-06-12 14:00:00,29.6,79,0.0,29.98,9.1,7.03
2025-06-12 15:00:00,29.8,75,0.0,29.63,9.11,7.06
2025-06-12 16:00:00,28.9,81,0.0,29.11,9.32,6.96
2025-06-12 17:00:00,28.4,85,0.1,28.6,9.5,7.01
2025-06-12 18:00:00,28.8,80,0.0,28.36,9.46,7.07
2025-06-12 19:00:00,28.5,77,0.0,28.1,9.46,6.94
2025-06-12 20:00:00,28.2,80,0.0,27.83,9.58,7.03
2025-06-12 21:00:00,28.1,82,0.0,27.61,9.66,7.07
2025-06-12 22:00:00,27.5,82,0.0,27.28,9.73,7.26
2025-06-12 23:00:00,27.2,82,0.0,26.95,9.8,7.32
2025-06-13 00:00:00,26.9,83,0.0,26.64,9.88,7.32
2025-06-13 01:00:00,27.7,80,0.0,26.66,9.82,7.49
2025-06-13 02:00:00,29.0,73,0.0,27.06,9.61,7.48
2025-06-13 03:00:00,30.5,64,0.0,27.79,9.29,7.57
2025-06-13 04:00:00,32.1,56,0.0,28.78,8.95,7.8
2025-06-13 05:00:00,33.7,51,0.0,29.96,8.63,7.78
2025-06-13 06:00:00,35.1,45,0.0,31.2,8.28,7.52
2025-06-13 07:00:00,35.7,43,0.2,32.25,8.04,7.7
2025-06-13 08:00:00,34.0,52,0.4,32.48,8.14,7.65
2025-06-13 09:00:00,32.5,66,2.4,32.18,8.42,7.34
2025-06-13 10:00:00,31.6,70,0.5,31.71,8.59,7.54
2025-06-13 11:00:00,32.0,68,0.1,31.5,8.6,7.57
2025-06-13 12:00:00,31.8,69,0.0,31.29,8.66,7.23
2025-06-13 13:00:00,31.6,65,0.0,31.08,8.64,7.18
2025-06-13 14:00:00,30.8,70,0.0,30.7,8.8,7.3
2025-06-13 15:00:00,30.3,74,0.0,30.28,8.95,7.17
2025-06-13 16:00:00,30.0,78,0.0,29.89,9.1,7.16
2025-06-13 17:00:00,29.5,82,0.0,29.48,9.26,7.11
2025-06-13 18:00:00,29.3,79,0.0,29.12,9.28,7.11
2025-06-13 19:00:00,29.0,76,0.0,28.79,9.3,6.95
2025-06-13 20:00:00,28.5,76,0.0,28.4,9.38,7.22
2025-06-13 21:00:00,28.0,78,0.0,27.98,9.51,7.29
2025-06-13 22:00:00,27.8,79,0.0,27.63,9.6,7.21
2025-06-13 23:00:00,27.6,80,0.0,27.32,9.68,7.3
2025-06-14 00:00:00,27.5,79,0.0,27.07,9.72,7.24
2025-06-14 01:00:00,27.5,78,0.0,26.9,9.74,7.52
2025-06-14 02:00:00,28.6,76,0.0,27.11,9.66,7.6
2025-06-14 03:00:00,30.2,70,0.0,27.74,9.41,7.59
2025-06-14 04:00:00,31.7,61,0.0,28.63,9.07,7.75
2025-06-14 05:00:00,33.0,56,0.0,29.64,8.78,7.62
2025-06-14 06:00:00,34.0,52,0.0,30.65,8.5,7.71
2025-06-14 07:00:00,34.8,47,0.1,31.59,8.23,7.52
2025-06-14 08:00:00,35.3,46,0.1,32.4,8.05,7.59
2025-06-14 09:00:00,35.0,48,0.0,32.88,7.99,7.53
2025-06-14 10:00:00,33.0,65,0.3,32.62,8.32,7.49
2025-06-14 11:00:00,31.2,71,1.8,31.89,8.57,7.3
2025-06-14 12:00:00,32.0,64,0.1,31.63,8.51,7.32
2025-06-14 13:00:00,30.2,75,0.1,30.9,8.84,7.35
2025-06-14 14:00:00,30.0,75,0.0,30.33,8.96,7.16
2025-06-14 15:00:00,30.0,74,0.0,29.93,9.03,6.99
2025-06-14 16:00:00,29.5,77,0.0,29.5,9.17,7.28
2025-06-14 17:00:00,29.1,78,0.0,29.08,9.28,7.22
2025-06-14 18:00:00,28.8,79,0.0,28.7,9.37,6.94
2025-06-14 19:00:00,28.4,80,0.0,28.31,9.47,7.16
2025-06-14 20:00:00,28.0,80,0.0,27.92,9.56,7.07
2025-06-14 21:00:00,28.0,77,0.0,27.64,9.56,7.2
2025-06-14 22:00:00,28.1,71,0.0,27.48,9.49,7.26
2025-06-14 23:00:00,27.6,74,0.0,27.21,9.6,7.29
2025-06-15 00:00:00,27.4,75,0.0,26.97,9.67,7.31
2025-06-15 01:00:00,28.1,67,0.0,27.01,9.51,7.4
2025-06-15 02:00:00,28.1,71,0.0,27.04,9.58,7.45
2025-06-15 03:00:00,29.0,68,0.0,27.33,9.46,7.52
2025-06-15 04:00:00,30.5,62,0.0,27.98,9.22,7.63
2025-06-15 05:00:00,32.0,56,0.0,28.88,8.93,7.59
2025-06-15 06:00:00,32.0,55,0.0,29.52,8.78,7.73
2025-06-15 07:00:00,32.9,53,0.0,30.23,8.6,7.8
2025-06-15 08:00:00,34.5,47,0.0,31.21,8.31,7.55
2025-06-15 09:00:00,34.3,48,0.0,31.84,8.2,7.58
2025-06-15 10:00:00,34.1,48,0.0,32.22,8.12,7.54
2025-06-15 11:00:00,33.7,50,0.0,32.36,8.13,7.46
2025-06-15 12:00:00,33.3,51,0.0,32.34,8.15,7.34
2025-06-15 13:00:00,31.5,60,0.0,31.79,8.41,7.34
2025-06-15 14:00:00,31.1,64,0.0,31.28,8.58,7.25
2025-06-15 15:00:00,29.8,70,0.0,30.54,8.83,7.02
2025-06-15 16:00:00,29.4,76,0.0,29.9,9.07,7.19
2025-06-15 17:00:00,29.5,73,0.0,29.48,9.1,7.16
2025-06-15 18:00:00,29.4,72,0.0,29.15,9.15,6.99
2025-06-15 19:00:00,29.1,67,0.0,28.84,9.13,7.09
2025-06-15 20:00:00,28.6,67,0.0,28.47,9.21,7.18
2025-06-15 21:00:00,28.1,67,0.0,28.06,9.29,7.15
2025-06-15 22:00:00,27.8,66,0.0,27.68,9.35,7.34
2025-06-15 23:00:00,27.4,71,0.0,27.3,9.52,7.55
2025-06-16 00:00:00,26.8,76,0.0,26.85,9.71,7.31
2025-06-16 01:00:00,27.9,71,0.0,26.86,9.61,7.33
2025-06-16 02:00:00,28.4,69,0.0,27.02,9.54,7.57
2025-06-16 03:00:00,29.6,64,0.0,27.5,9.36,7.67
2025-06-16 04:00:00,31.3,57,0.0,28.34,9.06,7.61
2025-06-16 05:00:00,32.8,51,0.0,29.38,8.74,7.8
2025-06-16 06:00:00,34.3,46,0.0,30.55,8.42,7.52
2025-06-16 07:00:00,34.6,45,0.0,31.47,8.22,7.7
2025-06-16 08:00:00,34.5,45,0.0,32.08,8.1,7.54
2025-06-16 09:00:00,33.9,48,0.0,32.32,8.1,7.72
2025-06-16 10:00:00,34.4,46,0.0,32.65,8.01,7.68
2025-06-16 11:00:00,34.3,46,0.0,32.84,7.97,7.33
2025-06-16 12:00:00,33.8,48,0.0,32.83,8.0,7.28
2025-06-16 13:00:00,33.1,50,0.0,32.61,8.08,7.34
2025-06-16 14:00:00,32.7,51,0.0,32.34,8.15,7.15
2025-06-16 15:00:00,32.0,53,0.0,31.94,8.26,7.12
2025-06-16 16:00:00,31.5,55,0.0,31.51,8.38,7.09
2025-06-16 17:00:00,31.1,56,0.0,31.08,8.48,6.87
2025-06-16 18:00:00,30.5,58,0.0,30.61,8.61,7.05
2025-06-16 19:00:00,29.9,60,0.0,30.1,8.75,7.0
2025-06-16 20:00:00,29.5,61,0.0,29.62,8.87,7.05
2025-06-16 21:00:00,29.2,62,0.0,29.19,8.97,7.3
2025-06-16 22:00:00,28.9,63,0.0,28.8,9.07,7.1
2025-06-16 23:00:00,28.3,65,0.0,28.35,9.2,7.38
2025-06-17 00:00:00,27.9,66,0.0,27.92,9.31,7.35
2025-06-17 01:00:00,29.0,60,0.0,27.94,9.19,7.43
2025-06-17 02:00:00,30.2,56,0.0,28.32,9.04,7.61
2025-06-17 03:00:00,30.3,57,0.0,28.61,9.0,7.62
2025-06-17 04:00:00,31.9,53,0.0,29.3,8.79,7.68
2025-06-17 05:00:00,33.0,50,0.0,30.11,8.58,7.75
2025-06-17 06:00:00,34.8,45,0.0,31.22,8.27,7.61
2025-06-17 07:00:00,36.5,39,0.0,32.5,7.92,7.56
2025-06-17 08:00:00,37.1,37,0.0,33.58,7.68,7.48
2025-06-17 09:00:00,36.9,38,0.0,34.28,7.56,7.45
2025-06-17 10:00:00,35.5,43,0.2,34.34,7.62,7.75
2025-06-17 11:00:00,35.5,43,0.0,34.39,7.61,7.52
2025-06-17 12:00:00,35.2,42,0.0,34.33,7.61,7.18
2025-06-17 13:00:00,34.2,46,0.0,33.99,7.74,7.11
2025-06-17 14:00:00,33.2,52,0.0,33.46,7.94,7.22
2025-06-17 15:00:00,32.4,55,0.0,32.84,8.11,7.17
2025-06-17 16:00:00,32.0,56,0.0,32.29,8.24,7.13
2025-06-17 17:00:00,31.5,58,0.0,31.75,8.38,7.03
2025-06-17 18:00:00,31.0,59,0.0,31.23,8.51,7.04
2025-06-17 19:00:00,30.6,60,0.0,30.74,8.62,7.1
2025-06-17 20:00:00,30.1,62,0.0,30.25,8.76,7.11
2025-06-17 21:00:00,29.5,63,0.0,29.72,8.88,6.93
2025-06-17 22:00:00,29.0,64,0.0,29.21,9.0,7.19
2025-06-17 23:00:00,28.5,65,0.0,28.69,9.13,7.21
2025-06-18 00:00:00,28.2,66,0.0,28.25,9.24,7.4
2025-06-18 01:00:00,29.4,62,0.0,28.29,9.16,7.75
2025-06-18 02:00:00,30.5,58,0.0,28.65,9.01,7.56
2025-06-18 03:00:00,32.0,53,0.0,29.36,8.78,7.55
2025-06-18 04:00:00,33.7,47,0.0,30.36,8.48,7.71
2025-06-18 05:00:00,35.1,43,0.0,31.48,8.19,7.68
2025-06-18 06:00:00,36.5,40,0.0,32.69,7.9,7.68
2025-06-18 07:00:00,37.3,38,0.0,33.77,7.66,7.67
2025-06-18 08:00:00,37.5,37,0.0,34.59,7.48,7.78
2025-06-18 09:00:00,37.5,38,0.0,35.16,7.39,7.41
2025-06-18 10:00:00,37.2,39,0.1,35.47,7.34,7.49
2025-06-18 11:00:00,34.5,53,0.2,34.88,7.67,7.28
2025-06-18 12:00:00,33.2,59,0.0,34.08,7.92,7.37
2025-06-18 13:00:00,32.0,62,0.0,33.15,8.16,7.16
2025-06-18 14:00:00,31.0,69,0.0,32.21,8.47,7.15
2025-06-18 15:00:00,30.4,79,0.0,31.37,8.81,7.1
2025-06-18 16:00:00,30.2,79,0.0,30.72,8.95,7.19
2025-06-18 17:00:00,30.2,77,0.0,30.26,9.01,7.16
2025-06-18 18:00:00,30.4,70,0.0,30.0,8.94,6.94
2025-06-18 19:00:00,30.1,64,0.0,29.73,8.9,7.08
2025-06-18 20:00:00,29.6,66,0.0,29.39,9.0,7.04
2025-06-18 21:00:00,29.5,66,0.0,29.12,9.06,7.03
2025-06-18 22:00:00,29.2,67,0.0,28.85,9.13,7.2
2025-06-18 23:00:00,29.1,66,0.0,28.62,9.16,7.27
2025-06-19 00:00:00,29.0,64,0.0,28.44,9.16,7.62
2025-06-19 01:00:00,29.5,64,0.0,28.46,9.16,7.5
2025-06-19 02:00:00,30.5,61,0.0,28.77,9.04,7.38
2025-06-19 03:00:00,31.8,56,0.0,29.38,8.83,7.52
2025-06-19 04:00:00,33.0,51,0.0,30.16,8.58,7.72
2025-06-19 05:00:00,34.5,47,0.0,31.17,8.32,7.85
2025-06-19 06:00:00,35.8,42,0.0,32.26,8.02,7.48
2025-06-19 07:00:00,37.2,38,0.0,33.44,7.72,7.43
2025-06-19 08:00:00,37.3,38,0.0,34.3,7.55,7.76
2025-06-19 09:00:00,37.3,39,0.0,34.9,7.45,7.56
2025-06-19 10:00:00,36.8,41,0.0,35.17,7.43,7.37
2025-06-19 11:00:00,33.9,61,0.4,34.49,7.87,7.42
2025-06-19 12:00:00,34.8,49,0.1,34.28,7.73,7.05
2025-06-19 13:00:00,32.8,67,0.0,33.54,8.16,7.25
2025-06-19 14:00:00,31.4,73,0.0,32.6,8.45,7.22
2025-06-19 15:00:00,30.7,76,0.0,31.73,8.68,7.22
2025-06-19 16:00:00,30.5,77,0.0,31.06,8.84,6.99
2025-06-19 17:00:00,30.1,78,0.0,30.47,8.98,7.07
2025-06-19 18:00:00,29.8,74,0.0,29.97,9.02,6.97
2025-06-19 19:00:00,29.2,75,0.0,29.44,9.15,7.1
2025-06-19 20:00:00,29.0,74,0.0,29.01,9.22,7.02
2025-06-19 21:00:00,28.7,73,0.0,28.62,9.29,7.12
2025-06-19 22:00:00,28.3,73,0.0,28.22,9.37,7.13
2025-06-19 23:00:00,28.0,73,0.0,27.85,9.44,7.37
2025-06-20 00:00:00,28.1,68,0.0,27.63,9.4,7.47
2025-06-20 01:00:00,29.5,62,0.0,27.89,9.24,7.44
2025-06-20 02:00:00,30.6,57,0.0,28.4,9.04,7.53
2025-06-20 03:00:00,32.0,53,0.0,29.18,8.82,7.44
2025-06-20 04:00:00,33.8,47,0.0,30.27,8.5,7.59
2025-06-20 05:00:00,35.7,41,0.0,31.6,8.13,7.63
2025-06-20 06:00:00,37.0,36,0.0,32.92,7.79,7.89
2025-06-20 07:00:00,38.0,32,0.0,34.14,7.49,7.5
2025-06-20 08:00:00,38.8,30,0.0,35.24,7.25,7.71
2025-06-20 09:00:00,38.4,30,0.0,35.89,7.13,7.61
2025-06-20 10:00:00,38.0,32,0.1,36.22,7.09,7.47
2025-06-20 11:00:00,37.2,35,0.0,36.22,7.14,7.55
2025-06-20 12:00:00,33.5,55,0.4,35.1,7.66,7.32
2025-06-20 13:00:00,32.7,55,0.1,34.08,7.86,7.27
2025-06-20 14:00:00,31.5,69,0.0,33.01,8.3,7.17
2025-06-20 15:00:00,31.0,75,0.0,32.1,8.59,7.25
2025-06-20 16:00:00,30.8,77,0.0,31.41,8.77,7.2
2025-06-20 17:00:00,30.5,68,0.0,30.84,8.74,7.0
2025-06-20 18:00:00,30.2,66,0.0,30.35,8.8,6.92
2025-06-20 19:00:00,29.9,69,0.0,29.91,8.94,7.05
2025-06-20 20:00:00,29.2,70,0.0,29.4,9.07,7.03
2025-06-20 21:00:00,28.8,68,0.0,28.92,9.13,7.15
2025-06-20 22:00:00,28.5,68,0.0,28.49,9.22,7.35
2025-06-20 23:00:00,28.1,70,0.0,28.08,9.34,7.26
2025-06-21 00:00:00,28.0,71,0.0,27.75,9.43,7.38
2025-06-21 01:00:00,28.6,71,0.0,27.71,9.44,7.47
2025-06-21 02:00:00,30.2,62,0.0,28.15,9.18,7.61
2025-06-21 03:00:00,32.0,52,0.0,29.01,8.83,7.36
2025-06-21 04:00:00,33.2,47,0.0,29.97,8.56,7.56
2025-06-21 05:00:00,34.6,43,0.0,31.06,8.27,7.66
2025-06-21 06:00:00,35.9,40,0.0,32.21,7.99,7.76
2025-06-21 07:00:00,37.1,37,0.0,33.38,7.72,7.57
2025-06-21 08:00:00,37.8,35,0.0,34.4,7.49,7.39
2025-06-21 09:00:00,37.0,36,0.0,34.88,7.41,7.59
2025-06-21 10:00:00,36.0,44,0.0,34.92,7.53,7.4
2025-06-21 11:00:00,35.1,50,0.0,34.67,7.67,7.27
2025-06-21 12:00:00,33.5,64,0.1,34.02,8.01,7.25
2025-06-21 13:00:00,31.3,65,0.4,32.9,8.26,7.21
2025-06-21 14:00:00,30.3,73,0.0,31.82,8.61,7.13
2025-06-21 15:00:00,30.1,75,0.0,31.01,8.82,6.92
2025-06-21 16:00:00,30.0,77,0.0,30.4,8.98,7.19
2025-06-21 17:00:00,30.0,76,0.0,29.98,9.05,7.2
2025-06-21 18:00:00,29.7,78,0.0,29.6,9.17,7.13
2025-06-21 19:00:00,29.2,81,0.0,29.18,9.31,6.96
2025-06-21 20:00:00,28.9,79,0.0,28.8,9.35,7.09
2025-06-21 21:00:00,28.9,78,0.0,28.53,9.39,7.16
2025-06-21 22:00:00,28.6,78,0.0,28.25,9.45,7.29
2025-06-21 23:00:00,28.9,67,0.0,28.14,9.28,7.37
2025-06-22 00:00:00,28.6,63,0.0,27.98,9.24,7.31
2025-06-22 01:00:00,29.9,58,0.0,28.26,9.09,7.46
2025-06-22 02:00:00,30.8,55,0.0,28.72,8.94,7.57
2025-06-22 03:00:00,32.0,51,0.0,29.4,8.74,7.72
2025-06-22 04:00:00,33.4,46,0.0,30.3,8.47,7.69
2025-06-22 05:00:00,34.7,44,0.0,31.32,8.24,7.72
2025-06-22 06:00:00,36.0,41,0.0,32.43,7.97,7.64
2025-06-22 07:00:00,37.0,39,0.0,33.5,7.73,7.76
2025-06-22 08:00:00,37.0,39,0.0,34.25,7.58,7.62
2025-06-22 09:00:00,34.2,48,0.0,33.93,7.78,7.45
2025-06-22 10:00:00,29.6,69,1.6,32.33,8.44,7.55
2025-06-22 11:00:00,30.2,63,0.0,31.39,8.54,7.49
2025-06-22 12:00:00,31.5,64,0.0,31.13,8.61,7.3
2025-06-22 13:00:00,29.4,77,0.0,30.31,9.0,7.23
2025-06-22 14:00:00,29.2,77,0.0,29.68,9.13,7.24
2025-06-22 15:00:00,29.6,76,0.0,29.35,9.18,7.2
2025-06-22 16:00:00,29.4,79,0.0,29.07,9.3,7.13
2025-06-22 17:00:00,28.7,74,0.0,28.66,9.29,7.11
2025-06-22 18:00:00,27.8,76,0.0,28.1,9.45,7.25
2025-06-22 19:00:00,27.6,73,0.0,27.65,9.49,7.2
2025-06-22 20:00:00,27.5,72,0.0,27.3,9.54,7.15
2025-06-22 21:00:00,27.4,74,0.0,27.03,9.63,7.27
2025-06-22 22:00:00,27.4,73,0.0,26.84,9.66,7.14
2025-06-22 23:00:00,27.6,71,0.0,26.77,9.63,7.35
2025-06-23 00:00:00,27.6,71,0.0,26.72,9.64,7.57
2025-06-23 01:00:00,28.0,69,0.0,26.8,9.59,7.45
2025-06-23 02:00:00,28.8,66,0.0,27.1,9.47,7.45
2025-06-23 03:00:00,30.0,62,0.0,27.67,9.28,7.53
2025-06-23 04:00:00,30.8,57,0.0,28.31,9.06,7.53
2025-06-23 05:00:00,30.6,58,0.0,28.7,9.0,7.58
2025-06-23 06:00:00,31.8,54,0.0,29.33,8.8,7.63
2025-06-23 07:00:00,33.7,48,0.0,30.34,8.5,7.51
2025-06-23 08:00:00,34.0,46,0.0,31.14,8.31,7.61
2025-06-23 09:00:00,33.8,44,0.0,31.64,8.17,7.65
2025-06-23 10:00:00,33.8,45,0.0,31.99,8.12,7.4
2025-06-23 11:00:00,33.8,46,0.0,32.23,8.09,7.57
2025-06-23 12:00:00,33.0,49,0.0,32.16,8.15,7.39
2025-06-23 13:00:00,31.1,60,0.0,31.54,8.46,7.37
2025-06-23 14:00:00,29.6,72,0.0,30.66,8.84,7.14
2025-06-23 15:00:00,29.2,74,0.0,29.92,9.03,7.23
2025-06-23 16:00:00,29.1,72,0.0,29.38,9.11,7.0
2025-06-23 17:00:00,29.1,71,0.0,28.99,9.17,7.17
2025-06-23 18:00:00,28.8,72,0.0,28.63,9.26,7.09
2025-06-23 19:00:00,28.5,71,0.0,28.29,9.32,7.14
2025-06-23 20:00:00,28.8,65,0.0,28.15,9.24,7.0
2025-06-23 21:00:00,28.9,60,0.0,28.07,9.17,7.08
2025-06-23 22:00:00,28.9,59,0.0,28.02,9.16,7.29
2025-06-23 23:00:00,28.5,60,0.0,27.86,9.21,7.21
2025-06-24 00:00:00,28.1,61,0.0,27.64,9.27,7.43
2025-06-24 01:00:00,27.9,67,0.0,27.41,9.43,7.33
2025-06-24 02:00:00,28.8,66,0.0,27.53,9.38,7.62
2025-06-24 03:00:00,29.8,62,0.0,27.91,9.23,7.47
2025-06-24 04:00:00,30.9,57,0.0,28.51,9.02,7.69
2025-06-24 05:00:00,32.8,50,0.0,29.5,8.7,7.72
2025-06-24 06:00:00,34.2,45,0.0,30.61,8.39,7.58
2025-06-24 07:00:00,35.0,42,0.0,31.62,8.14,7.69
2025-06-24 08:00:00,36.8,36,0.0,32.88,7.8,7.62
2025-06-24 09:00:00,36.8,34,0.0,33.75,7.6,7.48
2025-06-24 10:00:00,34.9,40,0.1,33.8,7.68,7.36
2025-06-24 11:00:00,34.5,43,0.0,33.71,7.75,7.2
2025-06-24 12:00:00,34.7,42,0.0,33.71,7.73,7.36
2025-06-24 13:00:00,33.5,46,0.0,33.34,7.87,7.09
2025-06-24 14:00:00,33.0,47,0.0,32.94,7.96,7.19
2025-06-24 15:00:00,32.6,47,0.0,32.54,8.04,7.1
2025-06-24 16:00:00,32.0,49,0.0,32.08,8.17,7.15
2025-06-24 17:00:00,31.5,50,0.0,31.6,8.28,7.02
2025-06-24 18:00:00,30.9,52,0.0,31.09,8.41,7.02
2025-06-24 19:00:00,30.5,53,0.0,30.61,8.53,7.14
2025-06-24 20:00:00,30.0,55,0.0,30.13,8.66,7.13
2025-06-24 21:00:00,29.5,57,0.0,29.64,8.79,7.18
2025-06-24 22:00:00,29.0,60,0.0,29.15,8.95,7.27
2025-06-24 23:00:00,28.7,62,0.0,28.71,9.07,7.14
2025-06-25 00:00:00,28.4,63,0.0,28.32,9.17,7.45
2025-06-25 01:00:00,29.4,61,0.0,28.34,9.13,7.52
2025-06-25 02:00:00,30.1,58,0.0,28.57,9.03,7.42
2025-06-25 03:00:00,31.1,55,0.0,29.03,8.88,7.56
2025-06-25 04:00:00,31.8,53,0.0,29.56,8.74,7.62
2025-06-25 05:00:00,32.6,50,0.0,30.17,8.57,7.63
2025-06-25 06:00:00,34.1,45,0.0,31.05,8.31,7.68
2025-06-25 07:00:00,34.5,44,0.0,31.79,8.14,7.78
2025-06-25 08:00:00,35.1,43,0.0,32.48,7.99,7.7
2025-06-25 09:00:00,35.8,41,0.0,33.18,7.82,7.41
2025-06-25 10:00:00,35.7,41,0.4,33.63,7.73,7.51
2025-06-25 11:00:00,31.9,53,0.1,32.81,8.09,7.53
2025-06-25 12:00:00,32.2,56,0.0,32.33,8.23,7.38
2025-06-25 13:00:00,31.1,63,0.0,31.66,8.48,7.37
2025-06-25 14:00:00,30.8,66,0.0,31.1,8.65,7.4
2025-06-25 15:00:00,31.0,63,0.0,30.77,8.67,7.24
2025-06-25 16:00:00,29.5,63,0.0,30.09,8.81,7.12
2025-06-25 17:00:00,28.5,69,0.0,29.31,9.07,7.18
2025-06-25 18:00:00,28.9,69,0.0,28.89,9.16,7.09
2025-06-25 19:00:00,29.2,66,0.0,28.68,9.15,7.09
2025-06-25 20:00:00,29.1,65,0.0,28.51,9.17,7.08
2025-06-25 21:00:00,28.9,65,0.0,28.33,9.2,7.32
2025-06-25 22:00:00,28.6,65,0.0,28.11,9.25,7.15
2025-06-25 23:00:00,28.4,64,0.0,27.9,9.27,7.46
2025-06-26 00:00:00,28.2,64,0.0,27.69,9.32,7.43
2025-06-26 01:00:00,29.6,61,0.0,27.96,9.21,7.32
2025-06-26 02:00:00,30.2,59,0.0,28.33,9.09,7.56
2025-06-26 03:00:00,30.7,58,0.0,28.74,8.99,7.37
2025-06-26 04:00:00,31.2,56,0.0,29.18,8.87,7.69
2025-06-26 05:00:00,32.9,50,0.0,30.0,8.6,7.74
2025-06-26 06:00:00,33.9,46,0.0,30.87,8.36,7.59
2025-06-26 07:00:00,34.1,46,0.1,31.54,8.23,7.64
2025-06-26 08:00:00,35.7,42,0.0,32.49,7.97,7.79
2025-06-26 09:00:00,36.0,42,0.0,33.24,7.82,7.49
2025-06-26 10:00:00,34.2,48,0.2,33.23,7.92,7.36
2025-06-26 11:00:00,33.3,51,0.2,32.95,8.03,7.54
2025-06-26 12:00:00,33.0,54,0.0,32.66,8.13,7.53
2025-06-26 13:00:00,32.5,56,0.0,32.32,8.23,7.26
2025-06-26 14:00:00,31.2,64,0.0,31.68,8.5,7.29
2025-06-26 15:00:00,30.6,67,0.0,31.06,8.67,7.27
2025-06-26 16:00:00,30.0,76,0.0,30.44,8.95,7.02
2025-06-26 17:00:00,29.8,77,0.0,29.95,9.08,7.02
2025-06-26 18:00:00,29.5,77,0.0,29.51,9.17,7.19
2025-06-26 19:00:00,29.1,78,0.0,29.09,9.27,7.25
2025-06-26 20:00:00,28.8,77,0.0,28.7,9.34,7.17
2025-06-26 21:00:00,28.6,72,0.0,28.37,9.32,7.08
2025-06-26 22:00:00,28.6,68,0.0,28.14,9.29,7.43
2025-06-26 23:00:00,28.4,67,0.0,27.92,9.32,7.25
2025-06-27 00:00:00,28.1,67,0.0,27.67,9.37,7.35
2025-06-27 01:00:00,29.2,64,0.0,27.83,9.29,7.49
2025-06-27 02:00:00,30.2,60,0.0,28.24,9.13,7.68
2025-06-27 03:00:00,31.4,56,0.0,28.89,8.93,7.67
2025-06-27 04:00:00,33.0,48,0.0,29.82,8.6,7.66
2025-06-27 05:00:00,34.3,44,0.0,30.87,8.33,7.69
2025-06-27 06:00:00,35.0,42,0.0,31.81,8.11,7.65
2025-06-27 07:00:00,36.3,39,0.0,32.85,7.85,7.68
2025-06-27 08:00:00,37.2,36,0.0,33.86,7.61,7.33
2025-06-27 09:00:00,37.5,34,0.0,34.65,7.42,7.5
2025-06-27 10:00:00,37.0,32,0.3,35.06,7.32,7.46
2025-06-27 11:00:00,36.2,37,0.0,35.1,7.38,7.27
2025-06-27 12:00:00,35.3,41,0.0,34.86,7.49,7.35
2025-06-27 13:00:00,32.5,64,0.0,33.85,8.05,7.22
2025-06-27 14:00:00,32.2,62,0.0,33.06,8.18,7.35
2025-06-27 15:00:00,31.8,59,0.0,32.38,8.27,7.28
2025-06-27 16:00:00,30.9,66,0.0,31.64,8.54,7.04
2025-06-27 17:00:00,30.5,68,0.0,30.99,8.7,7.05
2025-06-27 18:00:00,30.3,68,0.0,30.49,8.81,7.05
2025-06-27 19:00:00,30.0,66,0.0,30.04,8.87,7.02
2025-06-27 20:00:00,29.8,64,0.0,29.67,8.91,7.12
2025-06-27 21:00:00,29.8,60,0.0,29.41,8.89,7.08
2025-06-27 22:00:00,29.6,59,0.0,29.17,8.92,7.11
2025-06-27 23:00:00,29.2,60,0.0,28.88,9.0,7.36
2025-06-28 00:00:00,28.9,61,0.0,28.58,9.08,7.44
2025-06-28 01:00:00,29.5,61,0.0,28.56,9.08,7.37
2025-06-28 02:00:00,30.2,59,0.0,28.75,9.01,7.61
2025-06-28 03:00:00,31.9,53,0.0,29.4,8.77,7.52
2025-06-28 04:00:00,33.4,48,0.0,30.3,8.51,7.64
2025-06-28 05:00:00,34.2,45,0.0,31.17,8.28,7.72
2025-06-28 06:00:00,34.4,44,0.0,31.84,8.13,7.64
2025-06-28 07:00:00,33.4,48,0.0,32.01,8.17,7.68
2025-06-28 08:00:00,35.8,42,0.0,32.84,7.9,7.54
2025-06-28 09:00:00,37.3,38,0.0,33.88,7.64,7.51
2025-06-28 10:00:00,33.5,50,0.5,33.47,7.91,7.42
2025-06-28 11:00:00,34.8,44,0.0,33.57,7.79,7.33
2025-06-28 12:00:00,33.9,51,0.0,33.37,7.94,7.31
2025-06-28 13:00:00,32.5,60,0.0,32.81,8.2,7.1
2025-06-28 14:00:00,31.9,61,0.0,32.23,8.33,7.14
2025-06-28 15:00:00,31.5,64,0.0,31.71,8.49,7.1
2025-06-28 16:00:00,31.0,67,0.0,31.2,8.64,7.06
2025-06-28 17:00:00,30.5,70,0.0,30.69,8.8,7.04
2025-06-28 18:00:00,30.5,66,0.0,30.33,8.81,7.05
2025-06-28 19:00:00,30.4,60,0.0,30.05,8.76,7.12
2025-06-28 20:00:00,29.9,59,0.0,29.71,8.81,7.19
2025-06-28 21:00:00,29.7,59,0.0,29.41,8.88,7.09
2025-06-28 22:00:00,29.8,58,0.0,29.22,8.9,7.1
2025-06-28 23:00:00,29.5,58,0.0,29.01,8.94,7.19
2025-06-29 00:00:00,29.0,60,0.0,28.7,9.04,7.32
2025-06-29 01:00:00,29.6,59,0.0,28.67,9.02,7.42
2025-06-29 02:00:00,30.7,56,0.0,28.98,8.91,7.44
2025-06-29 03:00:00,32.1,52,0.0,29.62,8.71,7.45
2025-06-29 04:00:00,33.7,46,0.0,30.54,8.42,7.57
2025-06-29 05:00:00,35.5,40,0.0,31.73,8.09,7.65
2025-06-29 06:00:00,36.8,36,0.0,32.95,7.79,7.69
2025-06-29 07:00:00,38.0,32,0.0,34.17,7.49,7.55
2025-06-29 08:00:00,39.2,29,0.0,35.38,7.21,7.52
2025-06-29 09:00:00,39.7,27,0.0,36.37,6.99,7.42
2025-06-29 10:00:00,38.3,29,0.0,36.65,6.96,7.44
2025-06-29 11:00:00,35.1,47,0.0,35.89,7.38,7.29
2025-06-29 12:00:00,32.4,53,0.0,34.54,7.74,7.37
2025-06-29 13:00:00,30.5,61,0.6,33.03,8.17,7.04
2025-06-29 14:00:00,30.0,64,0.3,31.82,8.47,7.13
2025-06-29 15:00:00,30.1,66,0.0,31.0,8.67,7.17
2025-06-29 16:00:00,30.5,65,0.0,30.55,8.74,7.11
2025-06-29 17:00:00,30.9,58,0.0,30.36,8.67,7.34
2025-06-29 18:00:00,31.0,51,0.0,30.25,8.57,7.09
2025-06-29 19:00:00,31.3,48,0.0,30.26,8.51,6.97
2025-06-29 20:00:00,31.3,49,0.0,30.28,8.53,7.09
2025-06-29 21:00:00,30.9,50,0.0,30.16,8.57,6.97
2025-06-29 22:00:00,30.4,52,0.0,29.93,8.65,7.2
2025-06-29 23:00:00,29.8,54,0.0,29.59,8.75,7.2
2025-06-30 00:00:00,29.1,55,0.0,29.15,8.86,7.46
2025-06-30 01:00:00,30.3,52,0.0,29.19,8.8,7.39
2025-06-30 02:00:00,30.5,53,0.0,29.28,8.8,7.51
2025-06-30 03:00:00,31.7,49,0.0,29.71,8.64,7.51
2025-06-30 04:00:00,32.4,46,0.0,30.22,8.49,7.79
2025-06-30 05:00:00,33.0,44,0.0,30.75,8.35,7.61
2025-06-30 06:00:00,34.1,42,0.0,31.46,8.18,7.83
2025-06-30 07:00:00,35.5,39,0.0,32.37,7.95,7.71
2025-06-30 08:00:00,37.1,35,0.0,33.49,7.67,7.63
2025-06-30 09:00:00,37.9,32,0.0,34.51,7.42,7.56
2025-06-30 10:00:00,34.4,51,0.1,34.18,7.78,7.5
2025-06-30 11:00:00,31.3,64,0.1,33.01,8.22,7.21
2025-06-30 12:00:00,31.8,66,0.1,32.35,8.39,7.3
2025-06-30 13:00:00,31.0,73,0.0,31.65,8.65,7.35
2025-06-30 14:00:00,30.5,74,0.0,31.0,8.8,7.2
2025-06-30 15:00:00,30.0,76,0.0,30.4,8.96,7.0
2025-06-30 16:00:00,29.6,78,0.0,29.86,9.11,7.1
2025-06-30 17:00:00,29.4,81,0.0,29.42,9.26,7.25
2025-06-30 18:00:00,29.3,74,0.0,29.09,9.2,7.19
2025-06-30 19:00:00,29.0,69,0.0,28.76,9.18,7.08
2025-06-30 20:00:00,28.8,64,0.0,28.47,9.15,7.21
2025-06-30 21:00:00,28.5,64,0.0,28.18,9.21,7.13
2025-06-30 22:00:00,28.0,71,0.0,27.83,9.41,7.06
2025-06-30 23:00:00,27.8,73,0.0,27.52,9.51,7.21
2025-07-01 00:00:00,27.6,74,0.0,27.24,9.59,7.54
2025-07-01 01:00:00,30.4,53,0.0,27.89,9.08,7.43
2025-07-01 02:00:00,30.8,54,0.0,28.46,8.98,7.5
2025-07-01 03:00:00,31.9,49,0.0,29.19,8.74,7.55
2025-07-01 04:00:00,33.0,44,0.0,30.04,8.49,7.81
2025-07-01 05:00:00,33.6,42,0.0,30.81,8.3,7.8
2025-07-01 06:00:00,34.7,40,0.0,31.67,8.1,7.87
2025-07-01 07:00:00,36.2,36,0.0,32.73,7.83,7.61
2025-07-01 08:00:00,37.0,34,0.0,33.71,7.61,7.61
2025-07-01 09:00:00,37.2,35,0.0,34.46,7.48,7.38
2025-07-01 10:00:00,35.8,39,0.1,34.56,7.52,7.6
2025-07-01 11:00:00,29.3,63,0.9,32.68,8.27,7.24
2025-07-01 12:00:00,33.0,52,0.1,32.48,8.14,7.35
2025-07-01 13:00:00,29.8,69,0.0,31.37,8.64,7.16
2025-07-01 14:00:00,29.1,75,0.0,30.39,8.95,7.15
2025-07-01 15:00:00,29.0,76,0.0,29.67,9.12,7.07
2025-07-01 16:00:00,28.9,75,0.0,29.14,9.21,7.05
2025-07-01 17:00:00,28.7,76,0.0,28.71,9.32,7.03
2025-07-01 18:00:00,28.5,76,0.0,28.35,9.4,7.02
2025-07-01 19:00:00,28.8,66,0.0,28.18,9.25,7.17
2025-07-01 20:00:00,29.2,59,0.0,28.19,9.12,7.01
2025-07-01 21:00:00,28.6,63,0.0,28.01,9.23,7.19
2025-07-01 22:00:00,28.4,64,0.0,27.83,9.29,7.35
2025-07-01 23:00:00,28.2,64,0.0,27.64,9.33,7.25
2025-07-02 00:00:00,28.0,65,0.0,27.45,9.38,7.31
2025-07-02 01:00:00,29.2,60,0.0,27.67,9.25,7.44
2025-07-02 02:00:00,29.9,59,0.0,28.04,9.15,7.65
2025-07-02 03:00:00,31.0,57,0.0,28.63,9.0,7.61
2025-07-02 04:00:00,32.4,53,0.0,29.46,8.76,7.57
2025-07-02 05:00:00,33.8,48,0.0,30.46,8.47,7.69
2025-07-02 06:00:00,35.0,44,0.0,31.52,8.2,7.53
2025-07-02 07:00:00,36.2,41,0.0,32.63,7.93,7.69
2025-07-02 08:00:00,36.9,39,0.0,33.61,7.7,7.62
2025-07-02 09:00:00,36.3,38,0.0,34.12,7.59,7.5
2025-07-02 10:00:00,31.5,67,0.7,33.03,8.27,7.35
2025-07-02 11:00:00,30.6,65,0.4,32.0,8.45,7.3
2025-07-02 12:00:00,30.1,70,0.2,31.13,8.71,7.39
2025-07-02 13:00:00,29.4,79,0.0,30.31,9.03,7.4
2025-07-02 14:00:00,28.6,75,0.0,29.5,9.14,7.15
2025-07-02 15:00:00,27.3,74,0.0,28.54,9.32,7.21
2025-07-02 16:00:00,27.2,75,0.0,27.84,9.48,6.91
2025-07-02 17:00:00,27.2,76,0.0,27.35,9.61,7.04
2025-07-02 18:00:00,27.1,77,0.0,26.97,9.7,7.09
2025-07-02 19:00:00,27.1,77,0.0,26.71,9.76,7.01
2025-07-02 20:00:00,27.5,73,0.0,26.65,9.7,7.04
2025-07-02 21:00:00,27.5,73,0.0,26.6,9.71,7.12
2025-07-02 22:00:00,27.4,73,0.0,26.54,9.72,7.27
2025-07-02 23:00:00,27.5,72,0.0,26.53,9.7,7.3
2025-07-03 00:00:00,27.4,71,0.0,26.49,9.69,7.17
2025-07-03 01:00:00,27.4,74,0.0,26.46,9.75,7.26
2025-07-03 02:00:00,28.3,73,0.0,26.71,9.68,7.48
2025-07-03 03:00:00,29.9,67,0.0,27.37,9.44,7.64
2025-07-03 04:00:00,31.1,59,0.0,28.19,9.12,7.36
2025-07-03 05:00:00,31.9,56,0.0,29.0,8.91,7.61
2025-07-03 06:00:00,32.5,54,0.0,29.75,8.72,7.61
2025-07-03 07:00:00,32.8,53,0.0,30.37,8.58,7.78
2025-07-03 08:00:00,32.7,54,0.0,30.77,8.51,7.57
2025-07-03 09:00:00,32.5,54,0.0,30.99,8.47,7.6
2025-07-03 10:00:00,33.0,52,0.0,31.29,8.38,7.51
2025-07-03 11:00:00,32.5,55,0.0,31.35,8.41,7.21
2025-07-03 12:00:00,31.9,59,0.0,31.22,8.51,7.42
2025-07-03 13:00:00,31.1,60,0.0,30.88,8.59,7.3
2025-07-03 14:00:00,30.5,61,0.0,30.47,8.69,7.26
2025-07-03 15:00:00,29.9,60,0.0,30.0,8.77,7.54
2025-07-03 16:00:00,29.1,62,0.0,29.43,8.92,6.9
2025-07-03 17:00:00,28.2,66,0.0,28.76,9.13,7.26
2025-07-03 18:00:00,28.0,69,0.0,28.23,9.29,7.05
2025-07-03 19:00:00,28.0,70,0.0,27.86,9.39,7.12
2025-07-03 20:00:00,28.1,70,0.0,27.63,9.44,7.12
2025-07-03 21:00:00,28.0,69,0.0,27.44,9.46,7.13
2025-07-03 22:00:00,28.0,67,0.0,27.31,9.45,7.18
2025-07-03 23:00:00,27.6,68,0.0,27.1,9.51,7.34
2025-07-04 00:00:00,27.1,69,0.0,26.8,9.59,7.24
2025-07-04 01:00:00,28.7,60,0.0,27.07,9.37,7.54
2025-07-04 02:00:00,29.5,60,0.0,27.5,9.28,7.49
2025-07-04 03:00:00,30.7,57,0.0,28.16,9.09,7.48
2025-07-04 04:00:00,32.5,50,0.0,29.16,8.77,7.58
2025-07-04 05:00:00,33.5,47,0.0,30.16,8.52,7.77
2025-07-04 06:00:00,35.0,43,0.0,31.31,8.22,7.59
2025-07-04 07:00:00,36.3,40,0.0,32.51,7.94,7.66
2025-07-04 08:00:00,37.6,37,0.0,33.74,7.65,7.51
2025-07-04 09:00:00,38.2,34,0.0,34.78,7.4,7.6
2025-07-04 10:00:00,37.5,34,0.0,35.29,7.3,7.53
2025-07-04 11:00:00,36.7,35,0.0,35.42,7.29,7.57
2025-07-04 12:00:00,35.0,43,0.0,34.99,7.5,7.29
2025-07-04 13:00:00,33.3,50,0.0,34.18,7.76,7.31
2025-07-04 14:00:00,32.3,53,0.0,33.32,7.98,7.19
2025-07-04 15:00:00,31.8,56,0.0,32.56,8.18,7.25
2025-07-04 16:00:00,30.9,58,0.1,31.76,8.38,7.0
2025-07-04 17:00:00,29.9,63,0.0,30.9,8.64,7.14
2025-07-04 18:00:00,29.2,66,0.0,30.09,8.86,7.04
2025-07-04 19:00:00,28.8,72,0.0,29.41,9.1,7.07
2025-07-04 20:00:00,28.5,76,0.0,28.83,9.29,7.12
2025-07-04 21:00:00,28.4,75,0.0,28.4,9.37,7.19
2025-07-04 22:00:00,28.9,64,0.0,28.25,9.2,7.22
2025-07-04 23:00:00,28.8,61,0.0,28.12,9.17,7.32
2025-07-05 00:00:00,28.5,62,0.0,27.93,9.23,7.54
2025-07-05 01:00:00,28.9,63,0.0,27.92,9.25,7.56
2025-07-05 02:00:00,30.0,59,0.0,28.25,9.11,7.61
2025-07-05 03:00:00,31.3,55,0.0,28.86,8.92,7.54
2025-07-05 04:00:00,32.8,50,0.0,29.74,8.65,7.53
2025-07-05 05:00:00,34.3,46,0.0,30.81,8.37,7.74
2025-07-05 06:00:00,35.8,42,0.0,32.01,8.07,7.73
2025-07-05 07:00:00,37.2,39,0.0,33.27,7.77,7.76
2025-07-05 08:00:00,33.8,48,0.6,33.13,7.94,7.49
2025-07-05 09:00:00,36.2,41,0.1,33.75,7.71,7.5
2025-07-05 10:00:00,35.0,44,0.7,33.82,7.74,7.27
2025-07-05 11:00:00,35.7,42,0.0,34.09,7.66,7.36
2025-07-05 12:00:00,35.2,41,0.0,34.12,7.64,7.42
2025-07-05 13:00:00,35.6,38,0.0,34.26,7.56,7.19
2025-07-05 14:00:00,34.6,41,0.0,34.07,7.65,7.23
2025-07-05 15:00:00,32.9,58,0.0,33.42,8.04,7.09
2025-07-05 16:00:00,29.6,66,1.3,31.97,8.47,7.05
2025-07-05 17:00:00,28.3,72,0.0,30.57,8.86,6.95
2025-07-05 18:00:00,28.5,69,0.0,29.65,9.0,7.07
2025-07-05 19:00:00,29.3,64,0.0,29.24,9.0,6.78
2025-07-05 20:00:00,29.8,59,0.0,29.11,8.94,7.09
2025-07-05 21:00:00,29.6,59,0.0,28.96,8.97,7.0
2025-07-05 22:00:00,29.3,61,0.0,28.76,9.04,7.34
2025-07-05 23:00:00,29.0,61,0.0,28.53,9.09,7.37
2025-07-06 00:00:00,28.6,63,0.0,28.25,9.18,7.42
2025-07-06 01:00:00,29.9,58,0.0,28.45,9.05,7.61
2025-07-06 02:00:00,30.6,56,0.0,28.79,8.95,7.43
2025-07-06 03:00:00,31.5,52,0.0,29.3,8.77,7.75
2025-07-06 04:00:00,32.8,47,0.0,30.05,8.54,7.71
2025-07-06 05:00:00,34.2,44,0.0,31.0,8.3,7.62
2025-07-06 06:00:00,35.3,39,0.0,31.99,8.02,7.75
2025-07-06 07:00:00,37.0,35,0.0,33.19,7.72,7.51
2025-07-06 08:00:00,36.9,36,0.2,34.0,7.58,7.48
2025-07-06 09:00:00,37.8,32,0.0,34.84,7.36,7.46
2025-07-06 10:00:00,33.5,48,0.4,34.14,7.74,7.39
2025-07-06 11:00:00,31.9,56,0.4,33.17,8.06,7.27
2025-07-06 12:00:00,30.5,65,1.2,32.07,8.43,7.4
2025-07-06 13:00:00,32.8,46,0.0,31.99,8.14,7.24
2025-07-06 14:00:00,32.9,45,0.0,31.96,8.13,7.23
2025-07-06 15:00:00,33.0,45,0.0,31.97,8.12,7.07
2025-07-06 16:00:00,33.3,43,0.0,32.07,8.07,6.9
2025-07-06 17:00:00,32.7,45,0.0,31.96,8.13,7.08
2025-07-06 18:00:00,32.1,47,0.0,31.7,8.21,6.85
2025-07-06 19:00:00,31.4,50,0.0,31.31,8.34,7.05
2025-07-06 20:00:00,31.1,51,0.0,30.95,8.43,6.95
2025-07-06 21:00:00,30.9,52,0.0,30.63,8.51,7.34
2025-07-06 22:00:00,30.5,53,0.0,30.29,8.59,7.3
2025-07-06 23:00:00,30.0,55,0.0,29.91,8.71,7.29
2025-07-07 00:00:00,29.6,56,0.0,29.51,8.8,7.49
2025-07-07 01:00:00,30.3,51,0.0,29.45,8.73,7.36
2025-07-07 02:00:00,31.1,49,0.0,29.64,8.65,7.57
2025-07-07 03:00:00,32.3,47,0.0,30.14,8.52,7.59
2025-07-07 04:00:00,33.8,43,0.0,30.94,8.29,7.64
2025-07-07 05:00:00,35.2,39,0.0,31.92,8.04,7.76
2025-07-07 06:00:00,36.7,35,0.0,33.05,7.75,7.7
2025-07-07 07:00:00,37.4,34,0.0,34.06,7.54,7.64
2025-07-07 08:00:00,38.3,32,0.0,35.03,7.32,7.4
2025-07-07 09:00:00,37.7,33,0.0,35.53,7.24,7.42
2025-07-07 10:00:00,38.2,31,0.0,36.03,7.11,7.44
2025-07-07 11:00:00,38.2,30,0.0,36.38,7.03,7.38
2025-07-07 12:00:00,36.6,33,0.0,36.15,7.12,7.19
2025-07-07 13:00:00,32.8,59,0.1,34.84,7.77,7.47
2025-07-07 14:00:00,32.5,58,0.0,33.84,7.96,7.32
2025-07-07 15:00:00,32.0,64,0.0,32.99,8.23,7.18
2025-07-07 16:00:00,32.4,64,0.0,32.51,8.32,7.08
2025-07-07 17:00:00,32.5,54,0.0,32.21,8.22,7.03
2025-07-07 18:00:00,32.1,49,0.0,31.88,8.21,6.95
2025-07-07 19:00:00,32.1,46,0.0,31.64,8.21,7.06
2025-07-07 20:00:00,32.0,46,0.0,31.45,8.24,7.11
2025-07-07 21:00:00,31.4,48,0.0,31.14,8.34,7.01
2025-07-07 22:00:00,30.5,51,0.0,30.64,8.49,7.24
2025-07-07 23:00:00,29.9,53,0.0,30.12,8.63,7.27
2025-07-08 00:00:00,29.4,55,0.0,29.6,8.77,7.17
2025-07-08 01:00:00,30.1,55,0.0,29.45,8.8,7.36
2025-07-08 02:00:00,31.1,52,0.0,29.65,8.71,7.47
2025-07-08 03:00:00,32.7,48,0.0,30.26,8.51,7.76
2025-07-08 04:00:00,34.5,42,0.0,31.23,8.22,7.66
2025-07-08 05:00:00,36.2,38,0.0,32.42,7.92,7.49
2025-07-08 06:00:00,37.8,34,0.0,33.74,7.6,7.67
2025-07-08 07:00:00,39.3,31,0.0,35.11,7.29,7.44
2025-07-08 08:00:00,40.0,30,0.0,36.27,7.05,7.67
2025-07-08 09:00:00,37.8,37,0.0,36.43,7.12,7.46
2025-07-08 10:00:00,33.8,58,0.3,35.34,7.65,7.43
2025-07-08 11:00:00,32.5,63,0.1,34.19,7.96,7.52
2025-07-08 12:00:00,31.6,62,0.4,33.11,8.17,7.17
2025-07-08 13:00:00,31.1,67,0.1,32.21,8.44,7.11
2025-07-08 14:00:00,30.5,70,0.1,31.4,8.65,7.13
2025-07-08 15:00:00,30.8,71,0.2,30.92,8.77,7.23
2025-07-08 16:00:00,31.2,65,0.1,30.7,8.71,6.93
2025-07-08 17:00:00,28.2,65,0.0,29.65,8.93,6.79
2025-07-08 18:00:00,27.9,69,0.0,28.83,9.17,7.03
2025-07-08 19:00:00,27.9,70,0.0,28.25,9.31,7.14
2025-07-08 20:00:00,27.9,67,0.0,27.84,9.34,7.24
2025-07-08 21:00:00,27.9,68,0.0,27.56,9.42,7.13
2025-07-08 22:00:00,27.9,68,0.0,27.36,9.46,7.2
2025-07-08 23:00:00,27.7,68,0.0,27.16,9.5,7.43
2025-07-09 00:00:00,27.6,68,0.0,26.99,9.53,7.2
2025-07-09 01:00:00,27.4,78,0.0,26.82,9.75,7.43
2025-07-09 02:00:00,28.9,72,0.0,27.14,9.58,7.56
2025-07-09 03:00:00,31.0,60,0.0,28.0,9.18,7.64
2025-07-09 04:00:00,32.7,50,0.0,29.11,8.78,7.58
2025-07-09 05:00:00,34.2,45,0.0,30.34,8.45,7.65
2025-07-09 06:00:00,35.8,41,0.0,31.68,8.12,7.39
2025-07-09 07:00:00,37.0,38,0.0,32.97,7.81,7.55
2025-07-09 08:00:00,37.5,36,0.0,34.03,7.58,7.62
2025-07-09 09:00:00,37.3,35,0.0,34.71,7.43,7.43
2025-07-09 10:00:00,36.3,44,0.2,34.89,7.53,7.45
2025-07-09 11:00:00,35.2,54,0.2,34.68,7.72,7.42
2025-07-09 12:00:00,33.2,65,1.8,33.94,8.05,7.2
2025-07-09 13:00:00,33.8,49,0.1,33.6,7.87,7.26
2025-07-09 14:00:00,32.0,64,0.0,32.82,8.26,7.09
2025-07-09 15:00:00,31.6,66,0.0,32.15,8.43,7.11
2025-07-09 16:00:00,31.1,65,0.0,31.54,8.54,7.15
2025-07-09 17:00:00,30.5,63,0.2,30.93,8.63,7.06
2025-07-09 18:00:00,30.1,60,0.0,30.38,8.69,7.0
2025-07-09 19:00:00,29.4,62,0.0,29.78,8.85,7.09
2025-07-09 20:00:00,28.9,67,0.0,29.22,9.05,7.18
2025-07-09 21:00:00,28.5,70,0.0,28.7,9.21,6.96
2025-07-09 22:00:00,28.2,70,0.0,28.25,9.31,7.34
2025-07-09 23:00:00,27.9,71,0.0,27.85,9.41,7.27
2025-07-10 00:00:00,27.9,68,0.0,27.56,9.41,7.43
2025-07-10 01:00:00,29.6,61,0.0,27.87,9.22,7.58
2025-07-10 02:00:00,30.8,57,0.0,28.45,9.03,7.39
2025-07-10 03:00:00,32.1,52,0.0,29.25,8.79,7.51
2025-07-10 04:00:00,33.5,47,0.0,30.22,8.5,7.59
2025-07-10 05:00:00,34.7,44,0.0,31.27,8.25,7.56
2025-07-10 06:00:00,35.8,40,0.1,32.33,7.97,7.8
2025-07-10 07:00:00,36.2,39,0.1,33.19,7.79,7.52
2025-07-10 08:00:00,36.5,38,0.2,33.88,7.64,7.51
2025-07-10 09:00:00,34.7,47,0.3,33.83,7.79,7.53
2025-07-10 10:00:00,32.8,55,0.1,33.22,8.04,7.35
2025-07-10 11:00:00,32.2,54,0.2,32.61,8.14,7.36
2025-07-10 12:00:00,32.1,57,0.1,32.16,8.28,7.36
2025-07-10 13:00:00,30.9,71,0.1,31.48,8.65,7.23
2025-07-10 14:00:00,30.2,69,0.0,30.8,8.76,7.19
2025-07-10 15:00:00,30.0,74,0.0,30.26,8.96,7.09
2025-07-10 16:00:00,30.0,76,0.0,29.88,9.07,6.95
2025-07-10 17:00:00,30.0,74,0.0,29.62,9.09,7.11
2025-07-10 18:00:00,29.9,74,0.0,29.4,9.14,7.24
2025-07-10 19:00:00,29.5,73,0.0,29.13,9.18,7.08
2025-07-10 20:00:00,29.2,74,0.0,28.85,9.25,7.13
2025-07-10 21:00:00,29.3,69,0.0,28.69,9.2,7.23
2025-07-10 22:00:00,29.2,64,0.0,28.54,9.14,7.1
2025-07-10 23:00:00,29.0,62,0.0,28.38,9.14,7.47
2025-07-11 00:00:00,28.9,63,0.0,28.23,9.19,7.4
2025-07-11 01:00:00,29.9,65,0.0,28.43,9.18,7.62
2025-07-11 02:00:00,31.2,56,0.0,28.96,8.91,7.45
2025-07-11 03:00:00,32.5,50,0.0,29.72,8.66,7.76
2025-07-11 04:00:00,34.0,45,0.0,30.71,8.37,7.69
2025-07-11 05:00:00,35.5,40,0.0,31.85,8.07,7.69
2025-07-11 06:00:00,36.8,38,0.0,33.03,7.8,7.65
2025-07-11 07:00:00,37.5,36,0.0,34.07,7.57,7.58
2025-07-11 08:00:00,37.5,36,0.0,34.8,7.43,7.69
2025-07-11 09:00:00,34.1,49,0.3,34.29,7.73,7.52
2025-07-11 10:00:00,33.2,49,0.1,33.66,7.85,7.27
2025-07-11 11:00:00,34.0,51,0.0,33.46,7.92,7.29
2025-07-11 12:00:00,32.0,62,0.0,32.72,8.25,7.31
2025-07-11 13:00:00,31.9,61,0.0,32.18,8.34,7.29
2025-07-11 14:00:00,30.9,63,0.0,31.49,8.52,7.19
2025-07-11 15:00:00,30.5,76,0.0,30.9,8.86,7.26
2025-07-11 16:00:00,28.5,83,5.4,29.88,9.19,6.76
2025-07-11 17:00:00,28.9,89,0.1,29.28,9.43,7.08
2025-07-11 18:00:00,29.0,88,0.0,28.9,9.49,6.89
2025-07-11 19:00:00,28.9,85,0.0,28.6,9.5,7.16
2025-07-11 20:00:00,28.1,76,0.0,28.15,9.44,7.11
2025-07-11 21:00:00,27.6,76,0.0,27.68,9.53,7.21
2025-07-11 22:00:00,27.5,76,0.0,27.33,9.61,7.15
2025-07-11 23:00:00,27.4,76,0.0,27.05,9.67,7.44
2025-07-12 00:00:00,27.5,76,0.0,26.89,9.7,7.5
2025-07-12 01:00:00,28.4,77,0.0,27.04,9.69,7.53
2025-07-12 02:00:00,29.5,72,0.0,27.48,9.51,7.52
2025-07-12 03:00:00,31.5,59,0.0,28.38,9.08,7.65
2025-07-12 04:00:00,32.8,52,0.0,29.41,8.75,7.56
2025-07-12 05:00:00,34.4,46,0.0,30.61,8.41,7.73
2025-07-12 06:00:00,35.6,42,0.0,31.8,8.11,7.81
2025-07-12 07:00:00,36.6,39,0.0,32.94,7.84,7.73
2025-07-12 08:00:00,37.7,36,0.0,34.07,7.57,7.51
2025-07-12 09:00:00,37.5,36,0.0,34.8,7.43,7.56
2025-07-12 10:00:00,36.2,42,0.0,34.92,7.49,7.33
2025-07-12 11:00:00,26.1,88,14.2,31.97,8.83,7.26
2025-07-12 12:00:00,26.6,89,7.9,30.06,9.26,7.23
2025-07-12 13:00:00,30.8,66,0.0,29.98,8.88,7.1
2025-07-12 14:00:00,29.4,73,0.0,29.51,9.1,7.1
2025-07-12 15:00:00,29.0,76,0.0,29.06,9.25,7.13
2025-07-12 16:00:00,28.2,78,0.0,28.5,9.4,7.09
2025-07-12 17:00:00,27.9,78,0.0,28.02,9.5,6.97
2025-07-12 18:00:00,27.7,78,0.0,27.62,9.58,7.12
2025-07-12 19:00:00,27.5,79,0.0,27.29,9.67,7.12
2025-07-12 20:00:00,27.5,79,0.0,27.05,9.72,7.11
2025-07-12 21:00:00,27.4,78,0.0,26.86,9.75,7.1
2025-07-12 22:00:00,27.5,76,0.0,26.75,9.73,7.35
2025-07-12 23:00:00,27.4,73,0.0,26.64,9.7,7.48
2025-07-13 00:00:00,27.1,73,0.0,26.48,9.73,7.35
2025-07-13 01:00:00,28.5,66,0.0,26.79,9.54,7.41
2025-07-13 02:00:00,29.1,66,0.0,27.18,9.46,7.59
2025-07-13 03:00:00,30.2,65,0.0,27.79,9.31,7.56
2025-07-13 04:00:00,31.4,61,0.0,28.57,9.08,7.62
2025-07-13 05:00:00,32.5,58,0.0,29.45,8.85,7.73
2025-07-13 06:00:00,33.4,55,0.0,30.33,8.62,7.47
2025-07-13 07:00:00,34.2,52,0.0,31.19,8.39,7.77
2025-07-13 08:00:00,35.0,50,0.0,32.04,8.19,7.61
2025-07-13 09:00:00,34.6,49,0.0,32.51,8.08,7.51
2025-07-13 10:00:00,32.4,63,0.3,32.17,8.38,7.46
2025-07-13 11:00:00,29.6,72,0.4,31.1,8.75,7.4
2025-07-13 12:00:00,29.2,73,0.1,30.23,8.95,7.18
2025-07-13 13:00:00,29.0,77,0.0,29.56,9.16,7.44
2025-07-13 14:00:00,28.9,75,0.0,29.06,9.23,7.22
2025-07-13 15:00:00,28.5,77,0.0,28.59,9.36,7.21
2025-07-13 16:00:00,28.1,77,0.0,28.15,9.46,7.21
2025-07-13 17:00:00,28.0,76,0.0,27.8,9.51,6.99
2025-07-13 18:00:00,27.9,75,0.0,27.53,9.55,7.13
2025-07-13 19:00:00,27.0,75,0.0,27.07,9.64,7.07
2025-07-13 20:00:00,26.5,79,0.0,26.6,9.82,7.22
2025-07-13 21:00:00,26.3,80,0.0,26.21,9.92,6.97
2025-07-13 22:00:00,26.1,82,0.0,25.88,10.03,7.24
2025-07-13 23:00:00,26.2,81,0.0,25.67,10.05,7.27
2025-07-14 00:00:00,26.6,79,0.0,25.65,10.02,7.45
2025-07-14 01:00:00,28.1,74,0.0,26.09,9.83,7.52
2025-07-14 02:00:00,29.1,72,0.0,26.69,9.67,7.47
2025-07-14 03:00:00,30.6,64,0.0,27.56,9.34,7.53
2025-07-14 04:00:00,31.9,57,0.0,28.56,9.01,7.62
2025-07-14 05:00:00,33.0,53,0.0,29.6,8.73,7.56
2025-07-14 06:00:00,34.2,49,0.0,30.68,8.45,7.74
2025-07-14 07:00:00,34.8,48,0.0,31.61,8.24,7.6
2025-07-14 08:00:00,35.5,45,0.0,32.48,8.02,7.3
2025-07-14 09:00:00,32.8,55,0.9,32.28,8.23,7.46
2025-07-14 10:00:00,34.3,50,0.0,32.58,8.08,7.38
2025-07-14 11:00:00,30.6,64,2.1,31.69,8.49,7.17
2025-07-14 12:00:00,29.0,75,0.2,30.58,8.91,7.22
2025-07-14 13:00:00,31.0,72,0.0,30.41,8.89,7.29
2025-07-14 14:00:00,30.3,76,0.0,30.08,9.03,7.34
2025-07-14 15:00:00,30.0,74,0.0,29.75,9.06,7.18
2025-07-14 16:00:00,29.6,72,0.0,29.41,9.1,7.05
2025-07-14 17:00:00,28.0,75,2.0,28.68,9.31,7.04
2025-07-14 18:00:00,26.8,83,0.0,27.82,9.63,7.04
2025-07-14 19:00:00,26.5,84,0.0,27.12,9.8,7.03
2025-07-14 20:00:00,26.7,86,0.0,26.7,9.93,7.02
2025-07-14 21:00:00,27.1,80,0.0,26.52,9.85,7.01
2025-07-14 22:00:00,27.4,73,0.0,26.48,9.73,7.21
2025-07-14 23:00:00,27.4,71,0.0,26.46,9.7,7.33
2025-07-15 00:00:00,27.3,70,0.0,26.41,9.69,7.39
2025-07-15 01:00:00,28.2,66,0.0,26.65,9.57,7.43
2025-07-15 02:00:00,29.5,61,0.0,27.2,9.36,7.44
2025-07-15 03:00:00,30.8,58,0.0,27.98,9.15,7.65
2025-07-15 04:00:00,32.2,53,0.0,28.95,8.86,7.5
2025-07-15 05:00:00,33.5,50,0.0,30.01,8.6,7.73
2025-07-15 06:00:00,35.0,46,0.0,31.21,8.29,7.55
2025-07-15 07:00:00,36.2,43,0.0,32.41,8.01,7.55
2025-07-15 08:00:00,37.0,40,0.0,33.48,7.75,7.44
2025-07-15 09:00:00,37.2,40,0.0,34.3,7.59,7.48
2025-07-15 10:00:00,32.6,57,1.2,33.49,8.01,7.51
2025-07-15 11:00:00,32.1,62,0.0,32.77,8.24,7.46
2025-07-15 12:00:00,31.0,66,0.0,31.94,8.47,7.44
2025-07-15 13:00:00,31.6,67,0.0,31.54,8.57,7.32
2025-07-15 14:00:00,31.4,66,0.0,31.2,8.63,7.09
2025-07-15 15:00:00,30.8,69,0.0,30.78,8.77,7.11
2025-07-15 16:00:00,30.4,70,0.0,30.36,8.87,7.02
2025-07-15 17:00:00,28.8,74,0.6,29.6,9.1,7.17
2025-07-15 18:00:00,28.1,78,0.0,28.85,9.33,6.95
2025-07-15 19:00:00,28.5,76,0.0,28.44,9.37,7.18
2025-07-15 20:00:00,28.3,78,0.0,28.1,9.48,7.21
2025-07-15 21:00:00,28.0,79,0.0,27.77,9.57,7.35
2025-07-15 22:00:00,28.1,72,0.0,27.57,9.49,7.19
2025-07-15 23:00:00,28.3,65,0.0,27.49,9.38,7.38
2025-07-16 00:00:00,27.9,66,0.0,27.31,9.43,7.62
2025-07-16 01:00:00,29.2,63,0.0,27.58,9.32,7.4
2025-07-16 02:00:00,30.4,59,0.0,28.12,9.14,7.38
2025-07-16 03:00:00,31.9,53,0.0,28.96,8.86,7.39
2025-07-16 04:00:00,33.4,48,0.0,29.99,8.57,7.69
2025-07-16 05:00:00,35.0,43,0.0,31.19,8.24,7.45
2025-07-16 06:00:00,36.2,40,0.0,32.4,7.96,7.6
2025-07-16 07:00:00,36.8,38,0.0,33.42,7.73,7.66
2025-07-16 08:00:00,35.3,45,0.4,33.68,7.79,7.57
2025-07-16 09:00:00,33.8,50,0.3,33.42,7.92,7.56
2025-07-16 10:00:00,33.7,52,0.2,33.2,7.99,7.49
2025-07-16 11:00:00,33.2,53,0.0,32.9,8.07,7.54
2025-07-16 12:00:00,31.5,61,0.0,32.18,8.34,7.24
2025-07-16 13:00:00,30.9,63,0.0,31.5,8.52,7.2
2025-07-16 14:00:00,30.6,70,0.0,30.93,8.75,7.12
2025-07-16 15:00:00,29.6,72,0.9,30.23,8.93,7.18
2025-07-16 16:00:00,26.2,89,11.4,28.72,9.55,7.0
2025-07-16 17:00:00,26.1,90,1.6,27.63,9.8,7.06
2025-07-16 18:00:00,26.0,92,1.4,26.84,10.01,7.14
2025-07-16 19:00:00,25.9,94,0.4,26.26,10.17,6.96
2025-07-16 20:00:00,25.5,94,0.2,25.73,10.29,7.3
2025-07-16 21:00:00,25.6,92,0.1,25.39,10.32,7.34
2025-07-16 22:00:00,25.6,92,0.2,25.15,10.37,7.32
2025-07-16 23:00:00,25.7,93,1.2,25.02,10.42,7.45
2025-07-17 00:00:00,25.8,92,0.1,24.95,10.42,7.24
2025-07-17 01:00:00,27.5,77,0.0,25.42,10.03,7.43
2025-07-17 02:00:00,28.5,75,0.0,26.04,9.86,7.48
2025-07-17 03:00:00,30.0,69,0.0,26.93,9.56,7.67
2025-07-17 04:00:00,31.8,61,0.0,28.09,9.18,7.53
2025-07-17 05:00:00,33.4,53,0.0,29.38,8.78,7.73
2025-07-17 06:00:00,34.3,50,0.0,30.56,8.49,7.79
2025-07-17 07:00:00,34.5,50,0.0,31.44,8.31,7.7
2025-07-17 08:00:00,33.3,56,0.9,31.7,8.36,7.58
2025-07-17 09:00:00,30.5,73,0.1,31.04,8.78,7.46
2025-07-17 10:00:00,30.4,72,0.6,30.55,8.86,7.38
2025-07-17 11:00:00,30.2,74,0.3,30.14,8.98,7.54
2025-07-17 12:00:00,29.9,76,0.0,29.77,9.1,7.44
2025-07-17 13:00:00,28.4,82,0.2,29.06,9.35,7.27
2025-07-17 14:00:00,28.4,83,0.1,28.56,9.47,7.17
2025-07-17 15:00:00,28.1,84,0.0,28.12,9.59,6.96
2025-07-17 16:00:00,28.0,83,0.0,27.79,9.64,7.02
2025-07-17 17:00:00,27.9,80,0.0,27.52,9.64,7.29
2025-07-17 18:00:00,27.5,81,0.0,27.21,9.72,6.96
2025-07-17 19:00:00,27.1,83,0.0,26.88,9.83,7.12
2025-07-17 20:00:00,27.0,83,0.0,26.62,9.89,7.23
2025-07-17 21:00:00,26.8,83,0.4,26.37,9.94,7.03
2025-07-17 22:00:00,26.5,85,0.6,26.11,10.03,7.23
2025-07-17 23:00:00,26.1,88,0.4,25.81,10.16,7.39
2025-07-18 00:00:00,26.0,88,0.1,25.56,10.21,7.4
2025-07-18 01:00:00,26.0,90,0.1,25.4,10.28,7.76
2025-07-18 02:00:00,26.9,89,0.0,25.55,10.23,7.39
2025-07-18 03:00:00,28.4,82,0.0,26.1,9.98,7.72
2025-07-18 04:00:00,29.5,73,0.1,26.82,9.66,7.63
2025-07-18 05:00:00,30.2,69,0.0,27.54,9.44,7.75
2025-07-18 06:00:00,31.0,67,0.0,28.27,9.25,7.72
2025-07-18 07:00:00,31.4,64,0.1,28.91,9.06,7.58
2025-07-18 08:00:00,31.5,65,0.0,29.39,8.98,7.65
2025-07-18 09:00:00,31.5,66,0.0,29.72,8.93,7.39
2025-07-18 10:00:00,29.9,75,0.7,29.48,9.14,7.53
2025-07-18 11:00:00,29.7,76,0.1,29.24,9.21,7.47
2025-07-18 12:00:00,29.3,78,0.1,28.96,9.3,7.43
2025-07-18 13:00:00,28.1,86,0.0,28.4,9.56,7.4
2025-07-18 14:00:00,27.8,88,0.0,27.92,9.7,7.27
2025-07-18 15:00:00,27.9,89,0.0,27.61,9.79,7.19
2025-07-18 16:00:00,28.0,88,0.0,27.43,9.81,7.04
2025-07-18 17:00:00,28.1,87,0.0,27.33,9.81,7.03
2025-07-18 18:00:00,25.6,88,6.5,26.51,10.0,7.05
2025-07-18 19:00:00,25.3,90,1.1,25.85,10.18,7.2
2025-07-18 20:00:00,25.1,92,0.5,25.32,10.34,7.09
2025-07-18 21:00:00,25.2,91,0.0,24.99,10.39,7.2
2025-07-18 22:00:00,25.0,92,0.0,24.69,10.47,7.17
2025-07-18 23:00:00,25.2,91,0.0,24.54,10.49,7.45
2025-07-19 00:00:00,25.5,89,0.0,24.53,10.45,7.48
2025-07-19 01:00:00,26.0,87,1.6,24.67,10.38,7.61
2025-07-19 02:00:00,26.2,88,0.7,24.83,10.37,7.43
2025-07-19 03:00:00,26.6,87,1.2,25.06,10.3,7.52
2025-07-19 04:00:00,27.0,86,0.6,25.34,10.22,7.65
2025-07-19 05:00:00,27.8,83,0.9,25.78,10.07,7.71
2025-07-19 06:00:00,28.0,81,0.3,26.15,9.95,7.66
2025-07-19 07:00:00,29.2,77,0.1,26.76,9.75,7.59
2025-07-19 08:00:00,30.1,73,0.0,27.46,9.53,7.73
2025-07-19 09:00:00,30.8,70,0.0,28.16,9.33,7.66
2025-07-19 10:00:00,30.9,67,0.0,28.69,9.16,7.43
2025-07-19 11:00:00,31.1,63,0.0,29.11,9.01,7.58
2025-07-19 12:00:00,30.1,71,0.0,29.11,9.15,7.49
2025-07-19 13:00:00,29.0,77,0.0,28.77,9.32,7.31
2025-07-19 14:00:00,28.1,81,0.0,28.27,9.5,7.24
2025-07-19 15:00:00,27.7,82,0.0,27.8,9.62,7.23
2025-07-19 16:00:00,27.6,80,0.0,27.44,9.66,7.04
2025-07-19 17:00:00,27.1,80,0.0,27.04,9.74,7.1
2025-07-19 18:00:00,26.8,79,0.0,26.67,9.8,6.88
2025-07-19 19:00:00,26.6,80,0.0,26.35,9.89,7.19
2025-07-19 20:00:00,26.6,81,0.0,26.12,9.96,6.98
2025-07-19 21:00:00,26.6,80,0.0,25.97,9.97,7.34
2025-07-19 22:00:00,26.9,77,0.0,25.95,9.92,7.22
2025-07-19 23:00:00,26.8,76,0.0,25.9,9.91,7.3
2025-07-20 00:00:00,26.8,76,0.0,25.87,9.92,7.34
2025-07-20 01:00:00,27.8,72,0.0,26.15,9.78,7.45
2025-07-20 02:00:00,28.4,70,0.0,26.53,9.67,7.69
2025-07-20 03:00:00,29.1,70,0.0,27.0,9.57,7.35
2025-07-20 04:00:00,29.6,69,0.0,27.48,9.45,7.77
2025-07-20 05:00:00,30.4,67,0.0,28.05,9.29,7.7
2025-07-20 06:00:00,30.6,66,0.0,28.52,9.18,7.55
2025-07-20 07:00:00,31.3,63,0.0,29.05,9.02,7.55
2025-07-20 08:00:00,31.8,62,0.0,29.58,8.89,7.79
2025-07-20 09:00:00,32.5,60,0.0,30.15,8.74,7.48
2025-07-20 10:00:00,32.4,60,0.2,30.53,8.66,7.37
2025-07-20 11:00:00,31.6,64,0.0,30.55,8.73,7.55
2025-07-20 12:00:00,31.1,67,0.0,30.41,8.81,7.39
2025-07-20 13:00:00,29.5,72,0.0,29.84,9.01,7.19
2025-07-20 14:00:00,29.0,73,0.0,29.29,9.14,7.24
2025-07-20 15:00:00,28.5,75,0.0,28.75,9.29,7.06
2025-07-20 16:00:00,28.0,77,0.0,28.23,9.44,7.23
2025-07-20 17:00:00,27.8,78,0.0,27.8,9.55,7.2
2025-07-20 18:00:00,27.4,78,0.0,27.38,9.64,7.14
2025-07-20 19:00:00,27.4,77,0.0,27.09,9.68,7.14
2025-07-20 20:00:00,27.2,76,0.0,26.82,9.72,7.31
2025-07-20 21:00:00,27.0,77,0.0,26.57,9.79,7.18
2025-07-20 22:00:00,26.6,79,0.0,26.28,9.89,7.13
2025-07-20 23:00:00,26.6,79,0.0,26.08,9.93,7.37
2025-07-21 00:00:00,26.2,83,0.1,25.81,10.06,7.6
2025-07-21 01:00:00,26.0,87,0.5,25.57,10.19,7.35
2025-07-21 02:00:00,26.0,87,0.5,25.4,10.22,7.49
2025-07-21 03:00:00,26.8,86,0.2,25.52,10.18,7.64
2025-07-21 04:00:00,27.4,82,0.1,25.78,10.05,7.65
2025-07-21 05:00:00,27.5,81,0.2,26.0,9.98,7.58
2025-07-21 06:00:00,28.8,75,0.3,26.54,9.76,7.79
2025-07-21 07:00:00,29.2,73,0.1,27.04,9.62,7.9
2025-07-21 08:00:00,29.6,73,0.1,27.51,9.52,7.66
2025-07-21 09:00:00,29.0,77,0.3,27.65,9.56,7.48
2025-07-21 10:00:00,29.3,77,0.1,27.85,9.52,7.37
2025-07-21 11:00:00,30.0,72,0.0,28.19,9.36,7.48
2025-07-21 12:00:00,29.6,76,0.0,28.32,9.4,7.49
2025-07-21 13:00:00,28.0,83,0.0,27.92,9.61,7.35
2025-07-21 14:00:00,27.5,84,0.0,27.49,9.72,7.23
2025-07-21 15:00:00,27.6,82,0.0,27.23,9.74,7.12
2025-07-21 16:00:00,27.7,79,0.0,27.07,9.72,7.02
2025-07-21 17:00:00,27.6,79,0.0,26.93,9.75,7.18
2025-07-21 18:00:00,27.1,80,0.0,26.68,9.82,7.18
2025-07-21 19:00:00,27.0,79,0.0,26.48,9.84,6.95
2025-07-21 20:00:00,26.7,81,0.0,26.24,9.93,7.3
2025-07-21 21:00:00,26.6,79,0.0,26.05,9.93,7.24
2025-07-21 22:00:00,26.5,77,0.0,25.89,9.93,7.39
2025-07-21 23:00:00,26.3,78,0.0,25.71,9.99,7.19
2025-07-22 00:00:00,26.2,77,0.0,25.56,10.0,7.27
2025-07-22 01:00:00,26.5,75,0.0,25.54,9.97,7.47
2025-07-22 02:00:00,27.2,74,0.0,25.74,9.91,7.6
2025-07-22 03:00:00,28.4,73,0.0,26.24,9.78,7.79
2025-07-22 04:00:00,29.6,68,0.0,26.95,9.54,7.72
2025-07-22 05:00:00,30.9,62,0.0,27.83,9.25,7.65
2025-07-22 06:00:00,31.6,60,0.0,28.66,9.04,7.57
2025-07-22 07:00:00,31.1,60,0.2,29.09,8.96,7.77
2025-07-22 08:00:00,32.0,58,0.0,29.67,8.81,7.53
2025-07-22 09:00:00,30.8,66,0.7,29.71,8.94,7.7
2025-07-22 10:00:00,30.2,71,0.2,29.55,9.05,7.47
2025-07-22 11:00:00,31.5,65,0.0,29.84,8.89,7.6
2025-07-22 12:00:00,30.0,70,0.0,29.59,9.03,7.43
2025-07-22 13:00:00,29.6,65,0.0,29.29,9.0,7.28
2025-07-22 14:00:00,29.0,68,0.0,28.9,9.14,7.17
2025-07-22 15:00:00,29.0,68,0.0,28.63,9.19,7.13
2025-07-22 16:00:00,28.7,66,0.0,28.35,9.22,7.16
2025-07-22 17:00:00,28.2,68,0.0,28.01,9.32,7.1
2025-07-22 18:00:00,27.5,71,0.0,27.55,9.47,7.03
2025-07-22 19:00:00,27.5,70,0.0,27.24,9.52,7.08
2025-07-22 20:00:00,27.4,69,0.0,26.99,9.55,7.14
2025-07-22 21:00:00,27.1,69,0.0,26.72,9.61,6.97
2025-07-22 22:00:00,27.0,69,0.0,26.5,9.65,7.29
2025-07-22 23:00:00,26.8,71,0.0,26.29,9.73,7.22
2025-07-23 00:00:00,26.6,72,0.0,26.09,9.8,7.28
2025-07-23 01:00:00,26.7,73,0.0,25.97,9.84,7.31
2025-07-23 02:00:00,27.5,71,0.0,26.13,9.77,7.37
2025-07-23 03:00:00,28.1,70,0.0,26.42,9.69,7.47
2025-07-23 04:00:00,27.2,78,0.2,26.35,9.85,7.57
2025-07-23 05:00:00,28.5,74,0.0,26.7,9.7,7.88
2025-07-23 06:00:00,28.9,72,0.0,27.06,9.59,7.64
2025-07-23 07:00:00,28.6,74,0.2,27.22,9.6,7.68
2025-07-23 08:00:00,28.8,74,0.1,27.39,9.56,7.68
2025-07-23 09:00:00,28.5,78,0.2,27.43,9.63,7.6
2025-07-23 10:00:00,29.0,77,0.0,27.6,9.57,7.53
2025-07-23 11:00:00,29.5,74,0.0,27.87,9.46,7.34
2025-07-23 12:00:00,29.5,73,0.0,28.06,9.4,7.52
2025-07-23 13:00:00,28.1,87,0.0,27.77,9.72,7.49
2025-07-23 14:00:00,27.1,85,0.1,27.27,9.79,7.06
2025-07-23 15:00:00,26.3,87,0.1,26.68,9.95,7.07
2025-07-23 16:00:00,25.5,93,2.0,26.03,10.2,7.02
2025-07-23 17:00:00,25.6,92,0.9,25.6,10.28,6.97
2025-07-23 18:00:00,25.5,91,0.0,25.27,10.33,7.16
2025-07-23 19:00:00,25.4,91,0.0,25.01,10.39,7.05
2025-07-23 20:00:00,25.5,88,0.2,24.86,10.36,7.35
2025-07-23 21:00:00,25.5,86,0.6,24.75,10.35,7.28
2025-07-23 22:00:00,25.2,86,0.1,24.58,10.38,7.28
2025-07-23 23:00:00,25.1,86,0.1,24.44,10.41,7.43
2025-07-24 00:00:00,24.9,87,0.3,24.28,10.47,7.51
2025-07-24 01:00:00,25.0,88,1.0,24.19,10.5,7.38
2025-07-24 02:00:00,25.6,86,0.3,24.32,10.44,7.46
2025-07-24 03:00:00,26.2,82,0.0,24.58,10.3,7.63
2025-07-24 04:00:00,28.0,76,0.0,25.31,10.03,7.75
2025-07-24 05:00:00,29.0,69,0.0,26.11,9.73,7.7
2025-07-24 06:00:00,29.5,65,0.0,26.83,9.51,7.53
2025-07-24 07:00:00,31.0,58,0.0,27.78,9.19,7.59
2025-07-24 08:00:00,31.3,58,0.0,28.54,9.03,7.63
2025-07-24 09:00:00,31.0,59,0.0,28.98,8.96,7.57
2025-07-24 10:00:00,30.6,62,0.0,29.16,8.98,7.72
2025-07-24 11:00:00,30.5,65,0.0,29.26,9.01,7.31
2025-07-24 12:00:00,29.5,69,0.0,29.03,9.13,7.42
2025-07-24 13:00:00,29.1,81,0.0,28.75,9.4,7.44
2025-07-24 14:00:00,28.5,81,0.0,28.38,9.48,7.45
2025-07-24 15:00:00,28.1,83,0.0,27.99,9.6,7.13
2025-07-24 16:00:00,27.9,75,0.0,27.67,9.52,7.17
2025-07-24 17:00:00,26.4,79,0.0,26.99,9.74,7.16
2025-07-24 18:00:00,26.4,79,0.0,26.51,9.84,7.11
2025-07-24 19:00:00,26.1,81,0.0,26.09,9.96,7.1
2025-07-24 20:00:00,26.2,81,0.0,25.82,10.02,7.19
2025-07-24 21:00:00,26.5,79,0.0,25.72,10.0,6.94
2025-07-24 22:00:00,26.5,77,0.0,25.66,9.98,7.32
2025-07-24 23:00:00,26.6,76,0.0,25.64,9.96,7.34
2025-07-25 00:00:00,26.3,77,0.1,25.54,10.0,7.37
2025-07-25 01:00:00,26.7,79,0.0,25.59,10.03,7.69
2025-07-25 02:00:00,27.5,77,0.0,25.86,9.94,7.48
2025-07-25 03:00:00,28.3,73,0.0,26.29,9.77,7.57
2025-07-25 04:00:00,29.2,71,0.0,26.86,9.61,7.85
2025-07-25 05:00:00,30.1,67,0.0,27.54,9.4,7.59
2025-07-25 06:00:00,31.5,59,0.0,28.42,9.08,7.62
2025-07-25 07:00:00,31.8,58,0.1,29.14,8.91,7.64
2025-07-25 08:00:00,30.9,64,0.1,29.37,8.97,7.7
2025-07-25 09:00:00,31.0,65,0.0,29.56,8.95,7.6
2025-07-25 10:00:00,31.4,59,0.3,29.81,8.79,7.36
2025-07-25 11:00:00,27.5,84,0.7,28.82,9.44,7.35
2025-07-25 12:00:00,28.0,83,0.0,28.27,9.54,7.32
2025-07-25 13:00:00,29.1,74,0.0,28.22,9.39,7.29
2025-07-25 14:00:00,29.0,69,0.0,28.15,9.31,7.27
2025-07-25 15:00:00,29.0,62,0.0,28.11,9.19,7.21
2025-07-25 16:00:00,28.6,62,0.0,27.96,9.23,6.94
2025-07-25 17:00:00,28.1,64,0.0,27.7,9.31,7.2
2025-07-25 18:00:00,27.7,66,0.0,27.4,9.41,7.11
2025-07-25 19:00:00,27.9,65,0.0,27.25,9.42,7.24
2025-07-25 20:00:00,27.5,67,0.0,27.02,9.51,7.17
2025-07-25 21:00:00,26.2,74,0.0,26.48,9.75,7.29
2025-07-25 22:00:00,25.7,77,0.2,25.94,9.92,7.28
2025-07-25 23:00:00,25.6,80,0.6,25.54,10.06,7.42
2025-07-26 00:00:00,26.2,73,0.0,25.44,9.95,7.46
2025-07-26 01:00:00,27.1,71,0.0,25.64,9.87,7.47
2025-07-26 02:00:00,27.5,70,0.0,25.9,9.8,7.78
2025-07-26 03:00:00,28.6,67,0.0,26.41,9.64,7.7
2025-07-26 04:00:00,30.3,63,0.0,27.27,9.38,7.7
2025-07-26 05:00:00,31.7,55,0.0,28.3,9.03,7.54
2025-07-26 06:00:00,32.5,52,0.0,29.26,8.78,7.54
2025-07-26 07:00:00,33.0,49,0.0,30.08,8.57,7.68
2025-07-26 08:00:00,34.2,46,0.0,31.02,8.33,7.62
2025-07-26 09:00:00,33.3,51,0.0,31.4,8.34,7.5
2025-07-26 10:00:00,33.5,52,0.0,31.73,8.29,7.51
2025-07-26 11:00:00,31.6,61,0.3,31.39,8.5,7.56
2025-07-26 12:00:00,31.6,67,0.0,31.15,8.65,7.42
2025-07-26 13:00:00,30.9,61,0.0,30.78,8.63,7.16
2025-07-26 14:00:00,29.4,63,0.0,30.06,8.81,7.2
2025-07-26 15:00:00,28.6,67,0.0,29.33,9.03,7.07
2025-07-26 16:00:00,29.2,62,0.0,28.99,9.01,7.07
2025-07-26 17:00:00,28.2,69,0.0,28.45,9.25,7.04
2025-07-26 18:00:00,27.6,72,0.0,27.9,9.42,7.03
2025-07-26 19:00:00,27.1,76,0.0,27.36,9.6,6.97
2025-07-26 20:00:00,26.9,76,0.0,26.92,9.7,7.12
2025-07-26 21:00:00,26.6,76,0.0,26.52,9.78,7.13
2025-07-26 22:00:00,26.6,76,0.0,26.25,9.84,6.95
2025-07-26 23:00:00,26.5,75,0.0,26.02,9.87,7.53
2025-07-27 00:00:00,26.3,75,0.0,25.81,9.91,7.51
2025-07-27 01:00:00,27.1,71,0.1,25.89,9.82,7.43
2025-07-27 02:00:00,27.4,71,0.0,26.05,9.79,7.55
2025-07-27 03:00:00,27.9,70,0.0,26.3,9.71,7.49
2025-07-27 04:00:00,28.6,68,0.0,26.69,9.6,7.82
2025-07-27 05:00:00,29.2,65,0.0,27.14,9.45,7.87
2025-07-27 06:00:00,31.0,58,0.0,28.0,9.14,7.7
2025-07-27 07:00:00,33.0,49,0.0,29.2,8.74,7.76
2025-07-27 08:00:00,33.6,47,0.0,30.22,8.5,7.64
2025-07-27 09:00:00,34.2,43,0.0,31.11,8.26,7.43
2025-07-27 10:00:00,34.8,41,0.0,31.92,8.07,7.45
2025-07-27 11:00:00,34.2,46,0.0,32.3,8.07,7.43
2025-07-27 12:00:00,33.5,48,0.0,32.36,8.09,7.29
2025-07-27 13:00:00,31.1,56,0.0,31.68,8.36,7.24
2025-07-27 14:00:00,30.7,56,0.0,31.09,8.48,7.19
2025-07-27 15:00:00,29.7,61,0.0,30.37,8.71,7.14
2025-07-27 16:00:00,28.9,65,0.0,29.63,8.93,7.11
2025-07-27 17:00:00,28.2,67,0.0,28.9,9.12,6.98
2025-07-27 18:00:00,28.1,66,0.0,28.36,9.21,7.0
2025-07-27 19:00:00,28.1,65,0.0,27.98,9.27,6.96
2025-07-27 20:00:00,27.9,65,0.0,27.66,9.34,7.22
2025-07-27 21:00:00,27.4,65,0.0,27.28,9.42,6.96
2025-07-27 22:00:00,26.4,71,0.0,26.72,9.65,7.36
2025-07-27 23:00:00,25.9,74,0.0,26.17,9.82,7.46
2025-07-28 00:00:00,25.6,73,0.0,25.7,9.9,7.37
2025-07-28 01:00:00,26.9,64,0.0,25.76,9.71,7.22
2025-07-28 02:00:00,27.9,63,0.0,26.1,9.62,7.51
2025-07-28 03:00:00,29.5,58,0.0,26.82,9.38,7.6
2025-07-28 04:00:00,30.9,54,0.0,27.74,9.12,7.54
2025-07-28 05:00:00,32.5,48,0.0,28.87,8.79,7.61
2025-07-28 06:00:00,33.4,45,0.0,29.93,8.53,7.81
2025-07-28 07:00:00,35.0,40,0.0,31.15,8.2,7.7
2025-07-28 08:00:00,35.7,38,0.0,32.22,7.96,7.51
2025-07-28 09:00:00,35.8,38,0.0,32.99,7.81,7.38
2025-07-28 10:00:00,35.7,39,0.0,33.5,7.73,7.44
2025-07-28 11:00:00,34.7,42,0.0,33.56,7.76,7.38
2025-07-28 12:00:00,32.5,56,0.0,32.94,8.11,7.38
2025-07-28 13:00:00,32.2,54,0.0,32.42,8.18,7.2
2025-07-28 14:00:00,30.8,63,0.0,31.63,8.49,7.24
2025-07-28 15:00:00,30.7,58,0.0,31.05,8.52,7.33
2025-07-28 16:00:00,30.6,55,0.0,30.62,8.56,7.18
2025-07-28 17:00:00,30.4,56,0.0,30.25,8.65,7.06
2025-07-28 18:00:00,29.8,57,0.0,29.82,8.76,7.04
2025-07-28 19:00:00,29.2,59,0.0,29.33,8.89,7.04
2025-07-28 20:00:00,28.8,59,0.0,28.87,8.98,7.23
2025-07-28 21:00:00,28.4,58,0.0,28.43,9.06,7.1
2025-07-28 22:00:00,27.6,59,0.0,27.88,9.19,7.24
2025-07-28 23:00:00,27.2,59,0.0,27.38,9.29,7.31
2025-07-29 00:00:00,26.9,60,0.0,26.93,9.4,7.34
2025-07-29 01:00:00,28.0,56,0.0,26.95,9.32,7.33
2025-07-29 02:00:00,28.8,55,0.0,27.21,9.25,7.57
2025-07-29 03:00:00,30.1,53,0.0,27.78,9.1,7.59
2025-07-29 04:00:00,31.5,50,0.0,28.59,8.88,7.68
2025-07-29 05:00:00,33.6,44,0.0,29.79,8.54,7.6
2025-07-29 06:00:00,35.2,38,0.0,31.12,8.18,7.77
2025-07-29 07:00:00,36.5,35,0.0,32.43,7.87,7.54
2025-07-29 08:00:00,36.5,35,0.0,33.35,7.69,7.76
2025-07-29 09:00:00,37.3,34,0.0,34.24,7.5,7.36
2025-07-29 10:00:00,36.7,36,0.0,34.68,7.45,7.51
2025-07-29 11:00:00,37.0,35,0.0,35.07,7.36,7.43
2025-07-29 12:00:00,36.3,37,0.0,35.14,7.37,7.23
2025-07-29 13:00:00,33.3,49,0.0,34.29,7.73,7.28
2025-07-29 14:00:00,32.0,61,0.0,33.3,8.11,7.3
2025-07-29 15:00:00,31.5,61,0.0,32.46,8.29,6.9
2025-07-29 16:00:00,31.4,56,0.0,31.84,8.33,7.13
2025-07-29 17:00:00,27.9,67,0.0,30.36,8.82,6.82
2025-07-29 18:00:00,28.1,69,0.0,29.38,9.06,6.97
2025-07-29 19:00:00,28.8,65,0.0,28.91,9.08,7.24
2025-07-29 20:00:00,28.5,65,0.0,28.49,9.17,7.06
2025-07-29 21:00:00,28.2,64,0.0,28.1,9.23,7.05
2025-07-29 22:00:00,27.8,64,0.0,27.71,9.31,7.21
2025-07-29 23:00:00,27.5,64,0.0,27.35,9.39,7.52
2025-07-30 00:00:00,27.4,65,0.0,27.06,9.46,7.21
2025-07-30 01:00:00,28.4,62,0.0,27.16,9.39,7.36
2025-07-30 02:00:00,29.4,59,0.0,27.53,9.26,7.68
2025-07-30 03:00:00,31.0,54,0.0,28.27,9.02,7.78
2025-07-30 04:00:00,32.2,51,0.0,29.15,8.79,7.62
2025-07-30 05:00:00,33.7,47,0.0,30.22,8.51,7.52
2025-07-30 06:00:00,35.2,43,0.0,31.41,8.2,7.86
2025-07-30 07:00:00,36.3,39,0.0,32.58,7.91,7.78
2025-07-30 08:00:00,37.1,37,0.0,33.63,7.67,7.65
2025-07-30 09:00:00,37.3,36,0.0,34.43,7.5,7.45
2025-07-30 10:00:00,36.0,41,0.0,34.6,7.54,7.46
2025-07-30 11:00:00,33.0,58,0.4,33.82,7.96,7.36
2025-07-30 12:00:00,32.0,65,0.1,32.98,8.24,7.36
2025-07-30 13:00:00,32.0,61,0.0,32.38,8.3,7.4
2025-07-30 14:00:00,30.6,72,0.0,31.55,8.66,7.28
2025-07-30 15:00:00,29.9,78,0.0,30.75,8.92,7.03
2025-07-30 16:00:00,29.8,74,0.0,30.17,8.98,7.24
2025-07-30 17:00:00,29.6,72,0.0,29.7,9.04,7.1
2025-07-30 18:00:00,29.3,73,0.0,29.28,9.15,7.14
2025-07-30 19:00:00,29.0,72,0.0,28.89,9.21,7.23
2025-07-30 20:00:00,28.7,72,0.0,28.54,9.28,7.0
2025-07-30 21:00:00,28.4,72,0.0,28.2,9.36,7.16
2025-07-30 22:00:00,28.3,68,0.0,27.93,9.34,7.18
2025-07-30 23:00:00,28.0,66,0.0,27.65,9.36,7.15
2025-07-31 00:00:00,27.5,68,0.0,27.3,9.47,7.42
2025-07-31 01:00:00,28.9,64,0.0,27.48,9.36,7.71
2025-07-31 02:00:00,29.9,61,0.0,27.91,9.22,7.35
2025-07-31 03:00:00,31.3,56,0.0,28.63,8.98,7.58
2025-07-31 04:00:00,32.7,53,0.0,29.55,8.74,7.69
2025-07-31 05:00:00,33.9,49,0.0,30.55,8.47,7.66
2025-07-31 06:00:00,35.1,46,0.0,31.62,8.21,7.63
2025-07-31 07:00:00,36.2,43,0.2,32.69,7.95,7.48
2025-07-31 08:00:00,35.1,46,0.1,33.11,7.91,7.6
2025-07-31 09:00:00,33.3,55,0.5,32.87,8.11,7.44
2025-07-31 10:00:00,31.1,64,1.1,32.04,8.42,7.21
2025-07-31 11:00:00,31.0,65,0.1,31.43,8.56,7.54
2025-07-31 12:00:00,31.1,64,0.0,31.03,8.63,7.45
2025-07-31 13:00:00,30.2,68,0.0,30.48,8.81,7.28
2025-07-31 14:00:00,29.7,73,0.0,29.95,9.01,7.23
2025-07-31 15:00:00,29.6,74,0.0,29.54,9.11,7.26
2025-07-31 16:00:00,29.5,77,0.0,29.23,9.23,7.13
2025-07-31 17:00:00,28.9,83,0.0,28.83,9.42,7.17
2025-07-31 18:00:00,28.3,82,0.0,28.37,9.5,7.05
2025-07-31 19:00:00,27.9,81,0.0,27.93,9.57,7.22
2025-07-31 20:00:00,27.5,79,0.0,27.5,9.63,7.16
2025-07-31 21:00:00,27.3,77,0.0,27.14,9.67,7.2
2025-07-31 22:00:00,27.0,77,0.0,26.8,9.74,7.12
2025-07-31 23:00:00,26.8,78,0.0,26.5,9.82,7.35
2025-08-01 00:00:00,26.7,80,0.0,26.26,9.91,7.31
2025-08-01 01:00:00,27.9,84,0.0,26.45,9.94,7.41
2025-08-01 02:00:00,29.0,80,0.0,26.92,9.77,7.46
2025-08-01 03:00:00,30.8,66,0.0,27.78,9.33,7.49
2025-08-01 04:00:00,31.9,57,0.0,28.72,8.98,7.85
2025-08-01 05:00:00,33.0,52,0.0,29.7,8.69,7.79
2025-08-01 06:00:00,34.0,49,0.0,30.69,8.44,7.85
2025-08-01 07:00:00,35.0,45,0.0,31.68,8.18,7.51
2025-08-01 08:00:00,35.1,45,0.0,32.41,8.04,7.6
2025-08-01 09:00:00,34.8,46,0.1,32.83,7.97,7.41
2025-08-01 10:00:00,33.5,55,0.1,32.73,8.13,7.41
2025-08-01 11:00:00,32.2,59,0.1,32.27,8.29,7.32
2025-08-01 12:00:00,31.5,62,0.0,31.74,8.45,7.47
2025-08-01 13:00:00,30.6,70,0.0,31.1,8.72,7.23
2025-08-01 14:00:00,30.1,75,0.0,30.5,8.93,7.31
2025-08-01 15:00:00,30.0,76,0.0,30.05,9.04,7.21
2025-08-01 16:00:00,29.9,73,0.0,29.7,9.06,7.33
2025-08-01 17:00:00,29.6,76,0.0,29.37,9.18,6.93
2025-08-01 18:00:00,29.0,79,0.0,28.96,9.32,7.2
2025-08-01 19:00:00,28.1,78,0.0,28.4,9.42,7.2
2025-08-01 20:00:00,27.5,77,0.0,27.83,9.52,7.02
2025-08-01 21:00:00,26.6,83,0.1,27.16,9.77,7.27
2025-08-01 22:00:00,26.1,86,0.0,26.54,9.96,7.28
2025-08-01 23:00:00,25.9,88,0.0,26.05,10.1,7.3
2025-08-02 00:00:00,25.8,88,0.0,25.68,10.18,7.32
2025-08-02 01:00:00,27.0,78,0.0,25.77,9.97,7.41
2025-08-02 02:00:00,27.9,73,0.0,26.11,9.81,7.75
2025-08-02 03:00:00,29.1,69,0.0,26.71,9.61,7.61
2025-08-02 04:00:00,31.5,61,0.0,27.85,9.23,7.72
2025-08-02 05:00:00,33.7,50,0.0,29.3,8.74,7.58
2025-08-02 06:00:00,34.7,46,0.0,30.62,8.41,7.58
2025-08-02 07:00:00,35.3,45,0.0,31.72,8.17,7.74
2025-08-02 08:00:00,35.8,43,0.0,32.65,7.96,7.46
2025-08-02 09:00:00,35.8,43,0.1,33.29,7.83,7.49
2025-08-02 10:00:00,34.7,47,0.1,33.42,7.87,7.47
2025-08-02 11:00:00,33.5,50,0.0,33.14,7.97,7.42
2025-08-02 12:00:00,32.7,53,0.0,32.71,8.11,7.32
2025-08-02 13:00:00,31.6,61,0.0,32.08,8.36,7.3
2025-08-02 14:00:00,30.7,71,0.0,31.36,8.68,7.27
2025-08-02 15:00:00,30.1,78,0.0,30.68,8.94,7.21
2025-08-02 16:00:00,29.7,81,0.0,30.09,9.11,7.0
2025-08-02 17:00:00,29.5,80,0.0,29.61,9.2,7.05
2025-08-02 18:00:00,29.4,78,0.0,29.25,9.24,7.19
2025-08-02 19:00:00,27.0,83,3.1,28.27,9.54,7.06
2025-08-02 20:00:00,26.8,84,0.2,27.53,9.71,6.97
2025-08-02 21:00:00,26.7,82,0.0,26.98,9.79,7.21
2025-08-02 22:00:00,26.5,82,0.0,26.54,9.89,7.05
2025-08-02 23:00:00,26.5,85,0.2,26.23,10.01,7.31
2025-08-03 00:00:00,26.2,84,0.1,25.92,10.06,7.58
2025-08-03 01:00:00,28.0,79,0.0,26.24,9.89,7.38
2025-08-03 02:00:00,29.1,75,0.0,26.8,9.7,7.46
2025-08-03 03:00:00,30.7,69,0.0,27.67,9.41,7.67
2025-08-03 04:00:00,31.9,60,0.0,28.64,9.05,7.48
2025-08-03 05:00:00,32.6,55,0.0,29.53,8.78,7.59
2025-08-03 06:00:00,33.2,53,0.0,30.33,8.59,7.72
2025-08-03 07:00:00,33.9,49,0.0,31.1,8.36,7.58
2025-08-03 08:00:00,34.6,47,0.0,31.85,8.18,7.58
2025-08-03 09:00:00,34.8,47,0.0,32.44,8.06,7.62
2025-08-03 10:00:00,32.8,59,0.2,32.24,8.3,7.52
2025-08-03 11:00:00,30.8,75,0.0,31.51,8.71,7.45
2025-08-03 12:00:00,30.5,73,0.0,30.91,8.81,7.32
2025-08-03 13:00:00,29.6,78,0.0,30.22,9.04,7.32
2025-08-03 14:00:00,29.0,76,0.0,29.55,9.14,7.2
2025-08-03 15:00:00,29.0,78,0.0,29.09,9.27,7.2
2025-08-03 16:00:00,28.8,82,0.0,28.7,9.43,7.06
2025-08-03 17:00:00,28.5,85,0.0,28.34,9.56,7.07
2025-08-03 18:00:00,28.5,86,0.0,28.09,9.63,6.98
2025-08-03 19:00:00,26.5,90,4.1,27.31,9.87,6.96
2025-08-03 20:00:00,26.5,91,0.3,26.77,10.0,7.03
2025-08-03 21:00:00,26.1,92,2.0,26.27,10.13,6.99
2025-08-03 22:00:00,25.6,93,6.4,25.77,10.26,7.12
2025-08-03 23:00:00,25.9,91,0.4,25.51,10.28,7.32
2025-08-04 00:00:00,26.0,90,0.0,25.36,10.29,7.48
2025-08-04 01:00:00,27.1,83,0.1,25.58,10.11,7.43
2025-08-04 02:00:00,28.2,82,0.0,26.06,9.99,7.59
2025-08-04 03:00:00,30.2,73,0.0,27.01,9.62,7.66
2025-08-04 04:00:00,31.9,63,0.0,28.17,9.2,7.68
2025-08-04 05:00:00,33.0,59,0.1,29.32,8.89,7.57
2025-08-04 06:00:00,33.3,58,0.1,30.22,8.69,7.67
2025-08-04 07:00:00,33.3,57,0.1,30.84,8.55,7.67
2025-08-04 08:00:00,33.2,57,0.1,31.25,8.47,7.6
2025-08-04 09:00:00,32.8,59,0.0,31.41,8.47,7.35
2025-08-04 10:00:00,32.2,63,0.0,31.35,8.55,7.51
2025-08-04 11:00:00,31.5,66,0.0,31.09,8.65,7.65
2025-08-04 12:00:00,30.6,71,0.0,30.65,8.83,7.32
2025-08-04 13:00:00,30.2,80,0.0,30.21,9.07,7.21
2025-08-04 14:00:00,27.2,88,4.3,29.01,9.47,7.12
2025-08-04 15:00:00,25.6,92,3.1,27.69,9.82,7.09
2025-08-04 16:00:00,26.1,93,0.0,26.91,10.01,7.25
2025-08-04 17:00:00,26.5,93,0.1,26.49,10.1,6.97
2025-08-04 18:00:00,26.3,95,0.1,26.13,10.22,7.16
2025-08-04 19:00:00,26.1,95,0.1,25.82,10.28,7.16
2025-08-04 20:00:00,26.1,96,0.0,25.61,10.35,7.13
2025-08-04 21:00:00,25.9,95,0.0,25.39,10.38,7.23
2025-08-04 22:00:00,25.6,94,0.0,25.16,10.41,7.36
2025-08-04 23:00:00,25.6,93,0.0,24.99,10.43,7.42
2025-08-05 00:00:00,25.5,92,0.0,24.84,10.44,7.3
2025-08-05 01:00:00,26.5,85,0.0,25.04,10.26,7.57
2025-08-05 02:00:00,27.4,81,0.0,25.45,10.1,7.55
2025-08-05 03:00:00,28.9,74,0.0,26.18,9.81,7.62
2025-08-05 04:00:00,30.6,66,0.0,27.21,9.45,7.66
2025-08-05 05:00:00,31.9,60,0.0,28.32,9.12,7.65
2025-08-05 06:00:00,32.8,55,0.1,29.36,8.82,7.78
2025-08-05 07:00:00,32.9,54,0.1,30.12,8.64,7.63
2025-08-05 08:00:00,32.8,59,0.3,30.63,8.63,7.48
2025-08-05 09:00:00,30.5,72,2.7,30.29,8.92,7.43
2025-08-05 10:00:00,31.1,69,0.0,30.23,8.88,7.53
2025-08-05 11:00:00,30.6,70,0.0,30.04,8.94,7.56
2025-08-05 12:00:00,29.8,72,0.0,29.67,9.05,7.42
2025-08-05 13:00:00,29.3,77,0.0,29.26,9.22,7.2
2025-08-05 14:00:00,28.8,83,0.0,28.82,9.42,7.47
2025-08-05 15:00:00,28.5,85,0.0,28.42,9.54,7.19
2025-08-05 16:00:00,28.5,83,0.0,28.15,9.56,7.25
2025-08-05 17:00:00,28.3,85,0.0,27.89,9.65,7.08
2025-08-05 18:00:00,26.4,89,0.7,27.15,9.89,7.1
2025-08-05 19:00:00,26.2,88,0.3,26.56,9.99,7.17
2025-08-05 20:00:00,25.7,91,0.0,26.0,10.17,7.26
2025-08-05 21:00:00,25.5,92,0.0,25.55,10.29,7.3
2025-08-05 22:00:00,25.5,93,0.0,25.24,10.37,7.34
2025-08-05 23:00:00,25.4,93,0.0,24.99,10.43,7.3
2025-08-06 00:00:00,25.4,93,0.0,24.81,10.47,7.35
2025-08-06 01:00:00,27.2,88,0.0,25.23,10.28,7.52
2025-08-06 02:00:00,28.4,81,0.0,25.88,10.01,7.64
2025-08-06 03:00:00,29.9,72,0.0,26.79,9.65,7.58
2025-08-06 04:00:00,31.6,63,0.0,27.93,9.25,7.75
2025-08-06 05:00:00,32.8,57,0.0,29.09,8.9,7.8
2025-08-06 06:00:00,33.5,54,0.1,30.11,8.65,7.56
2025-08-06 07:00:00,33.7,54,0.2,30.89,8.49,7.54
2025-08-06 08:00:00,33.2,59,0.1,31.28,8.49,7.59
2025-08-06 09:00:00,31.7,65,1.3,31.11,8.63,7.53
2025-08-06 10:00:00,31.9,64,0.1,31.05,8.63,7.44
2025-08-06 11:00:00,31.3,66,0.0,30.82,8.71,7.56
2025-08-06 12:00:00,30.4,70,0.0,30.4,8.86,7.4
2025-08-06 13:00:00,30.3,77,0.0,30.07,9.05,7.29
2025-08-06 14:00:00,29.8,82,0.0,29.69,9.22,7.07
2025-08-06 15:00:00,29.4,83,0.0,29.3,9.32,7.02
2025-08-06 16:00:00,29.2,84,0.0,28.97,9.4,7.14
2025-08-06 17:00:00,28.8,86,0.0,28.62,9.52,6.87
2025-08-06 18:00:00,28.0,87,0.0,28.13,9.64,7.18
2025-08-06 19:00:00,27.3,87,0.0,27.58,9.76,7.08
2025-08-06 20:00:00,26.0,90,0.1,26.81,9.98,7.45
2025-08-06 21:00:00,25.5,91,0.0,26.12,10.15,7.42
2025-08-06 22:00:00,25.5,91,0.0,25.63,10.25,7.24
2025-08-06 23:00:00,25.3,93,0.0,25.23,10.38,7.32
2025-08-07 00:00:00,25.2,93,0.0,24.92,10.44,7.51
2025-08-07 01:00:00,25.9,89,0.0,24.92,10.37,7.66
2025-08-07 02:00:00,27.0,85,0.0,25.24,10.22,7.39
2025-08-07 03:00:00,28.9,78,0.0,26.04,9.92,7.43
2025-08-07 04:00:00,30.6,69,0.0,27.11,9.53,7.59
2025-08-07 05:00:00,32.0,64,0.0,28.27,9.2,7.73
2025-08-07 06:00:00,32.9,61,0.0,29.36,8.92,7.72
2025-08-07 07:00:00,33.0,61,0.1,30.15,8.76,7.75
2025-08-07 08:00:00,32.2,68,0.4,30.47,8.81,7.47
2025-08-07 09:00:00,31.6,71,0.0,30.51,8.86,7.34
2025-08-07 10:00:00,31.8,67,0.0,30.6,8.77,7.59
2025-08-07 11:00:00,31.2,69,0.0,30.48,8.83,7.35
2025-08-07 12:00:00,30.5,69,0.0,30.18,8.89,7.16
2025-08-07 13:00:00,30.0,79,0.0,29.83,9.14,7.3
2025-08-07 14:00:00,29.4,83,0.0,29.4,9.3,7.3
2025-08-07 15:00:00,28.6,86,2.6,28.86,9.46,7.04
2025-08-07 16:00:00,27.2,92,3.2,28.06,9.74,6.96
2025-08-07 17:00:00,26.0,95,0.5,27.14,10.0,7.05
2025-08-07 18:00:00,25.6,96,1.8,26.38,10.18,6.98
2025-08-07 19:00:00,25.4,96,1.7,25.79,10.31,6.9
2025-08-07 20:00:00,24.8,95,4.9,25.19,10.42,6.93
2025-08-07 21:00:00,24.6,94,2.2,24.71,10.51,7.16
2025-08-07 22:00:00,24.8,93,5.8,24.44,10.55,7.14
2025-08-07 23:00:00,24.8,95,0.5,24.25,10.63,7.32
2025-08-08 00:00:00,24.8,96,0.2,24.11,10.68,7.3
2025-08-08 01:00:00,25.7,91,0.0,24.29,10.54,7.48
2025-08-08 02:00:00,26.6,88,0.0,24.68,10.4,7.35
2025-08-08 03:00:00,28.0,82,0.0,25.38,10.13,7.64
2025-08-08 04:00:00,29.4,75,0.0,26.28,9.81,7.8
2025-08-08 05:00:00,30.8,67,0.0,27.34,9.44,7.53
2025-08-08 06:00:00,31.4,64,0.0,28.26,9.2,7.62
2025-08-08 07:00:00,31.0,69,0.0,28.78,9.18,7.69
2025-08-08 08:00:00,29.6,79,0.7,28.73,9.37,7.72
2025-08-08 09:00:00,30.1,75,0.0,28.84,9.27,7.54
2025-08-08 10:00:00,29.6,78,0.0,28.77,9.34,7.45
2025-08-08 11:00:00,29.5,78,0.0,28.69,9.36,7.25
2025-08-08 12:00:00,29.3,79,0.0,28.57,9.4,7.38
2025-08-08 13:00:00,28.7,83,1.0,28.31,9.53,7.45
2025-08-08 14:00:00,28.5,89,0.0,28.07,9.69,7.26
2025-08-08 15:00:00,28.5,89,0.0,27.9,9.72,7.17
2025-08-08 16:00:00,25.9,92,3.1,27.0,9.97,7.05
2025-08-08 17:00:00,25.7,92,0.1,26.31,10.12,7.1
2025-08-08 18:00:00,25.0,94,2.9,25.62,10.31,6.91
2025-08-08 19:00:00,25.0,92,0.2,25.13,10.38,7.19
2025-08-08 20:00:00,24.9,92,0.1,24.76,10.46,7.17
2025-08-08 21:00:00,24.4,96,0.6,24.35,10.62,7.17
2025-08-08 22:00:00,24.1,95,4.3,23.98,10.69,7.04
2025-08-08 23:00:00,24.1,95,1.9,23.71,10.74,7.39
2025-08-09 00:00:00,24.3,97,0.7,23.59,10.81,7.45
2025-08-09 01:00:00,26.3,87,0.0,24.1,10.5,7.44
2025-08-09 02:00:00,27.0,86,0.0,24.67,10.36,7.66
2025-08-09 03:00:00,28.0,82,0.0,25.37,10.14,7.57
2025-08-09 04:00:00,29.6,75,0.0,26.34,9.8,7.58
2025-08-09 05:00:00,30.6,71,0.0,27.32,9.52,7.6
2025-08-09 06:00:00,31.0,69,0.0,28.12,9.32,7.5
2025-08-09 07:00:00,30.9,70,0.0,28.66,9.22,7.71
2025-08-09 08:00:00,30.4,73,0.2,28.88,9.23,7.43
2025-08-09 09:00:00,29.6,81,0.0,28.8,9.39,7.46
2025-08-09 10:00:00,29.4,79,0.0,28.68,9.38,7.32
2025-08-09 11:00:00,30.3,70,0.0,28.86,9.18,7.44
2025-08-09 12:00:00,30.2,70,0.0,28.96,9.16,7.36
2025-08-09 13:00:00,29.0,87,0.0,28.68,9.52,7.26
2025-08-09 14:00:00,28.6,88,0.0,28.35,9.61,7.12
2025-08-09 15:00:00,28.3,86,0.0,28.04,9.64,7.05
2025-08-09 16:00:00,27.9,85,0.0,27.7,9.7,7.17
2025-08-09 17:00:00,27.4,84,0.0,27.31,9.76,7.04
2025-08-09 18:00:00,27.0,84,0.0,26.91,9.84,7.12
2025-08-09 19:00:00,25.9,88,1.8,26.31,10.05,6.94
2025-08-09 20:00:00,25.5,91,0.0,25.77,10.22,7.16
2025-08-09 21:00:00,25.0,93,0.2,25.24,10.37,7.31
2025-08-09 22:00:00,24.8,92,0.0,24.81,10.45,7.32
2025-08-09 23:00:00,25.0,91,0.0,24.56,10.48,7.3
2025-08-10 00:00:00,25.0,91,0.0,24.39,10.52,7.44
2025-08-10 01:00:00,27.0,83,0.0,24.88,10.26,7.46
2025-08-10 02:00:00,27.9,81,0.0,25.48,10.09,7.56
2025-08-10 03:00:00,29.4,72,0.0,26.36,9.74,7.58
2025-08-10 04:00:00,30.8,64,0.0,27.39,9.38,7.63
2025-08-10 05:00:00,31.8,59,0.0,28.41,9.08,7.69
2025-08-10 06:00:00,32.5,55,0.0,29.34,8.82,7.57
2025-08-10 07:00:00,33.5,51,0.0,30.29,8.56,7.55
2025-08-10 08:00:00,32.9,52,0.0,30.77,8.48,7.47
2025-08-10 09:00:00,31.0,66,1.2,30.54,8.76,7.34
2025-08-10 10:00:00,29.9,73,0.0,30.05,8.99,7.39
2025-08-10 11:00:00,30.1,69,1.8,29.76,8.98,7.37
2025-08-10 12:00:00,28.4,79,2.6,29.05,9.3,7.18
2025-08-10 13:00:00,26.4,87,0.7,27.96,9.67,7.31
2025-08-10 14:00:00,25.5,89,0.3,26.92,9.93,7.22
2025-08-10 15:00:00,25.5,90,0.5,26.19,10.11,6.96
2025-08-10 16:00:00,25.2,90,0.3,25.6,10.24,7.19
2025-08-10 17:00:00,25.3,91,0.2,25.21,10.34,7.18
2025-08-10 18:00:00,25.5,91,0.0,25.0,10.39,7.01
2025-08-10 19:00:00,25.6,87,0.1,24.88,10.34,7.16
2025-08-10 20:00:00,25.6,86,0.0,24.79,10.34,7.07
2025-08-10 21:00:00,25.4,86,0.0,24.68,10.36,7.21
2025-08-10 22:00:00,25.4,86,0.0,24.59,10.38,7.14
2025-08-10 23:00:00,25.0,90,0.0,24.42,10.49,7.16
2025-08-11 00:00:00,25.0,90,0.0,24.29,10.52,7.38
2025-08-11 01:00:00,24.8,87,0.0,24.14,10.49,7.48
2025-08-11 02:00:00,25.8,87,0.0,24.34,10.45,7.53
2025-08-11 03:00:00,27.1,81,0.0,24.87,10.22,7.51
2025-08-11 04:00:00,28.5,75,0.0,25.66,9.94,7.62
2025-08-11 05:00:00,30.6,64,0.0,26.84,9.49,7.71
2025-08-11 06:00:00,32.1,55,0.0,28.12,9.07,7.67
2025-08-11 07:00:00,32.5,55,0.0,29.13,8.86,7.68
2025-08-11 08:00:00,32.5,56,0.0,29.84,8.73,7.55
2025-08-11 09:00:00,33.0,54,0.0,30.49,8.57,7.68
2025-08-11 10:00:00,33.1,53,0.0,30.97,8.46,7.38
2025-08-11 11:00:00,30.6,64,0.6,30.56,8.73,7.44
2025-08-11 12:00:00,28.9,72,0.2,29.76,9.03,7.47
2025-08-11 13:00:00,29.4,69,0.0,29.35,9.06,7.34
2025-08-11 14:00:00,28.2,74,0.0,28.71,9.28,7.2
2025-08-11 15:00:00,27.6,78,0.0,28.08,9.49,7.11
2025-08-11 16:00:00,27.5,80,0.8,27.6,9.62,7.18
2025-08-11 17:00:00,26.5,86,2.0,26.97,9.87,6.87
2025-08-11 18:00:00,25.0,91,6.3,26.08,10.15,6.84
2025-08-11 19:00:00,24.0,96,11.4,25.16,10.45,6.88
2025-08-11 20:00:00,24.0,95,6.5,24.51,10.57,7.12
2025-08-11 21:00:00,24.3,95,2.1,24.15,10.65,7.15
2025-08-11 22:00:00,24.5,94,3.2,23.95,10.67,7.06
2025-08-11 23:00:00,24.6,91,3.5,23.85,10.64,7.19
2025-08-12 00:00:00,24.6,91,3.9,23.77,10.65,7.23
2025-08-12 01:00:00,26.0,87,0.0,24.14,10.49,7.43
2025-08-12 02:00:00,26.4,82,0.1,24.52,10.32,7.66
2025-08-12 03:00:00,27.1,75,0.0,24.99,10.08,7.49
2025-08-12 04:00:00,27.4,73,0.0,25.42,9.95,7.83
2025-08-12 05:00:00,27.9,73,0.0,25.86,9.86,7.77
2025-08-12 06:00:00,29.0,69,0.1,26.5,9.65,7.8
2025-08-12 07:00:00,28.4,73,0.1,26.77,9.67,7.63
2025-08-12 08:00:00,28.0,77,0.6,26.84,9.73,7.6
2025-08-12 09:00:00,28.5,74,0.1,27.04,9.63,7.45
2025-08-12 10:00:00,29.8,66,0.0,27.57,9.38,7.48
2025-08-12 11:00:00,30.1,64,0.0,28.03,9.25,7.51
2025-08-12 12:00:00,29.5,69,0.0,28.17,9.31,7.51
2025-08-12 13:00:00,27.9,74,0.0,27.79,9.48,7.19
2025-08-12 14:00:00,27.2,77,0.0,27.31,9.63,7.2
2025-08-12 15:00:00,27.0,81,0.0,26.92,9.79,7.16
2025-08-12 16:00:00,27.0,83,0.0,26.64,9.88,6.99
2025-08-12 17:00:00,26.9,85,0.0,26.42,9.97,7.17
2025-08-12 18:00:00,26.8,82,0.0,26.23,9.95,7.03
2025-08-12 19:00:00,26.8,77,0.0,26.1,9.89,7.09
2025-08-12 20:00:00,25.9,77,0.0,25.74,9.96,7.1
2025-08-12 21:00:00,25.0,82,0.0,25.22,10.17,7.12
2025-08-12 22:00:00,24.7,84,0.0,24.76,10.3,7.26
2025-08-12 23:00:00,24.8,85,0.1,24.47,10.38,7.31
2025-08-13 00:00:00,24.8,85,0.1,24.27,10.43,7.37
2025-08-13 01:00:00,25.9,82,0.2,24.46,10.33,7.41
2025-08-13 02:00:00,26.0,83,0.3,24.62,10.31,7.57
2025-08-13 03:00:00,26.5,83,0.1,24.89,10.26,7.78
2025-08-13 04:00:00,27.7,78,0.0,25.43,10.05,7.68
2025-08-13 05:00:00,28.4,72,0.0,26.02,9.81,7.79
2025-08-13 06:00:00,28.5,70,0.0,26.46,9.68,7.56
2025-08-13 07:00:00,28.5,72,0.2,26.78,9.65,7.68
2025-08-13 08:00:00,28.9,70,0.2,27.11,9.54,7.52
2025-08-13 09:00:00,29.0,71,0.2,27.38,9.51,7.44
2025-08-13 10:00:00,28.8,74,0.2,27.51,9.54,7.45
2025-08-13 11:00:00,28.4,78,0.2,27.47,9.62,7.57
2025-08-13 12:00:00,28.0,82,0.2,27.33,9.72,7.47
2025-08-13 13:00:00,26.8,84,0.0,26.87,9.85,7.34
2025-08-13 14:00:00,26.6,85,0.0,26.49,9.95,7.09
2025-08-13 15:00:00,26.6,83,0.0,26.22,9.97,7.17
2025-08-13 16:00:00,26.5,83,0.0,26.01,10.02,7.17
2025-08-13 17:00:00,26.3,83,0.0,25.79,10.06,7.13
2025-08-13 18:00:00,25.9,85,0.0,25.53,10.16,6.92
2025-08-13 19:00:00,25.6,86,0.0,25.25,10.24,7.03
2025-08-13 20:00:00,25.6,87,0.0,25.05,10.3,7.14
2025-08-13 21:00:00,25.5,87,0.0,24.89,10.33,7.25
2025-08-13 22:00:00,25.4,88,0.0,24.74,10.39,7.04
2025-08-13 23:00:00,25.2,88,0.0,24.58,10.42,7.32
2025-08-14 00:00:00,25.2,87,0.0,24.47,10.43,7.43
2025-08-14 01:00:00,26.0,84,0.0,24.63,10.33,7.58
2025-08-14 02:00:00,27.0,79,0.0,25.04,10.15,7.63
2025-08-14 03:00:00,28.2,74,0.0,25.69,9.92,7.67
2025-08-14 04:00:00,29.5,67,0.0,26.53,9.61,7.57
2025-08-14 05:00:00,30.5,62,0.0,27.42,9.33,7.48
2025-08-14 06:00:00,31.7,58,0.0,28.4,9.06,7.64
2025-08-14 07:00:00,32.4,54,0.0,29.3,8.81,7.76
2025-08-14 08:00:00,32.8,52,0.0,30.05,8.62,7.76
2025-08-14 09:00:00,32.7,53,0.0,30.55,8.54,7.64
2025-08-14 10:00:00,31.9,56,0.0,30.65,8.57,7.55
2025-08-14 11:00:00,31.5,58,0.1,30.61,8.61,7.46
2025-08-14 12:00:00,25.7,93,3.4,28.83,9.59,7.2
2025-08-14 13:00:00,28.5,78,0.0,28.43,9.41,7.29
2025-08-14 14:00:00,28.0,79,0.0,28.0,9.52,7.4
2025-08-14 15:00:00,27.5,79,0.0,27.55,9.62,7.08
2025-08-14 16:00:00,27.0,82,0.0,27.09,9.77,7.29
2025-08-14 17:00:00,26.8,84,0.0,26.7,9.89,7.07
2025-08-14 18:00:00,26.5,85,0.0,26.34,9.99,7.23
2025-08-14 19:00:00,26.3,86,0.0,26.03,10.07,6.97
2025-08-14 20:00:00,26.2,84,0.0,25.78,10.09,7.2
2025-08-14 21:00:00,26.0,83,0.0,25.55,10.12,7.12
2025-08-14 22:00:00,26.1,81,0.0,25.41,10.11,7.11
2025-08-14 23:00:00,26.2,78,0.0,25.35,10.06,7.35
2025-08-15 00:00:00,26.1,76,0.0,25.27,10.04,7.51
2025-08-15 01:00:00,26.5,74,0.0,25.34,9.99,7.4
2025-08-15 02:00:00,27.1,70,0.0,25.57,9.87,7.4
2025-08-15 03:00:00,28.0,68,0.0,26.0,9.74,7.6
2025-08-15 04:00:00,29.4,64,0.0,26.72,9.52,7.64
2025-08-15 05:00:00,30.5,61,0.0,27.55,9.29,7.73
2025-08-15 06:00:00,31.5,56,0.0,28.44,9.02,7.77
2025-08-15 07:00:00,31.5,56,0.0,29.06,8.89,7.65
2025-08-15 08:00:00,32.7,54,0.0,29.85,8.7,7.81
2025-08-15 09:00:00,32.0,55,0.1,30.19,8.65,7.58
2025-08-15 10:00:00,32.2,56,0.0,30.5,8.6,7.47
2025-08-15 11:00:00,30.2,67,1.3,30.11,8.87,7.21
2025-08-15 12:00:00,29.6,72,0.2,29.66,9.05,7.32
2025-08-15 13:00:00,30.2,65,0.1,29.52,8.96,7.25
2025-08-15 14:00:00,28.4,73,0.4,28.88,9.23,7.29
2025-08-15 15:00:00,27.0,80,0.0,28.02,9.54,7.21
2025-08-15 16:00:00,26.8,83,0.0,27.35,9.73,7.01
2025-08-15 17:00:00,26.7,84,0.1,26.86,9.86,7.11
2025-08-15 18:00:00,26.8,84,0.0,26.54,9.92,7.16
2025-08-15 19:00:00,26.6,86,0.0,26.26,10.02,7.26
2025-08-15 20:00:00,26.5,85,0.0,26.03,10.05,7.23
2025-08-15 21:00:00,26.4,84,0.1,25.84,10.07,7.26
2025-08-15 22:00:00,26.0,85,0.1,25.59,10.15,7.25
2025-08-15 23:00:00,26.0,83,0.0,25.41,10.15,7.37
2025-08-16 00:00:00,25.8,81,0.0,25.23,10.15,7.53
2025-08-16 01:00:00,26.6,77,0.1,25.34,10.05,7.34
2025-08-16 02:00:00,27.2,76,0.0,25.6,9.97,7.52
2025-08-16 03:00:00,27.9,76,0.0,25.99,9.89,7.53
2025-08-16 04:00:00,28.3,72,0.2,26.38,9.73,7.68
2025-08-16 05:00:00,29.9,67,0.0,27.14,9.48,7.8
2025-08-16 06:00:00,30.6,64,0.0,27.88,9.28,7.62
2025-08-16 07:00:00,28.0,78,0.4,27.61,9.59,7.41
2025-08-16 08:00:00,29.2,76,0.2,27.79,9.51,7.59
2025-08-16 09:00:00,29.5,74,0.3,28.0,9.43,7.66
2025-08-16 10:00:00,29.5,73,0.2,28.15,9.38,7.57
2025-08-16 11:00:00,30.0,72,0.2,28.41,9.31,7.48
2025-08-16 12:00:00,29.6,74,0.1,28.46,9.33,7.34
2025-08-16 13:00:00,28.1,87,0.0,28.06,9.65,7.17
2025-08-16 14:00:00,27.9,87,1.0,27.71,9.73,7.23
2025-08-16 15:00:00,27.2,88,0.0,27.26,9.84,7.09
2025-08-16 16:00:00,26.7,88,0.0,26.79,9.94,7.35
2025-08-16 17:00:00,26.1,87,0.1,26.28,10.03,7.16
2025-08-16 18:00:00,25.7,87,0.2,25.81,10.14,7.03
2025-08-16 19:00:00,25.8,86,0.1,25.51,10.18,7.05
2025-08-16 20:00:00,25.4,88,0.2,25.17,10.29,7.12
2025-08-16 21:00:00,25.2,88,0.0,24.88,10.36,7.18
2025-08-16 22:00:00,25.4,87,0.0,24.74,10.37,7.37
2025-08-16 23:00:00,25.4,86,0.0,24.64,10.37,7.35
2025-08-17 00:00:00,25.2,86,0.0,24.51,10.4,7.34
2025-08-17 01:00:00,26.0,87,0.2,24.65,10.38,7.67
2025-08-17 02:00:00,26.0,87,0.1,24.76,10.36,7.56
2025-08-17 03:00:00,26.5,87,0.2,24.98,10.31,7.68
2025-08-17 04:00:00,26.8,87,0.5,25.23,10.26,7.57
2025-08-17 05:00:00,27.5,84,0.6,25.61,10.12,7.69
2025-08-17 06:00:00,28.1,80,0.2,26.06,9.95,7.72
2025-08-17 07:00:00,28.1,80,0.3,26.37,9.89,7.48
2025-08-17 08:00:00,28.8,77,0.1,26.8,9.74,7.85
2025-08-17 09:00:00,29.5,73,0.2,27.31,9.56,7.71
2025-08-17 10:00:00,29.2,74,0.2,27.58,9.52,7.48
2025-08-17 11:00:00,29.5,72,0.7,27.85,9.43,7.31
2025-08-17 12:00:00,26.5,90,6.2,27.15,9.9,7.27
2025-08-17 13:00:00,27.5,88,0.0,26.95,9.91,7.32
2025-08-17 14:00:00,26.9,88,0.8,26.64,9.98,7.23
2025-08-17 15:00:00,26.0,88,0.9,26.15,10.08,7.15
2025-08-17 16:00:00,25.8,88,0.5,25.74,10.17,7.16
2025-08-17 17:00:00,25.6,89,0.1,25.4,10.26,7.25
2025-08-17 18:00:00,25.6,88,0.0,25.16,10.3,7.17
2025-08-17 19:00:00,25.8,86,0.0,25.05,10.28,7.01
2025-08-17 20:00:00,25.6,86,0.0,24.92,10.31,7.29
2025-08-17 21:00:00,25.5,85,0.0,24.79,10.32,7.36
2025-08-17 22:00:00,25.4,83,0.0,24.67,10.3,7.58
2025-08-17 23:00:00,25.2,83,0.0,24.53,10.33,7.22
2025-08-18 00:00:00,25.1,84,0.0,24.4,10.38,7.44
2025-08-18 01:00:00,25.5,88,0.5,24.43,10.45,7.25
2025-08-18 02:00:00,25.7,85,0.4,24.51,10.38,7.59
2025-08-18 03:00:00,26.0,84,0.1,24.66,10.33,7.56
2025-08-18 04:00:00,26.5,84,0.0,24.91,10.27,7.86
2025-08-18 05:00:00,27.8,80,0.0,25.48,10.07,7.62
2025-08-18 06:00:00,29.0,73,0.0,26.23,9.78,7.53
2025-08-18 07:00:00,29.2,71,0.0,26.82,9.62,7.63
2025-08-18 08:00:00,29.6,69,0.1,27.36,9.48,7.44
2025-08-18 09:00:00,30.0,68,0.1,27.85,9.36,7.66
2025-08-18 10:00:00,29.9,68,0.0,28.16,9.29,7.32
2025-08-18 11:00:00,30.3,66,0.0,28.51,9.18,7.46
2025-08-18 12:00:00,29.6,68,0.0,28.53,9.21,7.17
2025-08-18 13:00:00,27.5,83,0.4,27.92,9.61,7.24
2025-08-18 14:00:00,26.3,86,0.4,27.14,9.83,7.38
2025-08-18 15:00:00,25.9,89,0.8,26.47,10.03,7.17
2025-08-18 16:00:00,26.1,86,0.1,26.06,10.06,7.05
2025-08-18 17:00:00,26.2,84,0.1,25.8,10.08,7.1
2025-08-18 18:00:00,26.0,81,0.0,25.56,10.08,7.11
2025-08-18 19:00:00,25.8,81,0.0,25.33,10.12,7.16
2025-08-18 20:00:00,25.6,81,0.1,25.11,10.17,7.0
2025-08-18 21:00:00,25.5,81,0.2,24.93,10.21,7.24
2025-08-18 22:00:00,25.1,83,0.2,24.68,10.3,6.98
2025-08-18 23:00:00,25.1,84,0.0,24.51,10.36,7.27
2025-08-19 00:00:00,25.1,81,0.0,24.38,10.33,7.37
2025-08-19 01:00:00,26.6,71,0.0,24.75,10.06,7.55
2025-08-19 02:00:00,26.9,70,0.0,25.09,9.96,7.56
2025-08-19 03:00:00,27.0,70,0.0,25.37,9.91,7.48
2025-08-19 04:00:00,28.0,67,0.0,25.86,9.75,7.56
2025-08-19 05:00:00,28.8,66,0.0,26.44,9.61,7.71
2025-08-19 06:00:00,29.0,65,0.0,26.91,9.5,7.68
2025-08-19 07:00:00,29.4,64,0.0,27.36,9.38,7.62
2025-08-19 08:00:00,29.5,64,0.0,27.7,9.31,7.59
2025-08-19 09:00:00,30.1,64,0.0,28.12,9.23,7.66
2025-08-19 10:00:00,31.0,64,0.0,28.68,9.11,7.47
2025-08-19 11:00:00,31.1,65,0.0,29.11,9.04,7.44
2025-08-19 12:00:00,30.0,76,0.0,29.08,9.24,7.59
2025-08-19 13:00:00,29.4,71,0.0,28.87,9.2,7.15
2025-08-19 14:00:00,28.5,72,0.0,28.46,9.3,7.04
2025-08-19 15:00:00,28.6,65,0.0,28.2,9.23,7.24
2025-08-19 16:00:00,28.0,63,0.0,27.84,9.27,7.05
2025-08-19 17:00:00,27.7,62,0.0,27.5,9.32,7.06
2025-08-19 18:00:00,28.1,57,0.0,27.38,9.25,7.01
2025-08-19 19:00:00,27.9,57,0.0,27.24,9.28,7.07
2025-08-19 20:00:00,27.1,61,0.0,26.89,9.42,7.29
2025-08-19 21:00:00,26.5,64,0.0,26.48,9.57,7.26
2025-08-19 22:00:00,26.0,68,0.0,26.03,9.73,7.34
2025-08-19 23:00:00,25.5,71,0.0,25.57,9.88,7.18
2025-08-20 00:00:00,25.4,72,0.0,25.22,9.98,7.29
2025-08-20 01:00:00,26.3,74,0.0,25.25,10.01,7.2
2025-08-20 02:00:00,27.2,75,0.0,25.53,9.97,7.47
2025-08-20 03:00:00,28.2,72,0.0,26.03,9.81,7.71
2025-08-20 04:00:00,29.0,69,0.0,26.62,9.63,7.71
2025-08-20 05:00:00,29.5,66,0.0,27.19,9.46,7.66
2025-08-20 06:00:00,30.7,61,0.0,27.94,9.21,7.68
2025-08-20 07:00:00,32.7,53,0.0,29.07,8.84,7.59
2025-08-20 08:00:00,33.2,51,0.0,30.01,8.62,7.64
2025-08-20 09:00:00,33.8,48,0.0,30.85,8.4,7.64
2025-08-20 10:00:00,33.2,51,0.0,31.25,8.37,7.34
2025-08-20 11:00:00,31.8,68,0.0,31.12,8.68,7.46
2025-08-20 12:00:00,30.5,77,0.0,30.63,8.93,7.45
2025-08-20 13:00:00,29.8,75,0.0,30.08,9.01,7.24
2025-08-20 14:00:00,29.5,77,0.0,29.61,9.15,7.28
2025-08-20 15:00:00,28.9,82,0.0,29.1,9.34,7.44
2025-08-20 16:00:00,28.5,80,0.0,28.62,9.41,7.1
2025-08-20 17:00:00,28.1,79,0.0,28.16,9.49,7.13
2025-08-20 18:00:00,27.8,79,0.0,27.75,9.57,7.01
2025-08-20 19:00:00,27.3,78,0.0,27.32,9.65,7.12
2025-08-20 20:00:00,27.0,79,0.0,26.92,9.75,7.18
2025-08-20 21:00:00,26.8,79,0.0,26.59,9.82,7.2
2025-08-20 22:00:00,26.5,77,0.0,26.26,9.85,7.15
2025-08-20 23:00:00,26.2,75,0.0,25.94,9.88,7.34
2025-08-21 00:00:00,26.0,74,0.0,25.66,9.92,7.55
2025-08-21 01:00:00,26.9,74,0.0,25.73,9.91,7.53
2025-08-21 02:00:00,27.9,68,0.0,26.08,9.72,7.65
2025-08-21 03:00:00,29.2,63,0.0,26.72,9.5,7.58
2025-08-21 04:00:00,30.5,58,0.0,27.55,9.23,7.72
2025-08-21 05:00:00,31.5,55,0.0,28.44,9.0,7.69
2025-08-21 06:00:00,32.7,53,0.0,29.42,8.77,7.57
2025-08-21 07:00:00,33.5,51,0.0,30.34,8.55,7.68
2025-08-21 08:00:00,33.8,50,0.0,31.08,8.38,7.51
2025-08-21 09:00:00,33.4,52,0.1,31.48,8.34,7.49
2025-08-21 10:00:00,32.9,55,0.0,31.6,8.36,7.51
2025-08-21 11:00:00,32.2,58,0.0,31.48,8.44,7.45
2025-08-21 12:00:00,31.0,64,0.0,31.04,8.63,7.23
2025-08-21 13:00:00,29.6,73,0.0,30.31,8.93,7.38
2025-08-21 14:00:00,29.2,76,0.0,29.67,9.12,7.27
2025-08-21 15:00:00,29.1,78,0.0,29.2,9.25,7.09
2025-08-21 16:00:00,29.1,78,0.0,28.87,9.32,6.96
2025-08-21 17:00:00,28.8,81,0.0,28.55,9.44,7.07
2025-08-21 18:00:00,28.5,83,0.0,28.23,9.54,7.03
2025-08-21 19:00:00,28.4,85,0.0,27.98,9.63,7.1
2025-08-21 20:00:00,28.1,85,0.0,27.72,9.69,7.09
2025-08-21 21:00:00,27.6,88,0.0,27.38,9.82,6.97
2025-08-21 22:00:00,26.4,89,0.1,26.79,9.96,7.2
2025-08-21 23:00:00,25.9,87,0.1,26.22,10.05,7.28
2025-08-22 00:00:00,25.2,90,0.0,25.62,10.24,7.47
2025-08-22 01:00:00,25.8,86,0.0,25.37,10.21,7.41
2025-08-22 02:00:00,26.9,82,0.0,25.53,10.1,7.72
2025-08-22 03:00:00,28.5,72,0.0,26.12,9.79,7.42
2025-08-22 04:00:00,30.0,66,0.0,26.98,9.5,7.78
2025-08-22 05:00:00,31.3,61,0.1,27.98,9.2,7.64
2025-08-22 06:00:00,32.2,57,0.1,28.95,8.93,7.75
2025-08-22 07:00:00,33.1,54,0.0,29.89,8.69,7.66
2025-08-22 08:00:00,33.9,51,0.0,30.79,8.46,7.73
2025-08-22 09:00:00,33.5,52,0.0,31.31,8.37,7.52
2025-08-22 10:00:00,32.0,59,0.0,31.21,8.51,7.39
2025-08-22 11:00:00,31.1,67,0.5,30.88,8.71,7.54
2025-08-22 12:00:00,30.3,71,0.0,30.41,8.88,7.34
2025-08-22 13:00:00,29.1,75,3.9,29.71,9.09,7.18
2025-08-22 14:00:00,29.0,80,0.1,29.2,9.29,7.33
2025-08-22 15:00:00,28.8,85,0.2,28.78,9.46,7.04
2025-08-22 16:00:00,28.5,87,0.0,28.4,9.58,7.18
2025-08-22 17:00:00,28.0,84,0.6,27.98,9.62,6.99
2025-08-22 18:00:00,26.5,87,0.7,27.23,9.83,7.03
2025-08-22 19:00:00,25.1,92,3.2,26.29,10.13,7.0
2025-08-22 20:00:00,24.7,93,10.3,25.52,10.31,6.8
2025-08-22 21:00:00,24.7,92,0.2,24.97,10.41,7.11
2025-08-22 22:00:00,24.7,92,0.2,24.59,10.5,7.38
2025-08-22 23:00:00,24.7,92,0.3,24.32,10.55,7.41
2025-08-23 00:00:00,24.6,92,0.3,24.11,10.6,7.39
2025-08-23 01:00:00,24.4,94,3.5,23.89,10.69,7.4
2025-08-23 02:00:00,24.5,93,3.4,23.78,10.69,7.42
2025-08-23 03:00:00,24.7,94,3.1,23.75,10.72,7.66
2025-08-23 04:00:00,25.1,91,1.2,23.86,10.63,7.6
2025-08-23 05:00:00,27.0,83,0.1,24.5,10.34,7.72
2025-08-23 06:00:00,28.6,75,0.0,25.43,9.99,7.82
2025-08-23 07:00:00,29.2,74,0.0,26.26,9.8,7.61
2025-08-23 08:00:00,29.4,73,0.0,26.9,9.64,7.81
2025-08-23 09:00:00,30.1,72,0.0,27.56,9.49,7.44
2025-08-23 10:00:00,30.2,74,0.0,28.05,9.42,7.69
2025-08-23 11:00:00,29.7,78,0.0,28.25,9.45,7.42
2025-08-23 12:00:00,28.7,81,0.0,28.08,9.54,7.35
2025-08-23 13:00:00,29.0,82,0.0,28.06,9.56,7.11
2025-08-23 14:00:00,28.5,86,0.0,27.89,9.67,7.19
2025-08-23 15:00:00,28.0,85,0.0,27.62,9.71,7.07
2025-08-23 16:00:00,27.8,86,0.0,27.38,9.78,7.07
2025-08-23 17:00:00,27.5,87,0.0,27.11,9.86,7.09
2025-08-23 18:00:00,27.1,89,0.0,26.81,9.96,7.19
2025-08-23 19:00:00,26.8,90,0.0,26.51,10.04,7.13
2025-08-23 20:00:00,26.5,89,0.0,26.2,10.09,7.17
2025-08-23 21:00:00,26.2,88,0.0,25.9,10.14,7.08
2025-08-23 22:00:00,26.0,85,0.0,25.63,10.14,7.17
2025-08-23 23:00:00,25.8,84,0.0,25.38,10.17,7.51
2025-08-24 00:00:00,25.5,84,0.0,25.12,10.23,7.34
2025-08-24 01:00:00,27.0,79,0.0,25.38,10.08,7.65
2025-08-24 02:00:00,27.9,75,0.0,25.84,9.9,7.53
2025-08-24 03:00:00,29.4,70,0.0,26.61,9.65,7.61
2025-08-24 04:00:00,30.8,65,0.0,27.56,9.36,7.75
2025-08-24 05:00:00,32.0,58,0.0,28.6,9.02,7.79
2025-08-24 06:00:00,33.0,55,0.0,29.62,8.76,7.65
2025-08-24 07:00:00,33.8,52,0.0,30.57,8.52,7.61
2025-08-24 08:00:00,34.0,51,0.0,31.3,8.36,7.6
2025-08-24 09:00:00,33.9,52,0.0,31.78,8.28,7.59
2025-08-24 10:00:00,33.0,58,0.1,31.85,8.36,7.57
2025-08-24 11:00:00,30.7,74,0.0,31.2,8.76,7.43
2025-08-24 12:00:00,29.1,79,0.1,30.27,9.04,7.41
2025-08-24 13:00:00,29.0,81,0.0,29.59,9.22,7.45
2025-08-24 14:00:00,28.6,84,0.0,28.99,9.4,7.26
2025-08-24 15:00:00,28.5,83,0.0,28.55,9.48,7.19
2025-08-24 16:00:00,28.3,86,0.0,28.17,9.61,6.97
2025-08-24 17:00:00,28.1,86,0.0,27.85,9.68,6.83
2025-08-24 18:00:00,27.8,88,0.0,27.54,9.78,7.12
2025-08-24 19:00:00,27.5,89,0.0,27.22,9.87,7.09
2025-08-24 20:00:00,27.4,88,0.0,26.98,9.9,7.08
2025-08-24 21:00:00,27.2,89,0.0,26.74,9.97,7.2
2025-08-24 22:00:00,27.0,91,0.0,26.52,10.06,7.24
2025-08-24 23:00:00,26.7,93,0.0,26.27,10.15,7.43
2025-08-25 00:00:00,26.4,93,0.0,26.01,10.21,7.41
2025-08-25 01:00:00,27.4,95,0.0,26.13,10.22,7.4
2025-08-25 02:00:00,28.2,83,0.0,26.45,9.92,7.64
2025-08-25 03:00:00,29.9,63,0.0,27.18,9.4,7.58
2025-08-25 04:00:00,30.2,57,0.0,27.79,9.17,7.69
2025-08-25 05:00:00,31.0,54,0.0,28.45,8.98,7.62
2025-08-25 06:00:00,32.0,52,0.0,29.22,8.79,7.6
2025-08-25 07:00:00,33.2,49,0.0,30.11,8.56,7.66
2025-08-25 08:00:00,34.3,44,0.0,31.07,8.29,7.61
2025-08-25 09:00:00,34.5,42,0.0,31.8,8.11,7.6
2025-08-25 10:00:00,32.9,51,0.0,31.83,8.25,7.46
2025-08-25 11:00:00,31.5,57,0.0,31.43,8.43,7.24
2025-08-25 12:00:00,30.3,61,0.0,30.79,8.63,7.31
2025-08-25 13:00:00,30.0,68,0.0,30.25,8.86,7.36
2025-08-25 14:00:00,29.0,74,0.0,29.58,9.1,7.18
2025-08-25 15:00:00,29.0,72,0.0,29.1,9.17,7.13
2025-08-25 16:00:00,28.9,76,0.0,28.74,9.31,7.21
2025-08-25 17:00:00,28.5,79,0.0,28.37,9.44,7.02
2025-08-25 18:00:00,28.0,80,0.0,27.96,9.55,6.93
2025-08-25 19:00:00,27.5,80,0.0,27.52,9.64,7.08
2025-08-25 20:00:00,27.0,81,0.0,27.06,9.76,7.08
2025-08-25 21:00:00,26.6,81,0.0,26.63,9.85,7.08
2025-08-25 22:00:00,26.5,78,0.0,26.29,9.87,7.23
2025-08-25 23:00:00,26.2,77,0.0,25.96,9.92,7.37
2025-08-26 00:00:00,25.9,84,0.0,25.64,10.12,7.4
2025-08-26 01:00:00,27.5,86,0.0,25.9,10.1,7.51
2025-08-26 02:00:00,28.4,78,0.0,26.35,9.85,7.73
2025-08-26 03:00:00,29.6,70,0.0,27.03,9.56,7.57
2025-08-26 04:00:00,30.9,64,0.0,27.89,9.28,7.67
2025-08-26 05:00:00,32.2,55,0.0,28.88,8.91,7.61
2025-08-26 06:00:00,33.4,49,0.0,29.94,8.6,7.58
2025-08-26 07:00:00,34.0,45,0.0,30.86,8.34,7.58
2025-08-26 08:00:00,33.5,44,0.0,31.35,8.23,7.56
2025-08-26 09:00:00,34.2,40,0.0,31.9,8.05,7.59
2025-08-26 10:00:00,34.2,41,0.0,32.29,7.99,7.72
2025-08-26 11:00:00,34.1,40,0.0,32.54,7.93,7.34
2025-08-26 12:00:00,32.5,54,0.0,32.22,8.22,7.3
2025-08-26 13:00:00,32.7,43,0.0,32.07,8.07,7.26
2025-08-26 14:00:00,31.5,52,0.0,31.6,8.31,7.23
2025-08-26 15:00:00,30.2,67,0.0,30.88,8.71,7.17
2025-08-26 16:00:00,29.5,74,0.0,30.16,8.98,7.23
2025-08-26 17:00:00,29.1,76,0.0,29.55,9.14,6.83
2025-08-26 18:00:00,28.6,76,0.0,28.96,9.27,6.83
2025-08-26 19:00:00,28.5,70,0.0,28.52,9.25,7.04
2025-08-26 20:00:00,28.4,65,0.0,28.19,9.23,7.23
2025-08-26 21:00:00,27.0,70,0.0,27.53,9.46,7.02
2025-08-26 22:00:00,25.5,77,0.1,26.62,9.78,6.94
2025-08-26 23:00:00,26.4,73,0.0,26.25,9.78,7.38
2025-08-27 00:00:00,27.0,72,0.0,26.18,9.78,7.42
2025-08-27 01:00:00,28.4,64,0.0,26.54,9.55,7.36
2025-08-27 02:00:00,28.9,63,0.0,26.95,9.45,7.44
2025-08-27 03:00:00,29.7,61,0.0,27.48,9.31,7.5
2025-08-27 04:00:00,30.6,58,0.0,28.11,9.12,7.65
2025-08-27 05:00:00,31.5,55,0.0,28.83,8.92,7.6
2025-08-27 06:00:00,31.6,55,0.0,29.36,8.82,7.72
2025-08-27 07:00:00,32.3,53,0.0,29.94,8.66,7.36
2025-08-27 08:00:00,33.0,50,0.0,30.56,8.49,7.53
2025-08-27 09:00:00,33.8,47,0.0,31.23,8.3,7.45
2025-08-27 10:00:00,31.9,56,1.9,31.13,8.47,7.39
2025-08-27 11:00:00,27.4,84,4.7,29.71,9.25,7.25
2025-08-27 12:00:00,28.0,81,0.1,28.9,9.37,7.44
2025-08-27 13:00:00,30.0,68,0.0,28.93,9.13,7.11
2025-08-27 14:00:00,29.4,73,0.0,28.77,9.25,7.23
2025-08-27 15:00:00,25.8,94,14.8,27.58,9.88,7.01
2025-08-27 16:00:00,25.7,94,1.4,26.72,10.07,7.25
2025-08-27 17:00:00,26.4,91,0.0,26.32,10.1,7.06
2025-08-27 18:00:00,26.2,87,0.0,25.98,10.1,7.13
2025-08-27 19:00:00,25.9,85,0.0,25.66,10.13,6.93
2025-08-27 20:00:00,25.9,83,0.0,25.43,10.14,6.91
2025-08-27 21:00:00,25.9,83,0.0,25.27,10.18,7.28
2025-08-27 22:00:00,25.9,83,0.0,25.16,10.2,7.26
2025-08-27 23:00:00,26.0,82,0.0,25.11,10.19,7.45
2025-08-28 00:00:00,26.1,80,0.0,25.11,10.15,7.27
2025-08-28 01:00:00,27.0,77,0.0,25.38,10.04,7.54
2025-08-28 02:00:00,27.6,75,0.0,25.74,9.92,7.74
2025-08-28 03:00:00,28.8,70,0.0,26.36,9.7,7.65
2025-08-28 04:00:00,30.1,63,0.0,27.18,9.4,7.68
2025-08-28 05:00:00,31.2,58,0.0,28.09,9.13,7.67
2025-08-28 06:00:00,32.5,54,0.0,29.11,8.85,7.51
2025-08-28 07:00:00,33.5,51,0.0,30.13,8.59,7.78
2025-08-28 08:00:00,34.3,49,0.0,31.08,8.37,7.55
2025-08-28 09:00:00,34.5,49,0.0,31.81,8.22,7.6
2025-08-28 10:00:00,33.5,52,0.2,32.01,8.23,7.32
2025-08-28 11:00:00,31.7,64,0.7,31.62,8.51,7.26
2025-08-28 12:00:00,26.8,88,9.1,29.87,9.28,7.32
2025-08-28 13:00:00,29.0,74,0.0,29.31,9.16,7.25
2025-08-28 14:00:00,28.5,76,0.0,28.77,9.31,7.37
2025-08-28 15:00:00,27.1,83,3.2,27.97,9.6,7.05
2025-08-28 16:00:00,27.1,86,0.2,27.41,9.78,6.93
2025-08-28 17:00:00,27.1,86,0.0,27.02,9.86,7.19
2025-08-28 18:00:00,27.1,87,0.0,26.74,9.94,7.03
2025-08-28 19:00:00,27.0,88,0.0,26.52,10.0,7.17
2025-08-28 20:00:00,27.0,84,0.0,26.36,9.96,7.14
2025-08-28 21:00:00,26.9,82,0.0,26.22,9.95,7.03
2025-08-28 22:00:00,26.7,83,0.0,26.07,10.01,7.27
2025-08-28 23:00:00,26.5,83,0.0,25.9,10.04,7.54
2025-08-29 00:00:00,26.5,82,0.0,25.78,10.05,7.45
2025-08-29 01:00:00,27.2,77,0.0,25.9,9.93,7.47
2025-08-29 02:00:00,28.2,76,0.0,26.29,9.83,7.65
2025-08-29 03:00:00,30.0,68,0.0,27.11,9.51,7.62
2025-08-29 04:00:00,30.9,60,0.0,27.94,9.19,7.66
2025-08-29 05:00:00,31.4,57,0.0,28.68,8.99,7.55
2025-08-29 06:00:00,33.2,51,0.0,29.74,8.67,7.69
2025-08-29 07:00:00,34.2,48,0.1,30.78,8.41,7.74
2025-08-29 08:00:00,34.5,48,0.1,31.59,8.25,7.51
2025-08-29 09:00:00,34.8,45,0.0,32.25,8.07,7.69
2025-08-29 10:00:00,34.7,44,0.1,32.69,7.97,7.47
2025-08-29 11:00:00,33.9,45,0.4,32.75,7.97,7.29
2025-08-29 12:00:00,32.2,57,0.2,32.29,8.26,7.42
2025-08-29 13:00:00,30.8,65,0.0,31.54,8.54,7.24
2025-08-29 14:00:00,30.1,72,0.0,30.81,8.81,7.28
2025-08-29 15:00:00,29.8,76,0.0,30.21,9.0,7.12
2025-08-29 16:00:00,29.6,78,0.0,29.72,9.14,7.1
2025-08-29 17:00:00,29.5,76,0.0,29.36,9.18,7.13
2025-08-29 18:00:00,29.2,76,0.0,29.01,9.26,7.1
2025-08-29 19:00:00,28.8,74,0.0,28.65,9.3,6.88
2025-08-29 20:00:00,28.4,73,0.0,28.27,9.36,7.01
2025-08-29 21:00:00,27.9,73,0.0,27.86,9.44,7.26
2025-08-29 22:00:00,27.5,74,0.0,27.45,9.55,7.22
2025-08-29 23:00:00,27.2,74,0.0,27.08,9.63,7.26
2025-08-30 00:00:00,27.0,73,0.0,26.75,9.67,7.26
2025-08-30 01:00:00,28.5,68,0.0,26.98,9.54,7.36
2025-08-30 02:00:00,30.0,62,0.0,27.58,9.3,7.33
2025-08-30 03:00:00,31.7,56,0.0,28.52,9.0,7.58
2025-08-30 04:00:00,33.0,52,0.0,29.56,8.72,7.56
2025-08-30 05:00:00,34.4,48,0.0,30.71,8.42,7.55
2025-08-30 06:00:00,35.8,43,0.0,31.94,8.1,7.63
2025-08-30 07:00:00,36.8,39,0.0,33.1,7.8,7.66
2025-08-30 08:00:00,36.8,38,0.1,33.91,7.63,7.78
2025-08-30 09:00:00,36.0,40,0.3,34.24,7.6,7.36
2025-08-30 10:00:00,35.5,43,0.4,34.32,7.63,7.56
2025-08-30 11:00:00,31.1,66,0.1,33.05,8.25,7.5
2025-08-30 12:00:00,31.0,66,0.1,32.14,8.43,7.25
2025-08-30 13:00:00,31.0,69,0.0,31.49,8.62,7.29
2025-08-30 14:00:00,30.2,78,0.0,30.81,8.91,7.16
2025-08-30 15:00:00,29.7,81,0.0,30.17,9.1,7.16
2025-08-30 16:00:00,27.2,91,11.8,28.98,9.53,7.06
2025-08-30 17:00:00,26.5,91,7.1,27.94,9.75,6.98
2025-08-30 18:00:00,26.5,91,2.3,27.21,9.91,7.04
2025-08-30 19:00:00,26.5,92,0.1,26.69,10.04,7.05
2025-08-30 20:00:00,26.0,93,0.0,26.19,10.17,6.99
2025-08-30 21:00:00,25.9,93,0.0,25.8,10.25,7.17
2025-08-30 22:00:00,26.0,91,0.0,25.56,10.27,7.38
2025-08-30 23:00:00,26.0,88,0.0,25.39,10.25,7.18
2025-08-31 00:00:00,26.0,86,0.0,25.27,10.23,7.3
2025-08-31 01:00:00,26.3,86,0.0,25.28,10.23,7.5
2025-08-31 02:00:00,26.7,88,0.0,25.41,10.24,7.46
2025-08-31 03:00:00,27.8,84,0.0,25.83,10.08,7.53
2025-08-31 04:00:00,28.8,76,0.0,26.42,9.8,7.61
2025-08-31 05:00:00,30.4,66,0.0,27.31,9.43,7.54
2025-08-31 06:00:00,31.9,59,0.0,28.39,9.08,7.58
2025-08-31 07:00:00,33.3,53,0.0,29.56,8.74,7.72
2025-08-31 08:00:00,34.0,52,0.0,30.59,8.52,7.48
2025-08-31 09:00:00,34.6,49,0.0,31.5,8.28,7.4
2025-08-31 10:00:00,33.8,50,0.0,31.89,8.22,7.43
2025-08-31 11:00:00,33.3,53,0.0,32.01,8.25,7.49
2025-08-31 12:00:00,32.7,57,0.0,31.92,8.33,7.32
2025-08-31 13:00:00,29.0,82,0.0,30.74,8.99,7.23
2025-08-31 14:00:00,28.8,81,0.0,29.86,9.16,7.22
2025-08-31 15:00:00,28.5,82,0.1,29.15,9.33,6.97
2025-08-31 16:00:00,27.6,81,0.1,28.39,9.48,7.16
2025-08-31 17:00:00,27.0,82,4.1,27.67,9.65,7.0
2025-08-31 18:00:00,25.7,91,6.8,26.78,10.0,6.89
2025-08-31 19:00:00,25.6,93,0.4,26.13,10.18,7.18
2025-08-31 20:00:00,25.6,90,0.3,25.67,10.22,7.01
2025-08-31 21:00:00,25.1,90,0.8,25.2,10.33,7.26
2025-08-31 22:00:00,25.0,91,0.2,24.84,10.42,7.26
2025-08-31 23:00:00,25.0,92,0.0,24.59,10.5,7.3
2025-09-01 00:00:00,25.1,91,0.0,24.44,10.51,7.41
2025-09-01 01:00:00,26.5,83,0.3,24.76,10.29,7.46
2025-09-01 02:00:00,27.1,82,0.0,25.16,10.18,7.68
2025-09-01 03:00:00,28.0,79,0.0,25.71,10.01,7.51
2025-09-01 04:00:00,29.2,72,0.0,26.46,9.72,7.58
2025-09-01 05:00:00,29.0,72,1.1,26.92,9.62,7.72
2025-09-01 06:00:00,28.2,77,0.4,27.0,9.7,7.6
2025-09-01 07:00:00,28.6,76,0.3,27.18,9.64,7.75
2025-09-01 08:00:00,29.4,72,0.2,27.55,9.49,7.8
2025-09-01 09:00:00,30.2,69,0.2,28.04,9.33,7.54
2025-09-01 10:00:00,31.0,66,0.0,28.63,9.16,7.59
2025-09-01 11:00:00,31.4,65,0.0,29.16,9.03,7.33
2025-09-01 12:00:00,30.8,69,0.0,29.35,9.06,7.44
2025-09-01 13:00:00,29.3,71,0.0,29.04,9.16,7.31
2025-09-01 14:00:00,28.7,74,0.0,28.64,9.3,7.27
2025-09-01 15:00:00,28.4,74,0.0,28.27,9.38,7.1
2025-09-01 16:00:00,27.9,76,0.0,27.86,9.5,6.96
2025-09-01 17:00:00,27.5,79,0.0,27.45,9.64,7.15
2025-09-01 18:00:00,27.2,85,0.0,27.07,9.83,6.88
2025-09-01 19:00:00,27.2,82,0.0,26.81,9.83,7.07
2025-09-01 20:00:00,27.3,82,0.0,26.66,9.86,7.23
2025-09-01 21:00:00,27.0,83,0.0,26.46,9.92,7.2
2025-09-01 22:00:00,27.0,77,0.0,26.32,9.84,7.44
2025-09-01 23:00:00,26.9,73,0.0,26.2,9.79,7.42
2025-09-02 00:00:00,26.5,72,0.0,25.99,9.82,7.33
2025-09-02 01:00:00,27.6,64,0.0,26.17,9.63,7.48
2025-09-02 02:00:00,28.3,61,0.0,26.51,9.5,7.54
2025-09-02 03:00:00,28.9,60,0.0,26.93,9.4,7.44
2025-09-02 04:00:00,30.3,56,0.0,27.64,9.18,7.55
2025-09-02 05:00:00,31.6,53,0.0,28.53,8.95,7.61
2025-09-02 06:00:00,33.5,48,0.0,29.72,8.62,7.46
2025-09-02 07:00:00,34.5,44,0.0,30.85,8.33,7.65
2025-09-02 08:00:00,36.0,40,0.0,32.1,8.02,7.57
2025-09-02 09:00:00,35.7,40,0.0,32.88,7.86,7.38
2025-09-02 10:00:00,32.6,53,0.5,32.49,8.15,7.49
2025-09-02 11:00:00,33.2,52,0.0,32.41,8.15,7.49
2025-09-02 12:00:00,32.2,54,0.0,32.04,8.26,7.36
2025-09-02 13:00:00,30.4,63,0.4,31.25,8.57,7.21
2025-09-02 14:00:00,30.2,64,0.0,30.64,8.71,7.26
2025-09-02 15:00:00,30.2,64,0.0,30.21,8.8,7.21
2025-09-02 16:00:00,27.5,79,3.6,29.09,9.29,7.02
2025-09-02 17:00:00,25.6,88,5.9,27.75,9.74,6.86
2025-09-02 18:00:00,26.4,84,0.0,27.04,9.82,7.12
2025-09-02 19:00:00,26.2,86,0.0,26.49,9.97,7.22
2025-09-02 20:00:00,26.2,86,0.0,26.1,10.05,7.08
2025-09-02 21:00:00,26.5,80,0.0,25.92,9.98,7.4
2025-09-02 22:00:00,26.6,76,0.0,25.83,9.93,7.2
2025-09-02 23:00:00,26.6,75,0.0,25.76,9.92,7.33
2025-09-03 00:00:00,26.4,76,0.0,25.65,9.96,7.34
2025-09-03 01:00:00,27.0,75,0.0,25.76,9.92,7.5
2025-09-03 02:00:00,27.8,72,0.0,26.07,9.8,7.38
2025-09-03 03:00:00,28.9,69,0.0,26.62,9.63,7.55
2025-09-03 04:00:00,30.6,62,0.0,27.51,9.32,7.54
2025-09-03 05:00:00,31.9,58,0.0,28.53,9.04,7.68
2025-09-03 06:00:00,33.2,54,0.0,29.63,8.74,7.76
2025-09-03 07:00:00,34.2,49,0.0,30.7,8.44,7.71
2025-09-03 08:00:00,35.0,46,0.0,31.69,8.2,7.37
2025-09-03 09:00:00,35.8,44,0.0,32.62,7.98,7.75
2025-09-03 10:00:00,27.6,81,10.3,30.82,8.96,7.34
2025-09-03 11:00:00,28.0,83,0.9,29.67,9.24,7.31
2025-09-03 12:00:00,28.5,78,0.0,29.02,9.29,7.39
2025-09-03 13:00:00,29.0,74,0.0,28.71,9.28,7.31
2025-09-03 14:00:00,28.5,79,0.0,28.35,9.45,7.16
2025-09-03 15:00:00,28.5,77,0.0,28.09,9.47,7.19
2025-09-03 16:00:00,28.3,78,0.0,27.86,9.53,7.06
2025-09-03 17:00:00,28.1,77,0.0,27.63,9.56,7.05
2025-09-03 18:00:00,26.0,82,1.7,26.84,9.82,6.94
2025-09-03 19:00:00,24.5,92,1.5,25.84,10.22,6.9
2025-09-03 20:00:00,24.8,90,0.7,25.23,10.32,7.12
2025-09-03 21:00:00,24.8,89,0.0,24.8,10.39,7.26
2025-09-03 22:00:00,24.7,89,0.0,24.47,10.46,7.32
2025-09-03 23:00:00,24.9,88,0.0,24.3,10.48,7.42
2025-09-04 00:00:00,25.1,86,0.0,24.24,10.45,7.45
2025-09-04 01:00:00,27.5,74,0.0,24.92,10.08,7.44
2025-09-04 02:00:00,28.6,69,0.0,25.72,9.81,7.64
2025-09-04 03:00:00,30.1,62,0.0,26.74,9.47,7.47
2025-09-04 04:00:00,31.4,56,0.0,27.83,9.14,7.55
2025-09-04 05:00:00,32.7,53,0.0,28.99,8.85,7.56
2025-09-04 06:00:00,34.3,46,0.0,30.29,8.47,7.77
2025-09-04 07:00:00,35.2,42,0.0,31.46,8.18,7.73
2025-09-04 08:00:00,35.9,39,0.0,32.49,7.92,7.64
2025-09-04 09:00:00,35.5,39,0.2,33.09,7.81,7.63
2025-09-04 10:00:00,35.0,40,0.4,33.37,7.77,7.36
2025-09-04 11:00:00,34.2,45,0.2,33.32,7.86,7.42
2025-09-04 12:00:00,33.0,54,0.0,32.92,8.08,7.32
2025-09-04 13:00:00,33.3,45,0.0,32.73,7.97,7.34
2025-09-04 14:00:00,31.3,62,0.0,32.0,8.4,7.18
2025-09-04 15:00:00,30.5,67,0.0,31.25,8.63,7.1
2025-09-04 16:00:00,30.1,71,0.0,30.61,8.83,7.15
2025-09-04 17:00:00,29.9,73,0.0,30.1,8.98,7.16
2025-09-04 18:00:00,29.4,76,0.0,29.59,9.13,7.0
2025-09-04 19:00:00,28.9,78,0.0,29.08,9.28,7.07
2025-09-04 20:00:00,28.2,79,0.0,28.52,9.41,7.01
2025-09-04 21:00:00,27.7,78,0.0,27.97,9.51,6.92
2025-09-04 22:00:00,27.4,77,0.0,27.5,9.59,7.26
2025-09-04 23:00:00,27.1,76,0.0,27.08,9.66,7.37
2025-09-05 00:00:00,27.0,79,0.0,26.76,9.79,7.42
2025-09-05 01:00:00,27.5,79,0.0,26.68,9.8,7.28
2025-09-05 02:00:00,28.8,72,0.0,27.02,9.6,7.5
2025-09-05 03:00:00,30.7,58,0.0,27.82,9.18,7.37
2025-09-05 04:00:00,32.4,51,0.0,28.89,8.84,7.77
2025-09-05 05:00:00,33.8,46,0.0,30.07,8.52,7.54
2025-09-05 06:00:00,35.2,43,0.0,31.31,8.22,7.77
2025-09-05 07:00:00,36.5,37,0.0,32.56,7.88,7.72
2025-09-05 08:00:00,36.8,36,0.0,33.54,7.67,7.49
2025-09-05 09:00:00,36.0,39,0.0,33.97,7.63,7.42
2025-09-05 10:00:00,34.5,47,0.2,33.83,7.79,7.49
2025-09-05 11:00:00,32.5,62,0.2,33.13,8.16,7.31
2025-09-05 12:00:00,31.1,68,0.2,32.22,8.45,7.33
2025-09-05 13:00:00,30.7,65,0.0,31.47,8.56,7.22
2025-09-05 14:00:00,30.4,67,0.0,30.85,8.72,7.02
2025-09-05 15:00:00,30.0,72,0.0,30.29,8.92,6.92
2025-09-05 16:00:00,29.6,79,0.0,29.78,9.14,7.13
2025-09-05 17:00:00,29.4,79,0.0,29.37,9.23,7.02
2025-09-05 18:00:00,28.3,78,0.1,28.75,9.35,7.01
2025-09-05 19:00:00,27.5,80,0.0,28.07,9.52,7.16
2025-09-05 20:00:00,27.3,83,0.0,27.54,9.69,7.24
2025-09-05 21:00:00,27.1,84,0.0,27.11,9.8,7.15
2025-09-05 22:00:00,26.8,83,0.0,26.72,9.87,7.21
2025-09-05 23:00:00,26.6,84,0.0,26.38,9.96,7.37
2025-09-06 00:00:00,26.4,86,0.0,26.09,10.06,7.26
2025-09-06 01:00:00,27.4,87,0.0,26.18,10.06,7.5
2025-09-06 02:00:00,28.5,83,0.0,26.58,9.9,7.6
2025-09-06 03:00:00,30.3,72,0.0,27.39,9.52,7.67
2025-09-06 04:00:00,32.2,61,0.0,28.54,9.09,7.44
2025-09-06 05:00:00,33.5,52,0.0,29.72,8.69,7.58
2025-09-06 06:00:00,34.2,50,0.0,30.77,8.45,7.56
2025-09-06 07:00:00,34.4,49,0.0,31.56,8.27,7.64
2025-09-06 08:00:00,34.4,50,0.0,32.11,8.18,7.65
2025-09-06 09:00:00,33.0,55,0.5,32.08,8.27,7.67
2025-09-06 10:00:00,32.5,59,0.0,31.9,8.37,7.44
2025-09-06 11:00:00,31.9,61,0.0,31.6,8.46,7.37
2025-09-06 12:00:00,31.0,68,0.0,31.12,8.68,7.46
2025-09-06 13:00:00,30.8,68,0.0,30.73,8.76,7.3
2025-09-06 14:00:00,30.5,71,0.0,30.36,8.89,7.33
2025-09-06 15:00:00,30.1,75,0.0,29.98,9.03,7.18
2025-09-06 16:00:00,29.9,77,0.0,29.66,9.14,6.99
2025-09-06 17:00:00,29.6,76,0.0,29.34,9.19,6.94
2025-09-06 18:00:00,29.2,78,0.0,29.0,9.29,6.91
2025-09-06 19:00:00,28.8,78,0.0,28.64,9.37,7.15
2025-09-06 20:00:00,28.7,75,0.0,28.36,9.38,7.24
2025-09-06 21:00:00,28.5,72,0.0,28.1,9.38,7.35
2025-09-06 22:00:00,28.1,70,0.0,27.8,9.4,7.32
2025-09-06 23:00:00,28.1,68,0.0,27.59,9.41,7.42
2025-09-07 00:00:00,28.0,67,0.0,27.41,9.43,7.33
2025-09-07 01:00:00,27.4,76,0.3,27.11,9.66,7.33
2025-09-07 02:00:00,28.0,73,0.1,27.08,9.61,7.62
2025-09-07 03:00:00,30.1,65,0.0,27.68,9.34,7.64
2025-09-07 04:00:00,31.6,59,0.0,28.56,9.05,7.64
2025-09-07 05:00:00,33.0,54,0.0,29.59,8.75,7.69
2025-09-07 06:00:00,34.3,50,0.0,30.7,8.46,7.69
2025-09-07 07:00:00,35.3,45,0.0,31.78,8.16,7.76
2025-09-07 08:00:00,34.8,47,0.0,32.39,8.07,7.73
2025-09-07 09:00:00,32.7,57,1.2,32.18,8.28,7.54
2025-09-07 10:00:00,32.7,58,0.1,32.04,8.32,7.57
2025-09-07 11:00:00,31.8,62,0.0,31.67,8.47,7.47
2025-09-07 12:00:00,31.0,64,0.0,31.17,8.6,7.3
2025-09-07 13:00:00,30.6,64,0.0,30.7,8.7,7.35
2025-09-07 14:00:00,30.0,73,0.0,30.19,8.96,7.07
2025-09-07 15:00:00,29.8,78,0.0,29.77,9.13,7.26
2025-09-07 16:00:00,29.6,79,0.0,29.42,9.22,6.99
2025-09-07 17:00:00,29.4,78,0.0,29.11,9.27,7.11
2025-09-07 18:00:00,29.2,77,0.0,28.84,9.31,6.99
2025-09-07 19:00:00,28.7,77,0.0,28.5,9.38,7.14
2025-09-07 20:00:00,28.2,76,0.0,28.11,9.45,7.12
2025-09-07 21:00:00,28.0,73,0.0,27.78,9.46,7.01
2025-09-07 22:00:00,27.6,71,0.0,27.42,9.5,7.28
2025-09-07 23:00:00,27.6,68,0.0,27.18,9.49,7.25
2025-09-08 00:00:00,27.4,69,0.0,26.94,9.56,7.48
2025-09-08 01:00:00,26.1,85,1.2,26.39,9.97,7.41
2025-09-08 02:00:00,27.0,81,0.3,26.27,9.92,7.57
2025-09-08 03:00:00,29.5,69,0.0,26.94,9.56,7.51
2025-09-08 04:00:00,31.2,61,0.0,27.92,9.21,7.58
2025-09-08 05:00:00,33.1,53,0.0,29.17,8.82,7.61
2025-09-08 06:00:00,34.5,49,0.0,30.47,8.49,7.74
2025-09-08 07:00:00,35.1,46,0.0,31.56,8.22,7.8
2025-09-08 08:00:00,34.5,48,0.1,32.14,8.14,7.51
2025-09-08 09:00:00,33.0,55,0.7,32.1,8.26,7.62
2025-09-08 10:00:00,32.5,58,0.1,31.92,8.35,7.27
2025-09-08 11:00:00,31.8,61,0.1,31.58,8.47,7.29
2025-09-08 12:00:00,30.8,69,0.0,31.05,8.71,7.25
2025-09-08 13:00:00,30.5,73,0.0,30.58,8.87,7.14
2025-09-08 14:00:00,30.1,72,0.0,30.14,8.95,7.05
2025-09-08 15:00:00,29.8,78,0.0,29.74,9.14,7.19
2025-09-08 16:00:00,29.6,80,0.0,29.4,9.24,7.08
2025-09-08 17:00:00,29.5,78,0.0,29.13,9.27,7.12
2025-09-08 18:00:00,29.3,78,0.0,28.88,9.32,7.14
2025-09-08 19:00:00,29.0,81,0.0,28.62,9.43,7.11
2025-09-08 20:00:00,28.8,83,0.0,28.37,9.51,7.18
2025-09-08 21:00:00,28.3,84,0.0,28.05,9.6,7.16
2025-09-08 22:00:00,27.9,85,0.0,27.7,9.69,7.11
2025-09-08 23:00:00,27.6,86,0.0,27.37,9.78,7.41
2025-09-09 00:00:00,27.4,87,0.0,27.08,9.86,7.33
2025-09-09 01:00:00,26.0,86,0.2,26.46,9.98,7.36
2025-09-09 02:00:00,27.8,78,0.0,26.56,9.81,7.53
2025-09-09 03:00:00,30.2,68,0.0,27.35,9.46,7.51
2025-09-09 04:00:00,32.6,56,0.0,28.63,8.98,7.59
2025-09-09 05:00:00,34.3,46,0.0,30.03,8.53,7.68
2025-09-09 06:00:00,35.2,41,0.1,31.28,8.19,7.67
2025-09-09 07:00:00,35.2,42,0.1,32.16,8.04,7.53
2025-09-09 08:00:00,35.0,43,0.1,32.71,7.95,7.54
2025-09-09 09:00:00,34.5,48,0.1,32.95,7.98,7.64
2025-09-09 10:00:00,33.3,53,0.6,32.75,8.1,7.49
2025-09-09 11:00:00,33.0,51,0.4,32.53,8.11,7.59
2025-09-09 12:00:00,32.2,57,0.0,32.13,8.29,7.46
2025-09-09 13:00:00,30.5,70,0.0,31.34,8.67,7.38
2025-09-09 14:00:00,29.9,77,0.0,30.61,8.94,7.07
2025-09-09 15:00:00,29.6,80,0.0,30.01,9.11,7.22
2025-09-09 16:00:00,29.5,78,0.0,29.55,9.18,7.1
2025-09-09 17:00:00,29.1,81,0.0,29.12,9.32,7.02
2025-09-09 18:00:00,28.9,82,0.0,28.75,9.42,7.09
2025-09-09 19:00:00,28.5,83,0.0,28.38,9.51,7.18
2025-09-09 20:00:00,28.2,86,0.0,28.02,9.64,7.17
2025-09-09 21:00:00,27.8,86,0.0,27.66,9.72,7.08
2025-09-09 22:00:00,27.6,87,0.0,27.34,9.81,7.31
2025-09-09 23:00:00,27.0,86,0.0,26.94,9.88,7.25
2025-09-10 00:00:00,26.5,82,0.0,26.51,9.89,7.42
2025-09-10 01:00:00,27.4,84,0.0,26.47,9.94,7.44
2025-09-10 02:00:00,28.6,78,0.0,26.81,9.75,7.52
2025-09-10 03:00:00,30.6,68,0.0,27.65,9.4,7.67
2025-09-10 04:00:00,32.7,57,0.0,28.86,8.95,7.53
2025-09-10 05:00:00,34.5,48,0.0,30.25,8.51,7.84
2025-09-10 06:00:00,35.5,44,0.0,31.53,8.19,7.46
2025-09-10 07:00:00,35.7,43,0.0,32.48,7.99,7.57
2025-09-10 08:00:00,36.2,42,0.0,33.3,7.81,7.62
2025-09-10 09:00:00,35.8,42,0.0,33.75,7.72,7.59
2025-09-10 10:00:00,34.9,49,0.0,33.79,7.83,7.46
2025-09-10 11:00:00,31.8,70,2.8,32.9,8.34,7.3
2025-09-10 12:00:00,31.6,68,0.1,32.21,8.45,7.37
2025-09-10 13:00:00,30.2,72,0.0,31.3,8.71,7.25
2025-09-10 14:00:00,29.6,75,0.0,30.49,8.93,7.34
2025-09-10 15:00:00,29.2,76,0.0,29.81,9.09,7.23
2025-09-10 16:00:00,28.9,79,0.0,29.23,9.26,7.2
2025-09-10 17:00:00,28.4,80,0.0,28.68,9.4,6.99
2025-09-10 18:00:00,27.9,80,1.1,28.15,9.51,7.01
2025-09-10 19:00:00,25.8,90,3.2,27.14,9.9,6.95
2025-09-10 20:00:00,25.5,91,0.1,26.35,10.09,7.03
2025-09-10 21:00:00,25.7,88,0.0,25.86,10.15,7.23
2025-09-10 22:00:00,25.9,83,0.0,25.57,10.11,7.2
2025-09-10 23:00:00,25.9,81,0.0,25.37,10.12,7.39
2025-09-11 00:00:00,26.0,79,0.0,25.26,10.1,7.3
2025-09-11 01:00:00,26.8,84,0.0,25.42,10.16,7.66
2025-09-11 02:00:00,28.0,79,0.0,25.89,9.97,7.46
2025-09-11 03:00:00,29.6,72,0.0,26.71,9.67,7.63
2025-09-11 04:00:00,31.0,64,0.0,27.69,9.31,7.72
2025-09-11 05:00:00,32.2,59,0.0,28.75,9.01,7.61
2025-09-11 06:00:00,33.0,57,0.0,29.72,8.78,7.75
2025-09-11 07:00:00,32.7,57,0.1,30.32,8.66,7.52
2025-09-11 08:00:00,33.2,55,0.0,30.88,8.51,7.76
2025-09-11 09:00:00,33.2,56,0.0,31.28,8.44,7.56
2025-09-11 10:00:00,29.5,77,3.5,30.44,8.97,7.33
2025-09-11 11:00:00,28.0,83,1.6,29.41,9.29,7.34
2025-09-11 12:00:00,28.1,83,0.1,28.72,9.44,7.45
2025-09-11 13:00:00,30.9,70,0.0,29.07,9.14,7.23
2025-09-11 14:00:00,30.3,72,0.0,29.14,9.16,7.14
2025-09-11 15:00:00,30.0,71,0.0,29.1,9.15,7.13
2025-09-11 16:00:00,29.7,68,0.0,28.98,9.12,6.99
2025-09-11 17:00:00,29.0,73,0.0,28.69,9.27,7.27
2025-09-11 18:00:00,28.0,80,0.0,28.18,9.5,7.02
2025-09-11 19:00:00,27.3,83,0.0,27.62,9.68,7.18
2025-09-11 20:00:00,27.1,82,0.0,27.16,9.75,7.15
2025-09-11 21:00:00,27.0,79,0.0,26.81,9.77,7.08
2025-09-11 22:00:00,26.9,75,0.0,26.54,9.76,7.24
2025-09-11 23:00:00,26.9,74,0.0,26.35,9.78,7.4
2025-09-12 00:00:00,26.8,73,0.0,26.18,9.79,7.38
2025-09-12 01:00:00,27.4,80,0.0,26.25,9.91,7.59
2025-09-12 02:00:00,28.0,78,0.0,26.47,9.83,7.65
2025-09-12 03:00:00,29.0,73,0.0,26.93,9.64,7.69
2025-09-12 04:00:00,31.2,61,0.0,27.91,9.22,7.59
2025-09-12 05:00:00,32.0,57,0.0,28.84,8.96,7.55
2025-09-12 06:00:00,33.5,51,0.0,29.94,8.63,7.6
2025-09-12 07:00:00,34.2,47,0.0,30.92,8.37,7.66
2025-09-12 08:00:00,33.8,49,0.0,31.48,8.29,7.66
2025-09-12 09:00:00,32.3,61,0.2,31.43,8.5,7.33
2025-09-12 10:00:00,30.5,68,0.2,30.85,8.73,7.49
2025-09-12 11:00:00,30.0,72,0.1,30.29,8.92,7.44
2025-09-12 12:00:00,29.9,73,0.0,29.88,9.02,7.33
2025-09-12 13:00:00,28.3,83,0.1,29.1,9.36,7.41
2025-09-12 14:00:00,28.2,82,0.0,28.53,9.46,7.27
2025-09-12 15:00:00,28.1,85,0.0,28.1,9.61,7.3
2025-09-12 16:00:00,27.7,86,0.0,27.68,9.72,7.1
2025-09-12 17:00:00,27.3,85,0.0,27.27,9.79,7.19
2025-09-12 18:00:00,26.9,85,0.0,26.86,9.87,7.25
2025-09-12 19:00:00,26.7,84,0.0,26.51,9.93,7.24
2025-09-12 20:00:00,26.5,85,0.0,26.21,10.01,7.03
2025-09-12 21:00:00,26.4,86,0.0,25.96,10.08,7.16
2025-09-12 22:00:00,26.4,86,0.0,25.8,10.12,7.22
2025-09-12 23:00:00,26.5,86,0.0,25.71,10.14,7.37
2025-09-13 00:00:00,26.5,85,0.0,25.64,10.13,7.47
2025-09-13 01:00:00,27.2,81,0.0,25.81,10.02,7.4
2025-09-13 02:00:00,27.2,77,0.1,25.93,9.92,7.55
2025-09-13 03:00:00,27.8,78,0.3,26.19,9.89,7.39
2025-09-13 04:00:00,28.8,75,0.0,26.67,9.73,7.8
2025-09-13 05:00:00,30.3,69,0.1,27.46,9.45,7.62
2025-09-13 06:00:00,31.9,61,0.0,28.49,9.1,7.68
2025-09-13 07:00:00,32.8,57,0.0,29.48,8.82,7.62
2025-09-13 08:00:00,32.8,57,0.0,30.18,8.68,7.73
2025-09-13 09:00:00,32.0,61,0.1,30.43,8.7,7.28
2025-09-13 10:00:00,31.4,66,0.1,30.42,8.79,7.5
2025-09-13 11:00:00,30.5,74,0.0,30.14,8.98,7.43
2025-09-13 12:00:00,29.9,75,0.0,29.77,9.08,7.32
2025-09-13 13:00:00,29.4,74,0.0,29.36,9.15,7.46
2025-09-13 14:00:00,28.9,80,0.0,28.92,9.34,7.13
2025-09-13 15:00:00,28.2,85,0.0,28.4,9.54,7.24
2025-09-13 16:00:00,28.0,87,0.0,27.98,9.67,7.16
2025-09-13 17:00:00,28.0,89,0.0,27.69,9.77,7.22
2025-09-13 18:00:00,28.1,89,0.0,27.51,9.81,7.02
2025-09-13 19:00:00,28.1,88,0.1,27.39,9.82,7.02
2025-09-13 20:00:00,28.0,89,0.3,27.27,9.86,7.22
2025-09-13 21:00:00,27.9,90,0.2,27.16,9.9,7.2
2025-09-13 22:00:00,24.7,97,13.3,26.12,10.26,6.88
2025-09-13 23:00:00,23.8,95,15.7,25.13,10.44,7.05
2025-09-14 00:00:00,24.0,96,0.5,24.49,10.6,7.42
2025-09-14 01:00:00,24.8,92,0.1,24.28,10.56,7.57
2025-09-14 02:00:00,25.4,92,0.0,24.32,10.55,7.5
2025-09-14 03:00:00,26.5,90,0.1,24.67,10.44,7.33
2025-09-14 04:00:00,28.5,84,0.0,25.52,10.14,7.72
2025-09-14 05:00:00,30.1,74,0.0,26.59,9.73,7.56
2025-09-14 06:00:00,31.1,67,0.0,27.65,9.38,7.48
2025-09-14 07:00:00,31.7,62,0.0,28.56,9.1,7.38
2025-09-14 08:00:00,31.1,66,0.1,29.02,9.08,7.7
2025-09-14 09:00:00,30.5,71,1.1,29.17,9.13,7.53
2025-09-14 10:00:00,29.9,77,0.1,29.09,9.26,7.49
2025-09-14 11:00:00,29.5,77,0.0,28.91,9.29,7.59
2025-09-14 12:00:00,29.1,79,0.0,28.67,9.38,7.44
2025-09-14 13:00:00,28.8,83,0.0,28.41,9.51,7.46
2025-09-14 14:00:00,28.5,85,0.0,28.14,9.6,7.09
2025-09-14 15:00:00,28.4,85,0.0,27.91,9.65,7.17
2025-09-14 16:00:00,28.3,84,0.0,27.73,9.67,6.96
2025-09-14 17:00:00,28.2,85,0.0,27.57,9.72,7.07
2025-09-14 18:00:00,28.0,86,0.0,27.4,9.78,7.06
2025-09-14 19:00:00,27.8,87,0.0,27.22,9.83,7.16
2025-09-14 20:00:00,27.5,86,0.0,27.0,9.86,7.13
2025-09-14 21:00:00,27.4,86,0.0,26.82,9.9,7.24
2025-09-14 22:00:00,27.1,85,0.0,26.61,9.93,7.31
2025-09-14 23:00:00,26.6,85,0.0,26.3,9.99,7.53
2025-09-15 00:00:00,26.1,86,0.0,25.94,10.09,7.37
2025-09-15 01:00:00,26.8,85,0.0,25.9,10.08,7.38
2025-09-15 02:00:00,27.6,84,0.0,26.11,10.02,7.57
2025-09-15 03:00:00,29.0,79,0.0,26.68,9.8,7.53
2025-09-15 04:00:00,30.5,70,0.0,27.52,9.46,7.79
2025-09-15 05:00:00,32.0,63,0.0,28.57,9.12,7.64
2025-09-15 06:00:00,33.2,55,0.0,29.66,8.76,7.61
2025-09-15 07:00:00,33.8,51,0.0,30.6,8.5,7.6
2025-09-15 08:00:00,33.7,51,0.0,31.23,8.37,7.68
2025-09-15 09:00:00,32.3,65,0.0,31.25,8.6,7.54
2025-09-15 10:00:00,30.5,77,0.0,30.73,8.91,7.44
2025-09-15 11:00:00,30.4,73,0.0,30.33,8.93,7.6
2025-09-15 12:00:00,29.6,79,0.0,29.81,9.14,7.28
2025-09-15 13:00:00,28.9,84,0.0,29.24,9.35,7.29
2025-09-15 14:00:00,28.8,85,0.0,28.81,9.46,7.29
2025-09-15 15:00:00,28.7,85,0.0,28.47,9.53,7.0
2025-09-15 16:00:00,28.6,86,0.0,28.21,9.6,7.17
2025-09-15 17:00:00,28.6,86,0.0,28.03,9.64,6.98
2025-09-15 18:00:00,26.9,83,5.1,27.39,9.72,7.02
2025-09-15 19:00:00,25.0,93,14.9,26.37,10.13,6.79
2025-09-15 20:00:00,25.3,94,0.3,25.75,10.28,7.19
2025-09-15 21:00:00,25.1,96,0.2,25.26,10.43,7.29
2025-09-15 22:00:00,25.0,95,0.1,24.88,10.49,7.34
2025-09-15 23:00:00,24.9,94,0.0,24.59,10.54,7.36
2025-09-16 00:00:00,24.8,94,0.0,24.35,10.59,7.39
2025-09-16 01:00:00,25.9,92,0.0,24.51,10.51,7.43
2025-09-16 02:00:00,26.0,91,0.0,24.66,10.46,7.71
2025-09-16 03:00:00,26.1,90,0.2,24.79,10.41,7.54
2025-09-16 04:00:00,27.0,85,0.1,25.15,10.24,7.56
2025-09-16 05:00:00,28.2,81,0.5,25.77,10.03,7.73
2025-09-16 06:00:00,30.0,74,0.0,26.74,9.7,7.61
2025-09-16 07:00:00,31.4,66,0.4,27.84,9.32,7.55
2025-09-16 08:00:00,32.2,63,0.0,28.85,9.06,7.49
2025-09-16 09:00:00,31.4,68,0.0,29.31,9.05,7.53
2025-09-16 10:00:00,29.9,78,0.1,29.19,9.25,7.5
2025-09-16 11:00:00,29.2,78,0.0,28.89,9.32,7.47
2025-09-16 12:00:00,28.7,82,0.0,28.53,9.46,7.47
2025-09-16 13:00:00,29.4,79,0.0,28.49,9.42,7.35
2025-09-16 14:00:00,28.8,81,0.0,28.29,9.5,7.21
2025-09-16 15:00:00,28.3,84,0.0,27.99,9.61,7.15
2025-09-16 16:00:00,28.1,87,0.0,27.72,9.73,7.17
2025-09-16 17:00:00,28.0,87,0.0,27.51,9.77,7.22
2025-09-16 18:00:00,27.8,89,0.5,27.29,9.85,7.07
2025-09-16 19:00:00,24.9,93,7.5,26.28,10.15,6.89
2025-09-16 20:00:00,24.8,94,3.6,25.53,10.33,6.92
2025-09-16 21:00:00,24.6,96,0.4,24.95,10.49,7.03
2025-09-16 22:00:00,24.8,95,0.1,24.61,10.55,7.32
2025-09-16 23:00:00,25.0,96,0.0,24.43,10.61,7.4
2025-09-17 00:00:00,25.0,96,0.0,24.3,10.64,7.47
2025-09-17 01:00:00,25.6,89,0.0,24.39,10.48,7.48
2025-09-17 02:00:00,26.8,87,0.0,24.81,10.35,7.7
2025-09-17 03:00:00,28.1,78,0.0,25.5,10.03,7.57
2025-09-17 04:00:00,29.2,75,0.0,26.31,9.81,7.75
2025-09-17 05:00:00,30.4,69,0.0,27.24,9.5,7.67
2025-09-17 06:00:00,31.0,68,0.0,28.07,9.31,7.62
2025-09-17 07:00:00,31.2,68,0.0,28.71,9.18,7.72
2025-09-17 08:00:00,31.0,70,0.1,29.09,9.13,7.66
2025-09-17 09:00:00,28.5,82,3.9,28.62,9.44,7.49
2025-09-17 10:00:00,29.4,80,0.1,28.55,9.42,7.52
2025-09-17 11:00:00,29.1,78,0.2,28.42,9.42,7.44
2025-09-17 12:00:00,28.5,83,0.0,28.14,9.56,7.62
2025-09-17 13:00:00,28.8,83,0.0,28.04,9.59,7.42
2025-09-17 14:00:00,28.5,87,0.0,27.88,9.69,7.3
2025-09-17 15:00:00,28.2,88,0.0,27.67,9.75,7.18
2025-09-17 16:00:00,28.0,88,0.0,27.47,9.8,7.23
2025-09-17 17:00:00,27.7,89,0.0,27.24,9.87,7.15
2025-09-17 18:00:00,27.5,88,0.0,27.02,9.9,7.09
2025-09-17 19:00:00,27.0,89,0.0,26.71,9.98,7.07
2025-09-17 20:00:00,26.2,91,0.0,26.26,10.11,7.13
2025-09-17 21:00:00,25.8,91,0.0,25.82,10.21,6.87
2025-09-17 22:00:00,25.5,91,0.0,25.42,10.3,7.28
2025-09-17 23:00:00,25.5,91,0.0,25.15,10.36,7.28
2025-09-18 00:00:00,25.4,91,0.0,24.92,10.4,7.57
2025-09-18 01:00:00,26.8,86,0.0,25.19,10.25,7.49
2025-09-18 02:00:00,27.5,83,0.0,25.58,10.11,7.44
2025-09-18 03:00:00,28.9,77,0.0,26.28,9.85,7.6
2025-09-18 04:00:00,30.1,72,0.0,27.12,9.58,7.54
2025-09-18 05:00:00,31.1,66,0.1,28.02,9.28,7.71
2025-09-18 06:00:00,32.0,62,0.0,28.91,9.03,7.7
2025-09-18 07:00:00,32.3,61,0.0,29.63,8.87,7.75
2025-09-18 08:00:00,32.2,63,0.0,30.1,8.8,7.54
2025-09-18 09:00:00,29.9,74,2.8,29.74,9.07,7.47
2025-09-18 10:00:00,29.0,80,1.5,29.22,9.28,7.31
2025-09-18 11:00:00,29.4,77,0.1,28.97,9.28,7.51
2025-09-18 12:00:00,27.9,82,1.7,28.35,9.5,7.35
2025-09-18 13:00:00,26.8,87,0.0,27.59,9.76,7.36
2025-09-18 14:00:00,26.5,90,0.0,26.96,9.94,7.24
2025-09-18 15:00:00,26.4,89,0.0,26.49,10.03,7.22
2025-09-18 16:00:00,26.4,89,0.0,26.16,10.1,7.3
2025-09-18 17:00:00,26.2,90,0.0,25.88,10.18,7.08
2025-09-18 18:00:00,26.0,91,0.0,25.61,10.25,7.12
2025-09-18 19:00:00,25.6,89,0.0,25.31,10.28,7.01
2025-09-18 20:00:00,25.3,88,0.0,25.01,10.33,7.06
2025-09-18 21:00:00,25.1,88,0.0,24.73,10.39,7.21
2025-09-18 22:00:00,25.5,86,0.0,24.66,10.36,7.37
2025-09-18 23:00:00,25.4,87,0.6,24.58,10.4,7.27
2025-09-19 00:00:00,25.4,88,0.8,24.53,10.43,7.34
2025-09-19 01:00:00,26.2,81,0.0,24.73,10.25,7.45
2025-09-19 02:00:00,27.0,79,0.0,25.11,10.13,7.51
2025-09-19 03:00:00,27.9,76,0.0,25.65,9.96,7.65
2025-09-19 04:00:00,28.8,72,0.0,26.29,9.75,7.51
2025-09-19 05:00:00,29.5,68,0.0,26.96,9.54,7.81
2025-09-19 06:00:00,30.3,68,0.0,27.66,9.39,7.62
2025-09-19 07:00:00,30.4,67,0.2,28.18,9.27,7.73
2025-09-19 08:00:00,30.1,69,0.6,28.46,9.25,7.47
2025-09-19 09:00:00,28.7,77,0.5,28.23,9.44,7.62
2025-09-19 10:00:00,28.6,77,0.1,28.04,9.48,7.59
2025-09-19 11:00:00,27.7,80,0.0,27.64,9.62,7.5
2025-09-19 12:00:00,27.4,82,0.0,27.27,9.73,7.29
2025-09-19 13:00:00,27.5,84,0.0,27.04,9.82,7.34
2025-09-19 14:00:00,27.1,85,0.0,26.76,9.9,7.12
2025-09-19 15:00:00,27.0,85,0.0,26.53,9.94,7.16
2025-09-19 16:00:00,26.9,86,0.0,26.34,10.0,7.24
2025-09-19 17:00:00,26.6,87,0.0,26.12,10.07,7.19
2025-09-19 18:00:00,26.4,87,0.2,25.9,10.12,7.09
2025-09-19 19:00:00,25.0,91,1.0,25.33,10.32,6.96
2025-09-19 20:00:00,25.0,88,0.2,24.93,10.34,7.2
2025-09-19 21:00:00,24.6,91,1.5,24.53,10.49,7.13
2025-09-19 22:00:00,24.6,92,1.0,24.25,10.57,6.98
2025-09-19 23:00:00,24.6,89,0.1,24.06,10.55,7.41
2025-09-20 00:00:00,24.7,89,0.0,23.95,10.58,7.42
2025-09-20 01:00:00,25.9,88,0.9,24.23,10.49,7.56
2025-09-20 02:00:00,25.9,89,0.0,24.43,10.47,7.46
2025-09-20 03:00:00,26.6,87,0.0,24.78,10.36,7.31
2025-09-20 04:00:00,27.8,81,0.0,25.39,10.11,7.69
2025-09-20 05:00:00,28.5,74,0.0,26.02,9.85,7.72
2025-09-20 06:00:00,30.0,68,0.0,26.92,9.55,7.52
2025-09-20 07:00:00,30.9,63,0.0,27.81,9.27,7.57
2025-09-20 08:00:00,30.7,66,0.4,28.38,9.21,7.88
2025-09-20 09:00:00,31.0,66,0.1,28.86,9.11,7.55
2025-09-20 10:00:00,31.1,68,0.1,29.24,9.07,7.58
2025-09-20 11:00:00,30.6,70,0.0,29.34,9.08,7.38
2025-09-20 12:00:00,29.9,76,0.0,29.21,9.21,7.16
2025-09-20 13:00:00,28.9,82,0.0,28.82,9.4,7.28
2025-09-20 14:00:00,28.4,82,0.0,28.39,9.49,7.2
2025-09-20 15:00:00,27.5,84,0.0,27.82,9.65,7.13
2025-09-20 16:00:00,26.8,85,0.0,27.22,9.8,7.12
2025-09-20 17:00:00,26.5,85,0.0,26.7,9.91,7.13
2025-09-20 18:00:00,26.1,87,0.2,26.22,10.05,7.07
2025-09-20 19:00:00,25.9,87,0.1,25.83,10.13,6.98
2025-09-20 20:00:00,25.7,86,0.0,25.49,10.19,7.19
2025-09-20 21:00:00,25.6,87,0.0,25.22,10.26,7.0
2025-09-20 22:00:00,25.5,87,0.0,25.0,10.31,7.05
2025-09-20 23:00:00,25.6,86,0.0,24.88,10.32,7.41
2025-09-21 00:00:00,25.7,86,0.0,24.83,10.33,7.46
2025-09-21 01:00:00,26.5,86,0.2,25.03,10.28,7.47
2025-09-21 02:00:00,27.0,84,0.0,25.32,10.18,7.42
2025-09-21 03:00:00,27.0,84,0.1,25.52,10.14,7.54
2025-09-21 04:00:00,28.2,81,0.2,26.03,9.98,7.62
2025-09-21 05:00:00,29.3,75,0.0,26.71,9.72,7.52
2025-09-21 06:00:00,29.4,74,0.0,27.22,9.6,7.61
2025-09-21 07:00:00,30.2,70,0.0,27.81,9.4,7.74
2025-09-21 08:00:00,31.1,68,0.0,28.5,9.22,7.78
2025-09-21 09:00:00,31.2,68,0.1,29.01,9.12,7.53
2025-09-21 10:00:00,31.2,68,0.0,29.37,9.04,7.59
2025-09-21 11:00:00,30.9,70,0.0,29.53,9.04,7.25
2025-09-21 12:00:00,29.8,76,0.0,29.31,9.19,7.43
2025-09-21 13:00:00,28.7,78,0.0,28.83,9.33,7.21
2025-09-21 14:00:00,27.4,86,0.0,28.1,9.63,7.26
2025-09-21 15:00:00,27.0,88,0.0,27.47,9.8,7.15
2025-09-21 16:00:00,26.9,88,0.0,27.0,9.9,7.26
2025-09-21 17:00:00,26.8,86,0.0,26.64,9.94,7.02
2025-09-21 18:00:00,26.6,87,0.0,26.33,10.03,7.16
2025-09-21 19:00:00,26.5,88,0.0,26.08,10.1,7.08
2025-09-21 20:00:00,26.1,89,0.0,25.79,10.18,7.13
2025-09-21 21:00:00,26.0,87,0.0,25.55,10.19,7.17
2025-09-21 22:00:00,25.7,85,0.0,25.29,10.21,7.17
2025-09-21 23:00:00,25.5,87,0.0,25.06,10.3,7.33
2025-09-22 00:00:00,25.4,86,0.0,24.86,10.32,7.41
2025-09-22 01:00:00,26.0,84,0.0,24.9,10.27,7.51
2025-09-22 02:00:00,26.8,85,0.0,25.17,10.24,7.57
2025-09-22 03:00:00,28.0,83,0.0,25.72,10.08,7.69
2025-09-22 04:00:00,29.2,75,0.0,26.46,9.77,7.75
2025-09-22 05:00:00,30.3,70,0.0,27.31,9.5,7.57
2025-09-22 06:00:00,31.1,66,0.0,28.15,9.26,7.77
2025-09-22 07:00:00,31.5,64,0.0,28.86,9.08,7.54
2025-09-22 08:00:00,32.0,63,0.0,29.5,8.93,7.68
2025-09-22 09:00:00,32.2,63,0.0,30.01,8.82,7.63
2025-09-22 10:00:00,32.3,63,0.0,30.4,8.74,7.31
2025-09-22 11:00:00,32.2,65,0.0,30.64,8.73,7.44
2025-09-22 12:00:00,27.3,89,3.3,29.34,9.41,7.2
2025-09-22 13:00:00,27.5,83,0.1,28.49,9.49,7.21
2025-09-22 14:00:00,27.3,89,0.0,27.83,9.74,7.37
2025-09-22 15:00:00,27.4,88,0.0,27.4,9.81,7.11
2025-09-22 16:00:00,27.6,84,0.0,27.16,9.79,7.05
2025-09-22 17:00:00,27.8,85,0.0,27.05,9.83,7.11
2025-09-22 18:00:00,27.5,87,0.0,26.89,9.91,7.16
2025-09-22 19:00:00,26.6,87,2.4,26.5,9.99,6.99
2025-09-22 20:00:00,25.1,91,2.7,25.78,10.22,7.15
2025-09-22 21:00:00,25.0,90,0.2,25.25,10.31,7.23
2025-09-22 22:00:00,25.1,87,0.1,24.9,10.33,7.04
2025-09-22 23:00:00,25.4,86,0.0,24.75,10.34,7.28
2025-09-23 00:00:00,24.9,89,0.0,24.5,10.46,7.36
2025-09-23 01:00:00,26.5,79,0.0,24.8,10.2,7.54
2025-09-23 02:00:00,26.9,79,0.0,25.13,10.13,7.3
2025-09-23 03:00:00,28.1,78,0.0,25.72,9.99,7.87
2025-09-23 04:00:00,29.1,72,0.0,26.43,9.72,7.71
2025-09-23 05:00:00,30.0,67,0.0,27.2,9.47,7.69
2025-09-23 06:00:00,30.5,65,0.0,27.89,9.29,7.8
2025-09-23 07:00:00,31.5,61,0.0,28.67,9.06,7.9
2025-09-23 08:00:00,31.8,62,0.0,29.31,8.95,7.71
2025-09-23 09:00:00,31.7,63,0.0,29.73,8.88,7.67
2025-09-23 10:00:00,32.0,61,0.0,30.11,8.77,7.52
2025-09-23 11:00:00,31.5,63,0.0,30.23,8.78,7.42
2025-09-23 12:00:00,29.5,73,0.0,29.71,9.06,7.32
2025-09-23 13:00:00,28.6,82,0.0,29.08,9.35,7.21
2025-09-23 14:00:00,28.0,85,0.0,28.45,9.53,7.16
2025-09-23 15:00:00,27.8,84,0.0,27.96,9.62,7.03
2025-09-23 16:00:00,27.5,85,0.0,27.52,9.73,7.12
2025-09-23 17:00:00,27.3,86,0.0,27.15,9.83,6.93
2025-09-23 18:00:00,27.0,88,0.0,26.81,9.94,7.11
2025-09-23 19:00:00,26.6,86,2.3,26.45,9.98,7.01
2025-09-23 20:00:00,26.5,87,0.3,26.16,10.06,7.13
2025-09-23 21:00:00,26.4,89,0.0,25.93,10.15,7.14
2025-09-23 22:00:00,26.1,90,0.0,25.68,10.22,7.56
2025-09-23 23:00:00,26.1,84,0.0,25.51,10.14,7.46
2025-09-24 00:00:00,25.8,80,0.0,25.3,10.11,7.28
2025-09-24 01:00:00,27.1,73,0.0,25.54,9.93,7.51
2025-09-24 02:00:00,27.6,71,0.0,25.86,9.82,7.49
2025-09-24 03:00:00,28.5,69,0.0,26.35,9.68,7.51
2025-09-24 04:00:00,29.5,62,0.0,26.99,9.42,7.52
2025-09-24 05:00:00,30.4,58,0.0,27.72,9.2,7.72
2025-09-24 06:00:00,31.2,56,0.0,28.46,9.01,7.61
2025-09-24 07:00:00,32.2,53,0.0,29.28,8.8,7.75
2025-09-24 08:00:00,32.7,50,0.0,30.01,8.6,7.72
2025-09-24 09:00:00,32.8,49,0.1,30.55,8.47,7.7
2025-09-24 10:00:00,32.2,53,0.4,30.74,8.5,7.39
2025-09-24 11:00:00,32.8,52,0.0,31.06,8.42,7.47
2025-09-24 12:00:00,30.5,71,0.4,30.59,8.84,7.39
2025-09-24 13:00:00,28.9,66,0.0,29.78,8.92,7.24
2025-09-24 14:00:00,28.5,65,0.0,29.1,9.04,7.14
2025-09-24 15:00:00,28.6,60,0.0,28.65,9.05,7.32
2025-09-24 16:00:00,28.6,58,0.0,28.33,9.08,7.14
2025-09-24 17:00:00,28.1,61,0.0,27.96,9.21,7.15
2025-09-24 18:00:00,27.8,66,0.0,27.61,9.37,7.0
2025-09-24 19:00:00,27.1,71,0.0,27.16,9.55,6.98
2025-09-24 20:00:00,26.6,73,0.0,26.69,9.69,7.08
2025-09-24 21:00:00,26.3,75,0.0,26.27,9.81,7.17
2025-09-24 22:00:00,26.0,77,0.0,25.89,9.93,7.14
2025-09-24 23:00:00,25.9,78,0.0,25.59,10.01,7.33
2025-09-25 00:00:00,25.8,79,0.0,25.36,10.08,7.24
2025-09-25 01:00:00,27.1,74,0.0,25.58,9.94,7.37
2025-09-25 02:00:00,28.0,71,0.0,26.01,9.79,7.62
2025-09-25 03:00:00,29.2,68,0.0,26.66,9.6,7.67
2025-09-25 04:00:00,30.3,61,0.0,27.45,9.31,7.61
2025-09-25 05:00:00,31.4,59,0.0,28.34,9.09,7.56
2025-09-25 06:00:00,32.2,57,0.0,29.2,8.88,7.57
2025-09-25 07:00:00,33.1,54,0.0,30.07,8.66,7.61
2025-09-25 08:00:00,33.5,52,0.0,30.8,8.47,7.68
2025-09-25 09:00:00,33.7,52,0.0,31.37,8.36,7.65
2025-09-25 10:00:00,33.8,52,0.0,31.8,8.27,7.44
2025-09-25 11:00:00,32.6,57,0.1,31.74,8.37,7.3
2025-09-25 12:00:00,29.0,70,0.0,30.62,8.82,7.38
2025-09-25 13:00:00,28.5,83,0.0,29.68,9.24,7.2
2025-09-25 14:00:00,28.3,83,0.0,28.97,9.39,7.17
2025-09-25 15:00:00,27.9,85,0.0,28.35,9.56,7.3
2025-09-25 16:00:00,27.3,83,0.1,27.73,9.65,7.2
2025-09-25 17:00:00,26.5,86,0.0,27.06,9.85,7.12
2025-09-25 18:00:00,26.0,87,0.0,26.44,10.0,6.97
2025-09-25 19:00:00,25.5,87,0.0,25.86,10.13,7.13
2025-09-25 20:00:00,25.6,86,0.0,25.48,10.19,7.25
2025-09-25 21:00:00,25.4,88,0.0,25.16,10.3,7.16
2025-09-25 22:00:00,25.5,88,0.0,24.96,10.34,7.4
2025-09-25 23:00:00,25.6,85,0.0,24.85,10.3,7.46
2025-09-26 00:00:00,25.8,82,0.0,24.84,10.25,7.58
2025-09-26 01:00:00,26.4,78,0.0,25.01,10.14,7.52
2025-09-26 02:00:00,27.1,76,0.0,25.33,10.03,7.62
2025-09-26 03:00:00,28.5,72,0.0,25.98,9.82,7.75
2025-09-26 04:00:00,29.6,67,0.0,26.77,9.56,7.7
2025-09-26 05:00:00,31.0,61,0.0,27.74,9.25,7.62
2025-09-26 06:00:00,32.0,59,0.0,28.72,9.02,7.63
2025-09-26 07:00:00,32.8,55,0.0,29.64,8.76,7.68
2025-09-26 08:00:00,33.2,49,0.0,30.41,8.5,7.49
2025-09-26 09:00:00,33.2,49,0.0,30.95,8.39,7.55
2025-09-26 10:00:00,32.8,51,0.0,31.2,8.38,7.61
2025-09-26 11:00:00,30.5,64,0.0,30.69,8.7,7.21
2025-09-26 12:00:00,29.1,72,0.1,29.91,9.0,7.51
2025-09-26 13:00:00,28.5,76,0.0,29.19,9.22,7.4
2025-09-26 14:00:00,28.1,75,0.0,28.56,9.33,7.18
2025-09-26 15:00:00,27.9,76,0.0,28.06,9.45,7.22
2025-09-26 16:00:00,27.5,78,0.0,27.59,9.59,7.12
2025-09-26 17:00:00,27.4,79,0.0,27.24,9.68,7.22
2025-09-26 18:00:00,27.2,77,0.0,26.93,9.71,7.19
2025-09-26 19:00:00,26.5,80,0.0,26.5,9.86,6.97
2025-09-26 20:00:00,26.0,82,0.0,26.05,9.99,7.2
2025-09-26 21:00:00,25.8,83,0.0,25.67,10.09,7.17
2025-09-26 22:00:00,25.5,83,0.0,25.32,10.17,7.27
2025-09-26 23:00:00,25.7,79,0.0,25.14,10.13,7.26
2025-09-27 00:00:00,25.8,74,0.0,25.03,10.05,7.58
2025-09-27 01:00:00,26.5,70,0.0,25.17,9.95,7.59
2025-09-27 02:00:00,27.4,69,0.0,25.54,9.85,7.48
2025-09-27 03:00:00,28.6,67,0.0,26.16,9.69,7.48
2025-09-27 04:00:00,30.2,61,0.0,27.07,9.39,7.61
2025-09-27 05:00:00,31.4,58,0.0,28.07,9.13,7.71
2025-09-27 06:00:00,32.2,53,0.1,29.01,8.85,7.69
2025-09-27 07:00:00,33.2,53,0.1,29.97,8.66,7.77
2025-09-27 08:00:00,33.8,50,0.0,30.82,8.44,7.69
2025-09-27 09:00:00,33.8,50,0.1,31.41,8.32,7.65
2025-09-27 10:00:00,33.2,50,0.0,31.65,8.27,7.53
2025-09-27 11:00:00,27.6,81,5.7,30.13,9.1,7.15
2025-09-27 12:00:00,26.2,89,6.0,28.65,9.56,7.2
2025-09-27 13:00:00,29.8,62,0.0,28.7,9.07,7.4
2025-09-27 14:00:00,29.2,66,0.0,28.55,9.17,7.22
2025-09-27 15:00:00,28.5,71,0.0,28.23,9.33,7.22
2025-09-27 16:00:00,28.0,72,0.0,27.86,9.42,7.09
2025-09-27 17:00:00,28.1,70,0.0,27.63,9.44,6.99
2025-09-27 18:00:00,28.0,69,0.0,27.44,9.46,7.07
2025-09-27 19:00:00,27.9,67,0.0,27.28,9.45,7.13
2025-09-27 20:00:00,27.6,68,0.0,27.08,9.52,7.06
2025-09-27 21:00:00,26.8,73,0.0,26.69,9.69,7.16
2025-09-27 22:00:00,26.4,75,0.0,26.31,9.81,7.15
2025-09-27 23:00:00,26.0,77,0.0,25.91,9.93,7.44
2025-09-28 00:00:00,25.6,80,0.0,25.52,10.07,7.38
2025-09-28 01:00:00,26.6,75,0.0,25.54,9.97,7.63
2025-09-28 02:00:00,27.5,75,0.0,25.83,9.91,7.7
2025-09-28 03:00:00,29.0,69,0.0,26.48,9.66,7.6
2025-09-28 04:00:00,30.6,61,0.0,27.42,9.32,7.54
2025-09-28 05:00:00,31.8,58,0.0,28.43,9.06,7.46
2025-09-28 06:00:00,32.8,54,0.0,29.44,8.78,7.52
2025-09-28 07:00:00,33.3,53,0.0,30.3,8.59,7.51
2025-09-28 08:00:00,33.7,52,0.0,31.02,8.43,7.75
2025-09-28 09:00:00,33.5,53,0.0,31.46,8.36,7.57
2025-09-28 10:00:00,33.0,55,0.1,31.62,8.36,7.53
2025-09-28 11:00:00,31.2,64,0.3,31.2,8.59,7.18
2025-09-28 12:00:00,30.0,73,0.0,30.54,8.88,7.23
2025-09-28 13:00:00,29.4,78,0.0,29.9,9.1,7.37
2025-09-28 14:00:00,29.1,77,0.0,29.36,9.2,7.25
2025-09-28 15:00:00,29.1,80,0.0,28.98,9.33,7.14
2025-09-28 16:00:00,28.9,85,0.0,28.66,9.49,7.17
2025-09-28 17:00:00,28.1,83,1.4,28.19,9.55,7.18
2025-09-28 18:00:00,24.7,95,21.8,26.84,10.06,6.82
2025-09-28 19:00:00,24.9,96,2.3,25.96,10.27,7.02
2025-09-28 20:00:00,25.1,95,0.9,25.4,10.38,7.11
2025-09-28 21:00:00,25.0,94,0.4,24.98,10.45,7.41
2025-09-28 22:00:00,25.2,93,0.2,24.75,10.48,7.04
2025-09-28 23:00:00,25.2,92,0.0,24.58,10.5,7.4
2025-09-29 00:00:00,25.4,90,0.0,24.53,10.47,7.4
2025-09-29 01:00:00,27.0,71,0.0,24.97,10.01,7.54
2025-09-29 02:00:00,27.5,69,0.0,25.43,9.88,7.49
2025-09-29 03:00:00,28.4,67,0.0,26.02,9.72,7.61
2025-09-29 04:00:00,29.5,63,0.0,26.76,9.49,7.72
2025-09-29 05:00:00,30.8,59,0.0,27.67,9.23,7.98
2025-09-29 06:00:00,32.0,56,0.0,28.67,8.97,7.75
2025-09-29 07:00:00,32.8,54,0.0,29.61,8.75,7.57
2025-09-29 08:00:00,33.1,52,0.0,30.36,8.56,7.57
2025-09-29 09:00:00,33.2,50,0.0,30.91,8.42,7.52
2025-09-29 10:00:00,33.2,51,0.0,31.3,8.36,7.32
2025-09-29 11:00:00,32.7,55,0.0,31.42,8.4,7.39
2025-09-29 12:00:00,30.6,67,0.1,30.87,8.71,7.42
2025-09-29 13:00:00,29.4,77,0.0,30.13,9.04,7.15
2025-09-29 14:00:00,28.8,81,0.0,29.43,9.25,7.32
2025-09-29 15:00:00,28.5,83,0.0,28.85,9.41,7.21
2025-09-29 16:00:00,28.2,85,0.0,28.36,9.55,7.04
2025-09-29 17:00:00,26.9,86,0.3,27.62,9.73,7.06
2025-09-29 18:00:00,26.6,87,0.0,27.01,9.88,7.25
2025-09-29 19:00:00,26.4,88,0.0,26.53,10.0,7.18
2025-09-29 20:00:00,26.2,87,0.0,26.13,10.07,7.14
2025-09-29 21:00:00,26.1,85,0.0,25.82,10.1,7.17
2025-09-29 22:00:00,26.0,81,0.0,25.58,10.07,7.26
2025-09-29 23:00:00,26.5,75,0.0,25.55,9.96,7.28
2025-09-30 00:00:00,26.2,72,0.0,25.45,9.93,7.2
2025-09-30 01:00:00,26.9,68,0.0,25.58,9.82,7.69
2025-09-30 02:00:00,27.0,68,0.0,25.71,9.8,7.57
2025-09-30 03:00:00,27.8,69,0.0,26.04,9.75,7.65
2025-09-30 04:00:00,28.7,64,0.0,26.53,9.55,7.65
2025-09-30 05:00:00,29.3,61,0.0,27.06,9.39,7.61
2025-09-30 06:00:00,30.0,57,0.0,27.65,9.2,7.66
2025-09-30 07:00:00,29.8,58,0.0,27.99,9.15,7.51
2025-09-30 08:00:00,30.9,56,0.0,28.56,8.99,7.86
2025-09-30 09:00:00,31.0,57,0.0,28.99,8.92,7.46
2025-09-30 10:00:00,30.6,59,0.0,29.18,8.92,7.42
2025-09-30 11:00:00,30.4,62,0.0,29.24,8.96,7.4
2025-09-30 12:00:00,29.8,68,0.0,29.11,9.09,7.5
2025-09-30 13:00:00,28.9,72,0.0,28.75,9.24,7.3
2025-09-30 14:00:00,28.4,75,0.0,28.34,9.38,7.1
2025-09-30 15:00:00,27.8,81,0.0,27.88,9.58,7.29
2025-09-30 16:00:00,27.6,80,0.0,27.5,9.65,7.2
2025-09-30 17:00:00,27.5,79,0.0,27.2,9.69,7.15
2025-09-30 18:00:00,27.1,79,0.0,26.87,9.76,7.16
2025-09-30 19:00:00,26.8,80,0.0,26.55,9.85,7.34
2025-09-30 20:00:00,26.5,85,0.1,26.23,10.01,7.35
2025-09-30 21:00:00,26.4,86,0.2,25.98,10.08,7.1
2025-09-30 22:00:00,26.1,87,0.0,25.72,10.16,7.42
2025-09-30 23:00:00,25.8,89,0.0,25.44,10.25,7.37
2025-10-01 00:00:00,27.1,76,0.0,25.64,9.96,7.45
2025-10-01 01:00:00,27.9,69,0.0,26.02,9.75,7.31
2025-10-01 02:00:00,28.3,67,0.0,26.4,9.64,7.53
2025-10-01 03:00:00,28.6,67,0.0,26.76,9.56,7.52
2025-10-01 04:00:00,29.3,65,0.0,27.22,9.43,7.73
2025-10-01 05:00:00,30.1,62,0.0,27.79,9.26,7.78
2025-10-01 06:00:00,30.2,61,0.0,28.21,9.15,7.47
2025-10-01 07:00:00,31.4,58,0.0,28.87,8.97,7.66
2025-10-01 08:00:00,31.6,56,0.0,29.39,8.83,7.74
2025-10-01 09:00:00,31.9,55,0.0,29.84,8.72,7.56
2025-10-01 10:00:00,31.6,57,0.0,30.07,8.71,7.58
2025-10-01 11:00:00,30.8,66,0.0,29.99,8.88,7.47
2025-10-01 12:00:00,29.3,72,0.0,29.48,9.09,7.4
2025-10-01 13:00:00,28.3,78,0.0,28.83,9.33,7.27
2025-10-01 14:00:00,28.2,79,0.0,28.34,9.45,7.1
2025-10-01 15:00:00,27.8,83,0.0,27.88,9.62,7.06
2025-10-01 16:00:00,27.8,83,0.0,27.55,9.69,7.2
2025-10-01 17:00:00,27.6,83,0.0,27.27,9.75,7.1
2025-10-01 18:00:00,27.9,78,0.0,27.16,9.68,7.07
2025-10-01 19:00:00,27.9,77,0.0,27.08,9.68,7.06
2025-10-01 20:00:00,27.6,78,0.0,26.94,9.73,7.1
2025-10-01 21:00:00,26.2,83,0.0,26.42,9.93,7.29
2025-10-01 22:00:00,25.8,87,0.1,25.93,10.11,7.21
2025-10-01 23:00:00,25.8,89,0.0,25.59,10.22,7.19
2025-10-02 00:00:00,26.5,84,0.0,25.56,10.13,7.48
2025-10-02 01:00:00,26.6,82,0.0,25.57,10.09,7.46
2025-10-02 02:00:00,27.5,78,0.0,25.85,9.96,7.55
2025-10-02 03:00:00,28.5,75,0.0,26.35,9.8,7.77
2025-10-02 04:00:00,30.0,68,0.0,27.14,9.5,7.65
2025-10-02 05:00:00,31.2,62,0.0,28.06,9.2,7.7
2025-10-02 06:00:00,32.1,57,0.0,28.97,8.93,7.55
2025-10-02 07:00:00,32.0,58,0.0,29.58,8.82,7.63
2025-10-02 08:00:00,32.2,58,0.0,30.07,8.72,7.68
2025-10-02 09:00:00,32.5,57,0.0,30.5,8.62,7.41
2025-10-02 10:00:00,32.8,55,0.0,30.89,8.51,7.52
2025-10-02 11:00:00,32.4,56,0.0,31.04,8.49,7.44
2025-10-02 12:00:00,31.5,64,0.0,30.88,8.66,7.36
2025-10-02 13:00:00,30.2,73,0.0,30.38,8.92,7.38
2025-10-02 14:00:00,29.2,76,0.0,29.72,9.11,7.25
2025-10-02 15:00:00,29.0,79,0.0,29.21,9.27,7.3
2025-10-02 16:00:00,28.1,84,0.0,28.57,9.49,7.02
2025-10-02 17:00:00,27.6,86,0.1,27.98,9.65,7.1
2025-10-02 18:00:00,26.5,90,0.0,27.24,9.88,7.1
2025-10-02 19:00:00,26.2,91,0.1,26.63,10.04,6.99
2025-10-02 20:00:00,25.6,91,0.4,26.02,10.17,7.21
2025-10-02 21:00:00,25.9,91,0.1,25.68,10.24,7.42
2025-10-02 22:00:00,25.9,91,0.0,25.45,10.29,7.25
2025-10-02 23:00:00,26.0,88,0.0,25.31,10.26,7.38
2025-10-03 00:00:00,26.5,90,0.0,25.37,10.29,7.41
2025-10-03 01:00:00,26.5,89,0.0,25.41,10.26,7.41
2025-10-03 02:00:00,26.7,85,0.0,25.5,10.17,7.37
2025-10-03 03:00:00,27.6,80,0.0,25.83,10.0,7.54
2025-10-03 04:00:00,29.6,72,0.0,26.66,9.68,7.51
2025-10-03 05:00:00,30.9,66,0.0,27.63,9.36,7.84
2025-10-03 06:00:00,32.2,58,0.0,28.7,9.0,7.66
2025-10-03 07:00:00,33.0,53,0.0,29.69,8.71,7.62
2025-10-03 08:00:00,32.4,54,0.0,30.2,8.63,7.71
2025-10-03 09:00:00,32.0,59,0.0,30.44,8.66,7.46
2025-10-03 10:00:00,31.0,70,0.0,30.31,8.88,7.43
2025-10-03 11:00:00,29.9,77,0.0,29.89,9.09,7.45
2025-10-03 12:00:00,29.0,80,0.0,29.32,9.26,7.47
2025-10-03 13:00:00,28.7,84,0.0,28.83,9.43,7.34
2025-10-03 14:00:00,28.5,83,0.0,28.43,9.5,7.25
2025-10-03 15:00:00,28.4,83,0.0,28.12,9.57,7.17
2025-10-03 16:00:00,28.2,85,0.0,27.85,9.66,7.16
2025-10-03 17:00:00,28.0,87,0.0,27.59,9.75,7.11
2025-10-03 18:00:00,26.9,95,0.0,27.08,10.01,6.99
2025-10-03 19:00:00,25.4,95,2.8,26.28,10.19,7.01
2025-10-03 20:00:00,25.1,92,0.1,25.63,10.27,7.03
2025-10-03 21:00:00,25.1,92,0.1,25.17,10.37,7.2
2025-10-03 22:00:00,24.9,94,0.0,24.79,10.49,7.21
2025-10-03 23:00:00,24.8,95,0.0,24.49,10.57,7.59
2025-10-04 00:00:00,24.4,92,0.0,24.16,10.59,7.41
2025-10-04 01:00:00,24.5,88,1.0,23.96,10.55,7.3
2025-10-04 02:00:00,24.9,87,2.2,23.95,10.54,7.46
2025-10-04 03:00:00,25.6,84,0.8,24.14,10.44,7.64
2025-10-04 04:00:00,27.0,81,0.1,24.7,10.26,7.83
2025-10-04 05:00:00,27.8,74,0.0,25.33,9.99,7.64
2025-10-04 06:00:00,30.1,66,0.0,26.46,9.61,7.54
2025-10-04 07:00:00,30.8,58,0.0,27.46,9.25,7.76
2025-10-04 08:00:00,31.1,56,0.0,28.25,9.06,7.5
2025-10-04 09:00:00,31.5,52,0.0,28.93,8.85,7.54
2025-10-04 10:00:00,31.5,52,0.0,29.4,8.76,7.49
2025-10-04 11:00:00,30.8,56,0.0,29.52,8.8,7.44
2025-10-04 12:00:00,31.0,63,0.0,29.66,8.89,7.43
2025-10-04 13:00:00,29.5,72,0.0,29.31,9.12,7.22
2025-10-04 14:00:00,28.4,76,0.0,28.74,9.31,7.2
2025-10-04 15:00:00,27.8,80,0.0,28.16,9.51,7.16
2025-10-04 16:00:00,27.5,82,0.0,27.66,9.65,7.14
2025-10-04 17:00:00,27.2,81,0.0,27.22,9.72,7.11
2025-10-04 18:00:00,26.8,83,0.0,26.8,9.85,7.14
2025-10-04 19:00:00,26.5,83,0.0,26.41,9.93,7.19
2025-10-04 20:00:00,26.5,83,0.0,26.13,9.99,7.18
2025-10-04 21:00:00,26.1,84,0.0,25.82,10.08,7.23
2025-10-04 22:00:00,25.8,83,0.0,25.52,10.12,7.1
2025-10-04 23:00:00,25.2,83,0.0,25.12,10.21,7.34
2025-10-05 00:00:00,26.1,84,0.0,25.12,10.23,7.46
2025-10-05 01:00:00,26.3,81,0.0,25.17,10.16,7.56
2025-10-05 02:00:00,27.1,78,0.0,25.45,10.04,7.49
2025-10-05 03:00:00,28.6,74,0.0,26.09,9.83,7.55
2025-10-05 04:00:00,30.5,68,0.0,27.12,9.51,7.59
2025-10-05 05:00:00,32.0,59,0.0,28.28,9.1,7.72
2025-10-05 06:00:00,33.0,56,0.0,29.4,8.83,7.77
2025-10-05 07:00:00,32.7,58,0.1,30.09,8.72,7.6
2025-10-05 08:00:00,32.7,57,0.0,30.57,8.6,7.7
2025-10-05 09:00:00,32.0,61,0.0,30.7,8.65,7.58
2025-10-05 10:00:00,29.0,78,2.3,29.89,9.1,7.4
2025-10-05 11:00:00,29.2,74,0.2,29.38,9.14,7.41
2025-10-05 12:00:00,28.5,78,0.0,28.82,9.33,7.45
2025-10-05 13:00:00,27.4,82,1.7,28.09,9.56,7.25
2025-10-05 14:00:00,27.1,85,0.1,27.49,9.74,7.46
2025-10-05 15:00:00,27.2,86,0.0,27.11,9.84,7.09
2025-10-05 16:00:00,27.1,85,0.0,26.8,9.89,7.18
2025-10-05 17:00:00,26.5,86,0.0,26.41,9.99,7.05
2025-10-05 18:00:00,26.5,90,8.0,26.14,10.12,6.84
2025-10-05 19:00:00,26.0,92,0.0,25.8,10.23,7.11
2025-10-05 20:00:00,25.7,91,0.0,25.47,10.29,7.16
2025-10-05 21:00:00,25.1,90,0.0,25.06,10.36,7.49
2025-10-05 22:00:00,24.9,87,0.0,24.71,10.37,7.24
2025-10-05 23:00:00,24.8,87,0.0,24.44,10.43,7.22
2025-10-06 00:00:00,25.7,82,0.0,24.52,10.32,7.44
2025-10-06 01:00:00,25.8,80,0.0,24.6,10.26,7.28
2025-10-06 02:00:00,27.3,78,0.0,25.11,10.11,7.55
2025-10-06 03:00:00,29.0,72,0.0,25.98,9.82,7.61
2025-10-06 04:00:00,30.5,69,0.0,27.03,9.54,7.73
2025-10-06 05:00:00,31.7,64,0.0,28.13,9.22,7.77
2025-10-06 06:00:00,32.7,60,0.0,29.2,8.93,7.62
2025-10-06 07:00:00,32.7,61,0.0,29.95,8.8,7.64
2025-10-06 08:00:00,30.5,71,4.0,29.82,9.0,7.42
2025-10-06 09:00:00,30.5,73,3.5,29.72,9.05,7.34
2025-10-06 10:00:00,28.5,78,3.0,29.06,9.28,7.44
2025-10-06 11:00:00,28.7,78,0.2,28.65,9.37,7.31
2025-10-06 12:00:00,27.9,83,0.0,28.12,9.57,7.34
2025-10-06 13:00:00,26.8,89,0.0,27.43,9.83,7.21
2025-10-06 14:00:00,26.1,91,0.0,26.73,10.01,7.3
2025-10-06 15:00:00,25.6,90,0.0,26.09,10.13,7.37
2025-10-06 16:00:00,25.7,90,0.0,25.67,10.22,7.01
2025-10-06 17:00:00,25.5,91,0.0,25.32,10.32,6.93
2025-10-06 18:00:00,27.4,93,0.0,25.64,10.29,7.09
2025-10-06 19:00:00,27.2,95,0.0,25.81,10.29,7.11
2025-10-06 20:00:00,26.4,94,1.1,25.69,10.3,7.11
2025-10-06 21:00:00,26.0,96,0.0,25.48,10.38,7.15
2025-10-06 22:00:00,25.9,97,0.0,25.31,10.44,7.24
2025-10-06 23:00:00,25.8,97,0.0,25.15,10.47,7.37
2025-10-07 00:00:00,25.8,96,0.0,25.05,10.47,7.51
2025-10-07 01:00:00,25.9,95,0.0,25.0,10.46,7.29
2025-10-07 02:00:00,26.8,92,0.0,25.24,10.35,7.52
2025-10-07 03:00:00,28.5,83,0.0,25.92,10.04,7.63
2025-10-07 04:00:00,29.4,80,0.1,26.66,9.82,7.55
2025-10-07 05:00:00,30.5,76,0.1,27.51,9.57,7.84
2025-10-07 06:00:00,30.5,73,0.3,28.11,9.39,7.59
2025-10-07 07:00:00,31.4,70,0.1,28.8,9.19,7.65
2025-10-07 08:00:00,31.0,71,0.3,29.16,9.14,7.66
2025-10-07 09:00:00,28.4,80,5.7,28.63,9.41,7.37
2025-10-07 10:00:00,29.6,76,0.1,28.62,9.34,7.33
2025-10-07 11:00:00,29.8,77,0.0,28.68,9.34,7.41
2025-10-07 12:00:00,28.9,80,0.0,28.44,9.45,7.48
2025-10-07 13:00:00,28.1,85,0.0,28.04,9.62,7.27
2025-10-07 14:00:00,28.0,85,0.0,27.73,9.69,7.15
2025-10-07 15:00:00,27.9,86,0.0,27.48,9.76,7.27
2025-10-07 16:00:00,27.8,87,0.0,27.28,9.82,7.09
2025-10-07 17:00:00,27.6,87,0.0,27.07,9.87,7.05
2025-10-07 18:00:00,27.6,83,0.0,26.93,9.82,7.11
2025-10-07 19:00:00,27.5,86,0.0,26.8,9.9,7.18
2025-10-07 20:00:00,26.9,92,0.0,26.53,10.07,7.37
2025-10-07 21:00:00,26.6,93,0.0,26.25,10.15,7.27
2025-10-07 22:00:00,26.2,95,0.0,25.94,10.26,7.37
2025-10-07 23:00:00,26.0,95,0.0,25.66,10.32,7.28
2025-10-08 00:00:00,26.8,89,0.0,25.7,10.2,7.3
2025-10-08 01:00:00,27.0,89,0.0,25.79,10.18,7.49
2025-10-08 02:00:00,28.1,83,0.0,26.18,9.98,7.56
2025-10-08 03:00:00,29.2,75,0.0,26.79,9.7,7.5
2025-10-08 04:00:00,30.2,70,0.1,27.51,9.46,7.62
2025-10-08 05:00:00,30.9,66,0.0,28.23,9.24,7.71
2025-10-08 06:00:00,31.6,65,0.0,28.94,9.08,7.71
2025-10-08 07:00:00,31.6,66,0.1,29.44,8.99,7.7
2025-10-08 08:00:00,31.5,64,0.1,29.76,8.89,7.64
2025-10-08 09:00:00,30.6,69,0.1,29.71,8.99,7.52
2025-10-08 10:00:00,30.5,68,1.0,29.65,8.98,7.41
2025-10-08 11:00:00,30.2,69,0.0,29.51,9.03,7.32
2025-10-08 12:00:00,29.6,73,0.0,29.24,9.15,7.55
2025-10-08 13:00:00,28.4,81,0.0,28.69,9.41,7.3
2025-10-08 14:00:00,27.9,86,0.0,28.15,9.62,7.21
2025-10-08 15:00:00,27.5,88,0.0,27.66,9.76,7.08
2025-10-08 16:00:00,27.1,90,0.0,27.19,9.9,7.42
2025-10-08 17:00:00,26.6,92,0.0,26.71,10.04,7.0
2025-10-08 18:00:00,26.4,90,0.0,26.32,10.08,7.05
2025-10-08 19:00:00,26.6,89,0.0,26.1,10.11,7.15
2025-10-08 20:00:00,26.5,89,0.0,25.92,10.15,7.2
2025-10-08 21:00:00,26.3,91,0.0,25.74,10.23,7.29
2025-10-08 22:00:00,26.1,91,0.0,25.54,10.27,7.44
2025-10-08 23:00:00,26.0,92,0.0,25.38,10.32,7.38
2025-10-09 00:00:00,25.9,84,0.0,25.24,10.2,7.3
2025-10-09 01:00:00,26.4,83,0.0,25.29,10.17,7.46
2025-10-09 02:00:00,27.8,80,0.0,25.74,10.02,7.58
2025-10-09 03:00:00,28.5,73,0.0,26.27,9.78,7.82
2025-10-09 04:00:00,29.6,72,0.1,26.97,9.61,7.5
2025-10-09 05:00:00,31.0,68,0.0,27.88,9.35,7.79
2025-10-09 06:00:00,31.5,70,0.0,28.66,9.22,7.69
2025-10-09 07:00:00,31.5,67,0.0,29.21,9.05,7.74
2025-10-09 08:00:00,30.4,72,0.5,29.27,9.13,7.58
2025-10-09 09:00:00,30.1,73,0.3,29.22,9.16,7.47
2025-10-09 10:00:00,30.3,71,0.1,29.24,9.12,7.59
2025-10-09 11:00:00,30.0,73,0.0,29.17,9.17,7.51
2025-10-09 12:00:00,29.4,76,0.0,28.94,9.27,7.47
2025-10-09 13:00:00,29.2,75,0.0,28.72,9.3,7.29
2025-10-09 14:00:00,28.4,81,0.1,28.32,9.49,7.16
2025-10-09 15:00:00,26.5,88,5.8,27.48,9.8,6.86
2025-10-09 16:00:00,24.1,97,3.3,26.16,10.25,7.1
2025-10-09 17:00:00,24.7,94,0.1,25.42,10.35,7.15
2025-10-09 18:00:00,26.5,94,0.0,25.45,10.35,7.01
2025-10-09 19:00:00,26.1,94,0.0,25.34,10.37,7.06
2025-10-09 20:00:00,25.7,95,0.0,25.15,10.43,7.1
2025-10-09 21:00:00,25.5,94,0.0,24.95,10.45,7.05
2025-10-09 22:00:00,25.3,94,0.0,24.76,10.5,7.18
2025-10-09 23:00:00,25.0,95,0.0,24.53,10.57,7.22
2025-10-10 00:00:00,25.1,94,0.0,24.4,10.58,7.37
2025-10-10 01:00:00,25.4,92,0.0,24.4,10.54,7.42
2025-10-10 02:00:00,26.6,88,0.0,24.76,10.38,7.4
2025-10-10 03:00:00,28.2,81,0.0,25.49,10.09,7.82
2025-10-10 04:00:00,29.2,76,0.2,26.3,9.82,7.77
2025-10-10 05:00:00,29.6,74,0.1,26.99,9.64,7.59
2025-10-10 06:00:00,30.2,72,0.1,27.66,9.47,7.7
2025-10-10 07:00:00,30.4,71,0.0,28.18,9.34,7.71
2025-10-10 08:00:00,30.2,71,0.0,28.49,9.28,7.75
2025-10-10 09:00:00,29.7,73,0.0,28.55,9.3,7.5
2025-10-10 10:00:00,29.5,73,0.0,28.53,9.3,7.63
2025-10-10 11:00:00,28.8,77,0.0,28.31,9.42,7.4
2025-10-10 12:00:00,28.6,78,0.0,28.1,9.48,7.25
2025-10-10 13:00:00,28.0,81,0.0,27.77,9.61,7.38
2025-10-10 14:00:00,27.8,82,0.0,27.48,9.69,7.36
2025-10-10 15:00:00,27.5,83,0.0,27.19,9.77,7.43
2025-10-10 16:00:00,27.1,85,0.0,26.86,9.87,7.01
2025-10-10 17:00:00,26.8,86,0.0,26.54,9.96,7.17
2025-10-10 18:00:00,27.3,82,0.0,26.47,9.9,7.05
2025-10-10 19:00:00,27.2,85,0.0,26.39,9.97,7.18
2025-10-10 20:00:00,26.8,88,0.0,26.21,10.07,6.99
2025-10-10 21:00:00,26.0,90,0.0,25.85,10.18,7.06
2025-10-10 22:00:00,25.7,91,0.1,25.5,10.28,7.17
2025-10-10 23:00:00,25.5,90,0.0,25.2,10.32,7.34
2025-10-11 00:00:00,25.9,91,0.0,25.11,10.36,7.34
2025-10-11 01:00:00,25.9,91,0.0,25.05,10.38,7.55
2025-10-11 02:00:00,27.1,88,0.0,25.36,10.25,7.66
2025-10-11 03:00:00,28.5,81,0.0,26.0,9.98,7.67
2025-10-11 04:00:00,29.8,76,0.0,26.84,9.71,7.81
2025-10-11 05:00:00,30.7,71,0.0,27.7,9.44,7.71
2025-10-11 06:00:00,30.8,69,0.0,28.33,9.27,7.56
2025-10-11 07:00:00,31.1,66,0.0,28.86,9.11,7.8
2025-10-11 08:00:00,29.5,69,1.5,28.75,9.19,7.5
2025-10-11 09:00:00,29.5,70,0.3,28.68,9.22,7.66
2025-10-11 10:00:00,29.5,72,0.4,28.62,9.27,7.65
2025-10-11 11:00:00,29.1,72,0.2,28.47,9.3,7.48
2025-10-11 12:00:00,28.8,77,0.1,28.27,9.43,7.22
2025-10-11 13:00:00,28.1,82,0.0,27.92,9.59,7.21
2025-10-11 14:00:00,28.0,83,0.0,27.64,9.67,7.37
2025-10-11 15:00:00,27.7,85,0.0,27.36,9.77,7.16
2025-10-11 16:00:00,27.4,88,0.0,27.07,9.88,7.14
2025-10-11 17:00:00,27.1,89,0.0,26.78,9.97,7.18
2025-10-11 18:00:00,26.9,88,0.0,26.52,10.0,7.16
2025-10-11 19:00:00,26.9,89,0.0,26.33,10.06,7.13
2025-10-11 20:00:00,26.5,91,0.0,26.08,10.15,7.12
2025-10-11 21:00:00,26.2,93,0.0,25.82,10.25,7.16
2025-10-11 22:00:00,25.9,94,0.0,25.54,10.33,7.34
2025-10-11 23:00:00,25.5,94,0.0,25.23,10.39,7.39
2025-10-12 00:00:00,25.4,93,0.0,24.98,10.43,7.38
2025-10-12 01:00:00,25.9,93,0.0,24.96,10.44,7.6
2025-10-12 02:00:00,27.1,88,0.0,25.3,10.27,7.54
2025-10-12 03:00:00,28.5,80,0.2,25.96,9.97,7.51
2025-10-12 04:00:00,29.4,75,0.2,26.69,9.72,7.56
2025-10-12 05:00:00,29.8,73,0.5,27.32,9.56,7.55
2025-10-12 06:00:00,30.4,69,0.3,27.95,9.35,7.63
2025-10-12 07:00:00,30.6,68,0.1,28.44,9.23,7.78
2025-10-12 08:00:00,30.7,68,0.1,28.82,9.15,7.54
2025-10-12 09:00:00,30.2,70,0.0,28.93,9.17,7.6
2025-10-12 10:00:00,29.8,73,0.1,28.89,9.23,7.45
2025-10-12 11:00:00,29.1,76,0.1,28.66,9.33,7.42
2025-10-12 12:00:00,29.3,75,0.2,28.55,9.33,7.21
2025-10-12 13:00:00,28.6,79,0.0,28.26,9.47,7.28
2025-10-12 14:00:00,28.3,82,0.0,27.97,9.58,7.21
2025-10-12 15:00:00,28.2,82,0.0,27.74,9.63,7.22
2025-10-12 16:00:00,27.8,85,0.0,27.46,9.75,7.15
2025-10-12 17:00:00,27.4,87,0.0,27.14,9.85,6.98
2025-10-12 18:00:00,27.2,83,0.0,26.86,9.84,7.2
2025-10-12 19:00:00,26.8,87,0.0,26.54,9.98,7.13
2025-10-12 20:00:00,26.5,90,0.0,26.23,10.1,7.16
2025-10-12 21:00:00,26.1,92,0.0,25.89,10.21,7.19
2025-10-12 22:00:00,25.5,95,0.0,25.47,10.36,7.2
2025-10-12 23:00:00,25.5,94,0.1,25.18,10.41,7.34
2025-10-13 00:00:00,25.9,95,0.1,25.1,10.44,7.45
2025-10-13 01:00:00,26.4,92,0.0,25.19,10.37,7.31
2025-10-13 02:00:00,27.5,85,0.0,25.58,10.15,7.5
2025-10-13 03:00:00,28.6,78,0.1,26.19,9.89,7.58
2025-10-13 04:00:00,30.0,71,0.1,27.03,9.58,7.67
2025-10-13 05:00:00,30.9,65,0.3,27.89,9.29,7.77
2025-10-13 06:00:00,31.4,65,0.2,28.64,9.14,7.58
2025-10-13 07:00:00,31.8,61,0.0,29.29,8.93,7.61
2025-10-13 08:00:00,28.7,77,4.3,28.81,9.31,7.45
2025-10-13 09:00:00,29.7,73,0.1,28.78,9.25,7.5
2025-10-13 10:00:00,29.8,71,0.1,28.79,9.21,7.48
2025-10-13 11:00:00,29.0,71,1.1,28.55,9.26,7.47
2025-10-13 12:00:00,28.9,76,0.2,28.35,9.39,7.26
2025-10-13 13:00:00,28.6,77,0.0,28.13,9.46,7.34
2025-10-13 14:00:00,28.4,78,0.0,27.91,9.52,7.06
2025-10-13 15:00:00,28.0,80,0.0,27.64,9.62,7.12
2025-10-13 16:00:00,27.1,83,0.5,27.18,9.77,7.06
2025-10-13 17:00:00,25.8,91,2.7,26.46,10.07,7.17
2025-10-13 18:00:00,27.4,85,0.3,26.44,9.96,7.05
2025-10-13 19:00:00,26.0,90,0.6,26.01,10.15,6.85
2025-10-13 20:00:00,25.6,92,0.4,25.59,10.28,6.92
2025-10-13 21:00:00,25.6,93,0.1,25.29,10.36,7.19
2025-10-13 22:00:00,25.3,92,0.0,24.99,10.41,7.32
2025-10-13 23:00:00,25.1,90,0.0,24.73,10.43,7.37
2025-10-14 00:00:00,25.8,94,0.0,24.75,10.5,7.43
2025-10-14 01:00:00,26.0,94,0.0,24.82,10.48,7.61
2025-10-14 02:00:00,27.0,88,0.0,25.18,10.29,7.5
2025-10-14 03:00:00,28.1,80,0.1,25.75,10.02,7.7
2025-10-14 04:00:00,29.6,72,0.0,26.61,9.69,7.49
2025-10-14 05:00:00,30.5,68,0.0,27.48,9.43,7.58
2025-10-14 06:00:00,30.4,68,0.0,28.05,9.31,7.5
2025-10-14 07:00:00,30.7,67,0.0,28.55,9.19,7.64
2025-10-14 08:00:00,30.9,65,0.0,28.95,9.07,7.63
2025-10-14 09:00:00,30.6,65,0.0,29.15,9.03,7.59
2025-10-14 10:00:00,30.4,66,0.0,29.22,9.04,7.52
2025-10-14 11:00:00,29.9,67,0.0,29.13,9.07,7.35
2025-10-14 12:00:00,29.5,71,0.0,28.94,9.18,7.35
2025-10-14 13:00:00,28.9,74,0.1,28.63,9.3,7.14
2025-10-14 14:00:00,28.4,76,0.5,28.26,9.41,7.33
2025-10-14 15:00:00,26.0,91,6.0,27.28,9.89,6.99
2025-10-14 16:00:00,26.1,92,0.1,26.63,10.05,7.08
2025-10-14 17:00:00,25.9,94,0.1,26.11,10.2,7.26
2025-10-14 18:00:00,26.6,91,1.9,25.96,10.18,6.89
2025-10-14 19:00:00,27.0,91,0.0,25.97,10.18,7.0
2025-10-14 20:00:00,25.2,91,6.6,25.44,10.29,6.87
2025-10-14 21:00:00,25.2,94,1.9,25.07,10.43,7.11
2025-10-14 22:00:00,25.1,90,2.0,24.78,10.42,7.22
2025-10-14 23:00:00,25.1,91,0.5,24.57,10.48,7.38
2025-10-15 00:00:00,25.0,94,3.5,24.4,10.57,7.55
2025-10-15 01:00:00,25.0,91,1.4,24.28,10.54,7.2
2025-10-15 02:00:00,24.5,94,0.5,24.05,10.65,7.6
2025-10-15 03:00:00,24.9,92,1.7,24.0,10.62,7.5
2025-10-15 04:00:00,25.8,87,0.4,24.24,10.47,7.59
2025-10-15 05:00:00,26.6,85,0.3,24.65,10.35,7.62
2025-10-15 06:00:00,26.3,86,0.4,24.84,10.32,7.59
2025-10-15 07:00:00,27.1,83,0.1,25.22,10.19,7.86
2025-10-15 08:00:00,28.1,78,0.1,25.78,9.97,7.74
2025-10-15 09:00:00,27.8,78,0.4,26.09,9.91,7.59
2025-10-15 10:00:00,27.2,80,0.3,26.12,9.94,7.66
2025-10-15 11:00:00,26.9,84,0.9,26.06,10.03,7.27
2025-10-15 12:00:00,27.6,82,0.0,26.22,9.95,7.26
2025-10-15 13:00:00,27.2,83,0.0,26.21,9.97,7.1
2025-10-15 14:00:00,26.5,87,0.2,26.0,10.1,7.17
2025-10-15 15:00:00,26.0,90,2.7,25.7,10.22,7.1
2025-10-15 16:00:00,25.4,93,4.1,25.31,10.36,7.03
2025-10-15 17:00:00,24.9,95,6.9,24.89,10.49,6.97
2025-10-15 18:00:00,26.1,92,0.4,24.95,10.42,6.94
2025-10-15 19:00:00,26.0,92,0.1,24.97,10.41,7.19
2025-10-15 20:00:00,25.5,93,0.4,24.83,10.46,7.15
2025-10-15 21:00:00,24.8,94,4.8,24.52,10.55,7.14
2025-10-15 22:00:00,24.5,97,0.3,24.21,10.67,7.06
2025-10-15 23:00:00,24.2,95,2.5,23.91,10.7,7.27
2025-10-16 00:00:00,24.9,94,0.3,23.91,10.68,7.28
2025-10-16 01:00:00,25.0,92,0.7,23.93,10.64,7.42
2025-10-16 02:00:00,26.0,89,0.1,24.25,10.51,7.61
2025-10-16 03:00:00,27.5,83,0.1,24.93,10.25,7.62
2025-10-16 04:00:00,28.5,78,0.1,25.7,9.99,7.57
2025-10-16 05:00:00,28.9,78,0.1,26.36,9.85,7.68
2025-10-16 06:00:00,29.1,79,0.0,26.88,9.76,7.54
2025-10-16 07:00:00,28.5,79,1.8,27.07,9.72,7.71
2025-10-16 08:00:00,28.0,82,1.5,27.05,9.78,7.56
2025-10-16 09:00:00,28.5,81,0.1,27.18,9.73,7.7
2025-10-16 10:00:00,27.1,85,1.2,26.86,9.87,7.43
2025-10-16 11:00:00,27.3,83,0.2,26.69,9.87,7.4
2025-10-16 12:00:00,27.5,87,0.1,26.63,9.96,7.31
2025-10-16 13:00:00,26.4,91,1.4,26.26,10.11,7.34
2025-10-16 14:00:00,25.4,94,3.0,25.7,10.29,7.07
2025-10-16 15:00:00,25.1,95,1.4,25.22,10.42,7.19
2025-10-16 16:00:00,25.2,95,0.1,24.92,10.48,7.11
2025-10-16 17:00:00,25.4,94,0.1,24.76,10.5,6.92
2025-10-16 18:00:00,25.9,93,0.3,24.8,10.47,7.03
2025-10-16 19:00:00,25.7,94,1.0,24.77,10.49,6.95
2025-10-16 20:00:00,25.5,96,0.2,24.69,10.55,7.14
2025-10-16 21:00:00,25.0,97,1.2,24.48,10.62,7.02
2025-10-16 22:00:00,25.0,94,0.4,24.34,10.59,7.33
2025-10-16 23:00:00,24.9,94,0.9,24.21,10.62,7.28
2025-10-17 00:00:00,24.9,91,0.1,24.11,10.58,7.39
2025-10-17 01:00:00,25.0,93,3.3,24.08,10.63,7.45
2025-10-17 02:00:00,25.0,93,1.1,24.06,10.63,7.61
2025-10-17 03:00:00,25.8,90,0.7,24.28,10.52,7.58
2025-10-17 04:00:00,27.4,81,0.3,24.92,10.21,7.57
2025-10-17 05:00:00,28.0,80,0.2,25.54,10.06,7.5
2025-10-17 06:00:00,27.9,83,0.2,25.95,10.03,7.62
2025-10-17 07:00:00,28.0,80,0.2,26.26,9.91,7.61
2025-10-17 08:00:00,28.2,79,0.1,26.54,9.83,7.66
2025-10-17 09:00:00,27.6,81,0.1,26.56,9.86,7.56
2025-10-17 10:00:00,26.5,84,0.7,26.24,9.99,7.57
2025-10-17 11:00:00,26.4,85,0.5,25.99,10.06,7.38
2025-10-17 12:00:00,26.5,90,0.0,25.84,10.19,7.4
2025-10-17 13:00:00,26.1,91,0.5,25.62,10.25,7.41
2025-10-17 14:00:00,26.3,90,0.1,25.52,10.25,7.28
2025-10-17 15:00:00,25.5,92,1.6,25.22,10.36,7.11
2025-10-17 16:00:00,25.5,93,0.1,25.0,10.43,7.08
2025-10-17 17:00:00,25.0,96,0.1,24.7,10.55,7.05
2025-10-17 18:00:00,25.9,93,0.1,24.76,10.48,7.02
2025-10-17 19:00:00,25.7,94,0.1,24.74,10.5,7.06
2025-10-17 20:00:00,25.5,94,0.3,24.67,10.52,7.21
2025-10-17 21:00:00,25.6,93,0.1,24.65,10.5,7.17
2025-10-17 22:00:00,25.2,94,0.1,24.51,10.55,7.12
2025-10-17 23:00:00,24.8,95,1.7,24.3,10.62,7.44
2025-10-18 00:00:00,25.5,93,0.1,24.36,10.56,7.44
2025-10-18 01:00:00,24.7,96,4.6,24.16,10.67,7.22
2025-10-18 02:00:00,25.0,94,2.9,24.11,10.64,7.42
2025-10-18 03:00:00,25.1,94,0.6,24.11,10.64,7.6
2025-10-18 04:00:00,26.1,87,0.4,24.41,10.44,7.82
2025-10-18 05:00:00,27.0,85,0.3,24.88,10.3,7.57
2025-10-18 06:00:00,26.8,87,0.3,25.16,10.28,7.79
2025-10-18 07:00:00,27.0,86,0.7,25.41,10.2,7.79
2025-10-18 08:00:00,26.9,84,1.4,25.56,10.13,7.53
2025-10-18 09:00:00,26.6,86,1.9,25.57,10.17,7.5
2025-10-18 10:00:00,26.6,87,1.2,25.58,10.19,7.39
2025-10-18 11:00:00,26.4,86,0.6,25.53,10.18,7.42
2025-10-18 12:00:00,27.4,85,0.2,25.79,10.1,7.38
2025-10-18 13:00:00,26.7,89,0.0,25.76,10.18,7.39
2025-10-18 14:00:00,26.4,91,0.0,25.65,10.25,7.36
2025-10-18 15:00:00,26.5,90,0.0,25.61,10.24,7.12
2025-10-18 16:00:00,26.2,91,0.0,25.49,10.28,6.95
2025-10-18 17:00:00,24.7,98,9.3,24.95,10.53,6.93
2025-10-18 18:00:00,24.6,97,0.7,24.54,10.6,7.1
2025-10-18 19:00:00,25.0,94,0.2,24.38,10.58,7.14
2025-10-18 20:00:00,24.9,96,0.1,24.24,10.65,7.12
2025-10-18 21:00:00,24.8,96,0.1,24.11,10.68,7.21
2025-10-18 22:00:00,24.5,98,0.0,23.92,10.76,7.42
2025-10-18 23:00:00,24.2,98,0.1,23.71,10.81,7.38
2025-10-19 00:00:00,24.6,96,0.1,23.67,10.77,7.38
2025-10-19 01:00:00,25.0,96,0.0,23.77,10.75,7.45
2025-10-19 02:00:00,26.0,91,0.1,24.14,10.57,7.54
2025-10-19 03:00:00,26.3,88,3.6,24.49,10.44,7.67
2025-10-19 04:00:00,26.8,85,0.1,24.88,10.3,7.65
2025-10-19 05:00:00,27.9,80,0.2,25.49,10.07,7.68
2025-10-19 06:00:00,27.5,84,0.1,25.79,10.08,7.65
2025-10-19 07:00:00,28.4,81,0.3,26.27,9.92,7.78
2025-10-19 08:00:00,28.7,78,0.1,26.7,9.78,7.84
2025-10-19 09:00:00,28.4,79,0.1,26.91,9.75,7.64
2025-10-19 10:00:00,28.2,78,0.0,27.0,9.72,7.55
2025-10-19 11:00:00,27.7,81,0.0,26.91,9.79,7.47
2025-10-19 12:00:00,27.6,84,0.0,26.82,9.86,7.15
2025-10-19 13:00:00,26.9,88,0.0,26.54,10.0,7.39
2025-10-19 14:00:00,26.9,87,0.0,26.35,10.02,7.26
2025-10-19 15:00:00,27.1,84,0.0,26.27,9.98,7.23
2025-10-19 16:00:00,27.2,82,0.0,26.25,9.95,7.07
2025-10-19 17:00:00,27.1,83,0.0,26.21,9.98,7.07
2025-10-19 18:00:00,27.0,83,2.6,26.14,9.99,6.95
2025-10-19 19:00:00,26.9,84,0.0,26.07,10.02,7.21
2025-10-19 20:00:00,26.6,85,0.1,25.93,10.07,7.1
2025-10-19 21:00:00,26.1,87,0.1,25.68,10.16,7.39
2025-10-19 22:00:00,25.0,93,4.0,25.18,10.39,7.17
2025-10-19 23:00:00,24.8,92,3.5,24.76,10.46,7.09
2025-10-20 00:00:00,24.8,96,0.3,24.47,10.6,7.38
2025-10-20 01:00:00,24.2,96,4.3,24.09,10.68,7.3
2025-10-20 02:00:00,24.0,98,4.4,23.76,10.79,7.22
2025-10-20 03:00:00,25.2,90,1.0,23.9,10.61,7.74
2025-10-20 04:00:00,26.1,85,0.1,24.26,10.43,7.74
2025-10-20 05:00:00,26.1,82,1.4,24.51,10.32,7.69
2025-10-20 06:00:00,26.8,84,0.4,24.9,10.27,7.7
2025-10-20 07:00:00,27.5,82,0.1,25.38,10.13,7.55
2025-10-20 08:00:00,28.2,79,0.2,25.92,9.96,7.6
2025-10-20 09:00:00,28.1,79,0.0,26.28,9.89,7.69
2025-10-20 10:00:00,27.8,78,0.1,26.43,9.83,7.43
2025-10-20 11:00:00,27.1,81,0.0,26.33,9.91,7.22
2025-10-20 12:00:00,25.8,91,0.0,25.87,10.2,7.38
2025-10-20 13:00:00,25.8,91,0.4,25.55,10.27,7.29
2025-10-20 14:00:00,25.6,90,0.2,25.27,10.31,7.26
2025-10-20 15:00:00,24.9,92,2.0,24.86,10.44,7.18
2025-10-20 16:00:00,25.4,92,0.3,24.72,10.47,7.2
2025-10-20 17:00:00,25.7,90,0.2,24.71,10.43,7.13
2025-10-20 18:00:00,26.0,88,0.1,24.8,10.37,7.22
2025-10-20 19:00:00,26.1,88,0.2,24.89,10.35,6.95
2025-10-20 20:00:00,24.5,96,4.5,24.47,10.6,7.07
2025-10-20 21:00:00,24.7,95,2.0,24.24,10.63,7.18
2025-10-20 22:00:00,24.5,96,0.8,24.02,10.7,7.1
2025-10-20 23:00:00,24.5,97,0.4,23.86,10.75,7.17
2025-10-21 00:00:00,25.1,94,1.0,23.93,10.68,7.29
2025-10-21 01:00:00,25.1,94,0.2,23.98,10.67,7.42
2025-10-21 02:00:00,25.5,92,0.4,24.14,10.59,7.62
2025-10-21 03:00:00,25.3,93,0.9,24.19,10.6,7.52
2025-10-21 04:00:00,25.6,88,0.8,24.31,10.48,7.54
2025-10-21 05:00:00,26.6,86,0.4,24.7,10.36,7.61
2025-10-21 06:00:00,25.9,86,3.3,24.76,10.34,7.71
2025-10-21 07:00:00,26.6,85,0.7,25.01,10.27,7.66
2025-10-21 08:00:00,26.5,88,3.2,25.16,10.3,7.54
2025-10-21 09:00:00,26.1,87,4.3,25.14,10.28,7.48
2025-10-21 10:00:00,26.1,88,2.0,25.13,10.3,7.6
2025-10-21 11:00:00,26.0,87,0.2,25.09,10.29,7.4
2025-10-21 12:00:00,25.9,90,0.2,25.03,10.36,7.53
2025-10-21 13:00:00,25.6,90,0.1,24.9,10.39,7.35
2025-10-21 14:00:00,25.9,88,0.0,24.9,10.35,7.24
2025-10-21 15:00:00,26.2,85,0.1,24.99,10.27,7.44
2025-10-21 16:00:00,25.1,92,1.8,24.72,10.47,6.97
2025-10-21 17:00:00,25.1,93,1.3,24.54,10.53,7.02
2025-10-21 18:00:00,25.1,93,0.1,24.41,10.55,6.99
2025-10-21 19:00:00,25.9,90,0.3,24.55,10.46,7.2
2025-10-21 20:00:00,25.2,93,3.1,24.45,10.55,7.21
2025-10-21 21:00:00,25.6,90,5.4,24.49,10.48,7.22
2025-10-21 22:00:00,26.0,89,0.5,24.65,10.43,7.35
2025-10-21 23:00:00,25.2,91,5.6,24.51,10.49,7.17
2025-10-22 00:00:00,25.2,91,3.7,24.42,10.51,7.26
2025-10-22 01:00:00,25.5,90,0.9,24.44,10.49,7.27
2025-10-22 02:00:00,26.0,90,3.2,24.61,10.45,7.65
2025-10-22 03:00:00,26.8,88,0.4,24.97,10.34,7.64
2025-10-22 04:00:00,27.2,82,2.5,25.34,10.14,7.52
2025-10-22 05:00:00,28.0,82,1.4,25.84,10.04,7.75
2025-10-22 06:00:00,28.7,75,0.4,26.4,9.79,7.57
2025-10-22 07:00:00,28.5,79,0.3,26.73,9.79,7.7
2025-10-22 08:00:00,29.0,77,0.1,27.11,9.67,7.62
2025-10-22 09:00:00,28.7,75,0.9,27.29,9.6,7.61
2025-10-22 10:00:00,27.5,82,5.3,27.05,9.78,7.39
2025-10-22 11:00:00,27.3,85,0.3,26.83,9.88,7.3
2025-10-22 12:00:00,27.8,83,0.1,26.82,9.85,7.39
2025-10-22 13:00:00,27.6,83,0.3,26.75,9.86,7.4
2025-10-22 14:00:00,27.5,84,0.0,26.68,9.89,7.24
2025-10-22 15:00:00,27.3,87,0.4,26.56,9.97,7.23
2025-10-22 16:00:00,26.8,92,1.8,26.33,10.12,6.95
2025-10-22 17:00:00,26.6,91,1.6,26.11,10.15,7.03
2025-10-22 18:00:00,26.6,89,0.0,25.96,10.14,7.04
2025-10-22 19:00:00,26.8,88,0.0,25.91,10.13,7.19
2025-10-22 20:00:00,26.3,91,0.0,25.73,10.23,7.15
2025-10-22 21:00:00,25.9,93,0.0,25.48,10.32,7.26
2025-10-22 22:00:00,25.8,93,0.0,25.28,10.37,7.37
2025-10-22 23:00:00,25.4,94,0.1,25.01,10.44,7.39
2025-10-23 00:00:00,26.0,94,0.1,25.01,10.44,7.43
2025-10-23 01:00:00,26.0,95,0.0,25.01,10.46,7.39
2025-10-23 02:00:00,26.5,93,0.4,25.15,10.39,7.53
2025-10-23 03:00:00,26.8,91,1.0,25.35,10.31,7.51
2025-10-23 04:00:00,27.2,81,1.9,25.6,10.07,7.54
2025-10-23 05:00:00,27.5,84,1.1,25.87,10.07,7.59
2025-10-23 06:00:00,29.0,80,0.7,26.51,9.86,7.55
2025-10-23 07:00:00,27.9,84,6.0,26.63,9.91,7.33
2025-10-23 08:00:00,29.0,80,0.4,27.04,9.74,7.56
2025-10-23 09:00:00,29.8,77,0.2,27.57,9.58,7.6
2025-10-23 10:00:00,29.2,78,0.8,27.76,9.56,7.35
2025-10-23 11:00:00,28.3,81,3.3,27.62,9.64,7.35
2025-10-23 12:00:00,26.4,90,0.0,26.95,9.95,7.58
2025-10-23 13:00:00,26.1,93,0.0,26.4,10.12,7.42
2025-10-23 14:00:00,26.1,94,0.0,26.01,10.23,7.41
2025-10-23 15:00:00,26.0,93,0.0,25.71,10.27,7.23
2025-10-23 16:00:00,26.1,91,0.0,25.52,10.27,7.26
2025-10-23 17:00:00,26.0,91,0.0,25.37,10.31,7.04
2025-10-23 18:00:00,24.4,96,1.1,24.78,10.53,6.99
2025-10-23 19:00:00,24.8,97,1.1,24.48,10.62,6.79
2025-10-23 20:00:00,24.9,97,0.9,24.31,10.65,7.22
2025-10-23 21:00:00,24.8,96,0.2,24.16,10.67,7.35
2025-10-23 22:00:00,24.7,96,0.0,24.02,10.7,7.21
2025-10-23 23:00:00,24.6,96,0.0,23.89,10.72,7.32
2025-10-24 00:00:00,25.0,95,0.4,23.93,10.7,7.32
2025-10-24 01:00:00,25.0,95,0.0,23.95,10.69,7.54
2025-10-24 02:00:00,25.2,94,0.0,24.02,10.66,7.68
2025-10-24 03:00:00,26.0,91,0.0,24.32,10.54,7.45
2025-10-24 04:00:00,26.1,89,0.0,24.55,10.45,7.72
2025-10-24 05:00:00,26.6,87,0.0,24.87,10.34,7.67
2025-10-24 06:00:00,27.2,83,0.2,25.27,10.18,7.7
2025-10-24 07:00:00,27.2,83,1.0,25.55,10.12,7.68
2025-10-24 08:00:00,26.8,86,0.9,25.62,10.16,7.59
2025-10-24 09:00:00,26.9,85,0.9,25.71,10.12,7.55
2025-10-24 10:00:00,27.0,84,0.3,25.79,10.08,7.51
2025-10-24 11:00:00,26.8,85,0.1,25.8,10.1,7.57
2025-10-24 12:00:00,26.9,87,0.1,25.83,10.13,7.44
2025-10-24 13:00:00,26.0,90,0.1,25.58,10.24,7.34
2025-10-24 14:00:00,26.0,90,0.0,25.41,10.28,7.13
2025-10-24 15:00:00,25.8,91,0.0,25.22,10.34,7.16
2025-10-24 16:00:00,25.5,92,0.0,25.01,10.4,7.24
2025-10-24 17:00:00,25.2,94,0.0,24.76,10.5,7.13
2025-10-24 18:00:00,25.0,94,0.0,24.54,10.55,7.18
2025-10-24 19:00:00,24.9,94,0.0,24.34,10.59,7.3
2025-10-24 20:00:00,24.5,95,0.0,24.09,10.66,7.26
2025-10-24 21:00:00,24.6,95,0.0,23.94,10.69,7.22
2025-10-24 22:00:00,24.6,95,0.0,23.84,10.72,7.22
2025-10-24 23:00:00,24.3,95,0.0,23.68,10.75,7.09
2025-10-25 00:00:00,25.2,94,0.0,23.83,10.7,7.4
2025-10-25 01:00:00,25.2,95,0.1,23.94,10.69,7.46
2025-10-25 02:00:00,25.9,91,0.2,24.23,10.55,7.59
2025-10-25 03:00:00,26.7,87,0.0,24.67,10.38,7.61
2025-10-25 04:00:00,27.6,86,0.2,25.25,10.24,7.62
2025-10-25 05:00:00,28.0,85,0.3,25.78,10.11,7.49
2025-10-25 06:00:00,28.1,80,8.6,26.17,9.93,7.42
2025-10-25 07:00:00,26.1,87,5.9,25.85,10.13,7.58
2025-10-25 08:00:00,27.0,85,2.4,25.9,10.08,7.73
2025-10-25 09:00:00,28.2,81,0.1,26.29,9.92,7.59
2025-10-25 10:00:00,27.8,83,0.2,26.44,9.93,7.56
2025-10-25 11:00:00,28.0,81,0.0,26.61,9.85,7.57
2025-10-25 12:00:00,26.6,89,0.3,26.31,10.07,7.29
2025-10-25 13:00:00,26.5,91,0.0,26.06,10.16,7.36
2025-10-25 14:00:00,26.4,91,0.0,25.86,10.2,7.18
2025-10-25 15:00:00,26.5,90,0.0,25.76,10.2,7.28
2025-10-25 16:00:00,26.3,91,0.1,25.62,10.25,7.15
2025-10-25 17:00:00,26.0,93,0.0,25.43,10.33,7.15
2025-10-25 18:00:00,25.1,96,0.0,25.03,10.48,7.03
2025-10-25 19:00:00,25.4,95,0.0,24.84,10.5,7.19
2025-10-25 20:00:00,25.4,96,0.0,24.71,10.55,7.36
2025-10-25 21:00:00,25.4,96,0.0,24.62,10.57,7.1
2025-10-25 22:00:00,25.2,96,0.0,24.49,10.59,7.23
2025-10-25 23:00:00,25.3,95,0.0,24.43,10.59,7.36
2025-10-26 00:00:00,25.5,95,0.0,24.45,10.58,7.49
2025-10-26 01:00:00,25.5,96,0.0,24.47,10.6,7.44
2025-10-26 02:00:00,26.2,94,0.0,24.69,10.51,7.28
2025-10-26 03:00:00,27.5,89,0.1,25.23,10.3,7.75
2025-10-26 04:00:00,26.6,84,0.5,25.34,10.18,7.71
2025-10-26 05:00:00,27.0,82,0.0,25.54,10.1,7.52
2025-10-26 06:00:00,29.0,78,0.0,26.28,9.87,7.64
2025-10-26 07:00:00,29.9,75,0.0,27.06,9.65,7.84
2025-10-26 08:00:00,29.8,75,0.1,27.58,9.54,7.78
2025-10-26 09:00:00,29.0,77,0.1,27.71,9.55,7.68
2025-10-26 10:00:00,28.9,74,0.1,27.77,9.48,7.51
2025-10-26 11:00:00,28.4,77,0.0,27.66,9.56,7.47
2025-10-26 12:00:00,26.4,91,0.0,26.98,9.96,7.38
2025-10-26 13:00:00,25.9,93,0.0,26.36,10.13,7.43
2025-10-26 14:00:00,25.8,93,0.0,25.89,10.23,7.16
2025-10-26 15:00:00,26.0,93,0.0,25.62,10.29,7.11
2025-10-26 16:00:00,26.0,92,0.0,25.44,10.31,7.25
2025-10-26 17:00:00,26.1,92,0.0,25.33,10.33,7.11
2025-10-26 18:00:00,26.0,93,0.0,25.23,10.37,7.25
2025-10-26 19:00:00,25.7,95,0.0,25.07,10.45,7.05
2025-10-26 20:00:00,25.2,96,0.0,24.81,10.52,7.15
2025-10-26 21:00:00,25.0,95,0.0,24.57,10.56,7.11
2025-10-26 22:00:00,24.9,94,0.2,24.37,10.58,7.25
2025-10-26 23:00:00,24.9,94,0.5,24.23,10.61,7.16
2025-10-27 00:00:00,24.9,94,0.9,24.13,10.63,7.32
2025-10-27 01:00:00,24.6,96,0.8,23.97,10.71,7.31
2025-10-27 02:00:00,24.6,96,1.2,23.86,10.73,7.58
2025-10-27 03:00:00,24.8,96,1.1,23.84,10.74,7.65
2025-10-27 04:00:00,24.9,97,1.2,23.86,10.75,7.45
2025-10-27 05:00:00,25.4,94,1.0,24.02,10.66,7.79
2025-10-27 06:00:00,25.9,96,0.4,24.28,10.64,7.94
2025-10-27 07:00:00,25.9,94,1.9,24.47,10.56,7.62
2025-10-27 08:00:00,25.9,90,1.1,24.6,10.45,7.55
2025-10-27 09:00:00,26.0,89,0.5,24.72,10.41,7.87
2025-10-27 10:00:00,26.4,89,0.2,24.92,10.37,7.41
2025-10-27 11:00:00,25.8,89,1.4,24.89,10.37,7.42
2025-10-27 12:00:00,25.5,91,2.2,24.77,10.44,7.34
2025-10-27 13:00:00,25.0,91,4.6,24.54,10.49,7.33
2025-10-27 14:00:00,24.1,87,5.6,24.11,10.5,7.15
2025-10-27 15:00:00,23.2,85,7.6,23.54,10.59,6.99
2025-10-27 16:00:00,22.9,86,6.1,23.04,10.71,6.92
2025-10-27 17:00:00,23.4,80,2.9,22.85,10.63,7.0
2025-10-27 18:00:00,23.4,84,3.5,22.72,10.74,6.91
2025-10-27 19:00:00,22.8,87,2.4,22.44,10.86,7.05
2025-10-27 20:00:00,23.6,80,1.9,22.49,10.71,7.03
2025-10-27 21:00:00,23.5,79,1.2,22.49,10.69,7.01
2025-10-27 22:00:00,23.0,93,2.6,22.34,11.0,7.31
2025-10-27 23:00:00,22.7,92,3.8,22.15,11.02,7.19
2025-10-28 00:00:00,23.4,93,2.8,22.23,11.03,7.2
2025-10-28 01:00:00,24.2,91,4.2,22.52,10.92,7.36
2025-10-28 02:00:00,24.1,90,3.8,22.69,10.87,7.46
2025-10-28 03:00:00,24.1,91,4.8,22.81,10.86,7.33
2025-10-28 04:00:00,24.1,91,5.2,22.9,10.84,7.58
2025-10-28 05:00:00,24.4,92,4.2,23.05,10.83,7.48
2025-10-28 06:00:00,24.4,91,3.3,23.16,10.79,7.78
2025-10-28 07:00:00,24.2,86,3.5,23.17,10.68,7.65
2025-10-28 08:00:00,24.3,82,1.9,23.21,10.6,7.56
2025-10-28 09:00:00,24.5,83,2.4,23.3,10.6,7.47
2025-10-28 10:00:00,24.9,83,1.6,23.48,10.56,7.49
2025-10-28 11:00:00,24.8,84,0.6,23.57,10.56,7.53
2025-10-28 12:00:00,25.0,90,0.3,23.7,10.65,7.4
2025-10-28 13:00:00,24.6,94,0.5,23.67,10.73,7.29
2025-10-28 14:00:00,24.7,92,0.2,23.68,10.69,7.26
2025-10-28 15:00:00,24.7,91,0.2,23.69,10.67,7.14
2025-10-28 16:00:00,24.6,93,0.0,23.66,10.72,7.13
2025-10-28 17:00:00,25.0,92,0.0,23.76,10.67,6.92
2025-10-28 18:00:00,25.9,91,0.0,24.1,10.58,7.22
2025-10-28 19:00:00,25.8,89,0.0,24.31,10.5,7.16
2025-10-28 20:00:00,25.5,88,0.0,24.37,10.47,7.08
2025-10-28 21:00:00,25.2,87,0.0,24.32,10.46,7.39
2025-10-28 22:00:00,24.9,87,0.0,24.19,10.48,7.28
2025-10-28 23:00:00,24.5,87,0.0,23.98,10.53,7.24
2025-10-29 00:00:00,24.9,87,0.0,23.96,10.53,7.51
2025-10-29 01:00:00,24.9,85,0.0,23.94,10.5,7.54
2025-10-29 02:00:00,26.2,80,0.0,24.32,10.32,7.61
2025-10-29 03:00:00,28.0,77,0.0,25.12,10.09,7.58
2025-10-29 04:00:00,29.5,71,0.0,26.14,9.77,7.7
2025-10-29 05:00:00,30.8,63,0.0,27.24,9.39,7.65
2025-10-29 06:00:00,31.2,57,0.0,28.12,9.1,7.73
2025-10-29 07:00:00,31.8,54,0.0,28.93,8.89,7.47
2025-10-29 08:00:00,32.3,52,0.0,29.64,8.71,7.58
2025-10-29 09:00:00,32.2,55,0.0,30.11,8.66,7.74
2025-10-29 10:00:00,31.5,60,0.0,30.23,8.73,7.43
2025-10-29 11:00:00,29.5,79,0.0,29.71,9.16,7.38
2025-10-29 12:00:00,28.9,85,0.0,29.17,9.38,7.32
2025-10-29 13:00:00,27.9,87,0.0,28.49,9.56,7.18
2025-10-29 14:00:00,26.8,89,0.0,27.68,9.77,7.01
2025-10-29 15:00:00,26.0,88,0.0,26.88,9.93,7.16
2025-10-29 16:00:00,26.0,90,0.0,26.31,10.08,7.15
2025-10-29 17:00:00,26.3,91,0.0,26.01,10.17,7.1
2025-10-29 18:00:00,27.0,90,0.0,26.01,10.15,7.09
2025-10-29 19:00:00,26.6,90,0.0,25.88,10.18,7.12
2025-10-29 20:00:00,26.1,93,0.0,25.65,10.28,7.25
2025-10-29 21:00:00,25.6,95,0.0,25.33,10.39,7.18
2025-10-29 22:00:00,25.5,95,0.0,25.08,10.45,7.2
2025-10-29 23:00:00,25.2,96,0.0,24.82,10.52,7.31
2025-10-30 00:00:00,25.2,97,0.0,24.63,10.58,7.47
2025-10-30 01:00:00,25.4,96,0.0,24.56,10.58,7.63
2025-10-30 02:00:00,26.1,94,0.0,24.72,10.5,7.5
2025-10-30 03:00:00,27.8,88,0.0,25.35,10.25,7.63
2025-10-30 04:00:00,29.7,72,0.0,26.35,9.74,7.69
2025-10-30 05:00:00,30.8,63,0.0,27.39,9.36,7.58
2025-10-30 06:00:00,32.1,55,0.0,28.5,8.99,7.68
2025-10-30 07:00:00,32.8,50,0.0,29.49,8.7,7.51
2025-10-30 08:00:00,32.5,50,0.0,30.09,8.58,7.44
2025-10-30 09:00:00,31.8,56,0.0,30.31,8.64,7.61
2025-10-30 10:00:00,30.8,68,0.1,30.15,8.88,7.46
2025-10-30 11:00:00,29.2,75,0.0,29.57,9.12,7.46
2025-10-30 12:00:00,28.9,82,0.0,29.07,9.35,7.37
2025-10-30 13:00:00,28.4,84,0.0,28.57,9.49,7.2
2025-10-30 14:00:00,28.1,81,0.0,28.13,9.53,7.22
2025-10-30 15:00:00,27.8,84,0.0,27.73,9.67,7.05
2025-10-30 16:00:00,27.5,86,0.0,27.36,9.79,7.27
2025-10-30 17:00:00,27.3,87,0.0,27.04,9.87,6.96
2025-10-30 18:00:00,27.2,88,0.0,26.79,9.94,7.07
2025-10-30 19:00:00,27.0,89,0.0,26.55,10.01,7.0
2025-10-30 20:00:00,26.6,90,0.0,26.27,10.09,7.19
2025-10-30 21:00:00,26.1,91,0.0,25.92,10.19,7.16
2025-10-30 22:00:00,25.6,93,0.0,25.52,10.31,7.2
2025-10-30 23:00:00,25.4,94,0.0,25.19,10.4,7.42
2025-10-31 00:00:00,25.4,95,0.0,24.95,10.47,7.41
2025-10-31 01:00:00,25.6,94,0.0,24.84,10.48,7.54
2025-10-31 02:00:00,26.6,93,0.0,25.07,10.41,7.46
2025-10-31 03:00:00,28.4,85,0.0,25.77,10.11,7.47
2025-10-31 04:00:00,30.0,76,0.0,26.74,9.73,7.66
2025-10-31 05:00:00,31.1,67,0.0,27.75,9.36,7.64
2025-10-31 06:00:00,32.1,55,0.0,28.75,8.94,7.74
2025-10-31 07:00:00,32.8,50,0.0,29.67,8.67,7.65
2025-10-31 08:00:00,33.2,47,0.0,30.43,8.46,7.64
2025-10-31 09:00:00,33.1,47,0.0,30.93,8.36,7.4
2025-10-31 10:00:00,32.2,53,0.0,31.01,8.45,7.69
2025-10-31 11:00:00,30.3,76,0.0,30.5,8.94,7.42
2025-10-31 12:00:00,28.9,90,0.0,29.72,9.35,7.43
2025-10-31 13:00:00,27.9,89,0.0,28.87,9.51,7.21
2025-10-31 14:00:00,27.8,88,0.0,28.25,9.63,7.26
2025-10-31 15:00:00,27.5,90,0.0,27.73,9.78,7.04
2025-10-31 16:00:00,27.5,91,0.0,27.36,9.88,7.17
2025-10-31 17:00:00,27.4,92,0.0,27.07,9.96,7.06
2025-10-31 18:00:00,27.3,93,0.0,26.84,10.03,7.09
2025-10-31 19:00:00,27.3,93,0.0,26.68,10.06,7.17
2025-10-31 20:00:00,27.1,93,0.0,26.5,10.1,7.01
2025-10-31 21:00:00,26.8,94,0.0,26.29,10.16,7.12
2025-10-31 22:00:00,26.5,95,0.0,26.06,10.23,7.3
2025-10-31 23:00:00,26.0,97,0.0,25.74,10.34,7.53
2025-11-01 00:00:00,25.6,99,0.0,25.4,10.45,7.39
2025-11-01 01:00:00,25.9,98,0.0,25.25,10.47,7.54
2025-11-01 02:00:00,26.8,95,0.0,25.41,10.37,7.55
2025-11-01 03:00:00,28.5,87,0.0,26.04,10.09,7.81
2025-11-01 04:00:00,30.0,79,0.0,26.93,9.75,7.48
2025-11-01 05:00:00,30.9,74,0.0,27.82,9.47,7.68
2025-11-01 06:00:00,31.3,71,0.1,28.56,9.26,7.5
2025-11-01 07:00:00,31.6,67,0.0,29.17,9.06,7.41
2025-11-01 08:00:00,31.9,62,0.0,29.69,8.87,7.65
2025-11-01 09:00:00,31.2,65,0.0,29.84,8.89,7.59
2025-11-01 10:00:00,30.5,75,0.5,29.74,9.08,7.45
2025-11-01 11:00:00,29.6,83,0.0,29.4,9.3,7.43
2025-11-01 12:00:00,28.7,86,0.0,28.89,9.46,7.68
2025-11-01 13:00:00,28.2,87,0.0,28.38,9.58,7.27
2025-11-01 14:00:00,28.0,89,0.0,27.97,9.71,7.28
2025-11-01 15:00:00,27.9,88,0.0,27.65,9.76,7.11
2025-11-01 16:00:00,27.6,90,0.0,27.33,9.86,7.16
2025-11-01 17:00:00,27.3,92,0.0,27.02,9.97,7.08
2025-11-01 18:00:00,27.6,92,0.0,26.9,10.0,7.05
2025-11-01 19:00:00,27.5,93,0.0,26.78,10.04,7.28
2025-11-01 20:00:00,27.1,95,0.0,26.57,10.12,7.25
2025-11-01 21:00:00,25.2,97,2.3,25.86,10.31,7.11
2025-11-01 22:00:00,25.4,95,0.6,25.42,10.37,6.99
2025-11-01 23:00:00,25.2,96,0.0,25.06,10.47,7.3
2025-11-02 00:00:00,26.6,98,0.0,25.22,10.47,7.68
2025-11-02 01:00:00,26.9,96,0.0,25.42,10.39,7.46
2025-11-02 02:00:00,27.6,90,0.0,25.78,10.2,7.66
2025-11-02 03:00:00,28.5,84,0.0,26.29,9.98,7.75
2025-11-02 04:00:00,29.9,77,0.0,27.08,9.68,7.67
2025-11-02 05:00:00,31.1,69,0.0,27.98,9.35,7.59
2025-11-02 06:00:00,31.9,59,0.0,28.86,8.99,7.43
2025-11-02 07:00:00,29.1,72,0.9,28.63,9.26,7.68
2025-11-02 08:00:00,31.0,67,0.0,29.04,9.09,7.55
2025-11-02 09:00:00,32.0,63,0.0,29.63,8.9,7.59
2025-11-02 10:00:00,30.2,66,0.7,29.5,8.98,7.35
2025-11-02 11:00:00,29.0,74,0.5,29.05,9.21,7.39
2025-11-02 12:00:00,29.8,77,0.0,28.98,9.28,7.37
2025-11-02 13:00:00,28.4,85,0.0,28.5,9.52,7.32
2025-11-02 14:00:00,28.0,85,0.0,28.05,9.62,7.12
2025-11-02 15:00:00,27.6,87,0.0,27.62,9.75,7.29
2025-11-02 16:00:00,27.0,91,0.0,27.13,9.93,7.07
2025-11-02 17:00:00,26.8,92,0.0,26.73,10.03,6.94
2025-11-02 18:00:00,27.2,91,0.0,26.57,10.05,7.08
2025-11-02 19:00:00,27.3,86,0.0,26.49,9.97,7.11
2025-11-02 20:00:00,26.5,87,0.0,26.19,10.05,7.15
2025-11-02 21:00:00,26.0,84,0.0,25.84,10.07,7.33
2025-11-02 22:00:00,25.6,84,0.0,25.46,10.15,7.23
2025-11-02 23:00:00,25.4,84,0.0,25.15,10.22,7.32
2025-11-03 00:00:00,26.5,89,0.0,25.25,10.29,7.3
2025-11-03 01:00:00,26.9,87,0.0,25.45,10.21,7.57
2025-11-03 02:00:00,27.8,86,0.0,25.85,10.11,7.57
2025-11-03 03:00:00,26.0,85,2.5,25.6,10.14,7.47
2025-11-03 04:00:00,26.6,88,2.2,25.6,10.2,7.38
2025-11-03 05:00:00,29.9,73,0.0,26.59,9.71,7.83
2025-11-03 06:00:00,32.1,62,0.0,27.94,9.23,7.56
2025-11-03 07:00:00,32.5,61,0.0,29.01,8.99,7.6
2025-11-03 08:00:00,32.5,62,0.0,29.76,8.86,7.66
2025-11-03 09:00:00,32.3,64,0.0,30.22,8.8,7.45
2025-11-03 10:00:00,27.9,84,3.1,29.22,9.35,7.26
2025-11-03 11:00:00,28.4,81,0.0,28.68,9.41,7.24
2025-11-03 12:00:00,27.5,85,0.0,28.02,9.62,7.45
2025-11-03 13:00:00,27.2,86,0.1,27.48,9.76,7.25
2025-11-03 14:00:00,27.2,86,0.1,27.09,9.84,7.52
2025-11-03 15:00:00,27.1,87,0.0,26.8,9.92,7.08
2025-11-03 16:00:00,26.8,89,0.0,26.5,10.03,7.04
2025-11-03 17:00:00,26.5,89,0.0,26.2,10.09,7.05
2025-11-03 18:00:00,27.4,88,0.0,26.26,10.06,7.12
2025-11-03 19:00:00,27.1,91,0.0,26.21,10.13,7.06
2025-11-03 20:00:00,24.1,92,12.8,25.28,10.35,7.0
2025-11-03 21:00:00,24.5,90,0.4,24.74,10.42,7.08
2025-11-03 22:00:00,24.3,91,0.0,24.31,10.54,7.13
2025-11-03 23:00:00,24.4,92,0.0,24.04,10.62,7.16
2025-11-04 00:00:00,26.5,88,0.0,24.48,10.44,7.19
2025-11-04 01:00:00,26.8,87,0.0,24.87,10.34,7.44
2025-11-04 02:00:00,27.5,85,0.0,25.36,10.19,7.53
2025-11-04 03:00:00,28.6,80,0.0,26.03,9.96,7.55
2025-11-04 04:00:00,29.0,77,0.0,26.62,9.78,7.78
2025-11-04 05:00:00,29.8,72,0.0,27.28,9.55,7.8
2025-11-04 06:00:00,30.4,69,0.0,27.91,9.36,7.65
2025-11-04 07:00:00,31.1,65,0.0,28.57,9.15,7.48
2025-11-04 08:00:00,31.5,65,0.0,29.15,9.03,7.57
2025-11-04 09:00:00,31.9,63,0.0,29.67,8.89,7.52
2025-11-04 10:00:00,31.7,63,0.0,29.98,8.83,7.44
2025-11-04 11:00:00,30.6,67,1.5,29.87,8.92,7.3
2025-11-04 12:00:00,27.2,80,3.8,28.77,9.38,7.18
2025-11-04 13:00:00,26.8,82,0.0,27.88,9.6,7.26
2025-11-04 14:00:00,26.7,82,0.0,27.22,9.74,7.17
2025-11-04 15:00:00,26.5,82,0.0,26.71,9.85,7.2
2025-11-04 16:00:00,26.5,83,0.0,26.34,9.95,7.17
2025-11-04 17:00:00,26.2,86,0.0,26.0,10.08,7.02
2025-11-04 18:00:00,26.5,89,0.0,25.85,10.17,7.23
2025-11-04 19:00:00,26.4,90,0.0,25.72,10.21,7.02
2025-11-04 20:00:00,26.0,93,0.0,25.5,10.32,6.98
2025-11-04 21:00:00,25.8,95,0.0,25.29,10.4,7.23
2025-11-04 22:00:00,25.8,93,0.0,25.14,10.39,7.18
2025-11-04 23:00:00,25.7,93,0.0,25.01,10.42,7.36
2025-11-05 00:00:00,24.1,94,0.0,24.44,10.57,7.18
2025-11-05 01:00:00,24.1,96,2.6,24.04,10.69,7.53
2025-11-05 02:00:00,25.0,93,0.1,24.03,10.64,7.63
2025-11-05 03:00:00,27.0,85,0.0,24.62,10.35,7.48
2025-11-05 04:00:00,28.9,75,0.0,25.6,9.95,7.52
2025-11-05 05:00:00,30.1,69,0.0,26.65,9.62,7.85
2025-11-05 06:00:00,28.9,73,0.0,27.03,9.62,7.62
2025-11-05 07:00:00,30.4,68,0.0,27.74,9.38,7.59
2025-11-05 08:00:00,31.2,65,0.1,28.48,9.17,7.4
2025-11-05 09:00:00,31.0,65,0.1,28.93,9.08,7.54
2025-11-05 10:00:00,30.1,69,0.1,28.98,9.14,7.49
2025-11-05 11:00:00,29.1,75,0.1,28.72,9.3,7.51
2025-11-05 12:00:00,28.6,79,0.0,28.38,9.44,7.24
2025-11-05 13:00:00,28.5,83,0.0,28.12,9.57,7.15
2025-11-05 14:00:00,28.1,83,0.0,27.81,9.63,7.28
2025-11-05 15:00:00,27.0,89,0.0,27.27,9.86,7.28
2025-11-05 16:00:00,26.1,89,0.0,26.62,10.0,6.98
2025-11-05 17:00:00,25.8,89,0.0,26.07,10.12,7.22
2025-11-05 18:00:00,25.6,94,0.0,25.63,10.31,7.11
2025-11-05 19:00:00,25.6,88,0.0,25.32,10.26,7.23
2025-11-05 20:00:00,25.1,91,0.0,24.96,10.4,7.14
2025-11-05 21:00:00,25.1,89,0.0,24.7,10.41,6.95
2025-11-05 22:00:00,25.0,92,0.0,24.49,10.52,7.25
2025-11-05 23:00:00,24.7,94,0.0,24.25,10.61,7.45
2025-11-06 00:00:00,24.5,94,0.0,24.03,10.66,7.33
2025-11-06 01:00:00,24.7,92,0.0,23.93,10.64,7.46
2025-11-06 02:00:00,25.9,89,0.0,24.22,10.52,7.55
2025-11-06 03:00:00,27.1,82,0.0,24.78,10.26,7.33
2025-11-06 04:00:00,28.2,76,0.0,25.51,9.99,7.83
2025-11-06 05:00:00,28.7,75,0.0,26.17,9.84,7.6
2025-11-06 06:00:00,28.3,73,0.1,26.51,9.73,7.74
2025-11-06 07:00:00,29.9,67,0.0,27.22,9.47,7.67
2025-11-06 08:00:00,29.9,68,0.0,27.73,9.38,7.77
2025-11-06 09:00:00,29.9,63,0.2,28.08,9.22,7.62
2025-11-06 10:00:00,28.8,70,0.4,28.0,9.36,7.48
2025-11-06 11:00:00,28.0,75,0.2,27.7,9.51,7.36
2025-11-06 12:00:00,28.4,72,0.0,27.61,9.48,7.46
2025-11-06 13:00:00,27.1,81,0.0,27.16,9.74,7.12
2025-11-06 14:00:00,26.8,83,0.0,26.75,9.86,7.31
2025-11-06 15:00:00,27.0,81,0.0,26.52,9.87,7.07
2025-11-06 16:00:00,26.8,81,0.0,26.31,9.92,7.26
2025-11-06 17:00:00,26.5,84,0.0,26.06,10.03,7.13
2025-11-06 18:00:00,26.8,86,0.0,25.99,10.08,7.16
2025-11-06 19:00:00,26.6,88,0.0,25.87,10.14,7.12
2025-11-06 20:00:00,26.4,88,0.0,25.73,10.17,6.97
2025-11-06 21:00:00,26.4,84,0.0,25.63,10.12,7.11
2025-11-06 22:00:00,26.2,84,0.0,25.5,10.15,7.32
2025-11-06 23:00:00,25.8,86,0.0,25.29,10.23,7.35
2025-11-07 00:00:00,25.6,93,0.0,25.08,10.41,7.53
2025-11-07 01:00:00,25.9,92,0.0,25.03,10.4,7.53
2025-11-07 02:00:00,27.0,84,0.0,25.32,10.18,7.46
2025-11-07 03:00:00,28.5,77,0.0,25.97,9.91,7.53
2025-11-07 04:00:00,27.2,77,2.1,26.04,9.9,7.58
2025-11-07 05:00:00,27.3,79,0.8,26.12,9.92,7.41
2025-11-07 06:00:00,29.2,74,0.0,26.74,9.7,7.86
2025-11-07 07:00:00,30.5,66,0.0,27.57,9.38,7.72
2025-11-07 08:00:00,31.0,61,0.0,28.3,9.14,7.76
2025-11-07 09:00:00,29.6,61,1.0,28.39,9.12,7.37
2025-11-07 10:00:00,29.1,69,0.5,28.3,9.28,7.62
2025-11-07 11:00:00,28.8,70,0.1,28.15,9.33,7.67
2025-11-07 12:00:00,29.4,65,0.0,28.23,9.22,7.25
2025-11-07 13:00:00,28.6,70,0.0,28.04,9.35,7.38
2025-11-07 14:00:00,28.2,71,0.0,27.79,9.42,7.23
2025-11-07 15:00:00,28.0,72,0.0,27.55,9.49,7.02
2025-11-07 16:00:00,27.6,74,0.0,27.27,9.59,7.18
2025-11-07 17:00:00,26.9,82,0.0,26.86,9.82,7.19
2025-11-07 18:00:00,27.0,79,0.0,26.6,9.82,7.03
2025-11-07 19:00:00,26.9,76,0.0,26.39,9.81,7.22
2025-11-07 20:00:00,26.4,80,0.0,26.09,9.94,6.97
2025-11-07 21:00:00,25.7,84,0.0,25.67,10.11,7.04
2025-11-07 22:00:00,25.1,87,0.0,25.2,10.27,7.27
2025-11-07 23:00:00,24.6,90,0.0,24.72,10.43,7.34
2025-11-08 00:00:00,25.1,93,0.0,24.54,10.53,7.34
2025-11-08 01:00:00,25.4,91,0.0,24.49,10.5,7.57
2025-11-08 02:00:00,26.9,81,0.0,24.92,10.21,7.61
2025-11-08 03:00:00,28.5,70,0.0,25.69,9.84,7.7
2025-11-08 04:00:00,29.8,58,0.4,26.62,9.42,7.61
2025-11-08 05:00:00,29.8,58,0.3,27.28,9.29,7.72
2025-11-08 06:00:00,30.8,50,0.2,28.03,8.99,7.62
2025-11-08 07:00:00,31.4,47,0.0,28.74,8.8,7.87
2025-11-08 08:00:00,31.9,43,0.0,29.39,8.6,7.54
2025-11-08 09:00:00,31.5,44,0.0,29.72,8.55,7.79
2025-11-08 10:00:00,30.5,48,0.0,29.66,8.63,7.52
2025-11-08 11:00:00,29.6,53,0.0,29.34,8.78,7.31
2025-11-08 12:00:00,27.9,69,0.0,28.61,9.22,7.51
2025-11-08 13:00:00,27.5,72,0.0,27.98,9.4,7.32
2025-11-08 14:00:00,27.4,72,0.0,27.5,9.5,7.32
2025-11-08 15:00:00,27.1,73,0.0,27.08,9.61,7.3
2025-11-08 16:00:00,27.0,74,0.0,26.76,9.69,7.17
2025-11-08 17:00:00,27.0,75,0.0,26.53,9.76,7.05
2025-11-08 18:00:00,27.1,74,0.0,26.4,9.77,7.19
2025-11-08 19:00:00,27.2,69,0.0,26.34,9.69,7.11
2025-11-08 20:00:00,26.6,71,0.0,26.12,9.77,7.21
2025-11-08 21:00:00,25.8,77,0.0,25.72,9.97,6.98
2025-11-08 22:00:00,25.0,82,0.0,25.21,10.17,7.3
2025-11-08 23:00:00,24.4,88,0.0,24.66,10.4,7.27
2025-11-09 00:00:00,24.9,94,0.0,24.43,10.57,7.58
2025-11-09 01:00:00,25.3,93,0.0,24.39,10.56,7.56
2025-11-09 02:00:00,26.8,83,0.0,24.82,10.27,7.59
2025-11-09 03:00:00,28.5,68,0.0,25.62,9.82,7.66
2025-11-09 04:00:00,29.5,60,0.0,26.48,9.49,7.56
2025-11-09 05:00:00,29.9,53,0.1,27.21,9.21,7.83
2025-11-09 06:00:00,29.9,57,0.1,27.72,9.18,7.87
2025-11-09 07:00:00,30.8,50,0.0,28.34,8.93,7.71
2025-11-09 08:00:00,30.4,52,0.0,28.66,8.9,7.79
2025-11-09 09:00:00,30.4,52,0.1,28.88,8.86,7.52
2025-11-09 10:00:00,29.8,55,0.1,28.86,8.92,7.43
2025-11-09 11:00:00,29.1,58,0.0,28.63,9.02,7.46
2025-11-09 12:00:00,28.5,59,0.0,28.29,9.1,7.42
2025-11-09 13:00:00,27.5,68,0.0,27.75,9.38,7.27
2025-11-09 14:00:00,27.4,68,0.0,27.35,9.46,7.29
2025-11-09 15:00:00,27.1,69,0.0,26.97,9.56,7.21
2025-11-09 16:00:00,27.0,71,0.0,26.68,9.65,7.03
2025-11-09 17:00:00,26.8,76,0.0,26.42,9.8,7.16
2025-11-09 18:00:00,26.5,78,0.0,26.14,9.9,7.18
2025-11-09 19:00:00,26.4,78,0.0,25.92,9.94,7.13
2025-11-09 20:00:00,26.1,80,0.0,25.67,10.03,7.26
2025-11-09 21:00:00,25.9,83,0.0,25.44,10.14,7.07
2025-11-09 22:00:00,25.6,85,0.0,25.19,10.23,7.3
2025-11-09 23:00:00,25.4,87,0.0,24.95,10.32,7.22
2025-11-10 00:00:00,25.7,86,0.0,24.88,10.32,7.3
2025-11-10 01:00:00,26.0,83,0.0,24.91,10.25,7.43
2025-11-10 02:00:00,27.1,78,0.0,25.27,10.08,7.46
2025-11-10 03:00:00,28.6,69,0.1,25.97,9.76,7.55
2025-11-10 04:00:00,29.9,61,0.0,26.85,9.43,7.63
2025-11-10 05:00:00,30.4,58,0.1,27.61,9.22,7.75
2025-11-10 06:00:00,29.8,60,0.3,27.97,9.19,7.63
2025-11-10 07:00:00,30.4,58,0.1,28.4,9.06,7.5
2025-11-10 08:00:00,30.5,58,0.1,28.73,9.0,7.74
2025-11-10 09:00:00,30.0,60,0.1,28.81,9.01,7.49
2025-11-10 10:00:00,29.5,61,0.0,28.72,9.05,7.52
2025-11-10 11:00:00,28.8,64,0.1,28.44,9.16,7.49
2025-11-10 12:00:00,28.3,67,0.0,28.1,9.29,7.4
2025-11-10 13:00:00,27.8,71,0.0,27.71,9.44,7.41
2025-11-10 14:00:00,27.6,73,0.0,27.38,9.54,7.28
2025-11-10 15:00:00,27.2,76,0.0,27.02,9.67,7.09
2025-11-10 16:00:00,26.4,80,0.1,26.54,9.85,7.35
2025-11-10 17:00:00,26.6,79,0.1,26.26,9.89,7.12
2025-11-10 18:00:00,25.8,85,0.0,25.82,10.1,7.09
2025-11-10 19:00:00,25.9,83,0.0,25.54,10.12,7.21
2025-11-10 20:00:00,25.9,83,0.0,25.35,10.16,7.17
2025-11-10 21:00:00,26.0,83,0.0,25.25,10.18,7.24
2025-11-10 22:00:00,26.2,82,0.0,25.23,10.17,7.51
2025-11-10 23:00:00,26.2,81,0.0,25.22,10.15,7.3
2025-11-11 00:00:00,26.0,86,0.0,25.16,10.26,7.38
2025-11-11 01:00:00,26.0,86,0.0,25.11,10.27,7.5
2025-11-11 02:00:00,27.0,81,0.0,25.38,10.12,7.66
2025-11-11 03:00:00,28.4,72,0.0,25.98,9.82,7.46
2025-11-11 04:00:00,29.6,68,0.1,26.77,9.58,7.45
2025-11-11 05:00:00,30.5,64,0.2,27.59,9.34,7.6
2025-11-11 06:00:00,30.5,63,0.2,28.16,9.2,7.5
2025-11-11 07:00:00,31.4,57,0.0,28.83,8.96,7.62
2025-11-11 08:00:00,30.5,56,0.1,29.03,8.9,7.67
2025-11-11 09:00:00,30.1,59,0.4,29.05,8.95,7.47
2025-11-11 10:00:00,30.0,60,0.2,29.04,8.97,7.36
2025-11-11 11:00:00,29.5,61,0.0,28.88,9.02,7.46
2025-11-11 12:00:00,27.6,77,0.0,28.19,9.45,7.46
2025-11-11 13:00:00,27.4,78,0.0,27.66,9.58,7.14
2025-11-11 14:00:00,27.0,80,0.0,27.16,9.72,7.32
2025-11-11 15:00:00,26.9,82,0.0,26.78,9.84,7.26
2025-11-11 16:00:00,27.1,82,0.1,26.58,9.88,7.22
2025-11-11 17:00:00,27.3,81,0.0,26.49,9.88,7.23
2025-11-11 18:00:00,26.9,83,0.0,26.32,9.95,7.32
2025-11-11 19:00:00,27.4,77,0.0,26.34,9.84,7.07
2025-11-11 20:00:00,27.3,76,0.0,26.33,9.82,7.15
2025-11-11 21:00:00,27.1,77,0.0,26.26,9.85,7.14
2025-11-11 22:00:00,27.0,78,0.0,26.18,9.89,7.25
2025-11-11 23:00:00,26.9,78,0.0,26.1,9.91,7.47
2025-11-12 00:00:00,26.9,80,0.0,26.04,9.96,7.27
2025-11-12 01:00:00,27.1,79,0.0,26.06,9.93,7.39
2025-11-12 02:00:00,28.5,71,0.0,26.49,9.69,7.68
2025-11-12 03:00:00,29.4,67,0.0,27.06,9.5,7.7
2025-11-12 04:00:00,30.0,63,0.0,27.64,9.31,7.61
2025-11-12 05:00:00,30.5,61,0.0,28.2,9.16,7.75
2025-11-12 06:00:00,30.6,61,0.0,28.62,9.07,7.71
2025-11-12 07:00:00,30.8,61,0.0,28.97,9.0,7.81
2025-11-12 08:00:00,30.5,62,0.1,29.13,8.98,7.63
2025-11-12 09:00:00,30.0,64,0.1,29.09,9.03,7.68
2025-11-12 10:00:00,29.6,64,0.0,28.94,9.06,7.78
2025-11-12 11:00:00,29.1,65,0.0,28.69,9.13,7.51
2025-11-12 12:00:00,28.5,70,0.0,28.33,9.29,7.38
2025-11-12 13:00:00,28.2,71,0.0,27.99,9.38,7.37
2025-11-12 14:00:00,28.0,72,0.0,27.7,9.46,7.2
2025-11-12 15:00:00,27.8,72,0.0,27.43,9.52,7.41
2025-11-12 16:00:00,27.7,72,0.0,27.21,9.56,7.15
2025-11-12 17:00:00,27.5,73,0.0,27.0,9.62,7.07
2025-11-12 18:00:00,27.4,75,0.0,26.82,9.7,7.01
2025-11-12 19:00:00,26.9,77,0.0,26.54,9.79,7.21
2025-11-12 20:00:00,26.4,79,0.0,26.2,9.9,7.22
2025-11-12 21:00:00,26.1,82,0.0,25.87,10.03,7.14
2025-11-12 22:00:00,25.2,86,0.1,25.37,10.21,7.31
2025-11-12 23:00:00,25.2,84,0.1,25.02,10.25,7.17
2025-11-13 00:00:00,25.0,88,0.0,24.71,10.39,7.43
2025-11-13 01:00:00,24.8,90,0.1,24.44,10.49,7.53
2025-11-13 02:00:00,26.2,83,0.0,24.67,10.3,7.73
2025-11-13 03:00:00,27.7,75,0.0,25.28,10.02,7.54
2025-11-13 04:00:00,27.0,75,0.2,25.49,9.98,7.52
2025-11-13 05:00:00,28.2,70,0.1,26.01,9.77,7.59
2025-11-13 06:00:00,29.1,69,0.0,26.63,9.63,7.56
2025-11-13 07:00:00,29.2,67,0.1,27.1,9.49,7.8
2025-11-13 08:00:00,29.5,64,0.0,27.52,9.35,7.8
2025-11-13 09:00:00,29.2,63,0.0,27.73,9.29,7.63
2025-11-13 10:00:00,29.0,63,0.0,27.81,9.27,7.65
2025-11-13 11:00:00,28.4,65,0.0,27.69,9.33,7.47
2025-11-13 12:00:00,27.8,72,0.0,27.42,9.52,7.38
2025-11-13 13:00:00,27.6,70,0.0,27.17,9.53,7.28
2025-11-13 14:00:00,27.7,66,0.0,27.03,9.49,7.21
2025-11-13 15:00:00,27.5,64,0.0,26.87,9.48,7.02
2025-11-13 16:00:00,27.2,65,0.0,26.67,9.54,7.16
2025-11-13 17:00:00,27.0,66,0.0,26.47,9.6,7.1
2025-11-13 18:00:00,26.8,70,0.0,26.27,9.72,7.17
2025-11-13 19:00:00,26.6,70,0.0,26.07,9.76,7.12
2025-11-13 20:00:00,26.6,69,0.0,25.93,9.77,7.12
2025-11-13 21:00:00,26.5,66,0.0,25.8,9.74,7.1
2025-11-13 22:00:00,26.2,62,0.0,25.62,9.7,7.26
2025-11-13 23:00:00,26.0,62,0.0,25.43,9.74,7.4
2025-11-14 00:00:00,26.1,62,0.0,25.33,9.76,7.29
2025-11-14 01:00:00,26.4,60,0.0,25.35,9.72,7.49
2025-11-14 02:00:00,27.5,54,0.0,25.7,9.54,7.58
2025-11-14 03:00:00,28.3,51,0.0,26.18,9.38,7.54
2025-11-14 04:00:00,29.0,48,0.0,26.72,9.22,7.59
2025-11-14 05:00:00,29.5,47,0.0,27.26,9.09,7.7
2025-11-14 06:00:00,29.7,47,0.0,27.69,9.01,7.57
2025-11-14 07:00:00,29.9,46,0.0,28.05,8.92,7.7
2025-11-14 08:00:00,30.0,44,0.0,28.34,8.83,7.55
2025-11-14 09:00:00,29.5,46,0.0,28.39,8.85,7.69
2025-11-14 10:00:00,28.9,47,0.0,28.24,8.9,7.76
2025-11-14 11:00:00,28.5,47,0.0,28.02,8.94,7.37
2025-11-14 12:00:00,27.5,54,0.0,27.56,9.16,7.44
2025-11-14 13:00:00,27.3,57,0.0,27.18,9.29,7.24
2025-11-14 14:00:00,27.4,57,0.0,26.95,9.34,7.34
2025-11-14 15:00:00,27.3,58,0.0,26.75,9.4,7.05
2025-11-14 16:00:00,27.1,60,0.0,26.56,9.47,7.18
2025-11-14 17:00:00,26.9,66,0.0,26.36,9.63,7.02
2025-11-14 18:00:00,26.5,67,0.0,26.1,9.7,7.08
2025-11-14 19:00:00,26.1,68,0.0,25.8,9.78,7.01
2025-11-14 20:00:00,25.5,70,0.0,25.41,9.9,7.23
2025-11-14 21:00:00,24.9,74,0.0,24.96,10.07,7.11
2025-11-14 22:00:00,24.1,77,0.0,24.4,10.24,7.32
2025-11-14 23:00:00,23.5,73,0.0,23.83,10.29,7.31
2025-11-15 00:00:00,23.6,77,0.0,23.46,10.44,7.41
2025-11-15 01:00:00,23.6,76,0.0,23.2,10.48,7.52
2025-11-15 02:00:00,25.0,71,0.0,23.44,10.33,7.5
2025-11-15 03:00:00,26.6,68,0.0,24.09,10.13,7.65
2025-11-15 04:00:00,28.7,63,0.1,25.17,9.81,7.81
2025-11-15 05:00:00,30.1,52,0.0,26.35,9.37,7.61
2025-11-15 06:00:00,29.8,56,0.0,27.09,9.29,7.81
2025-11-15 07:00:00,30.4,53,0.1,27.78,9.1,7.81
2025-11-15 08:00:00,30.6,50,0.0,28.33,8.93,7.55
2025-11-15 09:00:00,29.7,52,0.0,28.44,8.95,7.44
2025-11-15 10:00:00,28.8,59,0.0,28.25,9.11,7.56
2025-11-15 11:00:00,28.4,60,0.0,27.99,9.18,7.4
2025-11-15 12:00:00,27.3,68,0.0,27.48,9.43,7.57
2025-11-15 13:00:00,27.1,69,0.0,27.07,9.54,7.32
2025-11-15 14:00:00,26.9,70,0.0,26.72,9.63,7.16
2025-11-15 15:00:00,27.0,69,0.0,26.5,9.65,7.07
2025-11-15 16:00:00,26.9,70,0.0,26.32,9.71,7.25
2025-11-15 17:00:00,26.4,76,0.0,26.05,9.88,7.05
2025-11-15 18:00:00,26.2,79,0.0,25.79,9.99,7.11
2025-11-15 19:00:00,26.4,76,0.0,25.67,9.96,7.21
2025-11-15 20:00:00,26.2,76,0.0,25.53,9.99,7.1
2025-11-15 21:00:00,25.9,78,0.2,25.34,10.07,7.18
2025-11-15 22:00:00,26.0,76,0.0,25.24,10.05,7.26
2025-11-15 23:00:00,26.1,74,0.0,25.2,10.02,7.4
2025-11-16 00:00:00,26.1,79,0.0,25.17,10.12,7.47
2025-11-16 01:00:00,26.2,76,0.0,25.18,10.06,7.46
2025-11-16 02:00:00,27.1,71,0.0,25.45,9.91,7.56
2025-11-16 03:00:00,28.1,65,0.0,25.95,9.69,7.58
2025-11-16 04:00:00,28.2,64,0.0,26.32,9.6,7.51
2025-11-16 05:00:00,28.1,63,0.0,26.56,9.53,7.71
2025-11-16 06:00:00,28.2,67,0.0,26.75,9.56,7.88
2025-11-16 07:00:00,28.5,63,0.1,26.97,9.44,7.58
2025-11-16 08:00:00,28.5,62,0.0,27.13,9.39,7.57
2025-11-16 09:00:00,27.7,66,0.2,27.0,9.49,7.5
2025-11-16 10:00:00,27.2,69,0.1,26.76,9.6,7.61
2025-11-16 11:00:00,27.2,68,0.0,26.59,9.62,7.52
2025-11-16 12:00:00,25.8,79,0.0,26.06,9.93,7.38
2025-11-16 13:00:00,25.5,80,0.1,25.59,10.05,7.23
2025-11-16 14:00:00,25.2,81,0.0,25.17,10.16,7.27
2025-11-16 15:00:00,25.4,80,0.0,24.94,10.19,7.04
2025-11-16 16:00:00,25.2,80,0.0,24.72,10.24,7.17
2025-11-16 17:00:00,25.5,79,0.0,24.65,10.23,7.21
2025-11-16 18:00:00,25.1,86,0.0,24.49,10.4,6.99
2025-11-16 19:00:00,24.9,86,0.6,24.31,10.44,6.94
2025-11-16 20:00:00,24.6,87,0.7,24.1,10.5,7.27
2025-11-16 21:00:00,24.8,87,1.1,24.01,10.52,7.09
2025-11-16 22:00:00,24.4,89,0.7,23.83,10.6,7.34
2025-11-16 23:00:00,23.8,93,2.7,23.52,10.75,7.23
2025-11-17 00:00:00,24.2,90,1.6,23.42,10.71,7.33
2025-11-17 01:00:00,24.5,89,1.1,23.45,10.68,7.49
2025-11-17 02:00:00,24.5,90,0.5,23.46,10.7,7.45
2025-11-17 03:00:00,24.8,88,0.5,23.56,10.64,7.62
2025-11-17 04:00:00,24.8,88,0.6,23.63,10.62,7.61
2025-11-17 05:00:00,25.8,83,0.7,23.98,10.45,7.54
2025-11-17 06:00:00,26.5,73,0.2,24.44,10.16,7.73
2025-11-17 07:00:00,26.8,72,0.1,24.85,10.05,7.67
2025-11-17 08:00:00,26.0,77,0.6,24.89,10.14,7.62
2025-11-17 09:00:00,25.8,82,0.8,24.87,10.24,7.46
2025-11-17 10:00:00,25.5,84,1.6,24.76,10.31,7.65
2025-11-17 11:00:00,25.1,86,1.9,24.56,10.39,7.49
2025-11-17 12:00:00,24.2,90,1.1,24.15,10.55,7.46
2025-11-17 13:00:00,24.5,91,1.7,23.96,10.61,7.23
2025-11-17 14:00:00,24.1,95,4.8,23.7,10.75,6.96
2025-11-17 15:00:00,24.1,95,1.6,23.52,10.79,7.33
2025-11-17 16:00:00,24.5,93,0.8,23.51,10.75,7.11
2025-11-17 17:00:00,24.3,93,0.4,23.45,10.76,7.03
2025-11-17 18:00:00,24.0,94,1.1,23.31,10.81,7.11
2025-11-17 19:00:00,24.1,93,0.5,23.25,10.81,7.22
2025-11-17 20:00:00,24.0,95,0.6,23.18,10.86,7.13
2025-11-17 21:00:00,23.5,97,1.7,22.97,10.95,7.27
2025-11-17 22:00:00,23.1,97,0.4,22.71,11.0,7.36
2025-11-17 23:00:00,23.2,95,0.5,22.56,11.0,7.22
2025-11-18 00:00:00,23.3,96,2.7,22.48,11.03,7.26
2025-11-18 01:00:00,24.1,94,0.1,22.67,10.95,7.6
2025-11-18 02:00:00,25.2,93,0.1,23.13,10.83,7.3
2025-11-18 03:00:00,26.5,88,0.1,23.84,10.58,7.61
2025-11-18 04:00:00,27.1,78,0.3,24.52,10.24,7.51
2025-11-18 05:00:00,27.1,76,0.2,24.99,10.1,7.64
2025-11-18 06:00:00,27.6,79,1.9,25.47,10.06,7.59
2025-11-18 07:00:00,27.0,76,1.1,25.63,9.97,7.6
2025-11-18 08:00:00,27.0,78,0.3,25.74,9.98,7.59
2025-11-18 09:00:00,27.4,77,0.1,25.94,9.92,7.5
2025-11-18 10:00:00,27.4,74,0.1,26.08,9.83,7.77
2025-11-18 11:00:00,26.4,79,0.2,25.87,9.97,7.65
2025-11-18 12:00:00,25.6,84,0.2,25.49,10.15,7.27
2025-11-18 13:00:00,25.0,87,0.1,25.04,10.3,7.48
2025-11-18 14:00:00,25.0,87,0.1,24.73,10.37,7.22
2025-11-18 15:00:00,25.0,88,0.0,24.51,10.43,7.22
2025-11-18 16:00:00,25.1,89,0.1,24.39,10.48,7.14
2025-11-18 17:00:00,25.0,89,0.0,24.27,10.51,7.06
2025-11-18 18:00:00,24.0,95,0.1,23.89,10.71,7.21
2025-11-18 19:00:00,24.1,94,0.1,23.65,10.74,7.14
2025-11-18 20:00:00,23.8,96,0.1,23.4,10.83,7.11
2025-11-18 21:00:00,23.4,96,0.1,23.1,10.9,7.08
2025-11-18 22:00:00,23.3,96,0.1,22.86,10.95,7.18
2025-11-18 23:00:00,23.5,95,0.1,22.75,10.95,7.18
2025-11-19 00:00:00,23.6,94,0.0,22.71,10.94,7.43
2025-11-19 01:00:00,23.8,93,0.0,22.73,10.92,7.39
2025-11-19 02:00:00,24.6,92,0.0,22.99,10.84,7.55
2025-11-19 03:00:00,26.4,84,0.1,23.72,10.53,7.76
2025-11-19 04:00:00,27.8,71,0.1,24.64,10.08,7.79
2025-11-19 05:00:00,28.3,64,0.0,25.44,9.78,7.69
2025-11-19 06:00:00,29.0,62,0.0,26.21,9.58,7.69
2025-11-19 07:00:00,29.0,64,0.0,26.74,9.51,7.87
2025-11-19 08:00:00,28.9,64,0.0,27.09,9.44,7.7
2025-11-19 09:00:00,28.3,65,0.0,27.15,9.44,7.57
2025-11-19 10:00:00,27.9,67,0.0,27.08,9.5,7.4
2025-11-19 11:00:00,27.2,71,0.0,26.81,9.63,7.51
2025-11-19 12:00:00,26.5,77,0.0,26.42,9.82,7.48
2025-11-19 13:00:00,26.1,77,0.0,26.02,9.9,7.26
2025-11-19 14:00:00,26.0,75,0.0,25.72,9.93,7.28
2025-11-19 15:00:00,26.0,73,0.0,25.5,9.94,7.16
2025-11-19 16:00:00,25.8,75,0.0,25.29,10.02,7.13
2025-11-19 17:00:00,25.6,76,0.0,25.08,10.08,6.87
2025-11-19 18:00:00,25.8,72,0.0,25.0,10.02,7.09
2025-11-19 19:00:00,25.4,72,0.0,24.82,10.06,7.22
2025-11-19 20:00:00,25.1,72,0.0,24.6,10.11,7.09
2025-11-19 21:00:00,24.9,72,0.0,24.39,10.15,7.21
2025-11-19 22:00:00,24.5,72,0.0,24.12,10.21,7.19
2025-11-19 23:00:00,24.3,73,0.0,23.88,10.28,7.38
2025-11-20 00:00:00,24.5,76,0.0,23.76,10.36,7.4
2025-11-20 01:00:00,24.0,78,0.0,23.53,10.45,7.41
2025-11-20 02:00:00,25.0,80,0.0,23.67,10.46,7.71
2025-11-20 03:00:00,26.4,80,0.0,24.19,10.35,7.72
2025-11-20 04:00:00,27.4,76,0.0,24.85,10.13,7.61
2025-11-20 05:00:00,27.8,73,0.0,25.44,9.95,7.75
2025-11-20 06:00:00,27.8,72,0.1,25.85,9.85,7.75
2025-11-20 07:00:00,28.0,70,0.0,26.19,9.74,7.75
2025-11-20 08:00:00,28.1,69,0.0,26.46,9.66,7.49
2025-11-20 09:00:00,28.1,69,0.0,26.66,9.62,7.71
2025-11-20 10:00:00,27.8,70,0.0,26.7,9.63,7.49
2025-11-20 11:00:00,27.5,72,0.0,26.64,9.68,7.44
2025-11-20 12:00:00,27.0,78,0.0,26.45,9.83,7.66
2025-11-20 13:00:00,26.4,80,0.0,26.13,9.94,7.35
2025-11-20 14:00:00,26.1,81,0.0,25.82,10.02,7.21
2025-11-20 15:00:00,25.9,85,0.0,25.55,10.16,6.97
2025-11-20 16:00:00,25.9,86,0.0,25.35,10.22,7.29
2025-11-20 17:00:00,25.5,86,0.1,25.1,10.27,6.98
2025-11-20 18:00:00,25.6,87,0.1,24.95,10.32,7.0
2025-11-20 19:00:00,25.6,88,0.1,24.84,10.36,7.08
2025-11-20 20:00:00,25.5,89,0.1,24.74,10.4,7.29
2025-11-20 21:00:00,25.2,90,0.1,24.58,10.46,7.27
2025-11-20 22:00:00,25.0,91,0.1,24.4,10.52,7.24
2025-11-20 23:00:00,25.1,90,0.1,24.31,10.52,7.36
2025-11-21 00:00:00,25.0,92,0.0,24.22,10.58,7.36
2025-11-21 01:00:00,25.0,93,0.1,24.15,10.61,7.5
2025-11-21 02:00:00,25.8,90,0.2,24.35,10.51,7.56
2025-11-21 03:00:00,26.8,85,0.2,24.78,10.32,7.71
2025-11-21 04:00:00,27.9,80,0.5,25.42,10.09,7.73
2025-11-21 05:00:00,28.1,79,0.2,25.92,9.96,7.73
2025-11-21 06:00:00,28.6,81,0.2,26.43,9.89,7.64
2025-11-21 07:00:00,28.8,76,0.1,26.84,9.71,7.75
2025-11-21 08:00:00,27.9,80,0.5,26.86,9.78,7.61
2025-11-21 09:00:00,28.5,77,0.1,27.05,9.69,7.49
2025-11-21 10:00:00,27.0,84,0.2,26.73,9.88,7.49
2025-11-21 11:00:00,25.9,88,0.2,26.18,10.07,7.47
2025-11-21 12:00:00,26.9,87,0.4,26.1,10.07,7.46
2025-11-21 13:00:00,25.9,87,0.5,25.74,10.15,7.27
2025-11-21 14:00:00,25.6,91,0.4,25.4,10.3,7.11
2025-11-21 15:00:00,25.5,91,0.3,25.13,10.36,7.18
2025-11-21 16:00:00,25.0,93,0.4,24.79,10.47,7.14
2025-11-21 17:00:00,24.5,92,0.8,24.4,10.54,7.1
2025-11-21 18:00:00,26.0,89,1.0,24.58,10.44,7.15
2025-11-21 19:00:00,24.3,92,1.6,24.2,10.58,7.15
2025-11-21 20:00:00,24.0,93,4.0,23.84,10.68,6.97
2025-11-21 21:00:00,24.5,93,0.2,23.74,10.7,7.13
2025-11-21 22:00:00,24.4,94,0.0,23.64,10.74,7.17
2025-11-21 23:00:00,24.0,94,0.0,23.44,10.78,7.42
2025-11-22 00:00:00,24.7,91,0.8,23.52,10.71,7.52
2025-11-22 01:00:00,24.6,94,0.0,23.55,10.76,7.47
2025-11-22 02:00:00,26.0,87,0.6,23.98,10.53,7.51
2025-11-22 03:00:00,26.8,88,0.2,24.53,10.43,7.76
2025-11-22 04:00:00,26.5,86,0.5,24.82,10.33,7.69
2025-11-22 05:00:00,27.3,81,0.1,25.26,10.14,7.73
2025-11-22 06:00:00,29.0,75,0.2,26.08,9.85,7.57
2025-11-22 07:00:00,28.9,76,0.3,26.63,9.76,7.73
2025-11-22 08:00:00,29.1,74,0.0,27.07,9.63,7.56
2025-11-22 09:00:00,27.0,80,0.7,26.75,9.81,7.45
2025-11-22 10:00:00,27.0,83,0.1,26.52,9.91,7.5
2025-11-22 11:00:00,27.0,82,0.1,26.37,9.92,7.41
2025-11-22 12:00:00,26.7,85,0.0,26.17,10.02,7.38
2025-11-22 13:00:00,25.8,88,0.2,25.76,10.17,7.17
2025-11-22 14:00:00,26.2,87,0.1,25.59,10.18,7.34
2025-11-22 15:00:00,26.4,86,0.0,25.53,10.18,7.31
2025-11-22 16:00:00,26.3,87,0.1,25.46,10.21,6.94
2025-11-22 17:00:00,24.0,94,1.4,24.72,10.5,7.15
2025-11-22 18:00:00,25.0,91,0.3,24.51,10.49,7.01
2025-11-22 19:00:00,25.5,91,0.0,24.5,10.49,7.21
2025-11-22 20:00:00,25.5,92,0.0,24.5,10.51,7.15
2025-11-22 21:00:00,23.5,96,3.3,23.9,10.72,7.1
2025-11-22 22:00:00,23.6,94,0.7,23.51,10.77,7.21
2025-11-22 23:00:00,23.8,94,1.2,23.3,10.82,7.41
2025-11-23 00:00:00,24.8,91,0.2,23.45,10.72,7.29
2025-11-23 01:00:00,23.5,94,0.5,23.16,10.84,7.53
2025-11-23 02:00:00,24.1,92,0.2,23.14,10.81,7.67
2025-11-23 03:00:00,25.1,88,0.5,23.43,10.67,7.68
2025-11-23 04:00:00,25.4,86,0.9,23.72,10.57,7.86
2025-11-23 05:00:00,26.8,81,0.1,24.35,10.33,7.65
2025-11-23 06:00:00,27.4,79,0.1,24.96,10.16,7.8
2025-11-23 07:00:00,28.3,77,0.1,25.66,9.98,7.67
2025-11-23 08:00:00,28.6,76,0.0,26.24,9.84,7.78
2025-11-23 09:00:00,27.4,81,0.1,26.29,9.92,7.6
2025-11-23 10:00:00,27.3,81,0.1,26.29,9.92,7.5
2025-11-23 11:00:00,28.0,79,0.0,26.51,9.84,7.6
2025-11-23 12:00:00,26.5,87,0.7,26.2,10.05,7.31
2025-11-23 13:00:00,25.4,91,0.1,25.66,10.24,7.18
2025-11-23 14:00:00,25.2,91,0.3,25.22,10.34,7.19
2025-11-23 15:00:00,25.0,92,0.2,24.86,10.44,7.25
2025-11-23 16:00:00,23.9,97,0.6,24.27,10.66,7.26
2025-11-23 17:00:00,23.8,95,1.4,23.83,10.72,7.07
2025-11-23 18:00:00,25.5,91,0.5,24.03,10.6,7.22
2025-11-23 19:00:00,25.5,91,0.1,24.17,10.57,6.99
2025-11-23 20:00:00,24.4,95,0.6,23.94,10.7,7.08
2025-11-23 21:00:00,24.5,95,0.4,23.81,10.72,7.15
2025-11-23 22:00:00,24.3,91,0.5,23.66,10.68,7.23
2025-11-23 23:00:00,23.8,95,0.4,23.4,10.81,7.33
2025-11-24 00:00:00,25.5,87,0.5,23.73,10.58,7.46
2025-11-24 01:00:00,25.9,85,0.0,24.08,10.47,7.45
2025-11-24 02:00:00,26.4,81,0.3,24.48,10.31,7.56
2025-11-24 03:00:00,27.2,78,0.6,24.99,10.14,7.58
2025-11-24 04:00:00,28.0,74,0.5,25.6,9.94,7.54
2025-11-24 05:00:00,28.2,73,0.1,26.08,9.82,7.67
2025-11-24 06:00:00,28.1,73,0.0,26.38,9.75,7.68
2025-11-24 07:00:00,28.2,73,0.3,26.63,9.7,7.65
2025-11-24 08:00:00,28.0,73,0.1,26.74,9.68,7.65
2025-11-24 09:00:00,27.6,74,0.0,26.7,9.7,7.61
2025-11-24 10:00:00,27.5,74,0.0,26.64,9.72,7.5
2025-11-24 11:00:00,27.0,77,0.0,26.45,9.81,7.6
2025-11-24 12:00:00,26.8,80,0.0,26.25,9.91,7.28
2025-11-24 13:00:00,26.4,81,0.0,26.0,9.98,7.25
2025-11-24 14:00:00,26.2,82,0.0,25.76,10.05,7.53
2025-11-24 15:00:00,26.0,83,0.0,25.53,10.12,7.09
2025-11-24 16:00:00,26.0,83,0.0,25.37,10.15,7.01
2025-11-24 17:00:00,25.9,83,0.0,25.23,10.18,7.19
2025-11-24 18:00:00,26.0,81,0.0,25.16,10.16,6.9
2025-11-24 19:00:00,26.0,80,0.0,25.11,10.15,7.1
2025-11-24 20:00:00,25.9,81,0.0,25.05,10.18,7.36
2025-11-24 21:00:00,25.9,80,0.0,25.0,10.18,7.04
2025-11-24 22:00:00,25.5,81,0.0,24.85,10.23,7.06
2025-11-24 23:00:00,25.1,83,0.0,24.63,10.31,7.19
2025-11-25 00:00:00,25.8,79,0.1,24.68,10.22,7.5
2025-11-25 01:00:00,26.0,77,0.2,24.78,10.17,7.59
2025-11-25 02:00:00,26.8,73,0.0,25.08,10.02,7.51
2025-11-25 03:00:00,27.5,69,0.0,25.51,9.86,7.69
2025-11-25 04:00:00,27.9,66,0.0,25.93,9.72,7.8
2025-11-25 05:00:00,28.2,65,0.1,26.31,9.62,7.86
2025-11-25 06:00:00,28.0,69,0.1,26.52,9.65,7.66
2025-11-25 07:00:00,28.1,68,0.2,26.69,9.6,7.44
2025-11-25 08:00:00,28.0,68,0.1,26.78,9.58,7.56
2025-11-25 09:00:00,27.9,68,0.0,26.82,9.57,7.56
2025-11-25 10:00:00,27.6,69,0.0,26.75,9.6,7.52
2025-11-25 11:00:00,27.0,70,0.0,26.53,9.67,7.45
2025-11-25 12:00:00,26.5,75,0.0,26.22,9.82,7.51
2025-11-25 13:00:00,26.1,75,0.0,25.88,9.89,7.45
2025-11-25 14:00:00,26.0,77,0.0,25.62,9.99,7.24
2025-11-25 15:00:00,25.9,76,0.0,25.4,10.01,7.3
2025-11-25 16:00:00,25.8,77,0.0,25.22,10.07,7.18
2025-11-25 17:00:00,25.8,77,0.0,25.1,10.1,7.13
2025-11-25 18:00:00,25.9,78,0.0,25.04,10.13,7.2
2025-11-25 19:00:00,25.6,80,0.0,24.91,10.2,7.13
2025-11-25 20:00:00,25.4,81,0.0,24.75,10.25,7.36
2025-11-25 21:00:00,25.2,82,0.0,24.59,10.3,7.06
2025-11-25 22:00:00,25.2,82,0.1,24.47,10.33,7.21
2025-11-25 23:00:00,25.0,83,0.2,24.33,10.38,7.31
2025-11-26 00:00:00,24.6,87,0.1,24.11,10.5,7.46
2025-11-26 01:00:00,24.8,84,0.1,24.02,10.46,7.62
2025-11-26 02:00:00,25.7,77,0.0,24.22,10.28,7.57
2025-11-26 03:00:00,26.8,68,0.0,24.7,10.01,7.48
2025-11-26 04:00:00,27.4,66,0.0,25.21,9.86,7.75
2025-11-26 05:00:00,27.8,60,0.0,25.68,9.65,7.77
2025-11-26 06:00:00,28.0,61,0.0,26.08,9.59,7.51
2025-11-26 07:00:00,28.1,62,0.0,26.39,9.55,7.69
2025-11-26 08:00:00,27.9,62,0.0,26.54,9.52,7.5
2025-11-26 09:00:00,27.7,62,0.0,26.59,9.51,7.54
2025-11-26 10:00:00,27.5,63,0.0,26.56,9.53,7.45
2025-11-26 11:00:00,27.0,66,0.0,26.39,9.62,7.55
2025-11-26 12:00:00,26.6,70,0.0,26.16,9.74,7.41
2025-11-26 13:00:00,26.1,71,0.0,25.84,9.83,7.2
2025-11-26 14:00:00,26.1,72,0.0,25.62,9.89,7.34
2025-11-26 15:00:00,25.9,75,0.0,25.4,10.0,7.05
2025-11-26 16:00:00,25.6,79,0.0,25.16,10.12,7.18
2025-11-26 17:00:00,25.9,78,0.0,25.08,10.12,7.04
2025-11-26 18:00:00,26.0,76,0.0,25.06,10.09,7.07
2025-11-26 19:00:00,25.8,76,0.0,24.98,10.1,7.17
2025-11-26 20:00:00,25.6,76,0.0,24.87,10.13,7.2
2025-11-26 21:00:00,25.4,75,0.0,24.73,10.14,7.33
2025-11-26 22:00:00,25.3,69,0.0,24.6,10.05,7.26
2025-11-26 23:00:00,25.4,67,0.0,24.54,10.02,7.37
2025-11-27 00:00:00,25.2,72,0.0,24.44,10.14,7.37
2025-11-27 01:00:00,25.5,70,0.0,24.46,10.1,7.51
2025-11-27 02:00:00,26.2,67,0.0,24.68,9.99,7.61
2025-11-27 03:00:00,26.8,65,0.0,25.02,9.88,7.61
2025-11-27 04:00:00,27.1,62,0.0,25.34,9.76,7.49
2025-11-27 05:00:00,27.5,61,0.0,25.69,9.67,7.73
2025-11-27 06:00:00,28.1,62,0.0,26.11,9.6,7.74
2025-11-27 07:00:00,28.1,61,0.0,26.41,9.52,7.62
2025-11-27 08:00:00,28.0,60,0.0,26.59,9.47,7.53
2025-11-27 09:00:00,27.8,60,0.0,26.65,9.46,7.75
2025-11-27 10:00:00,27.4,59,0.0,26.58,9.45,7.59
2025-11-27 11:00:00,26.9,61,0.0,26.37,9.53,7.45
2025-11-27 12:00:00,26.7,66,0.0,26.17,9.67,7.28
2025-11-27 13:00:00,26.2,68,0.0,25.88,9.76,7.24
2025-11-27 14:00:00,26.0,68,0.0,25.62,9.82,7.38
2025-11-27 15:00:00,25.8,68,0.0,25.37,9.87,7.21
2025-11-27 16:00:00,25.8,68,0.0,25.2,9.9,7.09
2025-11-27 17:00:00,25.8,67,0.0,25.08,9.91,7.17
2025-11-27 18:00:00,25.5,71,0.0,24.91,10.02,7.03
2025-11-27 19:00:00,25.5,71,0.0,24.78,10.05,7.27
2025-11-27 20:00:00,25.2,71,0.0,24.61,10.08,7.29
2025-11-27 21:00:00,25.1,70,0.0,24.46,10.1,7.16
2025-11-27 22:00:00,25.0,70,0.0,24.32,10.13,7.2
2025-11-27 23:00:00,25.0,70,0.0,24.22,10.15,7.08
2025-11-28 00:00:00,25.7,70,0.0,24.37,10.12,7.27
2025-11-28 01:00:00,25.6,70,0.0,24.44,10.1,7.36
2025-11-28 02:00:00,26.0,69,0.0,24.61,10.05,7.58
2025-11-28 03:00:00,27.0,63,0.0,25.02,9.84,7.59
2025-11-28 04:00:00,27.4,60,0.0,25.44,9.7,7.53
2025-11-28 05:00:00,27.7,57,0.0,25.82,9.57,7.66
2025-11-28 06:00:00,28.1,58,0.0,26.2,9.51,7.75
2025-11-28 07:00:00,28.2,56,0.0,26.5,9.41,7.74
2025-11-28 08:00:00,27.8,56,0.0,26.59,9.39,7.46
2025-11-28 09:00:00,27.8,55,0.0,26.65,9.36,7.59
2025-11-28 10:00:00,27.4,56,0.0,26.58,9.4,7.41
2025-11-28 11:00:00,26.8,59,0.0,26.34,9.5,7.56
2025-11-28 12:00:00,26.2,69,0.0,26.0,9.76,7.48
2025-11-28 13:00:00,25.9,68,0.0,25.67,9.81,7.24
2025-11-28 14:00:00,25.9,70,0.0,25.44,9.89,7.18
2025-11-28 15:00:00,26.0,69,0.0,25.31,9.9,7.15
2025-11-28 16:00:00,26.5,69,0.0,25.37,9.89,6.92
2025-11-28 17:00:00,25.3,78,0.0,25.05,10.13,7.15
2025-11-28 18:00:00,25.1,82,0.6,24.76,10.27,7.05
2025-11-28 19:00:00,24.6,85,0.8,24.41,10.4,7.18
2025-11-28 20:00:00,24.9,85,0.3,24.26,10.43,7.03
2025-11-28 21:00:00,25.1,83,0.2,24.21,10.4,7.13
2025-11-28 22:00:00,25.5,80,0.0,24.3,10.32,7.12
2025-11-28 23:00:00,25.5,79,0.0,24.36,10.29,7.24
2025-11-29 00:00:00,26.1,75,0.0,24.58,10.17,7.3
2025-11-29 01:00:00,26.0,76,0.2,24.71,10.16,7.58
2025-11-29 02:00:00,25.4,84,1.3,24.61,10.34,7.43
2025-11-29 03:00:00,26.0,78,0.0,24.73,10.19,7.64
2025-11-29 04:00:00,26.9,75,0.1,25.08,10.06,7.62
2025-11-29 05:00:00,27.4,75,0.6,25.48,9.98,7.53
2025-11-29 06:00:00,27.8,73,1.1,25.87,9.86,7.63
2025-11-29 07:00:00,27.3,74,0.1,26.0,9.85,7.74
2025-11-29 08:00:00,27.8,71,0.1,26.24,9.74,7.53
2025-11-29 09:00:00,27.4,73,0.2,26.29,9.77,7.68
2025-11-29 10:00:00,27.2,72,0.1,26.26,9.76,7.45
2025-11-29 11:00:00,27.2,72,0.0,26.24,9.76,7.43
2025-11-29 12:00:00,26.0,79,0.1,25.87,9.97,7.45
2025-11-29 13:00:00,25.4,81,1.7,25.43,10.1,7.18
2025-11-29 14:00:00,25.0,84,1.1,25.0,10.25,7.2
2025-11-29 15:00:00,24.6,83,0.4,24.58,10.32,7.14
2025-11-29 16:00:00,24.5,78,1.0,24.26,10.29,7.12
2025-11-29 17:00:00,23.9,92,8.3,23.85,10.66,6.72
2025-11-29 18:00:00,23.9,87,4.6,23.56,10.62,6.8
2025-11-29 19:00:00,23.9,92,2.1,23.37,10.76,7.11
2025-11-29 20:00:00,24.1,92,2.7,23.29,10.78,7.17
2025-11-29 21:00:00,24.0,93,7.5,23.2,10.82,6.95
2025-11-29 22:00:00,24.1,92,18.1,23.17,10.8,7.02
2025-11-29 23:00:00,24.1,92,14.3,23.15,10.81,7.16
2025-11-30 00:00:00,24.4,91,9.5,23.22,10.77,7.31
2025-11-30 01:00:00,24.4,88,1.8,23.28,10.7,7.22
2025-11-30 02:00:00,23.9,93,3.3,23.16,10.82,7.37
2025-11-30 03:00:00,24.6,91,1.1,23.29,10.76,7.55
2025-11-30 04:00:00,25.5,84,2.1,23.66,10.54,7.66
2025-11-30 05:00:00,25.8,85,0.6,24.0,10.49,7.92
2025-11-30 06:00:00,25.8,85,0.2,24.24,10.43,7.68
2025-11-30 07:00:00,25.9,85,0.5,24.44,10.39,7.53
2025-11-30 08:00:00,25.4,87,1.7,24.43,10.43,7.64
2025-11-30 09:00:00,25.0,91,1.8,24.3,10.54,7.68
2025-11-30 10:00:00,25.3,90,0.6,24.3,10.52,7.54
2025-11-30 11:00:00,25.2,90,0.7,24.27,10.53,7.36
2025-11-30 12:00:00,25.1,89,1.3,24.22,10.52,7.45
2025-11-30 13:00:00,24.9,89,0.5,24.12,10.54,7.38
2025-11-30 14:00:00,25.0,87,0.1,24.09,10.51,7.16
2025-11-30 15:00:00,25.0,87,0.2,24.06,10.51,7.23
2025-11-30 16:00:00,25.0,87,0.3,24.04,10.52,7.24
2025-11-30 17:00:00,25.2,88,0.2,24.09,10.53,7.23
2025-11-30 18:00:00,24.5,93,1.9,23.91,10.66,7.03
2025-11-30 19:00:00,24.4,94,2.0,23.76,10.71,7.01
2025-11-30 20:00:00,24.5,92,0.9,23.68,10.69,7.23
2025-11-30 21:00:00,24.0,96,1.8,23.48,10.82,7.01
2025-11-30 22:00:00,23.7,97,2.7,23.24,10.89,7.22
2025-11-30 23:00:00,23.6,97,1.9,23.05,10.93,7.13
2025-12-01 00:00:00,24.5,92,0.8,23.19,10.8,7.49
2025-12-01 01:00:00,24.6,91,0.4,23.31,10.75,7.45
2025-12-01 02:00:00,24.2,95,2.8,23.28,10.84,7.6
2025-12-01 03:00:00,24.5,96,6.6,23.34,10.84,7.53
2025-12-01 04:00:00,24.6,95,6.3,23.42,10.81,7.4
2025-12-01 05:00:00,25.3,90,3.0,23.68,10.65,7.74
2025-12-01 06:00:00,24.9,92,1.3,23.75,10.68,7.81
2025-12-01 07:00:00,24.7,93,7.1,23.73,10.7,7.63
2025-12-01 08:00:00,24.4,93,8.8,23.63,10.72,7.42
2025-12-01 09:00:00,24.2,93,9.1,23.5,10.75,7.42
2025-12-01 10:00:00,24.0,93,10.9,23.35,10.78,7.39
2025-12-01 11:00:00,24.1,94,7.0,23.28,10.82,7.27
2025-12-01 12:00:00,25.4,91,2.4,23.61,10.69,7.5
2025-12-01 13:00:00,24.8,95,3.5,23.67,10.75,7.24
2025-12-01 14:00:00,24.5,96,5.2,23.62,10.78,6.86
2025-12-01 15:00:00,24.6,95,2.0,23.61,10.77,7.16
2025-12-01 16:00:00,25.0,92,0.7,23.73,10.68,7.09
2025-12-01 17:00:00,24.7,94,1.4,23.72,10.72,7.06
2025-12-01 18:00:00,24.5,92,1.4,23.65,10.7,7.02
2025-12-01 19:00:00,24.1,93,0.3,23.49,10.75,7.2
2025-12-01 20:00:00,24.0,94,0.1,23.34,10.81,7.27
2025-12-01 21:00:00,24.0,95,0.2,23.24,10.85,7.23
2025-12-01 22:00:00,23.8,95,0.1,23.11,10.88,7.24
2025-12-01 23:00:00,23.8,94,0.3,23.02,10.88,7.33
2025-12-02 00:00:00,23.7,96,1.0,22.92,10.94,7.38
2025-12-02 01:00:00,23.3,96,10.0,22.73,10.98,7.24
2025-12-02 02:00:00,23.0,96,27.3,22.51,11.03,7.38
2025-12-02 03:00:00,23.5,96,34.0,22.51,11.03,7.41
2025-12-02 04:00:00,23.6,96,10.7,22.54,11.02,7.65
2025-12-02 05:00:00,24.1,97,1.2,22.71,11.0,7.79
2025-12-02 06:00:00,24.5,96,2.3,22.94,10.93,7.57
2025-12-02 07:00:00,24.6,96,5.0,23.14,10.89,7.66
2025-12-02 08:00:00,24.8,96,2.6,23.34,10.85,7.49
2025-12-02 09:00:00,24.8,94,2.7,23.48,10.78,7.6
2025-12-02 10:00:00,25.1,91,2.3,23.66,10.68,7.43
2025-12-02 11:00:00,24.7,94,1.1,23.67,10.73,7.34
2025-12-02 12:00:00,24.3,95,0.7,23.56,10.78,7.41
2025-12-02 13:00:00,23.7,96,2.1,23.3,10.85,6.99
2025-12-02 14:00:00,23.1,97,11.8,22.94,10.95,6.9
2025-12-02 15:00:00,23.1,98,13.4,22.69,11.03,6.99
2025-12-02 16:00:00,23.2,98,0.6,22.54,11.06,7.15
2025-12-02 17:00:00,23.9,97,11.7,22.65,11.02,6.9
2025-12-02 18:00:00,24.9,93,0.8,23.02,10.85,6.92
2025-12-02 19:00:00,24.6,94,10.2,23.2,10.84,6.86
2025-12-02 20:00:00,24.2,91,4.2,23.2,10.78,7.08
2025-12-02 21:00:00,24.4,95,1.2,23.26,10.84,7.21
2025-12-02 22:00:00,24.0,96,4.8,23.18,10.88,7.14
2025-12-02 23:00:00,24.2,96,4.7,23.19,10.88,7.33
2025-12-03 00:00:00,24.4,95,0.7,23.25,10.85,7.42
2025-12-03 01:00:00,24.5,95,7.8,23.33,10.83,7.26
2025-12-03 02:00:00,23.9,94,6.5,23.2,10.84,7.39
2025-12-03 03:00:00,24.4,95,2.7,23.26,10.84,7.39
2025-12-03 04:00:00,25.0,95,1.6,23.48,10.8,7.6
2025-12-03 05:00:00,25.9,85,1.3,23.91,10.51,7.76
2025-12-03 06:00:00,25.1,94,1.3,23.96,10.67,7.72
2025-12-03 07:00:00,26.0,84,0.7,24.28,10.41,7.8
2025-12-03 08:00:00,26.3,88,0.5,24.58,10.42,7.61
2025-12-03 09:00:00,25.3,84,3.0,24.5,10.36,7.65
2025-12-03 10:00:00,25.5,87,0.3,24.5,10.42,7.52
2025-12-03 11:00:00,25.2,88,0.2,24.41,10.46,7.63
2025-12-03 12:00:00,24.5,95,0.9,24.14,10.65,7.37
2025-12-03 13:00:00,23.2,95,2.6,23.56,10.78,7.32
2025-12-03 14:00:00,23.1,94,10.6,23.12,10.85,7.23
2025-12-03 15:00:00,23.2,96,4.6,22.84,10.95,7.06
2025-12-03 16:00:00,23.4,95,1.9,22.71,10.96,7.11
2025-12-03 17:00:00,23.0,97,0.3,22.5,11.05,7.25
2025-12-03 18:00:00,24.2,94,0.1,22.71,10.94,7.11
2025-12-03 19:00:00,23.2,99,1.6,22.56,11.08,6.94
2025-12-03 20:00:00,23.3,97,0.2,22.48,11.05,7.38
2025-12-03 21:00:00,23.4,96,0.0,22.46,11.04,7.18
2025-12-03 22:00:00,23.4,95,0.1,22.44,11.02,7.29
2025-12-03 23:00:00,23.4,96,0.0,22.43,11.05,7.47
2025-12-04 00:00:00,23.8,94,0.0,22.54,10.98,7.37
2025-12-04 01:00:00,24.1,93,0.2,22.71,10.92,7.4
2025-12-04 02:00:00,24.2,92,0.2,22.86,10.87,7.59
2025-12-04 03:00:00,24.6,90,0.2,23.08,10.78,7.45
2025-12-04 04:00:00,26.0,85,0.2,23.65,10.56,7.64
2025-12-04 05:00:00,26.0,82,0.5,24.06,10.41,7.7
2025-12-04 06:00:00,27.5,78,0.2,24.79,10.18,7.67
2025-12-04 07:00:00,25.8,86,3.9,24.79,10.34,7.42
2025-12-04 08:00:00,24.6,90,3.6,24.44,10.49,7.71
2025-12-04 09:00:00,25.4,86,0.0,24.42,10.41,7.64
2025-12-04 10:00:00,25.8,83,0.1,24.54,10.33,7.7
2025-12-04 11:00:00,25.2,85,0.8,24.44,10.39,7.42
2025-12-04 12:00:00,24.6,95,0.2,24.19,10.64,7.32
2025-12-04 13:00:00,23.8,96,4.7,23.77,10.75,7.23
2025-12-04 14:00:00,24.1,94,0.4,23.57,10.76,7.23
2025-12-04 15:00:00,23.8,95,0.2,23.34,10.83,7.08
2025-12-04 16:00:00,24.1,93,0.1,23.27,10.8,7.31
2025-12-04 17:00:00,24.5,91,0.1,23.34,10.75,7.07
2025-12-04 18:00:00,24.8,89,0.0,23.48,10.68,6.94
2025-12-04 19:00:00,24.9,88,0.1,23.6,10.63,7.26
2025-12-04 20:00:00,24.8,88,0.0,23.66,10.62,7.11
2025-12-04 21:00:00,24.8,89,0.0,23.7,10.63,7.15
2025-12-04 22:00:00,24.6,91,0.0,23.67,10.67,7.1
2025-12-04 23:00:00,24.5,92,0.0,23.62,10.71,7.52
2025-12-05 00:00:00,25.0,87,0.1,23.73,10.58,7.29
2025-12-05 01:00:00,25.5,82,0.1,23.96,10.43,7.5
2025-12-05 02:00:00,26.4,78,0.0,24.39,10.27,7.66
2025-12-05 03:00:00,27.4,72,0.0,25.0,10.02,7.66
2025-12-05 04:00:00,28.0,69,0.0,25.6,9.84,7.66
2025-12-05 05:00:00,28.5,65,0.0,26.17,9.65,7.52
2025-12-05 06:00:00,28.4,69,0.0,26.54,9.65,7.61
2025-12-05 07:00:00,28.3,69,0.1,26.77,9.6,7.69
2025-12-05 08:00:00,28.2,69,0.1,26.9,9.57,7.56
2025-12-05 09:00:00,27.9,68,0.1,26.9,9.55,7.62
2025-12-05 10:00:00,27.5,69,0.0,26.78,9.6,7.61
2025-12-05 11:00:00,27.0,71,0.0,26.54,9.68,7.57
2025-12-05 12:00:00,26.4,78,0.0,26.2,9.88,7.28
2025-12-05 13:00:00,25.9,81,0.0,25.81,10.02,7.54
2025-12-05 14:00:00,25.8,80,0.2,25.51,10.07,7.32
2025-12-05 15:00:00,25.8,78,0.1,25.3,10.08,7.19
2025-12-05 16:00:00,25.7,77,0.1,25.12,10.09,7.25
2025-12-05 17:00:00,25.6,77,0.0,24.96,10.13,7.36
2025-12-05 18:00:00,25.4,82,0.0,24.79,10.26,6.97
2025-12-05 19:00:00,25.1,83,0.1,24.59,10.32,7.09
2025-12-05 20:00:00,24.9,84,0.2,24.38,10.39,6.9
2025-12-05 21:00:00,25.0,81,0.1,24.27,10.35,7.22
2025-12-05 22:00:00,24.9,78,0.1,24.16,10.32,7.3
2025-12-05 23:00:00,24.8,78,0.0,24.05,10.34,7.34
2025-12-06 00:00:00,25.0,78,0.0,24.03,10.34,7.35
2025-12-06 01:00:00,25.0,79,0.0,24.02,10.36,7.29
2025-12-06 02:00:00,25.6,79,0.0,24.2,10.33,7.61
2025-12-06 03:00:00,27.1,71,0.0,24.77,10.05,7.77
2025-12-06 04:00:00,28.2,64,0.0,25.5,9.77,7.61
2025-12-06 05:00:00,28.2,66,0.0,26.01,9.7,7.73
2025-12-06 06:00:00,28.6,68,0.0,26.49,9.64,7.54
2025-12-06 07:00:00,28.5,69,0.1,26.79,9.59,7.72
2025-12-06 08:00:00,28.0,71,0.1,26.85,9.62,7.6
2025-12-06 09:00:00,27.8,72,0.1,26.84,9.64,7.52
2025-12-06 10:00:00,27.2,74,0.1,26.65,9.72,7.46
2025-12-06 11:00:00,26.8,76,0.1,26.39,9.81,7.43
2025-12-06 12:00:00,26.5,80,0.0,26.12,9.94,7.44
2025-12-06 13:00:00,26.0,81,0.0,25.79,10.03,7.19
2025-12-06 14:00:00,25.8,80,0.0,25.49,10.07,7.22
2025-12-06 15:00:00,25.5,81,0.0,25.19,10.15,7.19
2025-12-06 16:00:00,25.2,82,0.0,24.9,10.24,7.04
2025-12-06 17:00:00,25.2,80,0.0,24.69,10.24,7.3
2025-12-06 18:00:00,25.5,78,0.0,24.63,10.22,7.03
2025-12-06 19:00:00,25.5,78,0.0,24.59,10.22,7.06
2025-12-06 20:00:00,25.2,79,0.0,24.47,10.27,7.06
2025-12-06 21:00:00,25.1,80,0.0,24.36,10.31,7.38
2025-12-06 22:00:00,25.0,81,0.0,24.25,10.35,7.32
2025-12-06 23:00:00,24.8,82,0.0,24.12,10.4,7.25
2025-12-07 00:00:00,25.2,80,0.0,24.14,10.36,7.53
2025-12-07 01:00:00,25.1,81,0.0,24.13,10.38,7.52
2025-12-07 02:00:00,25.7,81,0.0,24.3,10.34,7.59
2025-12-07 03:00:00,26.6,75,0.0,24.69,10.15,7.59
2025-12-07 04:00:00,27.1,71,0.0,25.11,9.98,7.59
2025-12-07 05:00:00,27.4,71,0.1,25.5,9.9,7.72
2025-12-07 06:00:00,27.5,72,0.1,25.8,9.86,7.64
2025-12-07 07:00:00,27.1,73,0.8,25.89,9.86,7.83
2025-12-07 08:00:00,27.5,68,0.3,26.07,9.72,7.51
2025-12-07 09:00:00,27.5,67,0.0,26.2,9.68,7.76
2025-12-07 10:00:00,27.1,68,0.0,26.17,9.7,7.54
2025-12-07 11:00:00,26.5,71,0.0,25.97,9.8,7.51
2025-12-07 12:00:00,25.6,78,0.0,25.56,10.02,7.49
2025-12-07 13:00:00,25.1,80,0.0,25.12,10.15,7.27
2025-12-07 14:00:00,24.9,82,0.0,24.75,10.27,7.35
2025-12-07 15:00:00,24.8,84,0.0,24.47,10.37,6.93
2025-12-07 16:00:00,24.9,83,0.0,24.3,10.38,7.09
2025-12-07 17:00:00,24.7,84,0.0,24.12,10.44,7.04
2025-12-07 18:00:00,24.6,81,0.0,23.96,10.42,7.0
2025-12-07 19:00:00,24.4,81,0.0,23.79,10.45,7.11
2025-12-07 20:00:00,24.1,81,0.0,23.59,10.5,7.2
2025-12-07 21:00:00,23.8,81,0.0,23.35,10.55,7.28
2025-12-07 22:00:00,23.6,82,0.0,23.13,10.61,7.3
2025-12-07 23:00:00,23.4,82,0.0,22.91,10.66,7.29
2025-12-08 00:00:00,23.6,85,0.0,22.82,10.74,7.47
2025-12-08 01:00:00,23.5,85,0.0,22.72,10.76,7.52
2025-12-08 02:00:00,24.0,86,0.0,22.8,10.76,7.68
2025-12-08 03:00:00,25.2,81,0.0,23.22,10.57,7.72
2025-12-08 04:00:00,26.3,70,0.0,23.85,10.22,7.68
2025-12-08 05:00:00,27.0,64,0.0,24.49,9.97,7.62
2025-12-08 06:00:00,27.0,64,0.0,24.94,9.88,7.65
2025-12-08 07:00:00,27.3,64,0.0,25.35,9.8,7.64
2025-12-08 08:00:00,27.1,66,0.0,25.58,9.79,7.63
2025-12-08 09:00:00,27.1,66,0.0,25.73,9.76,7.64
2025-12-08 10:00:00,26.9,66,0.0,25.78,9.75,7.62
2025-12-08 11:00:00,26.4,69,0.0,25.67,9.83,7.48
2025-12-08 12:00:00,25.8,76,0.0,25.41,10.01,7.41
2025-12-08 13:00:00,25.3,77,0.0,25.08,10.1,7.35
2025-12-08 14:00:00,25.0,78,0.0,24.75,10.19,7.21
2025-12-08 15:00:00,24.7,79,0.0,24.44,10.28,7.11
2025-12-08 16:00:00,24.5,81,0.0,24.16,10.37,6.98
2025-12-08 17:00:00,24.0,84,0.1,23.81,10.51,7.05
2025-12-08 18:00:00,24.2,87,0.1,23.63,10.61,7.16
2025-12-08 19:00:00,24.3,86,0.0,23.53,10.61,7.06
2025-12-08 20:00:00,24.1,87,0.1,23.4,10.65,7.13
2025-12-08 21:00:00,24.2,86,0.1,23.34,10.65,7.25
2025-12-08 22:00:00,24.3,84,0.1,23.33,10.61,7.32
2025-12-08 23:00:00,24.4,83,0.0,23.35,10.59,7.24
2025-12-09 00:00:00,23.9,90,0.0,23.21,10.75,7.53
2025-12-09 01:00:00,24.1,87,0.0,23.18,10.7,7.62
2025-12-09 02:00:00,24.8,87,0.0,23.37,10.66,7.46
2025-12-09 03:00:00,26.2,76,0.2,23.92,10.33,7.54
2025-12-09 04:00:00,27.1,71,0.0,24.57,10.09,7.79
2025-12-09 05:00:00,27.5,70,0.0,25.15,9.95,7.68
2025-12-09 06:00:00,28.0,68,0.0,25.71,9.8,7.48
2025-12-09 07:00:00,28.1,67,0.0,26.12,9.69,7.55
2025-12-09 08:00:00,27.9,66,0.0,26.36,9.63,7.63
2025-12-09 09:00:00,27.5,66,0.0,26.4,9.62,7.49
2025-12-09 10:00:00,27.0,66,0.0,26.28,9.64,7.51
2025-12-09 11:00:00,26.4,69,0.0,26.02,9.75,7.48
2025-12-09 12:00:00,26.0,75,0.0,25.71,9.93,7.55
2025-12-09 13:00:00,25.5,77,0.0,25.35,10.05,7.3
2025-12-09 14:00:00,25.2,77,0.0,25.0,10.12,7.37
2025-12-09 15:00:00,25.0,77,0.0,24.7,10.18,7.34
2025-12-09 16:00:00,25.0,76,0.0,24.49,10.21,7.3
2025-12-09 17:00:00,24.9,76,0.0,24.31,10.24,7.16
2025-12-09 18:00:00,24.5,77,0.0,24.07,10.31,6.92
2025-12-09 19:00:00,24.4,78,0.0,23.87,10.38,7.18
2025-12-09 20:00:00,24.1,79,0.0,23.64,10.44,7.27
2025-12-09 21:00:00,23.8,83,0.0,23.39,10.58,7.21
2025-12-09 22:00:00,23.6,87,0.0,23.15,10.71,7.45
2025-12-09 23:00:00,23.5,89,0.0,22.96,10.79,7.44
2025-12-10 00:00:00,24.0,82,0.0,22.97,10.65,7.49
2025-12-10 01:00:00,24.0,79,0.0,22.98,10.58,7.62
2025-12-10 02:00:00,24.5,77,0.0,23.13,10.51,7.61
2025-12-10 03:00:00,25.6,69,0.0,23.57,10.26,7.39
2025-12-10 04:00:00,26.3,67,0.0,24.09,10.11,7.63
2025-12-10 05:00:00,26.8,65,0.0,24.6,9.97,7.82
2025-12-10 06:00:00,27.3,62,0.0,25.11,9.81,7.63
2025-12-10 07:00:00,27.1,62,0.0,25.41,9.75,7.67
2025-12-10 08:00:00,27.3,61,0.0,25.68,9.67,7.56
2025-12-10 09:00:00,27.1,61,0.0,25.8,9.65,7.79
2025-12-10 10:00:00,26.9,60,0.0,25.83,9.62,7.72
2025-12-10 11:00:00,26.2,65,0.0,25.64,9.76,7.39
2025-12-10 12:00:00,26.0,73,0.0,25.45,9.95,7.42
2025-12-10 13:00:00,25.5,75,0.0,25.16,10.05,7.26
2025-12-10 14:00:00,25.0,79,0.0,24.82,10.2,7.32
2025-12-10 15:00:00,24.8,81,0.0,24.51,10.3,7.25
2025-12-10 16:00:00,24.6,81,0.0,24.24,10.36,7.24
2025-12-10 17:00:00,24.5,82,0.0,24.02,10.42,7.16
2025-12-10 18:00:00,24.6,82,0.0,23.89,10.45,7.41
2025-12-10 19:00:00,25.0,76,0.0,23.92,10.33,7.03
2025-12-10 20:00:00,24.7,74,0.0,23.86,10.3,6.99
2025-12-10 21:00:00,24.5,75,0.0,23.75,10.34,7.17
2025-12-10 22:00:00,24.5,76,0.0,23.67,10.38,7.12
2025-12-10 23:00:00,24.5,74,0.0,23.62,10.35,7.2
2025-12-11 00:00:00,24.5,76,0.0,23.59,10.4,7.32
2025-12-11 01:00:00,24.5,75,0.0,23.56,10.38,7.41
2025-12-11 02:00:00,25.0,74,0.0,23.69,10.33,7.48
2025-12-11 03:00:00,26.0,64,0.0,24.08,10.06,7.68
2025-12-11 04:00:00,26.6,62,0.0,24.54,9.92,7.62
2025-12-11 05:00:00,27.1,59,0.0,25.01,9.77,7.68
2025-12-11 06:00:00,28.0,61,0.0,25.61,9.69,7.79
2025-12-11 07:00:00,28.0,62,0.0,26.02,9.62,7.61
2025-12-11 08:00:00,27.9,61,0.0,26.29,9.55,7.63
2025-12-11 09:00:00,27.5,62,0.0,26.35,9.55,7.65
2025-12-11 10:00:00,27.0,62,0.0,26.25,9.58,7.35
2025-12-11 11:00:00,26.4,64,0.0,25.99,9.66,7.24
2025-12-11 12:00:00,25.9,73,0.0,25.66,9.9,7.44
2025-12-11 13:00:00,25.3,76,0.0,25.25,10.05,7.38
2025-12-11 14:00:00,25.2,75,0.0,24.94,10.09,7.47
2025-12-11 15:00:00,25.0,75,0.0,24.66,10.15,7.22
2025-12-11 16:00:00,25.0,75,0.0,24.46,10.19,7.24
2025-12-11 17:00:00,24.8,75,0.0,24.26,10.24,7.11
2025-12-11 18:00:00,25.0,77,0.0,24.18,10.29,7.15
2025-12-11 19:00:00,24.9,77,0.0,24.1,10.31,7.3
2025-12-11 20:00:00,24.6,77,0.0,23.95,10.34,6.95
2025-12-11 21:00:00,24.4,77,0.0,23.78,10.37,7.25
2025-12-11 22:00:00,24.2,78,0.0,23.61,10.43,7.49
2025-12-11 23:00:00,24.1,78,0.0,23.46,10.46,7.38
2025-12-12 00:00:00,23.8,81,0.0,23.26,10.56,7.59
2025-12-12 01:00:00,23.6,81,0.0,23.06,10.61,7.44
2025-12-12 02:00:00,24.2,77,0.0,23.1,10.52,7.58
2025-12-12 03:00:00,25.4,66,0.0,23.49,10.22,7.64
2025-12-12 04:00:00,26.1,62,0.0,23.97,10.04,7.46
2025-12-12 05:00:00,26.5,61,0.0,24.43,9.93,7.59
2025-12-12 06:00:00,27.0,58,0.0,24.9,9.77,7.6
2025-12-12 07:00:00,27.2,58,0.0,25.29,9.69,7.78
2025-12-12 08:00:00,27.2,57,0.0,25.56,9.62,7.75
2025-12-12 09:00:00,27.1,58,0.0,25.72,9.61,7.65
2025-12-12 10:00:00,26.6,59,0.0,25.69,9.63,7.64
2025-12-12 11:00:00,26.0,60,0.0,25.48,9.69,7.47
2025-12-12 12:00:00,25.5,68,0.0,25.19,9.91,7.53
2025-12-12 13:00:00,24.9,70,0.0,24.8,10.03,7.34
2025-12-12 14:00:00,24.8,70,0.0,24.5,10.09,7.27
2025-12-12 15:00:00,24.6,70,0.0,24.23,10.14,7.18
2025-12-12 16:00:00,24.5,71,0.0,24.01,10.21,7.23
2025-12-12 17:00:00,24.0,74,0.0,23.71,10.33,7.09
2025-12-12 18:00:00,23.9,72,0.0,23.47,10.34,7.22
2025-12-12 19:00:00,23.5,73,0.0,23.18,10.42,7.03
2025-12-12 20:00:00,23.0,76,0.0,22.82,10.56,7.06
2025-12-12 21:00:00,22.4,79,0.0,22.4,10.71,7.29
2025-12-12 22:00:00,21.8,81,0.0,21.92,10.85,7.28
2025-12-12 23:00:00,21.2,85,0.0,21.4,11.04,7.32
2025-12-13 00:00:00,21.0,92,0.0,20.98,11.28,7.54
2025-12-13 01:00:00,20.8,94,0.0,20.63,11.4,7.47
2025-12-13 02:00:00,21.9,90,0.0,20.71,11.29,7.58
2025-12-13 03:00:00,23.8,82,0.0,21.34,10.99,7.8
2025-12-13 04:00:00,25.5,68,0.0,22.29,10.51,7.85
2025-12-13 05:00:00,26.6,58,0.0,23.28,10.1,7.87
2025-12-13 06:00:00,27.2,54,0.0,24.16,9.85,7.69
2025-12-13 07:00:00,27.6,52,0.0,24.89,9.66,7.82
2025-12-13 08:00:00,27.6,52,0.0,25.4,9.56,7.57
2025-12-13 09:00:00,27.2,55,0.0,25.64,9.57,7.53
2025-12-13 10:00:00,26.7,57,0.0,25.66,9.6,7.32
2025-12-13 11:00:00,26.0,58,0.0,25.46,9.66,7.65
2025-12-13 12:00:00,25.2,66,0.0,25.08,9.89,7.32
2025-12-13 13:00:00,24.8,67,0.0,24.7,9.99,7.32
2025-12-13 14:00:00,24.7,67,0.0,24.4,10.05,7.17
2025-12-13 15:00:00,24.6,67,0.0,24.16,10.1,7.28
2025-12-13 16:00:00,24.6,66,0.0,23.99,10.12,7.12
2025-12-13 17:00:00,24.6,65,0.0,23.87,10.12,7.0
2025-12-13 18:00:00,24.5,65,0.0,23.76,10.14,7.17
2025-12-13 19:00:00,24.4,65,0.0,23.65,10.17,6.99
2025-12-13 20:00:00,24.1,66,0.0,23.49,10.22,7.08
2025-12-13 21:00:00,24.0,66,0.0,23.34,10.25,7.0
2025-12-13 22:00:00,23.7,66,0.0,23.15,10.29,7.14
2025-12-13 23:00:00,23.5,67,0.0,22.95,10.35,7.37
2025-12-14 00:00:00,23.6,71,0.0,22.85,10.45,7.24
2025-12-14 01:00:00,23.6,70,0.0,22.77,10.45,7.36
2025-12-14 02:00:00,24.6,65,0.0,23.02,10.3,7.58
2025-12-14 03:00:00,26.0,58,0.0,23.62,10.04,7.58
2025-12-14 04:00:00,26.9,54,0.0,24.3,9.82,7.88
2025-12-14 05:00:00,27.4,53,0.0,24.93,9.67,7.88
2025-12-14 06:00:00,27.6,52,0.0,25.43,9.55,7.62
2025-12-14 07:00:00,28.0,49,0.0,25.9,9.4,7.75
2025-12-14 08:00:00,27.9,49,0.0,26.2,9.34,7.73
2025-12-14 09:00:00,27.5,51,0.0,26.29,9.36,7.55
2025-12-14 10:00:00,27.0,52,0.0,26.2,9.4,7.4
2025-12-14 11:00:00,26.1,57,0.0,25.87,9.56,7.48
2025-12-14 12:00:00,25.6,61,0.0,25.49,9.71,7.39
2025-12-14 13:00:00,25.0,65,0.0,25.04,9.88,7.29
2025-12-14 14:00:00,24.8,67,0.0,24.67,9.99,7.31
2025-12-14 15:00:00,24.7,67,0.0,24.38,10.05,7.13
2025-12-14 16:00:00,24.5,68,0.0,24.12,10.13,7.04
2025-12-14 17:00:00,24.0,69,0.0,23.78,10.22,7.14
2025-12-14 18:00:00,23.9,67,0.0,23.52,10.23,7.16
2025-12-14 19:00:00,23.9,66,0.0,23.33,10.25,7.02
2025-12-14 20:00:00,23.8,67,0.0,23.17,10.3,7.26
2025-12-14 21:00:00,23.6,67,0.0,23.0,10.34,7.04
2025-12-14 22:00:00,23.4,68,0.0,22.82,10.4,7.22
2025-12-14 23:00:00,23.0,71,0.0,22.57,10.51,7.33
2025-12-15 00:00:00,23.4,74,0.0,22.52,10.58,7.37
2025-12-15 01:00:00,23.0,76,0.0,22.37,10.65,7.46
2025-12-15 02:00:00,23.9,72,0.0,22.53,10.54,7.77
2025-12-15 03:00:00,25.6,65,0.0,23.15,10.27,7.56
2025-12-15 04:00:00,27.0,57,0.0,24.0,9.94,7.92
2025-12-15 05:00:00,27.5,55,0.0,24.75,9.75,7.75
2025-12-15 06:00:00,27.9,54,0.0,25.4,9.6,7.72
2025-12-15 07:00:00,28.4,51,0.0,26.0,9.42,7.74
2025-12-15 08:00:00,28.2,52,0.0,26.36,9.37,7.91
2025-12-15 09:00:00,28.0,52,0.0,26.55,9.33,7.51
2025-12-15 10:00:00,27.5,53,0.0,26.54,9.35,7.43
2025-12-15 11:00:00,26.9,56,0.0,26.34,9.44,7.4
2025-12-15 12:00:00,26.5,63,0.0,26.09,9.63,7.4
2025-12-15 13:00:00,26.1,67,0.0,25.79,9.76,7.15
2025-12-15 14:00:00,26.0,68,0.0,25.56,9.83,7.26
2025-12-15 15:00:00,25.9,69,0.0,25.36,9.89,7.36
2025-12-15 16:00:00,25.5,71,0.0,25.1,9.98,7.16
2025-12-15 17:00:00,25.3,72,0.0,24.86,10.05,7.09
2025-12-15 18:00:00,25.0,76,0.0,24.6,10.18,7.05
2025-12-15 19:00:00,24.9,76,0.0,24.39,10.23,7.22
2025-12-15 20:00:00,24.7,77,0.0,24.18,10.29,7.08
2025-12-15 21:00:00,24.8,77,0.0,24.07,10.31,7.39
2025-12-15 22:00:00,24.7,77,0.0,23.96,10.34,7.46
2025-12-15 23:00:00,24.9,76,0.0,23.94,10.32,7.37
2025-12-16 00:00:00,25.1,77,0.0,23.99,10.33,7.42
2025-12-16 01:00:00,25.6,75,0.2,24.17,10.25,7.58
2025-12-16 02:00:00,26.1,72,0.0,24.45,10.14,7.67
2025-12-16 03:00:00,26.8,70,0.1,24.86,10.01,7.54
2025-12-16 04:00:00,26.6,71,0.2,25.08,9.99,7.6
2025-12-16 05:00:00,27.0,71,0.6,25.36,9.93,7.53
2025-12-16 06:00:00,27.3,72,0.1,25.64,9.89,7.74
2025-12-16 07:00:00,26.5,77,0.6,25.6,9.99,7.72
2025-12-16 08:00:00,25.8,80,0.4,25.36,10.1,7.5
2025-12-16 09:00:00,26.0,79,0.4,25.25,10.1,7.55
2025-12-16 10:00:00,25.5,80,0.3,25.03,10.17,7.4
2025-12-16 11:00:00,25.0,84,0.4,24.72,10.31,7.37
2025-12-16 12:00:00,26.0,82,0.3,24.8,10.26,7.45
2025-12-16 13:00:00,25.4,84,0.3,24.68,10.32,7.24
2025-12-16 14:00:00,25.6,83,0.1,24.66,10.31,7.23
2025-12-16 15:00:00,25.5,84,0.0,24.61,10.34,7.04
2025-12-16 16:00:00,25.4,86,0.1,24.55,10.39,7.17
2025-12-16 17:00:00,25.1,87,0.1,24.41,10.44,7.11
2025-12-16 18:00:00,24.7,89,0.1,24.2,10.52,7.04
2025-12-16 19:00:00,24.5,92,0.3,23.99,10.63,7.09
2025-12-16 20:00:00,24.5,90,0.1,23.84,10.62,7.17
2025-12-16 21:00:00,24.2,91,0.0,23.65,10.68,7.13
2025-12-16 22:00:00,24.0,92,0.3,23.45,10.74,7.11
2025-12-16 23:00:00,24.3,90,0.1,23.41,10.71,7.52
2025-12-17 00:00:00,24.5,89,0.1,23.44,10.69,7.35
2025-12-17 01:00:00,24.4,89,0.2,23.43,10.69,7.48
2025-12-17 02:00:00,25.2,88,0.3,23.66,10.62,7.65
2025-12-17 03:00:00,26.2,82,0.3,24.12,10.4,7.96
2025-12-17 04:00:00,27.0,77,0.2,24.68,10.18,7.53
2025-12-17 05:00:00,27.5,74,0.0,25.23,10.01,7.74
2025-12-17 06:00:00,28.0,69,0.0,25.76,9.81,7.63
2025-12-17 07:00:00,28.2,64,0.0,26.19,9.62,7.63
2025-12-17 08:00:00,28.2,62,0.0,26.49,9.52,7.58
2025-12-17 09:00:00,27.9,60,0.0,26.62,9.46,7.49
2025-12-17 10:00:00,27.2,63,0.0,26.49,9.54,7.54
2025-12-17 11:00:00,26.4,69,0.0,26.16,9.72,7.33
2025-12-17 12:00:00,25.5,79,0.0,25.66,10.02,7.5
2025-12-17 13:00:00,24.8,82,0.0,25.11,10.19,7.34
2025-12-17 14:00:00,24.5,83,0.0,24.62,10.31,7.31
2025-12-17 15:00:00,24.3,84,0.0,24.23,10.42,7.16
2025-12-17 16:00:00,24.2,84,0.0,23.92,10.48,7.12
2025-12-17 17:00:00,24.0,84,0.0,23.64,10.54,7.16
2025-12-17 18:00:00,23.9,88,0.0,23.42,10.67,7.01
2025-12-17 19:00:00,23.8,87,0.0,23.23,10.69,7.1
2025-12-17 20:00:00,23.5,86,0.0,23.01,10.72,7.08
2025-12-17 21:00:00,23.1,83,0.0,22.74,10.72,7.13
2025-12-17 22:00:00,22.9,82,0.0,22.49,10.75,7.07
2025-12-17 23:00:00,22.7,82,0.0,22.25,10.8,7.49
2025-12-18 00:00:00,23.5,79,0.0,22.33,10.72,7.37
2025-12-18 01:00:00,23.5,79,0.0,22.38,10.71,7.63
2025-12-18 02:00:00,24.5,74,0.0,22.71,10.54,7.69
2025-12-18 03:00:00,25.7,65,0.0,23.31,10.24,7.51
2025-12-18 04:00:00,26.5,60,0.0,23.97,10.0,7.57
2025-12-18 05:00:00,27.4,56,0.0,24.7,9.78,7.96
2025-12-18 06:00:00,27.3,58,0.0,25.18,9.72,7.88
2025-12-18 07:00:00,28.0,56,0.0,25.72,9.57,7.69
2025-12-18 08:00:00,28.0,56,0.0,26.11,9.49,7.68
2025-12-18 09:00:00,27.4,61,0.1,26.2,9.57,7.54
2025-12-18 10:00:00,26.9,64,0.1,26.11,9.64,7.58
2025-12-18 11:00:00,26.4,66,0.1,25.89,9.72,7.4
2025-12-18 12:00:00,26.3,64,0.1,25.72,9.72,7.19
2025-12-18 13:00:00,25.2,72,0.0,25.26,9.97,7.2
2025-12-18 14:00:00,24.9,73,0.0,24.85,10.07,7.26
2025-12-18 15:00:00,24.6,73,0.0,24.48,10.15,7.09
2025-12-18 16:00:00,24.3,73,0.0,24.12,10.22,7.15
2025-12-18 17:00:00,24.1,73,0.0,23.82,10.29,7.02
2025-12-18 18:00:00,24.1,73,0.0,23.6,10.33,7.05
2025-12-18 19:00:00,23.9,74,0.0,23.39,10.4,7.22
2025-12-18 20:00:00,23.6,75,0.0,23.15,10.47,7.19
2025-12-18 21:00:00,23.2,78,0.0,22.87,10.59,7.22
2025-12-18 22:00:00,22.9,81,0.0,22.58,10.71,7.37
2025-12-18 23:00:00,22.5,82,0.0,22.25,10.8,7.41
2025-12-19 00:00:00,22.7,82,0.0,22.09,10.83,7.58
2025-12-19 01:00:00,22.5,81,0.0,21.91,10.85,7.47
2025-12-19 02:00:00,23.4,78,0.0,22.06,10.76,7.55
2025-12-19 03:00:00,25.0,74,0.0,22.64,10.56,7.52
2025-12-19 04:00:00,26.9,60,0.0,23.62,10.07,7.64
2025-12-19 05:00:00,28.0,47,0.0,24.63,9.62,7.8
2025-12-19 06:00:00,28.4,45,0.0,25.46,9.41,7.84
2025-12-19 07:00:00,28.7,46,0.0,26.13,9.3,7.78
2025-12-19 08:00:00,28.6,46,0.0,26.57,9.21,7.47
2025-12-19 09:00:00,28.4,46,0.0,26.82,9.16,7.71
2025-12-19 10:00:00,27.7,49,0.0,26.79,9.22,7.36
2025-12-19 11:00:00,26.9,52,0.0,26.52,9.33,7.56
2025-12-19 12:00:00,26.5,56,0.0,26.21,9.47,7.36
2025-12-19 13:00:00,25.6,61,0.0,25.73,9.66,7.4
2025-12-19 14:00:00,25.2,64,0.0,25.27,9.81,7.12
2025-12-19 15:00:00,25.0,65,0.0,24.89,9.91,7.32
2025-12-19 16:00:00,24.8,65,0.0,24.56,9.98,7.01
2025-12-19 17:00:00,24.5,65,0.0,24.24,10.04,7.06
2025-12-19 18:00:00,24.1,69,0.0,23.9,10.19,7.02
2025-12-19 19:00:00,23.6,72,0.0,23.51,10.33,6.96
2025-12-19 20:00:00,23.0,75,0.0,23.06,10.49,7.18
2025-12-19 21:00:00,22.6,75,0.0,22.62,10.58,7.4
2025-12-19 22:00:00,22.4,71,0.0,22.25,10.58,7.55
2025-12-19 23:00:00,22.0,71,0.0,21.88,10.65,7.37
2025-12-20 00:00:00,20.9,82,0.0,21.28,11.01,7.56
2025-12-20 01:00:00,20.9,83,0.0,20.87,11.11,7.55
2025-12-20 02:00:00,21.8,82,0.0,20.85,11.1,7.65
2025-12-20 03:00:00,24.2,71,0.0,21.55,10.72,7.62
2025-12-20 04:00:00,26.6,58,0.0,22.77,10.21,7.71
2025-12-20 05:00:00,27.9,47,0.0,24.01,9.74,7.76
2025-12-20 06:00:00,28.6,43,0.0,25.09,9.45,7.65
2025-12-20 07:00:00,29.0,39,0.0,25.96,9.2,7.68
2025-12-20 08:00:00,29.0,38,0.0,26.57,9.06,7.65
2025-12-20 09:00:00,28.9,39,0.0,26.97,9.0,7.69
2025-12-20 10:00:00,28.3,44,0.0,27.07,9.08,7.43
2025-12-20 11:00:00,27.2,52,0.0,26.81,9.28,7.46
2025-12-20 12:00:00,26.5,59,0.0,26.42,9.48,7.59
2025-12-20 13:00:00,25.5,68,0.0,25.84,9.77,7.44
2025-12-20 14:00:00,25.2,71,0.0,25.35,9.93,7.39
2025-12-20 15:00:00,25.0,73,0.0,24.94,10.05,7.2
2025-12-20 16:00:00,25.0,74,0.0,24.66,10.13,7.19
2025-12-20 17:00:00,24.8,76,0.1,24.4,10.22,7.22
2025-12-20 18:00:00,24.2,81,0.0,24.04,10.4,7.28
2025-12-20 19:00:00,23.7,83,0.0,23.64,10.52,6.94
2025-12-20 20:00:00,23.4,84,0.0,23.27,10.62,7.04
2025-12-20 21:00:00,22.9,87,0.0,22.86,10.77,7.35
2025-12-20 22:00:00,22.5,90,0.0,22.45,10.92,7.26
2025-12-20 23:00:00,22.1,90,0.0,22.05,11.01,7.29
2025-12-21 00:00:00,22.4,93,0.0,21.85,11.11,7.32
2025-12-21 01:00:00,22.8,90,0.1,21.84,11.05,7.46
2025-12-21 02:00:00,23.4,87,0.0,22.01,10.95,7.45
2025-12-21 03:00:00,25.1,79,0.0,22.63,10.66,7.85
2025-12-21 04:00:00,27.2,61,0.1,23.7,10.08,7.67
2025-12-21 05:00:00,28.6,45,0.0,24.87,9.53,7.7
2025-12-21 06:00:00,29.1,44,0.0,25.84,9.32,7.76
2025-12-21 07:00:00,28.7,47,0.0,26.4,9.26,7.78
2025-12-21 08:00:00,27.8,54,0.0,26.52,9.37,7.75
2025-12-21 09:00:00,28.1,51,0.0,26.69,9.28,7.71
2025-12-21 10:00:00,27.9,48,0.0,26.76,9.21,7.48
2025-12-21 11:00:00,27.6,45,0.0,26.71,9.17,7.44
2025-12-21 12:00:00,26.7,51,0.0,26.41,9.34,7.47
2025-12-21 13:00:00,25.8,57,0.0,25.92,9.55,7.27
2025-12-21 14:00:00,25.5,55,0.0,25.5,9.6,7.25
2025-12-21 15:00:00,25.3,58,0.0,25.14,9.73,7.24
2025-12-21 16:00:00,25.2,57,0.0,24.86,9.76,7.23
2025-12-21 17:00:00,24.9,55,0.0,24.57,9.78,6.95
2025-12-21 18:00:00,25.0,57,0.0,24.4,9.86,7.19
2025-12-21 19:00:00,25.0,58,0.0,24.28,9.9,7.1
2025-12-21 20:00:00,25.0,59,0.0,24.2,9.94,7.23
2025-12-21 21:00:00,24.0,64,0.0,23.84,10.11,7.29
2025-12-21 22:00:00,24.2,66,0.0,23.65,10.19,7.43
2025-12-21 23:00:00,24.0,66,0.0,23.45,10.23,7.48
2025-12-22 00:00:00,23.5,74,0.0,23.17,10.45,7.56
2025-12-22 01:00:00,23.5,73,0.0,22.97,10.47,7.65
2025-12-22 02:00:00,24.9,66,0.0,23.25,10.27,7.61
2025-12-22 03:00:00,26.8,54,0.0,24.01,9.88,7.64
2025-12-22 04:00:00,27.8,49,0.0,24.85,9.61,7.76
2025-12-22 05:00:00,28.2,50,0.0,25.55,9.49,7.77
2025-12-22 06:00:00,28.8,48,0.0,26.23,9.32,7.67
2025-12-22 07:00:00,28.5,52,0.0,26.61,9.32,7.72
2025-12-22 08:00:00,28.9,50,0.0,27.0,9.2,7.65
2025-12-22 09:00:00,29.0,48,0.0,27.3,9.1,7.51
2025-12-22 10:00:00,28.1,50,0.0,27.24,9.15,7.67
2025-12-22 11:00:00,27.6,52,0.0,27.05,9.23,7.47
2025-12-22 12:00:00,26.9,57,0.0,26.7,9.39,7.6
2025-12-22 13:00:00,26.1,60,0.0,26.22,9.54,7.16
2025-12-22 14:00:00,25.6,63,0.0,25.74,9.7,7.2
2025-12-22 15:00:00,25.2,64,0.0,25.27,9.81,7.2
2025-12-22 16:00:00,24.9,66,0.0,24.86,9.94,7.27
2025-12-22 17:00:00,24.5,68,0.0,24.45,10.06,7.17
2025-12-22 18:00:00,24.4,69,0.0,24.14,10.14,7.15
2025-12-22 19:00:00,23.9,69,0.0,23.77,10.22,7.02
2025-12-22 20:00:00,23.4,68,0.0,23.36,10.29,7.05
2025-12-22 21:00:00,23.0,67,0.0,22.95,10.35,7.25
2025-12-22 22:00:00,22.8,67,0.0,22.6,10.42,7.15
2025-12-22 23:00:00,22.7,65,0.0,22.33,10.44,7.31
2025-12-23 00:00:00,21.5,88,0.0,21.78,11.02,7.49
2025-12-23 01:00:00,21.3,90,0.0,21.34,11.16,7.43
2025-12-23 02:00:00,22.0,88,0.0,21.24,11.14,7.76
2025-12-23 03:00:00,24.3,75,0.0,21.86,10.74,7.78
2025-12-23 04:00:00,26.5,66,0.0,22.95,10.33,7.53
2025-12-23 05:00:00,27.9,56,0.0,24.13,9.89,7.62
2025-12-23 06:00:00,28.2,55,0.0,25.05,9.69,7.48
2025-12-23 07:00:00,28.6,52,0.0,25.82,9.47,7.61
2025-12-23 08:00:00,28.6,50,0.0,26.35,9.33,7.73
2025-12-23 09:00:00,28.6,50,0.0,26.73,9.25,7.56
2025-12-23 10:00:00,28.1,50,0.0,26.84,9.23,7.59
2025-12-23 11:00:00,27.4,53,0.0,26.71,9.31,7.32
2025-12-23 12:00:00,26.6,60,0.0,26.37,9.51,7.48
2025-12-23 13:00:00,26.0,63,0.0,25.96,9.65,7.27
2025-12-23 14:00:00,25.5,65,0.0,25.52,9.78,7.26
2025-12-23 15:00:00,25.3,66,0.0,25.16,9.87,7.19
2025-12-23 16:00:00,25.1,67,0.0,24.84,9.96,7.02
2025-12-23 17:00:00,24.9,68,0.0,24.56,10.04,7.01
2025-12-23 18:00:00,24.9,70,0.0,24.36,10.12,7.21
2025-12-23 19:00:00,24.8,69,0.0,24.19,10.13,7.17
2025-12-23 20:00:00,24.6,69,0.0,24.01,10.17,7.27
2025-12-23 21:00:00,24.2,70,0.0,23.77,10.24,7.24
2025-12-23 22:00:00,24.0,71,0.0,23.54,10.31,7.29
2025-12-23 23:00:00,23.2,77,0.0,23.14,10.51,7.18
2025-12-24 00:00:00,22.9,82,0.0,22.77,10.69,7.41
2025-12-24 01:00:00,22.7,87,0.0,22.45,10.86,7.51
2025-12-24 02:00:00,23.2,86,0.0,22.37,10.85,7.78
2025-12-24 03:00:00,24.5,81,0.0,22.71,10.68,7.71
2025-12-24 04:00:00,26.8,63,0.1,23.64,10.13,7.83
2025-12-24 05:00:00,28.2,50,0.0,24.71,9.66,7.76
2025-12-24 06:00:00,28.4,48,0.0,25.51,9.46,7.63
2025-12-24 07:00:00,28.8,46,0.0,26.2,9.29,7.7
2025-12-24 08:00:00,28.8,46,0.0,26.68,9.19,7.68
2025-12-24 09:00:00,28.6,46,0.0,26.96,9.14,7.51
2025-12-24 10:00:00,28.1,48,0.0,27.0,9.16,7.5
2025-12-24 11:00:00,27.1,51,0.0,26.73,9.27,7.45
2025-12-24 12:00:00,26.4,60,0.0,26.33,9.52,7.56
2025-12-24 13:00:00,25.5,64,0.0,25.78,9.71,7.12
2025-12-24 14:00:00,25.2,66,0.0,25.31,9.84,7.38
2025-12-24 15:00:00,25.0,67,0.0,24.91,9.94,7.11
2025-12-24 16:00:00,24.6,69,0.0,24.52,10.06,7.02
2025-12-24 17:00:00,24.5,70,0.0,24.21,10.15,7.25
2025-12-24 18:00:00,24.5,71,0.0,24.0,10.21,7.19
2025-12-24 19:00:00,24.2,71,0.0,23.76,10.26,7.26
2025-12-24 20:00:00,23.9,72,0.0,23.5,10.34,7.25
2025-12-24 21:00:00,23.4,75,0.0,23.17,10.46,7.42
2025-12-24 22:00:00,22.7,78,0.0,22.73,10.62,7.34
2025-12-24 23:00:00,21.7,84,0.0,22.12,10.87,7.35
2025-12-25 00:00:00,22.1,86,0.0,21.81,10.97,7.48
2025-12-25 01:00:00,22.0,88,0.0,21.57,11.07,7.65
2025-12-25 02:00:00,22.5,87,0.0,21.55,11.05,7.52
2025-12-25 03:00:00,23.8,81,0.0,21.92,10.85,7.59
2025-12-25 04:00:00,24.5,77,0.1,22.4,10.67,7.66
2025-12-25 05:00:00,24.8,77,0.2,22.82,10.58,7.5
2025-12-25 06:00:00,26.0,71,0.0,23.47,10.32,7.74
2025-12-25 07:00:00,27.4,63,0.0,24.35,9.98,7.52
2025-12-25 08:00:00,27.5,61,0.1,25.0,9.81,7.67
2025-12-25 09:00:00,27.2,63,0.0,25.36,9.78,7.71
2025-12-25 10:00:00,26.7,65,0.1,25.46,9.79,7.5
2025-12-25 11:00:00,26.4,66,0.1,25.44,9.82,7.64
2025-12-25 12:00:00,26.2,69,0.1,25.37,9.89,7.25
2025-12-25 13:00:00,25.6,72,0.0,25.14,9.99,7.45
2025-12-25 14:00:00,25.4,73,0.0,24.92,10.06,7.33
2025-12-25 15:00:00,25.1,74,0.0,24.67,10.13,7.03
2025-12-25 16:00:00,25.0,74,0.0,24.47,10.17,7.43
2025-12-25 17:00:00,24.9,74,0.0,24.3,10.21,7.12
2025-12-25 18:00:00,25.1,73,0.0,24.24,10.2,7.03
2025-12-25 19:00:00,25.1,73,0.0,24.2,10.21,6.99
2025-12-25 20:00:00,24.9,73,0.0,24.11,10.23,7.14
2025-12-25 21:00:00,24.7,74,0.0,23.99,10.27,7.2
2025-12-25 22:00:00,24.5,76,0.0,23.84,10.34,7.28
2025-12-25 23:00:00,24.1,78,0.0,23.62,10.43,7.32
2025-12-26 00:00:00,24.5,77,0.0,23.58,10.42,7.49
2025-12-26 01:00:00,24.5,74,0.0,23.56,10.36,7.46
2025-12-26 02:00:00,25.1,70,0.0,23.72,10.25,7.38
2025-12-26 03:00:00,26.5,63,0.0,24.25,10.0,7.61
2025-12-26 04:00:00,27.4,58,0.0,24.9,9.77,7.43
2025-12-26 05:00:00,28.0,56,0.0,25.53,9.61,7.73
2025-12-26 06:00:00,28.1,57,0.0,26.0,9.53,7.6
2025-12-26 07:00:00,28.2,57,0.0,26.36,9.46,7.7
2025-12-26 08:00:00,28.1,56,0.0,26.58,9.39,7.79
2025-12-26 09:00:00,27.8,57,0.0,26.65,9.4,7.51
2025-12-26 10:00:00,27.4,57,0.0,26.57,9.42,7.65
2025-12-26 11:00:00,26.6,58,0.0,26.28,9.49,7.43
2025-12-26 12:00:00,26.1,62,0.0,25.93,9.64,7.58
2025-12-26 13:00:00,25.5,65,0.0,25.5,9.79,7.29
2025-12-26 14:00:00,25.2,66,0.0,25.11,9.88,7.17
2025-12-26 15:00:00,25.0,67,0.0,24.78,9.97,7.27
2025-12-26 16:00:00,24.6,68,0.0,24.42,10.07,7.11
2025-12-26 17:00:00,24.4,68,0.0,24.12,10.13,7.04
2025-12-26 18:00:00,24.4,71,0.0,23.9,10.23,7.07
2025-12-26 19:00:00,24.3,71,0.0,23.72,10.27,7.13
2025-12-26 20:00:00,24.0,73,0.0,23.5,10.35,7.3
2025-12-26 21:00:00,23.8,73,0.0,23.29,10.4,7.02
2025-12-26 22:00:00,23.6,70,0.0,23.09,10.38,7.28
2025-12-26 23:00:00,23.4,70,0.0,22.88,10.43,7.42
2025-12-27 00:00:00,22.9,77,0.0,22.59,10.63,7.45
2025-12-27 01:00:00,22.6,77,0.0,22.29,10.69,7.65
2025-12-27 02:00:00,23.2,74,0.0,22.26,10.63,7.58
2025-12-27 03:00:00,25.1,69,0.0,22.81,10.42,7.63
2025-12-27 04:00:00,27.1,59,0.1,23.8,10.02,7.73
2025-12-27 05:00:00,28.1,50,0.0,24.79,9.64,7.71
2025-12-27 06:00:00,28.4,50,0.0,25.57,9.49,7.67
2025-12-27 07:00:00,28.9,48,0.0,26.27,9.31,7.74
2025-12-27 08:00:00,28.9,47,0.0,26.76,9.19,7.59
2025-12-27 09:00:00,28.1,50,0.0,26.86,9.23,7.54
2025-12-27 10:00:00,27.5,47,0.0,26.75,9.19,7.49
2025-12-27 11:00:00,26.9,49,0.0,26.5,9.28,7.61
2025-12-27 12:00:00,26.4,56,0.0,26.17,9.48,7.08
2025-12-27 13:00:00,25.9,59,0.0,25.79,9.61,7.36
2025-12-27 14:00:00,25.6,61,0.0,25.43,9.72,7.26
2025-12-27 15:00:00,25.5,61,0.0,25.15,9.78,7.03
2025-12-27 16:00:00,25.3,62,0.0,24.9,9.85,7.18
2025-12-27 17:00:00,25.0,61,0.0,24.63,9.89,7.17
2025-12-27 18:00:00,24.7,66,0.0,24.35,10.04,7.18
2025-12-27 19:00:00,24.4,67,0.0,24.06,10.12,6.86
2025-12-27 20:00:00,24.2,68,0.0,23.81,10.19,7.3
2025-12-27 21:00:00,23.9,70,0.0,23.53,10.29,7.14
2025-12-27 22:00:00,23.6,71,0.0,23.25,10.37,7.35
2025-12-27 23:00:00,23.2,72,0.0,22.94,10.45,7.43
2025-12-28 00:00:00,22.6,77,0.0,22.54,10.64,7.35
2025-12-28 01:00:00,22.0,80,0.0,22.08,10.8,7.58
2025-12-28 02:00:00,22.5,81,0.0,21.9,10.85,7.55
2025-12-28 03:00:00,24.5,72,0.0,22.38,10.57,7.44
2025-12-28 04:00:00,26.9,57,0.0,23.44,10.05,7.8
2025-12-28 05:00:00,27.8,51,0.0,24.45,9.73,7.63
2025-12-28 06:00:00,28.0,53,0.0,25.21,9.61,7.62
2025-12-28 07:00:00,28.4,50,0.0,25.87,9.43,7.65
2025-12-28 08:00:00,28.5,49,0.0,26.36,9.31,7.68
2025-12-28 09:00:00,28.0,48,0.0,26.55,9.25,7.6
2025-12-28 10:00:00,27.6,49,0.0,26.57,9.27,7.6
2025-12-28 11:00:00,26.5,53,0.0,26.25,9.41,7.34
2025-12-28 12:00:00,26.1,60,0.0,25.9,9.61,7.33
2025-12-28 13:00:00,25.5,64,0.0,25.48,9.77,7.32
2025-12-28 14:00:00,25.3,65,0.0,25.13,9.86,7.45
2025-12-28 15:00:00,25.1,66,0.0,24.82,9.94,7.19
2025-12-28 16:00:00,25.1,66,0.0,24.6,9.99,7.26
2025-12-28 17:00:00,24.8,67,0.0,24.36,10.06,7.13
2025-12-28 18:00:00,24.5,73,0.0,24.1,10.23,7.07
2025-12-28 19:00:00,24.4,73,0.0,23.89,10.27,7.11
2025-12-28 20:00:00,24.2,72,0.0,23.68,10.3,7.15
2025-12-28 21:00:00,24.0,72,0.0,23.48,10.34,7.27
2025-12-28 22:00:00,23.8,72,0.0,23.28,10.38,7.41
2025-12-28 23:00:00,23.5,72,0.0,23.04,10.43,7.39
2025-12-29 00:00:00,23.6,76,0.0,22.91,10.54,7.55
2025-12-29 01:00:00,23.6,75,0.0,22.82,10.54,7.41
2025-12-29 02:00:00,24.2,72,0.0,22.93,10.45,7.54
2025-12-29 03:00:00,25.9,64,0.0,23.52,10.17,7.56
2025-12-29 04:00:00,26.9,57,0.0,24.24,9.89,7.71
2025-12-29 05:00:00,27.5,54,0.0,24.91,9.69,7.66
2025-12-29 06:00:00,27.7,55,0.0,25.45,9.61,7.78
2025-12-29 07:00:00,28.0,53,0.0,25.92,9.47,7.6
2025-12-29 08:00:00,28.0,51,0.0,26.24,9.37,7.66
2025-12-29 09:00:00,27.7,51,0.0,26.38,9.34,7.68
2025-12-29 10:00:00,27.2,53,0.0,26.32,9.39,7.34
2025-12-29 11:00:00,26.5,55,0.0,26.08,9.48,7.69
2025-12-29 12:00:00,25.5,62,0.0,25.6,9.71,7.38
2025-12-29 13:00:00,24.9,66,0.0,25.09,9.89,7.13
2025-12-29 14:00:00,24.8,68,0.0,24.71,10.01,7.28
2025-12-29 15:00:00,24.8,67,0.0,24.43,10.04,7.21
2025-12-29 16:00:00,24.8,68,0.0,24.24,10.1,7.15
2025-12-29 17:00:00,24.5,69,0.0,24.02,10.17,7.23
2025-12-29 18:00:00,24.5,73,0.0,23.86,10.28,7.2
2025-12-29 19:00:00,24.4,73,0.0,23.73,10.31,7.16
2025-12-29 20:00:00,24.1,74,0.0,23.54,10.37,7.21
2025-12-29 21:00:00,23.7,75,0.0,23.29,10.44,7.2
2025-12-29 22:00:00,23.0,78,0.0,22.9,10.58,7.46
2025-12-29 23:00:00,22.5,82,0.0,22.48,10.75,7.21
2025-12-30 00:00:00,21.6,87,0.0,21.92,10.97,7.45
2025-12-30 01:00:00,21.6,88,0.0,21.52,11.08,7.53
2025-12-30 02:00:00,22.5,83,0.0,21.51,10.98,7.68
2025-12-30 03:00:00,24.3,76,0.0,22.05,10.72,7.57
2025-12-30 04:00:00,26.2,69,0.0,23.0,10.38,7.52
2025-12-30 05:00:00,27.7,61,0.0,24.11,9.99,7.72
2025-12-30 06:00:00,27.7,63,0.0,24.88,9.87,7.74
2025-12-30 07:00:00,28.4,59,0.0,25.64,9.64,7.84
2025-12-30 08:00:00,28.5,59,0.0,26.2,9.53,7.53
2025-12-30 09:00:00,28.8,58,0.0,26.68,9.41,7.72
2025-12-30 10:00:00,28.5,58,0.0,26.92,9.36,7.78
2025-12-30 11:00:00,27.6,61,0.0,26.83,9.44,7.43
2025-12-30 12:00:00,26.7,66,0.0,26.49,9.6,7.27
2025-12-30 13:00:00,26.0,71,0.0,26.04,9.79,7.28
2025-12-30 14:00:00,25.7,73,0.0,25.64,9.91,7.26
2025-12-30 15:00:00,25.6,73,0.0,25.33,9.97,7.25
2025-12-30 16:00:00,25.6,73,0.0,25.11,10.02,7.09
2025-12-30 17:00:00,25.6,73,0.0,24.96,10.05,7.28
2025-12-30 18:00:00,25.2,78,0.0,24.73,10.19,7.0
2025-12-30 19:00:00,25.4,78,0.0,24.63,10.22,6.95
2025-12-30 20:00:00,25.4,78,0.0,24.56,10.23,7.27
2025-12-30 21:00:00,25.2,79,0.0,24.45,10.27,6.98
2025-12-30 22:00:00,25.0,80,0.0,24.32,10.32,7.25
2025-12-30 23:00:00,24.6,82,0.0,24.1,10.41,7.65
2025-12-31 00:00:00,24.5,85,0.0,23.92,10.5,7.42
2025-12-31 01:00:00,24.1,86,0.0,23.67,10.58,7.39
2025-12-31 02:00:00,24.4,83,0.0,23.59,10.53,7.57
2025-12-31 03:00:00,25.6,77,0.0,23.89,10.35,7.63
2025-12-31 04:00:00,26.5,73,0.1,24.38,10.17,7.68
2025-12-31 05:00:00,27.0,73,0.1,24.86,10.07,7.76
2025-12-31 06:00:00,28.2,68,1.1,25.56,9.83,7.54
2025-12-31 07:00:00,29.0,64,0.0,26.3,9.6,7.86
2025-12-31 08:00:00,26.9,72,1.5,26.18,9.78,7.61
2025-12-31 09:00:00,27.5,72,0.2,26.27,9.76,7.67
2025-12-31 10:00:00,27.5,71,0.0,26.34,9.72,7.48
2025-12-31 11:00:00,27.0,73,0.0,26.24,9.78,7.6
2025-12-31 12:00:00,25.9,81,0.0,25.84,10.02,7.38
2025-12-31 13:00:00,25.1,84,0.0,25.32,10.19,7.36
2025-12-31 14:00:00,25.0,86,0.0,24.92,10.31,7.17
2025-12-31 15:00:00,24.9,87,0.0,24.61,10.39,7.1
2025-12-31 16:00:00,25.0,87,0.0,24.43,10.43,7.22
2025-12-31 17:00:00,25.0,87,0.0,24.3,10.46,7.08
2025-12-31 18:00:00,25.0,88,0.0,24.21,10.5,7.03
2025-12-31 19:00:00,25.0,89,0.2,24.15,10.53,7.05
2025-12-31 20:00:00,24.8,90,1.1,24.04,10.57,7.17
2025-12-31 21:00:00,24.2,95,2.3,23.79,10.73,7.05
2025-12-31 22:00:00,23.9,97,1.3,23.52,10.83,7.2
2025-12-31 23:00:00,23.5,93,1.4,23.22,10.81,7.28
2026-01-01 00:00:00,23.1,97,0.9,22.88,10.97,7.19
2026-01-01 01:00:00,23.5,96,1.4,22.77,10.97,7.29
2026-01-01 02:00:00,23.9,96,0.9,22.81,10.96,7.56
2026-01-01 03:00:00,24.1,96,1.2,22.89,10.94,7.51
2026-01-01 04:00:00,24.8,91,1.3,23.17,10.78,7.73
2026-01-01 05:00:00,25.1,87,0.6,23.45,10.64,7.77
2026-01-01 06:00:00,25.9,81,0.2,23.88,10.43,7.78
2026-01-01 07:00:00,25.9,82,0.0,24.19,10.39,7.89
2026-01-01 08:00:00,26.4,78,0.0,24.55,10.23,7.67
2026-01-01 09:00:00,26.0,75,0.2,24.69,10.15,7.68
2026-01-01 10:00:00,25.8,76,0.4,24.72,10.16,7.48
2026-01-01 11:00:00,25.9,75,0.0,24.77,10.13,7.74
2026-01-01 12:00:00,25.9,82,0.0,24.81,10.25,7.61
2026-01-01 13:00:00,25.1,85,0.0,24.6,10.36,7.34
2026-01-01 14:00:00,24.6,87,0.0,24.3,10.46,7.31
2026-01-01 15:00:00,24.5,87,0.0,24.06,10.51,7.34
2026-01-01 16:00:00,24.6,86,0.0,23.92,10.52,7.15
2026-01-01 17:00:00,24.8,85,0.0,23.88,10.51,7.07
2026-01-01 18:00:00,24.8,87,0.0,23.86,10.56,7.21
2026-01-01 19:00:00,24.5,88,0.0,23.75,10.6,7.14
2026-01-01 20:00:00,24.3,89,0.0,23.62,10.65,7.18
2026-01-01 21:00:00,24.0,89,0.0,23.43,10.69,7.13
2026-01-01 22:00:00,24.0,89,0.0,23.3,10.71,7.11
2026-01-01 23:00:00,23.9,89,0.0,23.18,10.74,7.37
2026-01-02 00:00:00,24.0,90,0.0,23.13,10.77,7.52
2026-01-02 01:00:00,24.0,90,0.0,23.09,10.78,7.48
2026-01-02 02:00:00,24.7,88,0.0,23.27,10.7,7.72
2026-01-02 03:00:00,26.0,79,0.1,23.79,10.41,7.56
2026-01-02 04:00:00,26.9,74,0.0,24.42,10.18,7.57
2026-01-02 05:00:00,27.4,71,0.0,25.02,10.0,7.69
2026-01-02 06:00:00,27.6,69,0.0,25.49,9.86,7.7
2026-01-02 07:00:00,27.8,67,0.0,25.88,9.74,7.77
2026-01-02 08:00:00,27.6,69,0.0,26.1,9.74,7.58
2026-01-02 09:00:00,27.4,70,0.0,26.19,9.74,7.75
2026-01-02 10:00:00,26.9,72,0.0,26.1,9.79,7.75
2026-01-02 11:00:00,26.5,74,0.0,25.92,9.87,7.47
2026-01-02 12:00:00,26.0,77,0.0,25.65,9.98,7.53
2026-01-02 13:00:00,25.0,83,0.0,25.15,10.2,7.23
2026-01-02 14:00:00,25.1,83,0.0,24.84,10.27,7.37
2026-01-02 15:00:00,25.0,83,0.0,24.59,10.32,7.31
2026-01-02 16:00:00,24.8,83,0.0,24.35,10.37,7.24
2026-01-02 17:00:00,24.5,83,0.0,24.09,10.43,7.13
2026-01-02 18:00:00,24.4,84,0.0,23.89,10.49,6.83
2026-01-02 19:00:00,24.4,84,0.0,23.74,10.52,7.07
2026-01-02 20:00:00,24.2,84,0.0,23.58,10.56,7.1
2026-01-02 21:00:00,24.0,84,0.0,23.4,10.59,7.12
2026-01-02 22:00:00,24.0,84,0.0,23.28,10.62,7.29
2026-01-02 23:00:00,24.0,83,0.0,23.2,10.62,7.31
2026-01-03 00:00:00,24.4,84,0.0,23.26,10.62,7.34
2026-01-03 01:00:00,24.5,83,0.0,23.33,10.59,7.4
2026-01-03 02:00:00,25.0,81,0.0,23.53,10.51,7.5
2026-01-03 03:00:00,26.1,74,0.0,24.0,10.27,7.74
2026-01-03 04:00:00,26.9,69,0.0,24.57,10.05,7.61
2026-01-03 05:00:00,27.4,66,0.0,25.12,9.88,7.65
2026-01-03 06:00:00,27.6,65,0.0,25.56,9.77,7.66
2026-01-03 07:00:00,28.0,63,0.0,25.99,9.65,7.72
2026-01-03 08:00:00,28.1,62,0.0,26.33,9.56,7.7
2026-01-03 09:00:00,27.7,62,0.0,26.44,9.54,7.3
2026-01-03 10:00:00,27.3,64,0.0,26.4,9.58,7.65
2026-01-03 11:00:00,26.5,67,0.0,26.13,9.69,7.62
2026-01-03 12:00:00,25.8,75,0.0,25.73,9.93,7.3
2026-01-03 13:00:00,25.2,77,0.0,25.27,10.06,7.23
2026-01-03 14:00:00,25.1,77,0.0,24.92,10.14,7.22
2026-01-03 15:00:00,24.9,78,0.0,24.61,10.22,7.13
2026-01-03 16:00:00,25.0,74,0.0,24.43,10.18,7.18
2026-01-03 17:00:00,25.0,70,0.0,24.3,10.13,6.93
2026-01-03 18:00:00,24.8,72,0.0,24.15,10.2,7.01
2026-01-03 19:00:00,24.7,69,0.0,24.02,10.17,7.28
2026-01-03 20:00:00,24.4,70,0.0,23.83,10.23,7.07
2026-01-03 21:00:00,24.0,72,0.0,23.58,10.32,7.34
2026-01-03 22:00:00,23.6,74,0.0,23.29,10.42,7.31
2026-01-03 23:00:00,23.2,76,0.0,22.96,10.53,7.17
2026-01-04 00:00:00,23.4,75,0.0,22.79,10.54,7.5
2026-01-04 01:00:00,23.1,75,0.0,22.58,10.59,7.5
2026-01-04 02:00:00,23.6,74,0.0,22.59,10.57,7.54
2026-01-04 03:00:00,25.4,67,0.0,23.13,10.31,7.67
2026-01-04 04:00:00,26.8,59,0.0,23.93,9.99,7.73
2026-01-04 05:00:00,27.5,54,0.0,24.7,9.74,7.77
2026-01-04 06:00:00,27.7,59,0.0,25.3,9.71,7.82
2026-01-04 07:00:00,28.0,56,0.0,25.81,9.55,7.73
2026-01-04 08:00:00,27.0,61,0.1,25.87,9.63,7.52
2026-01-04 09:00:00,27.4,58,0.0,26.03,9.54,7.56
2026-01-04 10:00:00,27.2,57,0.0,26.08,9.52,7.84
2026-01-04 11:00:00,26.8,59,0.0,26.0,9.57,7.55
2026-01-04 12:00:00,26.0,66,0.0,25.7,9.76,7.64
2026-01-04 13:00:00,25.3,70,0.0,25.28,9.93,7.47
2026-01-04 14:00:00,25.1,70,0.0,24.92,10.0,7.28
2026-01-04 15:00:00,24.9,71,0.0,24.62,10.08,7.23
2026-01-04 16:00:00,24.7,72,0.0,24.34,10.16,7.15
2026-01-04 17:00:00,24.6,72,0.0,24.12,10.21,6.96
2026-01-04 18:00:00,24.5,73,0.0,23.93,10.26,7.12
2026-01-04 19:00:00,24.4,73,0.0,23.77,10.3,7.25
2026-01-04 20:00:00,24.5,70,0.0,23.69,10.26,7.1
2026-01-04 21:00:00,24.4,71,0.0,23.6,10.29,7.25
2026-01-04 22:00:00,24.2,72,0.0,23.48,10.34,7.36
2026-01-04 23:00:00,24.0,73,0.0,23.34,10.39,7.26
2026-01-05 00:00:00,24.3,73,0.0,23.33,10.39,7.38
2026-01-05 01:00:00,24.2,72,0.0,23.29,10.38,7.4
2026-01-05 02:00:00,25.1,68,0.0,23.53,10.25,7.49
2026-01-05 03:00:00,26.3,58,0.0,24.06,9.94,7.5
2026-01-05 04:00:00,26.9,56,0.0,24.61,9.79,7.58
2026-01-05 05:00:00,27.5,52,0.0,25.18,9.6,7.84
2026-01-05 06:00:00,28.0,57,0.0,25.73,9.59,7.61
2026-01-05 07:00:00,28.1,55,0.0,26.14,9.47,7.7
2026-01-05 08:00:00,28.0,55,0.0,26.4,9.41,7.61
2026-01-05 09:00:00,27.6,55,0.0,26.46,9.4,7.73
2026-01-05 10:00:00,27.2,57,0.0,26.38,9.45,7.68
2026-01-05 11:00:00,26.6,59,0.0,26.15,9.54,7.56
2026-01-05 12:00:00,26.4,62,0.0,25.92,9.64,7.43
2026-01-05 13:00:00,25.9,64,0.0,25.62,9.74,7.3
2026-01-05 14:00:00,25.8,64,0.0,25.37,9.79,7.14
2026-01-05 15:00:00,25.6,64,0.0,25.14,9.84,7.39
2026-01-05 16:00:00,25.4,64,0.0,24.92,9.89,7.08
2026-01-05 17:00:00,25.2,65,0.0,24.7,9.95,7.19
2026-01-05 18:00:00,25.1,69,0.0,24.52,10.06,7.22
2026-01-05 19:00:00,25.1,69,0.0,24.4,10.09,7.07
2026-01-05 20:00:00,25.0,69,0.0,24.28,10.11,7.26
2026-01-05 21:00:00,24.8,69,0.0,24.13,10.14,7.28
2026-01-05 22:00:00,24.6,68,0.0,23.97,10.16,7.44
2026-01-05 23:00:00,24.5,69,0.0,23.83,10.21,7.3
2026-01-06 00:00:00,24.3,75,0.0,23.67,10.36,7.29
2026-01-06 01:00:00,24.1,76,0.0,23.5,10.41,7.45
2026-01-06 02:00:00,24.8,71,0.0,23.59,10.3,7.59
2026-01-06 03:00:00,26.0,63,0.0,24.01,10.05,7.64
2026-01-06 04:00:00,26.9,59,0.0,24.58,9.86,7.63
2026-01-06 05:00:00,27.5,56,0.0,25.16,9.68,7.51
2026-01-06 06:00:00,27.4,61,0.0,25.53,9.7,7.75
2026-01-06 07:00:00,27.5,60,0.0,25.82,9.62,7.89
2026-01-06 08:00:00,27.9,58,0.0,26.14,9.52,7.7
2026-01-06 09:00:00,27.6,57,0.0,26.28,9.47,7.67
2026-01-06 10:00:00,27.4,57,0.0,26.32,9.47,7.6
2026-01-06 11:00:00,26.6,60,0.0,26.1,9.57,7.52
2026-01-06 12:00:00,26.5,60,0.0,25.92,9.6,7.49
2026-01-06 13:00:00,26.1,60,0.0,25.67,9.65,7.37
2026-01-06 14:00:00,26.0,60,0.0,25.47,9.7,7.22
2026-01-06 15:00:00,25.7,62,0.0,25.24,9.78,7.12
2026-01-06 16:00:00,25.6,63,0.0,25.05,9.84,7.12
2026-01-06 17:00:00,25.5,63,0.0,24.88,9.87,7.15
2026-01-06 18:00:00,25.4,66,0.0,24.74,9.96,7.08
2026-01-06 19:00:00,25.2,66,0.0,24.58,9.99,7.16
2026-01-06 20:00:00,25.0,67,0.0,24.4,10.05,7.2
2026-01-06 21:00:00,24.6,68,0.0,24.16,10.12,7.29
2026-01-06 22:00:00,24.5,69,0.0,23.96,10.18,7.4
2026-01-06 23:00:00,24.2,70,0.0,23.73,10.25,7.35
2026-01-07 00:00:00,24.2,72,0.0,23.57,10.32,7.29
2026-01-07 01:00:00,24.4,68,0.0,23.52,10.25,7.47
2026-01-07 02:00:00,24.9,64,0.0,23.64,10.15,7.58
2026-01-07 03:00:00,25.9,59,0.0,24.01,9.97,7.45
2026-01-07 04:00:00,26.7,54,0.0,24.52,9.77,7.81
2026-01-07 05:00:00,27.3,50,0.0,25.05,9.59,7.71
2026-01-07 06:00:00,27.3,51,0.0,25.43,9.53,7.74
2026-01-07 07:00:00,27.5,50,0.0,25.75,9.45,7.83
2026-01-07 08:00:00,27.5,49,0.0,25.97,9.39,7.6
2026-01-07 09:00:00,27.2,49,0.0,26.04,9.37,7.67
2026-01-07 10:00:00,26.9,50,0.0,26.0,9.4,7.54
2026-01-07 11:00:00,26.2,54,0.0,25.76,9.52,7.46
2026-01-07 12:00:00,25.7,55,0.0,25.44,9.61,7.33
2026-01-07 13:00:00,25.1,59,0.0,25.04,9.76,7.5
2026-01-07 14:00:00,25.0,60,0.0,24.73,9.85,7.23
2026-01-07 15:00:00,24.8,61,0.0,24.45,9.92,7.27
2026-01-07 16:00:00,24.7,63,0.0,24.22,10.01,6.97
2026-01-07 17:00:00,24.4,65,0.0,23.98,10.1,7.25
2026-01-07 18:00:00,24.4,67,0.0,23.8,10.17,7.23
2026-01-07 19:00:00,24.4,68,0.0,23.68,10.22,7.14
2026-01-07 20:00:00,24.4,68,0.0,23.6,10.24,7.14
2026-01-07 21:00:00,24.2,68,0.0,23.48,10.26,7.25
2026-01-07 22:00:00,24.0,69,0.0,23.33,10.31,7.51
2026-01-07 23:00:00,24.1,69,0.0,23.26,10.33,7.17
2026-01-08 00:00:00,24.1,72,0.0,23.22,10.4,7.51
2026-01-08 01:00:00,24.4,69,0.0,23.27,10.32,7.41
2026-01-08 02:00:00,24.9,67,0.0,23.46,10.24,7.57
2026-01-08 03:00:00,25.9,59,0.0,23.89,10.0,7.61
2026-01-08 04:00:00,26.8,53,0.0,24.46,9.77,7.63
2026-01-08 05:00:00,27.3,52,0.0,25.01,9.64,7.7
2026-01-08 06:00:00,27.5,54,0.0,25.46,9.58,7.59
2026-01-08 07:00:00,27.9,53,0.0,25.89,9.48,7.79
2026-01-08 08:00:00,27.9,51,0.0,26.19,9.38,7.48
2026-01-08 09:00:00,27.6,52,0.0,26.32,9.37,7.66
2026-01-08 10:00:00,27.2,52,0.0,26.28,9.38,7.51
2026-01-08 11:00:00,26.5,54,0.0,26.05,9.47,7.36
2026-01-08 12:00:00,26.0,60,0.0,25.73,9.64,7.42
2026-01-08 13:00:00,25.5,63,0.0,25.36,9.78,7.17
2026-01-08 14:00:00,25.2,65,0.0,25.01,9.89,7.26
2026-01-08 15:00:00,25.1,65,0.0,24.74,9.94,7.06
2026-01-08 16:00:00,24.9,66,0.0,24.49,10.01,7.2
2026-01-08 17:00:00,24.6,67,0.0,24.22,10.09,7.04
2026-01-08 18:00:00,24.8,67,0.0,24.1,10.11,7.07
2026-01-08 19:00:00,24.5,68,0.0,23.92,10.17,7.16
2026-01-08 20:00:00,24.4,68,0.0,23.76,10.2,7.09
2026-01-08 21:00:00,24.4,65,0.0,23.65,10.17,7.21
2026-01-08 22:00:00,24.3,65,0.0,23.55,10.19,7.12
2026-01-08 23:00:00,24.3,66,0.0,23.47,10.22,7.41
2026-01-09 00:00:00,24.7,64,0.0,23.54,10.17,7.6
2026-01-09 01:00:00,25.0,63,0.0,23.68,10.12,7.78
2026-01-09 02:00:00,25.1,62,0.0,23.81,10.08,7.58
2026-01-09 03:00:00,25.5,59,0.0,24.01,9.97,7.71
2026-01-09 04:00:00,23.5,60,0.0,23.56,10.09,7.51
2026-01-09 05:00:00,22.4,64,0.6,22.91,10.3,7.83
2026-01-09 06:00:00,25.1,71,0.0,23.27,10.36,7.8
2026-01-09 07:00:00,25.3,71,0.1,23.58,10.3,7.66
2026-01-09 08:00:00,26.1,65,0.1,24.03,10.09,7.8
2026-01-09 09:00:00,25.6,66,0.1,24.2,10.07,7.6
2026-01-09 10:00:00,25.5,68,0.1,24.29,10.09,7.51
2026-01-09 11:00:00,24.2,76,0.6,23.96,10.32,7.51
2026-01-09 12:00:00,23.9,78,0.4,23.65,10.42,7.29
2026-01-09 13:00:00,23.6,79,0.6,23.33,10.51,7.41
2026-01-09 14:00:00,23.8,77,0.1,23.17,10.5,7.17
2026-01-09 15:00:00,24.0,75,0.0,23.12,10.47,7.11
2026-01-09 16:00:00,24.3,71,0.0,23.17,10.38,7.08
2026-01-09 17:00:00,24.4,68,0.0,23.24,10.31,7.21
2026-01-09 18:00:00,24.5,68,0.0,23.32,10.29,7.07
2026-01-09 19:00:00,24.5,68,0.0,23.37,10.28,7.0
2026-01-09 20:00:00,24.4,69,0.0,23.38,10.3,7.11
2026-01-09 21:00:00,24.5,70,0.0,23.42,10.31,7.21
2026-01-09 22:00:00,24.2,70,0.0,23.35,10.33,7.16
2026-01-09 23:00:00,22.9,79,1.4,22.92,10.6,7.17
2026-01-10 00:00:00,23.6,73,1.7,22.82,10.5,7.56
2026-01-10 01:00:00,22.9,81,0.0,22.55,10.72,7.43
2026-01-10 02:00:00,23.4,73,0.0,22.5,10.56,7.55
2026-01-10 03:00:00,23.9,72,0.0,22.62,10.52,7.61
2026-01-10 04:00:00,24.1,69,0.0,22.76,10.43,7.65
2026-01-10 05:00:00,25.2,66,0.0,23.2,10.28,7.78
2026-01-10 06:00:00,24.0,73,0.0,23.14,10.43,7.82
2026-01-10 07:00:00,26.0,66,0.0,23.7,10.18,7.68
2026-01-10 08:00:00,25.6,65,0.0,23.97,10.1,7.56
2026-01-10 09:00:00,25.0,67,0.0,23.98,10.14,7.76
2026-01-10 10:00:00,24.3,73,0.7,23.77,10.3,7.52
2026-01-10 11:00:00,23.5,87,3.0,23.39,10.66,7.57
2026-01-10 12:00:00,23.5,78,0.9,23.12,10.53,7.15
2026-01-10 13:00:00,23.2,76,0.0,22.85,10.55,7.37
2026-01-10 14:00:00,23.5,77,0.0,22.74,10.59,7.47
2026-01-10 15:00:00,23.1,80,0.1,22.55,10.7,7.18
2026-01-10 16:00:00,23.9,77,0.0,22.65,10.61,7.15
2026-01-10 17:00:00,24.3,77,0.1,22.85,10.57,7.16
2026-01-10 18:00:00,23.2,84,0.1,22.65,10.75,7.07
2026-01-10 19:00:00,23.3,84,0.2,22.55,10.78,7.1
2026-01-10 20:00:00,23.0,86,2.7,22.38,10.85,7.04
2026-01-10 21:00:00,22.4,91,2.2,22.09,11.02,7.07
2026-01-10 22:00:00,22.5,90,0.4,21.91,11.04,7.39
2026-01-10 23:00:00,22.0,93,2.5,21.64,11.16,7.31
2026-01-11 00:00:00,22.4,91,1.4,21.57,11.13,7.4
2026-01-11 01:00:00,22.5,92,1.2,21.55,11.16,7.54
2026-01-11 02:00:00,22.5,90,0.3,21.53,11.12,7.55
2026-01-11 03:00:00,22.6,88,0.1,21.55,11.07,7.57
2026-01-11 04:00:00,23.0,84,0.1,21.69,10.96,7.64
2026-01-11 05:00:00,24.0,80,0.3,22.08,10.79,7.71
2026-01-11 06:00:00,24.6,75,0.6,22.54,10.6,7.59
2026-01-11 07:00:00,24.5,75,0.3,22.83,10.54,7.65
2026-01-11 08:00:00,24.1,76,0.1,22.91,10.54,7.63
2026-01-11 09:00:00,23.7,81,0.1,22.85,10.65,7.85
2026-01-11 10:00:00,23.5,83,0.2,22.74,10.72,7.29
2026-01-11 11:00:00,23.5,80,0.1,22.67,10.67,7.49
2026-01-11 12:00:00,23.6,80,0.2,22.65,10.67,7.59
2026-01-11 13:00:00,23.5,80,0.1,22.6,10.68,7.36
2026-01-11 14:00:00,23.1,84,0.3,22.45,10.8,7.34
2026-01-11 15:00:00,23.0,86,0.2,22.32,10.87,7.22
2026-01-11 16:00:00,23.0,88,0.2,22.22,10.93,7.1
2026-01-11 17:00:00,22.8,88,0.5,22.1,10.95,6.89
2026-01-11 18:00:00,23.0,87,1.2,22.07,10.94,7.1
2026-01-11 19:00:00,23.3,87,0.2,22.14,10.93,7.06
2026-01-11 20:00:00,23.0,89,0.4,22.1,10.97,7.07
2026-01-11 21:00:00,23.0,90,0.3,22.07,11.0,7.16
2026-01-11 22:00:00,23.1,89,0.1,22.08,10.98,7.46
2026-01-11 23:00:00,23.3,88,0.1,22.14,10.94,7.59
2026-01-12 00:00:00,23.0,94,0.1,22.1,11.08,7.45
2026-01-12 01:00:00,22.8,92,0.2,22.01,11.05,7.46
2026-01-12 02:00:00,23.0,92,0.2,22.01,11.06,7.46
2026-01-12 03:00:00,23.8,89,0.4,22.25,10.94,7.67
2026-01-12 04:00:00,24.0,89,0.4,22.47,10.89,7.85
2026-01-12 05:00:00,24.6,83,0.2,22.81,10.7,7.68
2026-01-12 06:00:00,24.5,85,0.0,23.02,10.7,7.49
2026-01-12 07:00:00,26.5,70,0.0,23.76,10.24,7.78
2026-01-12 08:00:00,26.5,69,0.0,24.28,10.11,7.78
2026-01-12 09:00:00,26.4,69,0.0,24.62,10.04,7.47
2026-01-12 10:00:00,26.1,70,0.0,24.76,10.03,7.58
2026-01-12 11:00:00,25.8,73,0.0,24.77,10.09,7.54
2026-01-12 12:00:00,25.5,78,0.0,24.69,10.2,7.41
2026-01-12 13:00:00,25.0,81,0.1,24.48,10.3,7.25
2026-01-12 14:00:00,25.0,81,0.0,24.34,10.34,7.37
2026-01-12 15:00:00,25.0,79,0.0,24.24,10.32,7.17
2026-01-12 16:00:00,24.9,77,0.0,24.14,10.3,7.01
2026-01-12 17:00:00,24.8,77,0.0,24.04,10.32,6.92
2026-01-12 18:00:00,24.9,78,0.0,23.99,10.35,7.25
2026-01-12 19:00:00,24.6,78,0.0,23.88,10.37,7.19
2026-01-12 20:00:00,24.5,78,0.0,23.76,10.4,7.17
2026-01-12 21:00:00,24.3,78,0.0,23.62,10.43,7.17
2026-01-12 22:00:00,24.1,79,0.0,23.47,10.48,7.22
2026-01-12 23:00:00,24.3,78,0.0,23.42,10.47,7.24
2026-01-13 00:00:00,24.4,79,0.0,23.41,10.49,7.38
2026-01-13 01:00:00,24.6,77,0.0,23.47,10.44,7.29
2026-01-13 02:00:00,25.0,75,0.0,23.63,10.37,7.5
2026-01-13 03:00:00,26.0,73,0.0,24.04,10.24,7.6
2026-01-13 04:00:00,26.5,69,0.0,24.48,10.07,7.74
2026-01-13 05:00:00,26.9,68,0.0,24.9,9.97,7.7
2026-01-13 06:00:00,27.6,67,0.0,25.41,9.84,7.79
2026-01-13 07:00:00,27.7,68,0.0,25.8,9.78,7.83
2026-01-13 08:00:00,27.5,68,0.0,26.01,9.74,7.77
2026-01-13 09:00:00,27.2,69,0.0,26.07,9.74,7.66
2026-01-13 10:00:00,26.9,70,0.0,26.02,9.77,7.55
2026-01-13 11:00:00,26.2,72,0.0,25.77,9.86,7.38
2026-01-13 12:00:00,25.8,77,0.0,25.48,10.02,7.48
2026-01-13 13:00:00,24.9,81,0.0,25.01,10.19,7.5
2026-01-13 14:00:00,24.6,82,0.0,24.58,10.3,7.3
2026-01-13 15:00:00,24.3,83,0.0,24.2,10.4,7.4
2026-01-13 16:00:00,24.0,84,0.0,23.84,10.5,7.01
2026-01-13 17:00:00,23.9,84,0.0,23.56,10.56,7.02
2026-01-13 18:00:00,23.7,86,0.0,23.3,10.66,7.21
2026-01-13 19:00:00,23.6,86,0.0,23.09,10.7,7.17
2026-01-13 20:00:00,23.1,88,0.0,22.79,10.8,7.3
2026-01-13 21:00:00,22.8,89,0.0,22.5,10.89,7.22
2026-01-13 22:00:00,22.4,90,0.0,22.17,10.98,7.2
2026-01-13 23:00:00,22.0,91,0.0,21.82,11.08,7.34
2026-01-14 00:00:00,22.0,92,0.0,21.57,11.15,7.29
2026-01-14 01:00:00,22.2,92,0.0,21.46,11.17,7.41
2026-01-14 02:00:00,23.1,91,0.0,21.65,11.11,7.69
2026-01-14 03:00:00,24.9,85,0.0,22.33,10.84,7.74
2026-01-14 04:00:00,26.4,76,0.0,23.25,10.47,7.72
2026-01-14 05:00:00,27.0,72,0.0,24.07,10.22,7.54
2026-01-14 06:00:00,27.5,68,0.0,24.8,9.99,7.68
2026-01-14 07:00:00,27.8,66,0.0,25.4,9.82,7.57
2026-01-14 08:00:00,27.8,67,0.0,25.82,9.76,7.78
2026-01-14 09:00:00,27.4,69,0.0,25.99,9.76,7.55
2026-01-14 10:00:00,26.8,71,0.0,25.94,9.81,7.44
2026-01-14 11:00:00,26.0,72,0.0,25.66,9.89,7.48
2026-01-14 12:00:00,25.9,79,0.0,25.43,10.07,7.34
2026-01-14 13:00:00,25.0,82,0.0,25.0,10.21,7.48
2026-01-14 14:00:00,24.5,83,0.0,24.55,10.33,7.19
2026-01-14 15:00:00,24.3,84,0.0,24.18,10.43,7.07
2026-01-14 16:00:00,24.2,85,0.0,23.88,10.51,6.95
2026-01-14 17:00:00,24.0,84,0.0,23.62,10.55,7.13
2026-01-14 18:00:00,23.9,86,0.0,23.4,10.63,7.07
2026-01-14 19:00:00,23.8,86,0.0,23.22,10.67,7.0
2026-01-14 20:00:00,23.5,87,0.0,23.01,10.74,7.29
2026-01-14 21:00:00,22.8,88,0.0,22.64,10.84,7.29
2026-01-14 22:00:00,22.0,91,0.0,22.15,11.0,7.29
2026-01-14 23:00:00,21.2,95,0.0,21.57,11.21,7.5
2026-01-15 00:00:00,21.2,98,0.0,21.16,11.36,7.51
2026-01-15 01:00:00,21.5,97,0.0,20.96,11.39,7.45
2026-01-15 02:00:00,22.0,96,0.0,20.97,11.36,7.5
2026-01-15 03:00:00,23.0,97,0.0,21.28,11.32,7.74
2026-01-15 04:00:00,25.0,88,0.0,22.1,10.95,7.74
2026-01-15 05:00:00,26.5,79,0.1,23.12,10.56,7.73
2026-01-15 06:00:00,27.5,71,0.0,24.13,10.18,7.63
2026-01-15 07:00:00,27.9,69,0.1,24.96,9.97,7.75
2026-01-15 08:00:00,27.7,70,0.1,25.48,9.88,7.58
2026-01-15 09:00:00,27.2,73,0.0,25.7,9.9,7.6
2026-01-15 10:00:00,26.6,75,0.0,25.67,9.94,7.7
2026-01-15 11:00:00,26.1,79,0.0,25.5,10.05,7.42
2026-01-15 12:00:00,25.6,78,0.0,25.23,10.09,7.25
2026-01-15 13:00:00,24.9,83,0.0,24.83,10.27,7.23
2026-01-15 14:00:00,24.5,85,0.0,24.43,10.39,7.37
2026-01-15 15:00:00,24.4,85,0.0,24.12,10.46,7.23
2026-01-15 16:00:00,24.2,85,0.0,23.85,10.52,7.15
2026-01-15 17:00:00,24.0,85,0.0,23.59,10.57,7.08
2026-01-15 18:00:00,24.0,87,0.0,23.41,10.65,7.17
2026-01-15 19:00:00,23.9,88,0.0,23.26,10.7,7.05
2026-01-15 20:00:00,23.2,91,0.0,22.94,10.83,7.2
2026-01-15 21:00:00,22.8,92,0.0,22.6,10.93,7.15
2026-01-15 22:00:00,22.5,92,0.0,22.27,11.0,7.2
2026-01-15 23:00:00,22.4,94,0.1,22.01,11.1,7.29
2026-01-16 00:00:00,21.8,94,0.1,21.65,11.17,7.4
2026-01-16 01:00:00,21.8,95,0.0,21.39,11.25,7.52
2026-01-16 02:00:00,22.6,94,0.0,21.45,11.22,7.62
2026-01-16 03:00:00,24.3,88,0.0,22.01,10.97,7.28
2026-01-16 04:00:00,26.0,76,0.0,22.91,10.54,7.61
2026-01-16 05:00:00,27.0,68,0.0,23.83,10.19,7.67
2026-01-16 06:00:00,27.2,66,0.0,24.54,10.0,7.87
2026-01-16 07:00:00,27.6,63,0.0,25.16,9.82,7.59
2026-01-16 08:00:00,27.5,63,0.0,25.56,9.73,7.68
2026-01-16 09:00:00,27.1,65,0.0,25.72,9.74,7.76
2026-01-16 10:00:00,26.6,67,0.0,25.69,9.78,7.42
2026-01-16 11:00:00,26.1,69,0.0,25.51,9.86,7.52
2026-01-16 12:00:00,25.6,72,0.0,25.24,9.97,7.33
2026-01-16 13:00:00,24.6,78,0.0,24.75,10.19,7.28
2026-01-16 14:00:00,24.2,81,0.0,24.28,10.35,7.19
2026-01-16 15:00:00,24.0,82,0.0,23.9,10.45,7.14
2026-01-16 16:00:00,23.8,82,0.0,23.57,10.52,7.44
2026-01-16 17:00:00,23.6,83,0.0,23.28,10.6,7.22
2026-01-16 18:00:00,23.5,85,0.0,23.04,10.69,7.24
2026-01-16 19:00:00,23.3,86,0.0,22.82,10.76,7.19
2026-01-16 20:00:00,23.0,87,0.0,22.57,10.83,7.01
2026-01-16 21:00:00,22.6,88,0.0,22.28,10.91,7.26
2026-01-16 22:00:00,21.9,90,0.0,21.87,11.04,7.4
2026-01-16 23:00:00,21.6,91,0.0,21.49,11.15,7.28
2026-01-17 00:00:00,21.2,96,0.0,21.1,11.33,7.55
2026-01-17 01:00:00,21.1,97,0.0,20.8,11.42,7.6
2026-01-17 02:00:00,21.3,98,0.0,20.65,11.47,7.79
2026-01-17 03:00:00,22.9,92,0.0,21.03,11.27,7.62
2026-01-17 04:00:00,25.2,75,0.0,21.98,10.71,7.59
2026-01-17 05:00:00,26.5,64,0.0,23.03,10.27,7.68
2026-01-17 06:00:00,27.2,59,0.0,23.98,9.98,7.86
2026-01-17 07:00:00,27.9,55,0.0,24.86,9.72,7.52
2026-01-17 08:00:00,28.0,53,0.0,25.5,9.56,7.46
2026-01-17 09:00:00,27.6,53,0.0,25.83,9.49,7.62
2026-01-17 10:00:00,27.0,54,0.0,25.88,9.5,7.51
2026-01-17 11:00:00,26.1,58,0.0,25.65,9.62,7.48
2026-01-17 12:00:00,25.6,61,0.0,25.33,9.74,7.5
2026-01-17 13:00:00,24.4,72,0.0,24.75,10.07,7.28
2026-01-17 14:00:00,23.9,78,0.0,24.2,10.31,7.08
2026-01-17 15:00:00,23.5,81,0.0,23.69,10.47,7.42
2026-01-17 16:00:00,23.2,81,0.0,23.24,10.57,7.07
2026-01-17 17:00:00,22.8,79,0.0,22.81,10.62,7.04
2026-01-17 18:00:00,22.1,82,0.0,22.3,10.79,7.25
2026-01-17 19:00:00,22.0,82,0.0,21.91,10.87,7.11
2026-01-17 20:00:00,21.5,83,0.0,21.49,10.98,7.18
2026-01-17 21:00:00,21.0,85,0.0,21.04,11.12,7.29
2026-01-17 22:00:00,20.1,89,0.0,20.46,11.33,7.41
2026-01-17 23:00:00,19.6,92,0.0,19.9,11.51,7.35
2026-01-18 00:00:00,19.2,95,0.0,19.39,11.69,7.62
2026-01-18 01:00:00,19.3,96,0.0,19.06,11.78,7.33
2026-01-18 02:00:00,19.7,93,0.0,18.95,11.74,7.7
2026-01-18 03:00:00,21.4,89,0.0,19.39,11.56,7.59
2026-01-18 04:00:00,23.6,78,0.0,20.35,11.12,7.85
2026-01-18 05:00:00,26.1,62,0.0,21.78,10.49,7.75
2026-01-18 06:00:00,27.0,55,0.0,23.04,10.09,7.66
2026-01-18 07:00:00,27.9,50,0.0,24.2,9.76,7.77
2026-01-18 08:00:00,28.2,45,0.0,25.1,9.48,7.76
2026-01-18 09:00:00,28.4,42,0.0,25.79,9.29,7.68
2026-01-18 10:00:00,27.8,44,0.0,26.09,9.27,7.45
2026-01-18 11:00:00,26.8,49,0.0,26.01,9.38,7.43
2026-01-18 12:00:00,25.9,56,0.0,25.67,9.58,7.4
2026-01-18 13:00:00,24.8,65,0.0,25.11,9.87,7.33
2026-01-18 14:00:00,24.4,67,0.0,24.6,10.01,7.34
2026-01-18 15:00:00,24.0,69,0.0,24.12,10.15,7.01
2026-01-18 16:00:00,23.9,71,0.0,23.75,10.26,7.2
2026-01-18 17:00:00,23.4,73,0.0,23.35,10.39,7.11
2026-01-18 18:00:00,22.8,79,0.0,22.88,10.6,7.05
2026-01-18 19:00:00,22.5,81,0.0,22.47,10.73,7.07
2026-01-18 20:00:00,22.0,83,0.0,22.03,10.87,7.16
2026-01-18 21:00:00,21.5,84,0.0,21.57,10.99,6.87
2026-01-18 22:00:00,21.2,84,0.0,21.16,11.07,7.23
2026-01-18 23:00:00,20.9,86,0.0,20.78,11.2,7.29
2026-01-19 00:00:00,20.4,96,0.0,20.37,11.5,7.51
2026-01-19 01:00:00,20.6,93,0.0,20.14,11.48,7.46
2026-01-19 02:00:00,20.7,92,0.0,20.01,11.49,7.59
2026-01-19 03:00:00,22.2,86,0.0,20.36,11.29,7.82
2026-01-19 04:00:00,25.0,70,0.0,21.45,10.72,7.8
2026-01-19 05:00:00,26.6,59,0.0,22.7,10.24,7.81
2026-01-19 06:00:00,27.4,56,0.0,23.81,9.96,7.67
2026-01-19 07:00:00,28.0,53,0.0,24.77,9.7,7.76
2026-01-19 08:00:00,28.1,50,0.0,25.47,9.51,7.64
2026-01-19 09:00:00,28.1,46,0.0,25.96,9.33,7.59
2026-01-19 10:00:00,27.7,46,0.0,26.18,9.29,7.59
2026-01-19 11:00:00,26.8,51,0.0,26.07,9.41,7.42
2026-01-19 12:00:00,25.2,65,0.0,25.51,9.78,7.55
2026-01-19 13:00:00,24.5,70,0.0,24.9,10.0,7.32
2026-01-19 14:00:00,24.1,71,0.0,24.36,10.14,7.33
2026-01-19 15:00:00,23.8,72,0.0,23.89,10.25,7.35
2026-01-19 16:00:00,23.4,76,0.0,23.45,10.43,7.27
2026-01-19 17:00:00,23.0,78,0.0,23.01,10.56,7.0
2026-01-19 18:00:00,23.0,78,0.0,22.71,10.62,7.18
2026-01-19 19:00:00,22.5,81,0.0,22.35,10.76,7.23
2026-01-19 20:00:00,21.8,86,0.0,21.88,10.96,7.27
2026-01-19 21:00:00,21.2,89,0.0,21.38,11.13,7.12
2026-01-19 22:00:00,20.5,92,0.0,20.81,11.31,7.24
2026-01-19 23:00:00,20.0,93,0.0,20.27,11.45,7.48
2026-01-20 00:00:00,20.0,93,0.0,19.89,11.54,7.38
2026-01-20 01:00:00,19.9,94,0.0,19.59,11.62,7.51
2026-01-20 02:00:00,20.0,94,0.0,19.41,11.66,7.77
2026-01-20 03:00:00,22.2,84,0.0,19.95,11.33,7.67
2026-01-20 04:00:00,25.1,72,0.0,21.2,10.82,7.64
2026-01-20 05:00:00,26.7,61,0.0,22.55,10.31,7.64
2026-01-20 06:00:00,27.4,58,0.0,23.7,10.02,7.76
2026-01-20 07:00:00,28.0,54,0.0,24.69,9.74,7.57
2026-01-20 08:00:00,28.0,50,0.0,25.38,9.52,7.64
2026-01-20 09:00:00,27.5,52,0.0,25.72,9.49,7.65
2026-01-20 10:00:00,27.1,55,0.0,25.83,9.53,7.68
2026-01-20 11:00:00,26.4,58,0.0,25.7,9.61,7.55
2026-01-20 12:00:00,25.5,65,0.0,25.34,9.82,7.34
2026-01-20 13:00:00,24.9,68,0.0,24.91,9.96,7.45
2026-01-20 14:00:00,24.5,70,0.0,24.49,10.09,7.24
2026-01-20 15:00:00,24.4,71,0.0,24.16,10.18,7.08
2026-01-20 16:00:00,24.2,71,0.0,23.87,10.24,7.14
2026-01-20 17:00:00,24.1,71,0.0,23.64,10.29,7.28
2026-01-20 18:00:00,24.0,72,0.0,23.45,10.35,7.14
2026-01-20 19:00:00,24.0,71,0.0,23.31,10.35,7.14
2026-01-20 20:00:00,23.8,72,0.0,23.16,10.41,7.33
2026-01-20 21:00:00,23.3,73,0.0,22.9,10.48,7.08
2026-01-20 22:00:00,22.9,75,0.0,22.6,10.58,7.16
2026-01-20 23:00:00,22.3,78,0.0,22.21,10.73,7.2
2026-01-21 00:00:00,21.9,84,0.0,21.82,10.93,7.48
2026-01-21 01:00:00,21.8,85,0.0,21.51,11.02,7.54
2026-01-21 02:00:00,22.3,84,0.0,21.45,11.01,7.75
2026-01-21 03:00:00,24.0,78,0.0,21.91,10.79,7.68
2026-01-21 04:00:00,26.0,65,0.1,22.84,10.33,7.64
2026-01-21 05:00:00,27.5,50,0.0,23.94,9.81,7.71
2026-01-21 06:00:00,27.8,49,0.0,24.8,9.62,7.72
2026-01-21 07:00:00,28.0,50,0.0,25.46,9.51,7.53
2026-01-21 08:00:00,28.0,50,0.0,25.92,9.42,7.93
2026-01-21 09:00:00,27.8,51,0.0,26.18,9.38,7.66
2026-01-21 10:00:00,27.3,51,0.0,26.22,9.37,7.57
2026-01-21 11:00:00,26.5,55,0.0,26.0,9.49,7.54
2026-01-21 12:00:00,26.2,58,0.0,25.76,9.6,7.47
2026-01-21 13:00:00,25.2,62,0.0,25.29,9.77,7.32
2026-01-21 14:00:00,24.5,67,0.0,24.76,9.98,7.2
2026-01-21 15:00:00,24.2,69,0.0,24.29,10.11,7.26
2026-01-21 16:00:00,24.0,70,0.0,23.9,10.21,7.2
2026-01-21 17:00:00,23.9,70,0.0,23.6,10.27,7.05
2026-01-21 18:00:00,23.9,72,0.0,23.39,10.36,7.27
2026-01-21 19:00:00,23.8,71,0.0,23.21,10.38,7.17
2026-01-21 20:00:00,23.5,71,0.0,23.0,10.42,7.24
2026-01-21 21:00:00,23.5,70,0.0,22.85,10.43,7.36
2026-01-21 22:00:00,23.4,69,0.0,22.71,10.44,7.29
2026-01-21 23:00:00,23.2,68,0.0,22.56,10.45,7.39
2026-01-22 00:00:00,23.4,72,0.0,22.51,10.54,7.52
2026-01-22 01:00:00,23.5,70,0.0,22.51,10.5,7.44
2026-01-22 02:00:00,24.3,66,0.0,22.75,10.37,7.59
2026-01-22 03:00:00,25.9,57,0.0,23.39,10.06,7.65
2026-01-22 04:00:00,26.7,52,0.0,24.08,9.82,7.58
2026-01-22 05:00:00,27.5,47,0.0,24.81,9.58,7.93
2026-01-22 06:00:00,28.1,46,0.0,25.5,9.42,7.56
2026-01-22 07:00:00,28.5,45,0.0,26.1,9.29,7.56
2026-01-22 08:00:00,28.5,43,0.0,26.52,9.17,7.79
2026-01-22 09:00:00,28.4,43,0.0,26.78,9.11,7.68
2026-01-22 10:00:00,28.0,43,0.0,26.85,9.1,7.44
2026-01-22 11:00:00,27.5,44,0.0,26.74,9.14,7.53
2026-01-22 12:00:00,26.5,57,0.0,26.37,9.46,7.54
2026-01-22 13:00:00,25.9,60,0.0,25.93,9.6,7.32
2026-01-22 14:00:00,25.5,63,0.0,25.5,9.75,7.51
2026-01-22 15:00:00,25.2,65,0.0,25.11,9.87,7.02
2026-01-22 16:00:00,25.0,65,0.0,24.78,9.93,7.22
2026-01-22 17:00:00,24.7,66,0.0,24.45,10.02,7.24
2026-01-22 18:00:00,24.6,67,0.0,24.2,10.09,7.21
2026-01-22 19:00:00,24.2,71,0.0,23.9,10.23,7.11
2026-01-22 20:00:00,23.7,74,0.0,23.54,10.37,7.14
2026-01-22 21:00:00,23.0,76,0.0,23.08,10.5,7.26
2026-01-22 22:00:00,22.6,78,0.0,22.63,10.64,7.37
2026-01-22 23:00:00,22.7,80,0.1,22.35,10.74,7.41
2026-01-23 00:00:00,22.5,81,0.1,22.1,10.81,7.54
2026-01-23 01:00:00,22.5,83,0.1,21.92,10.89,7.41
2026-01-23 02:00:00,22.9,78,0.0,21.91,10.79,7.57
2026-01-23 03:00:00,24.5,67,0.0,22.39,10.47,7.55
2026-01-23 04:00:00,26.4,63,0.0,23.29,10.2,7.65
2026-01-23 05:00:00,27.1,61,0.4,24.13,9.99,7.78
2026-01-23 06:00:00,27.0,65,0.1,24.69,9.95,7.72
2026-01-23 07:00:00,27.5,65,0.3,25.24,9.84,7.94
2026-01-23 08:00:00,26.2,68,0.3,25.23,9.9,7.67
2026-01-23 09:00:00,25.1,75,0.6,24.89,10.1,7.59
2026-01-23 10:00:00,24.9,78,0.7,24.59,10.22,7.53
2026-01-23 11:00:00,25.0,76,0.1,24.41,10.22,7.42
2026-01-23 12:00:00,25.0,77,0.0,24.29,10.27,7.41
2026-01-23 13:00:00,25.1,74,0.0,24.23,10.22,7.45
2026-01-23 14:00:00,25.1,72,0.1,24.19,10.19,7.27
2026-01-23 15:00:00,24.7,72,0.2,24.05,10.22,7.11
2026-01-23 16:00:00,24.9,71,0.0,24.0,10.21,7.07
2026-01-23 17:00:00,24.6,74,0.0,23.88,10.3,7.09
2026-01-23 18:00:00,24.5,77,0.0,23.77,10.38,7.13
2026-01-23 19:00:00,24.5,79,0.0,23.69,10.43,7.25
2026-01-23 20:00:00,24.2,81,0.0,23.54,10.51,7.03
2026-01-23 21:00:00,24.2,80,0.0,23.44,10.51,7.18
2026-01-23 22:00:00,24.1,78,0.0,23.34,10.49,7.29
2026-01-23 23:00:00,24.0,80,0.0,23.24,10.55,7.17
2026-01-24 00:00:00,23.9,84,0.3,23.14,10.65,7.32
2026-01-24 01:00:00,23.6,86,0.2,22.97,10.73,7.43
2026-01-24 02:00:00,23.8,86,0.0,22.92,10.74,7.5
2026-01-24 03:00:00,24.1,83,0.6,22.98,10.67,7.62
2026-01-24 04:00:00,23.9,84,1.8,22.95,10.69,7.59
2026-01-24 05:00:00,23.7,87,1.4,22.88,10.77,7.6
2026-01-24 06:00:00,24.5,76,0.5,23.06,10.51,7.74
2026-01-24 07:00:00,26.5,66,0.0,23.79,10.16,7.88
2026-01-24 08:00:00,25.0,78,7.3,23.86,10.38,7.68
2026-01-24 09:00:00,24.0,86,12.1,23.6,10.59,7.24
2026-01-24 10:00:00,24.1,84,0.7,23.45,10.58,7.59
2026-01-24 11:00:00,24.1,84,0.5,23.34,10.61,7.45
2026-01-24 12:00:00,23.7,88,0.7,23.15,10.73,7.4
2026-01-24 13:00:00,23.8,88,0.3,23.05,10.75,7.29
2026-01-24 14:00:00,24.2,83,0.0,23.09,10.64,7.29
2026-01-24 15:00:00,24.5,81,0.0,23.21,10.57,7.23
2026-01-24 16:00:00,24.7,79,0.0,23.36,10.5,7.11
2026-01-24 17:00:00,24.6,80,0.0,23.43,10.51,7.05
2026-01-24 18:00:00,24.8,79,0.0,23.54,10.47,7.08
2026-01-24 19:00:00,24.5,82,0.1,23.53,10.53,7.15
2026-01-24 20:00:00,24.2,84,0.0,23.43,10.59,7.23
2026-01-24 21:00:00,24.2,84,0.1,23.36,10.6,7.29
2026-01-24 22:00:00,23.9,85,0.2,23.22,10.65,7.21
2026-01-24 23:00:00,23.7,87,0.1,23.07,10.73,7.37
2026-01-25 00:00:00,23.6,88,0.1,22.93,10.78,7.52
2026-01-25 01:00:00,23.5,90,0.7,22.8,10.84,7.58
2026-01-25 02:00:00,23.5,91,0.3,22.71,10.88,7.56
2026-01-25 03:00:00,24.1,90,0.8,22.83,10.84,7.57
2026-01-25 04:00:00,24.0,94,2.4,22.88,10.91,7.61
2026-01-25 05:00:00,23.6,97,3.4,22.79,10.98,7.49
2026-01-25 06:00:00,24.4,87,7.7,22.98,10.75,7.54
2026-01-25 07:00:00,24.0,89,0.4,22.98,10.78,7.77
2026-01-25 08:00:00,24.6,85,0.4,23.17,10.66,7.73
2026-01-25 09:00:00,25.0,82,0.2,23.42,10.55,7.6
2026-01-25 10:00:00,24.2,86,0.4,23.35,10.64,7.57
2026-01-25 11:00:00,24.0,90,0.5,23.25,10.75,7.39
2026-01-25 12:00:00,23.8,91,0.2,23.11,10.8,7.48
2026-01-25 13:00:00,23.5,94,1.6,22.93,10.9,7.27
2026-01-25 14:00:00,23.5,93,3.1,22.8,10.9,7.14
2026-01-25 15:00:00,23.4,95,0.6,22.68,10.97,7.15
2026-01-25 16:00:00,23.5,92,1.1,22.63,10.92,7.11
2026-01-25 17:00:00,22.9,96,1.0,22.41,11.05,7.05
2026-01-25 18:00:00,23.0,96,0.5,22.29,11.08,7.17
2026-01-25 19:00:00,22.8,98,0.6,22.14,11.15,7.07
2026-01-25 20:00:00,22.8,97,0.2,22.04,11.15,7.32
2026-01-25 21:00:00,22.8,96,0.3,21.97,11.15,7.35
2026-01-25 22:00:00,22.8,96,0.4,21.92,11.16,7.17
2026-01-25 23:00:00,22.6,97,0.7,21.82,11.2,7.33
2026-01-26 00:00:00,22.8,96,0.8,21.82,11.18,7.33
2026-01-26 01:00:00,22.9,96,1.0,21.84,11.17,7.43
2026-01-26 02:00:00,23.4,94,0.4,22.01,11.1,7.76
2026-01-26 03:00:00,24.4,91,0.1,22.43,10.94,7.61
2026-01-26 04:00:00,25.1,87,0.0,22.93,10.76,7.73
2026-01-26 05:00:00,26.5,77,0.0,23.7,10.39,7.77
2026-01-26 06:00:00,26.8,77,0.1,24.33,10.26,7.61
2026-01-26 07:00:00,27.2,77,0.0,24.89,10.14,7.62
2026-01-26 08:00:00,26.8,78,0.1,25.16,10.1,7.54
2026-01-26 09:00:00,26.0,75,0.3,25.11,10.06,7.51
2026-01-26 10:00:00,25.5,81,0.4,24.93,10.21,7.25
2026-01-26 11:00:00,25.8,80,0.1,24.89,10.2,7.54
2026-01-26 12:00:00,25.8,81,0.0,24.86,10.22,7.62
2026-01-26 13:00:00,25.4,84,0.0,24.72,10.31,7.35
2026-01-26 14:00:00,25.2,83,0.0,24.57,10.33,7.12
2026-01-26 15:00:00,25.0,84,0.0,24.4,10.38,7.14
2026-01-26 16:00:00,24.7,85,0.0,24.19,10.45,7.11
2026-01-26 17:00:00,24.4,86,0.0,23.95,10.52,7.03
2026-01-26 18:00:00,24.2,84,0.0,23.73,10.52,7.21
2026-01-26 19:00:00,24.2,84,0.0,23.57,10.56,7.22
2026-01-26 20:00:00,23.9,85,0.0,23.37,10.62,7.05
2026-01-26 21:00:00,23.8,86,0.0,23.2,10.68,7.29
2026-01-26 22:00:00,23.9,85,0.0,23.11,10.68,7.43
2026-01-26 23:00:00,23.9,84,0.0,23.05,10.67,7.54
2026-01-27 00:00:00,24.0,85,0.0,23.03,10.69,7.72
2026-01-27 01:00:00,24.1,84,0.0,23.05,10.67,7.42
2026-01-27 02:00:00,24.6,82,0.0,23.22,10.59,7.86
2026-01-27 03:00:00,25.2,77,0.0,23.51,10.43,7.6
2026-01-27 04:00:00,25.7,71,0.0,23.87,10.24,7.62
2026-01-27 05:00:00,26.2,71,0.0,24.27,10.16,7.74
2026-01-27 06:00:00,26.5,74,0.0,24.64,10.14,7.66
2026-01-27 07:00:00,27.0,69,0.0,25.05,9.96,7.74
2026-01-27 08:00:00,27.0,69,0.0,25.33,9.9,7.53
2026-01-27 09:00:00,26.7,68,0.0,25.44,9.85,7.59
2026-01-27 10:00:00,26.5,66,0.0,25.46,9.81,7.68
2026-01-27 11:00:00,25.9,68,0.0,25.29,9.89,7.48
2026-01-27 12:00:00,25.5,77,0.0,25.05,10.11,7.42
2026-01-27 13:00:00,24.5,83,0.0,24.59,10.32,7.38
2026-01-27 14:00:00,24.1,84,0.0,24.14,10.44,7.39
2026-01-27 15:00:00,24.0,86,0.0,23.8,10.55,7.04
2026-01-27 16:00:00,23.6,87,0.0,23.44,10.65,7.22
2026-01-27 17:00:00,23.5,87,0.0,23.16,10.71,7.11
2026-01-27 18:00:00,23.4,89,0.0,22.93,10.8,7.15
2026-01-27 19:00:00,23.1,89,0.0,22.68,10.85,7.25
2026-01-27 20:00:00,22.7,91,0.0,22.39,10.95,7.06
2026-01-27 21:00:00,22.5,90,0.0,22.12,10.99,7.13
2026-01-27 22:00:00,22.6,89,0.0,21.96,11.0,7.1
2026-01-27 23:00:00,22.4,89,0.0,21.8,11.04,7.31
2026-01-28 00:00:00,21.5,93,0.0,21.41,11.21,7.58
2026-01-28 01:00:00,21.5,93,0.0,21.13,11.27,7.51
2026-01-28 02:00:00,22.4,91,0.0,21.21,11.21,7.46
2026-01-28 03:00:00,24.2,87,0.0,21.81,11.0,7.61
2026-01-28 04:00:00,26.0,76,0.0,22.77,10.57,7.54
2026-01-28 05:00:00,26.6,72,0.0,23.62,10.31,7.6
2026-01-28 06:00:00,27.0,70,0.0,24.33,10.12,7.76
2026-01-28 07:00:00,27.0,68,0.0,24.83,9.98,7.58
2026-01-28 08:00:00,27.0,67,0.0,25.18,9.89,7.78
2026-01-28 09:00:00,26.9,65,0.0,25.4,9.81,7.61
2026-01-28 10:00:00,26.5,67,0.0,25.43,9.84,7.56
2026-01-28 11:00:00,26.0,68,0.0,25.3,9.88,7.46
2026-01-28 12:00:00,25.4,74,0.0,25.03,10.05,7.49
2026-01-28 13:00:00,24.5,79,0.0,24.57,10.25,7.41
2026-01-28 14:00:00,24.1,81,0.0,24.13,10.38,7.3
2026-01-28 15:00:00,23.8,83,0.0,23.73,10.5,7.27
2026-01-28 16:00:00,23.5,83,0.0,23.36,10.58,7.15
2026-01-28 17:00:00,23.4,83,0.0,23.07,10.64,7.19
2026-01-28 18:00:00,23.6,84,0.0,22.93,10.69,7.1
2026-01-28 19:00:00,23.6,84,0.0,22.83,10.72,7.14
2026-01-28 20:00:00,23.4,84,0.0,22.7,10.74,7.15
2026-01-28 21:00:00,23.1,84,0.0,22.52,10.78,7.18
2026-01-28 22:00:00,22.9,85,0.0,22.34,10.84,7.22
2026-01-28 23:00:00,22.8,85,0.0,22.17,10.88,7.41
2026-01-29 00:00:00,22.6,86,0.0,22.0,10.93,7.57
2026-01-29 01:00:00,22.7,86,0.0,21.91,10.95,7.64
2026-01-29 02:00:00,23.2,85,0.0,22.0,10.91,7.46
2026-01-29 03:00:00,24.9,78,0.0,22.57,10.65,7.78
2026-01-29 04:00:00,25.9,70,0.0,23.27,10.34,7.66
2026-01-29 05:00:00,26.4,67,0.0,23.91,10.15,7.77
2026-01-29 06:00:00,26.7,65,0.0,24.45,10.0,7.62
2026-01-29 07:00:00,26.9,63,0.0,24.88,9.87,7.72
2026-01-29 08:00:00,26.9,64,0.0,25.19,9.83,7.7
2026-01-29 09:00:00,26.8,64,0.0,25.37,9.79,7.47
2026-01-29 10:00:00,26.5,64,0.0,25.41,9.78,7.62
2026-01-29 11:00:00,26.1,64,0.0,25.32,9.8,7.62
2026-01-29 12:00:00,25.6,70,0.0,25.1,9.96,7.39
2026-01-29 13:00:00,24.6,76,0.0,24.65,10.17,7.47
2026-01-29 14:00:00,24.4,79,0.0,24.28,10.31,7.25
2026-01-29 15:00:00,24.1,81,0.0,23.92,10.42,7.29
2026-01-29 16:00:00,24.1,81,0.0,23.68,10.48,6.94
2026-01-29 17:00:00,24.0,81,0.0,23.47,10.52,7.38
2026-01-29 18:00:00,23.8,82,0.0,23.27,10.58,7.28
2026-01-29 19:00:00,23.5,83,0.0,23.04,10.65,7.11
2026-01-29 20:00:00,23.3,84,0.0,22.82,10.72,6.97
2026-01-29 21:00:00,23.1,83,0.0,22.6,10.74,7.25
2026-01-29 22:00:00,22.9,82,0.0,22.39,10.77,7.14
2026-01-29 23:00:00,22.8,81,0.0,22.21,10.79,7.4
2026-01-30 00:00:00,22.8,86,0.0,22.09,10.92,7.48
2026-01-30 01:00:00,22.6,84,0.0,21.94,10.91,7.42
2026-01-30 02:00:00,23.2,81,0.0,22.02,10.83,7.7
2026-01-30 03:00:00,24.8,71,0.0,22.55,10.51,7.73
2026-01-30 04:00:00,25.6,67,0.0,23.17,10.31,7.79
2026-01-30 05:00:00,26.2,64,0.0,23.78,10.12,7.71
2026-01-30 06:00:00,26.7,63,0.0,24.35,9.98,7.57
2026-01-30 07:00:00,27.0,62,0.0,24.85,9.86,7.8
2026-01-30 08:00:00,27.0,59,0.0,25.19,9.73,7.64
2026-01-30 09:00:00,27.0,58,0.0,25.44,9.67,7.48
2026-01-30 10:00:00,26.5,60,0.0,25.45,9.7,7.69
2026-01-30 11:00:00,26.0,63,0.0,25.32,9.78,7.69
2026-01-30 12:00:00,25.4,67,0.0,25.04,9.92,7.41
2026-01-30 13:00:00,24.5,72,0.0,24.58,10.11,7.55
2026-01-30 14:00:00,24.0,75,0.0,24.11,10.27,7.28
2026-01-30 15:00:00,23.7,76,0.0,23.68,10.38,7.17
2026-01-30 16:00:00,23.6,75,0.0,23.36,10.42,7.1
2026-01-30 17:00:00,23.4,76,0.0,23.07,10.51,7.3
2026-01-30 18:00:00,23.4,77,0.0,22.87,10.57,7.05
2026-01-30 19:00:00,23.3,76,0.0,22.7,10.58,7.22
2026-01-30 20:00:00,23.1,75,0.0,22.52,10.6,7.12
2026-01-30 21:00:00,22.9,74,0.0,22.33,10.62,7.18
2026-01-30 22:00:00,22.8,75,0.0,22.17,10.67,7.39
2026-01-30 23:00:00,22.5,76,0.0,21.97,10.74,7.32
2026-01-31 00:00:00,22.5,79,0.0,21.83,10.83,7.4
2026-01-31 01:00:00,22.4,80,0.0,21.7,10.88,7.63
2026-01-31 02:00:00,22.8,79,0.0,21.73,10.85,7.75
2026-01-31 03:00:00,24.5,71,0.0,22.26,10.57,7.71
2026-01-31 04:00:00,26.1,60,0.0,23.11,10.18,7.62
2026-01-31 05:00:00,27.1,56,0.0,24.01,9.92,7.66
2026-01-31 06:00:00,27.9,50,0.0,24.88,9.62,7.72
2026-01-31 07:00:00,28.5,48,0.0,25.66,9.43,7.73
2026-01-31 08:00:00,28.1,51,0.0,26.09,9.4,7.56
2026-01-31 09:00:00,28.4,50,0.0,26.49,9.3,7.68
2026-01-31 10:00:00,27.6,52,0.0,26.52,9.33,7.55
2026-01-31 11:00:00,26.8,57,0.0,26.3,9.47,7.3
2026-01-31 12:00:00,26.2,61,0.0,25.97,9.61,7.31
2026-01-31 13:00:00,25.4,66,0.0,25.5,9.8,7.28
2026-01-31 14:00:00,25.0,69,0.0,25.05,9.95,7.25
2026-01-31 15:00:00,24.6,71,0.0,24.62,10.08,7.39
2026-01-31 16:00:00,24.4,74,0.0,24.25,10.22,7.18
2026-01-31 17:00:00,24.5,73,0.0,24.03,10.25,7.05
2026-01-31 18:00:00,25.1,71,0.0,24.05,10.2,7.14
2026-01-31 19:00:00,25.0,72,0.0,24.03,10.22,7.09
2026-01-31 20:00:00,24.7,74,0.0,23.93,10.28,7.19
2026-01-31 21:00:00,24.4,75,0.0,23.77,10.34,7.27
2026-01-31 22:00:00,24.4,73,0.0,23.66,10.32,7.39
2026-01-31 23:00:00,24.2,72,0.0,23.52,10.33,7.34
2026-02-01 00:00:00,24.0,79,0.0,23.37,10.5,7.59
2026-02-01 01:00:00,24.0,77,0.0,23.26,10.49,7.6
2026-02-01 02:00:00,24.8,72,0.0,23.42,10.35,7.51
2026-02-01 03:00:00,26.0,65,0.0,23.89,10.12,7.85
2026-02-01 04:00:00,27.0,61,0.0,24.53,9.91,7.71
2026-02-01 05:00:00,27.8,57,0.0,25.21,9.69,7.61
2026-02-01 06:00:00,28.2,56,0.0,25.81,9.55,7.87
2026-02-01 07:00:00,28.6,54,0.0,26.34,9.41,7.89
2026-02-01 08:00:00,28.5,52,0.0,26.69,9.3,7.65
2026-02-01 09:00:00,28.2,53,0.0,26.84,9.29,7.55
2026-02-01 10:00:00,27.8,55,0.0,26.83,9.33,7.52
2026-02-01 11:00:00,27.0,56,0.0,26.58,9.4,7.54
2026-02-01 12:00:00,26.9,60,0.0,26.38,9.51,7.52
2026-02-01 13:00:00,26.0,68,0.0,25.96,9.75,7.38
2026-02-01 14:00:00,25.9,69,0.0,25.64,9.83,7.26
2026-02-01 15:00:00,25.6,70,0.0,25.33,9.92,7.34
2026-02-01 16:00:00,25.5,70,0.0,25.08,9.97,7.12
2026-02-01 17:00:00,25.2,70,0.0,24.82,10.02,7.23
2026-02-01 18:00:00,25.0,72,0.0,24.57,10.11,7.09
2026-02-01 19:00:00,24.8,72,0.0,24.34,10.16,7.17
2026-02-01 20:00:00,24.6,72,0.0,24.12,10.21,7.15
2026-02-01 21:00:00,24.5,73,0.0,23.93,10.26,7.2
2026-02-01 22:00:00,24.3,74,0.0,23.74,10.32,7.23
2026-02-01 23:00:00,24.1,75,0.0,23.55,10.38,7.48
2026-02-02 00:00:00,23.9,79,0.0,23.36,10.5,7.35
2026-02-02 01:00:00,23.9,78,0.0,23.22,10.51,7.43
2026-02-02 02:00:00,24.6,74,0.0,23.33,10.41,7.79
2026-02-02 03:00:00,25.9,67,0.0,23.8,10.17,7.73
2026-02-02 04:00:00,26.8,62,0.0,24.4,9.95,7.44
2026-02-02 05:00:00,27.6,57,0.0,25.06,9.72,7.64
2026-02-02 06:00:00,27.8,55,0.0,25.58,9.58,7.52
2026-02-02 07:00:00,27.9,56,0.0,25.98,9.52,7.59
2026-02-02 08:00:00,27.8,56,0.0,26.22,9.47,7.34
2026-02-02 09:00:00,27.5,58,0.0,26.31,9.49,7.6
2026-02-02 10:00:00,27.2,59,0.0,26.28,9.51,7.43
2026-02-02 11:00:00,26.5,61,0.0,26.04,9.6,7.48
2026-02-02 12:00:00,26.5,65,0.0,25.88,9.71,7.24
2026-02-02 13:00:00,25.6,71,0.0,25.5,9.9,7.34
2026-02-02 14:00:00,25.5,73,0.0,25.2,10.0,7.22
2026-02-02 15:00:00,25.3,74,0.0,24.93,10.08,7.35
2026-02-02 16:00:00,25.0,76,0.0,24.65,10.17,7.29
2026-02-02 17:00:00,24.7,77,0.0,24.36,10.25,7.21
2026-02-02 18:00:00,24.5,78,0.0,24.11,10.33,7.09
2026-02-02 19:00:00,24.3,78,0.0,23.86,10.38,7.33
2026-02-02 20:00:00,24.0,78,0.0,23.6,10.43,7.01
2026-02-02 21:00:00,23.6,80,0.0,23.3,10.54,7.07
2026-02-02 22:00:00,23.3,81,0.0,23.0,10.62,7.27
2026-02-02 23:00:00,23.1,80,0.0,22.73,10.66,7.58
2026-02-03 00:00:00,22.9,82,0.0,22.48,10.75,7.41
2026-02-03 01:00:00,22.8,82,0.0,22.28,10.79,7.5
2026-02-03 02:00:00,23.5,77,0.0,22.34,10.68,7.44
2026-02-03 03:00:00,25.4,63,0.0,22.96,10.27,7.74
2026-02-03 04:00:00,26.7,56,0.0,23.78,9.96,7.78
2026-02-03 05:00:00,27.5,52,0.0,24.6,9.72,7.78
2026-02-03 06:00:00,27.8,54,0.0,25.26,9.62,7.64
2026-02-03 07:00:00,28.2,52,0.0,25.84,9.47,7.62
2026-02-03 08:00:00,28.4,50,0.0,26.31,9.34,7.53
2026-02-03 09:00:00,28.0,51,0.0,26.52,9.32,7.62
2026-02-03 10:00:00,27.5,53,0.0,26.51,9.35,7.44
2026-02-03 11:00:00,26.8,56,0.0,26.3,9.45,7.36
2026-02-03 12:00:00,26.5,56,0.0,26.06,9.5,7.36
2026-02-03 13:00:00,25.6,61,0.0,25.62,9.68,7.28
2026-02-03 14:00:00,25.1,64,0.0,25.16,9.83,7.2
2026-02-03 15:00:00,24.6,68,0.0,24.7,10.01,7.25
2026-02-03 16:00:00,24.5,69,0.0,24.34,10.1,7.16
2026-02-03 17:00:00,24.3,70,0.0,24.03,10.19,7.1
2026-02-03 18:00:00,24.4,73,0.0,23.84,10.28,7.14
2026-02-03 19:00:00,24.5,72,0.0,23.74,10.29,7.03
2026-02-03 20:00:00,24.4,72,0.0,23.64,10.31,7.17
2026-02-03 21:00:00,24.2,72,0.0,23.5,10.33,7.23
2026-02-03 22:00:00,24.1,73,0.0,23.38,10.38,7.13
2026-02-03 23:00:00,24.1,73,0.0,23.3,10.4,7.45
2026-02-04 00:00:00,24.0,75,0.0,23.21,10.46,7.34
2026-02-04 01:00:00,23.9,76,0.0,23.12,10.5,7.52
2026-02-04 02:00:00,24.5,73,0.0,23.23,10.41,7.69
2026-02-04 03:00:00,26.1,65,0.0,23.79,10.14,7.73
2026-02-04 04:00:00,27.3,59,0.0,24.54,9.87,7.68
2026-02-04 05:00:00,28.3,55,0.0,25.37,9.62,7.66
2026-02-04 06:00:00,28.5,56,0.0,26.01,9.51,7.79
2026-02-04 07:00:00,29.0,54,0.0,26.61,9.35,7.75
2026-02-04 08:00:00,29.0,55,0.0,27.02,9.29,7.59
2026-02-04 09:00:00,28.5,57,0.0,27.17,9.29,7.52
2026-02-04 10:00:00,27.8,60,0.0,27.06,9.37,7.33
2026-02-04 11:00:00,27.0,62,0.0,26.74,9.47,7.49
2026-02-04 12:00:00,26.1,65,0.0,26.25,9.63,7.39
2026-02-04 13:00:00,25.1,69,0.0,25.6,9.84,7.44
2026-02-04 14:00:00,24.8,70,0.0,25.06,9.97,7.3
2026-02-04 15:00:00,24.4,72,0.0,24.56,10.11,7.34
2026-02-04 16:00:00,24.0,74,0.0,24.09,10.25,7.09
2026-02-04 17:00:00,23.9,75,0.0,23.74,10.35,7.25
2026-02-04 18:00:00,23.9,76,0.0,23.49,10.42,7.07
2026-02-04 19:00:00,23.9,76,0.0,23.31,10.45,7.21
2026-02-04 20:00:00,23.8,76,0.0,23.16,10.49,7.02
2026-02-04 21:00:00,23.7,77,0.0,23.02,10.54,7.24
2026-02-04 22:00:00,23.6,77,0.0,22.89,10.56,7.08
2026-02-04 23:00:00,23.5,77,0.0,22.78,10.59,7.33
2026-02-05 00:00:00,23.5,78,0.0,22.69,10.62,7.48
2026-02-05 01:00:00,23.4,77,0.0,22.61,10.62,7.46
2026-02-05 02:00:00,24.0,73,0.0,22.72,10.52,7.48
2026-02-05 03:00:00,25.9,66,0.0,23.38,10.24,7.72
2026-02-05 04:00:00,27.4,58,0.0,24.28,9.9,7.67
2026-02-05 05:00:00,28.3,54,0.0,25.19,9.64,7.65
2026-02-05 06:00:00,28.6,53,0.0,25.91,9.47,7.71
2026-02-05 07:00:00,29.2,49,0.0,26.6,9.26,7.95
2026-02-05 08:00:00,28.8,53,0.0,26.96,9.26,7.77
2026-02-05 09:00:00,28.7,52,0.0,27.18,9.2,7.72
2026-02-05 10:00:00,28.1,54,0.0,27.16,9.24,7.58
2026-02-05 11:00:00,27.5,56,0.0,26.96,9.32,7.48
2026-02-05 12:00:00,26.8,62,0.0,26.61,9.5,7.15
2026-02-05 13:00:00,26.1,65,0.0,26.16,9.65,7.25
2026-02-05 14:00:00,25.6,69,0.0,25.69,9.82,7.21
2026-02-05 15:00:00,25.3,71,0.0,25.27,9.95,7.01
2026-02-05 16:00:00,25.0,73,0.0,24.89,10.06,7.04
2026-02-05 17:00:00,24.7,74,0.0,24.53,10.16,6.93
2026-02-05 18:00:00,24.4,79,0.0,24.19,10.33,7.11
2026-02-05 19:00:00,24.3,79,0.0,23.93,10.38,7.21
2026-02-05 20:00:00,24.0,80,0.0,23.65,10.46,7.27
2026-02-05 21:00:00,23.7,82,0.0,23.36,10.56,7.26
2026-02-05 22:00:00,23.4,84,0.0,23.07,10.66,7.18
2026-02-05 23:00:00,23.1,85,0.0,22.78,10.75,7.16
2026-02-06 00:00:00,23.4,84,0.2,22.67,10.75,7.24
2026-02-06 01:00:00,23.4,84,0.0,22.59,10.77,7.38
2026-02-06 02:00:00,24.0,81,0.0,22.71,10.68,7.49
2026-02-06 03:00:00,25.6,73,0.0,23.28,10.4,7.62
2026-02-06 04:00:00,27.0,61,0.0,24.09,10.0,7.58
2026-02-06 05:00:00,27.9,55,0.0,24.94,9.71,7.73
2026-02-06 06:00:00,28.4,54,0.0,25.68,9.54,7.68
2026-02-06 07:00:00,28.9,52,0.0,26.34,9.37,7.69
2026-02-06 08:00:00,28.9,53,0.0,26.81,9.29,7.77
2026-02-06 09:00:00,28.5,52,0.0,27.02,9.23,7.48
2026-02-06 10:00:00,28.2,53,0.0,27.07,9.24,7.58
2026-02-06 11:00:00,27.4,56,0.0,26.87,9.34,7.47
2026-02-06 12:00:00,26.5,64,0.0,26.46,9.57,7.36
2026-02-06 13:00:00,25.7,68,0.0,25.93,9.75,7.41
2026-02-06 14:00:00,25.4,70,0.0,25.47,9.89,7.34
2026-02-06 15:00:00,25.1,72,0.0,25.06,10.01,7.1
2026-02-06 16:00:00,24.8,74,0.0,24.68,10.13,7.14
2026-02-06 17:00:00,24.3,77,0.0,24.27,10.27,7.16
2026-02-06 18:00:00,24.0,81,0.0,23.89,10.43,7.09
2026-02-06 19:00:00,23.6,83,0.0,23.5,10.55,7.19
2026-02-06 20:00:00,23.3,85,0.0,23.14,10.67,7.2
2026-02-06 21:00:00,23.1,85,0.0,22.83,10.74,7.4
2026-02-06 22:00:00,22.5,87,0.0,22.43,10.86,7.13
2026-02-06 23:00:00,22.0,90,0.0,22.0,11.02,7.35
2026-02-07 00:00:00,21.6,97,0.0,21.58,11.25,7.35
2026-02-07 01:00:00,21.3,98,0.0,21.2,11.36,7.59
2026-02-07 02:00:00,21.7,96,0.0,21.05,11.35,7.44
2026-02-07 03:00:00,23.9,83,0.0,21.6,10.96,7.69
2026-02-07 04:00:00,26.4,70,0.0,22.74,10.45,7.63
2026-02-07 05:00:00,28.0,61,0.0,24.02,10.01,7.64
2026-02-07 06:00:00,28.6,56,0.0,25.09,9.7,7.56
2026-02-07 07:00:00,29.4,51,0.0,26.09,9.4,7.64
2026-02-07 08:00:00,29.5,50,0.0,26.81,9.24,7.76
2026-02-07 09:00:00,29.4,52,0.0,27.29,9.18,7.6
2026-02-07 10:00:00,28.8,54,0.0,27.44,9.18,7.6
2026-02-07 11:00:00,28.0,58,0.0,27.31,9.28,7.63
2026-02-07 12:00:00,26.8,66,0.0,26.86,9.52,7.42
2026-02-07 13:00:00,25.5,75,0.0,26.15,9.84,7.26
2026-02-07 14:00:00,25.1,78,0.0,25.53,10.02,7.3
2026-02-07 15:00:00,25.0,79,0.0,25.07,10.14,7.14
2026-02-07 16:00:00,24.7,81,0.0,24.66,10.27,7.1
2026-02-07 17:00:00,24.3,84,0.0,24.25,10.41,6.98
2026-02-07 18:00:00,24.2,86,0.0,23.94,10.52,7.21
2026-02-07 19:00:00,23.8,89,0.0,23.6,10.65,7.1
2026-02-07 20:00:00,23.1,92,0.0,23.15,10.81,7.19
2026-02-07 21:00:00,22.8,92,0.0,22.74,10.9,7.12
2026-02-07 22:00:00,21.7,96,0.0,22.13,11.11,7.33
2026-02-07 23:00:00,21.4,99,0.0,21.61,11.28,7.29
2026-02-08 00:00:00,22.0,98,0.0,21.43,11.3,7.43
2026-02-08 01:00:00,22.1,99,0.0,21.33,11.35,7.61
2026-02-08 02:00:00,22.4,97,0.0,21.35,11.3,7.68
2026-02-08 03:00:00,24.2,83,0.0,21.91,10.89,7.65
2026-02-08 04:00:00,26.4,69,0.0,22.95,10.39,7.51
2026-02-08 05:00:00,28.1,57,0.0,24.2,9.9,8.01
2026-02-08 06:00:00,28.8,53,0.0,25.28,9.6,7.88
2026-02-08 07:00:00,29.5,48,0.0,26.24,9.31,7.76
2026-02-08 08:00:00,29.5,52,0.0,26.92,9.25,7.58
2026-02-08 09:00:00,29.0,56,0.0,27.24,9.26,7.59
2026-02-08 10:00:00,28.4,59,0.0,27.29,9.31,7.48
2026-02-08 11:00:00,27.4,65,0.0,27.02,9.47,7.59
2026-02-08 12:00:00,26.2,73,0.0,26.48,9.73,7.42
2026-02-08 13:00:00,25.5,77,0.0,25.88,9.93,7.25
2026-02-08 14:00:00,25.2,76,0.0,25.38,10.02,7.21
2026-02-08 15:00:00,24.9,78,0.0,24.94,10.15,7.31
2026-02-08 16:00:00,24.5,81,0.0,24.5,10.3,7.32
2026-02-08 17:00:00,24.4,82,0.0,24.17,10.39,7.28
2026-02-08 18:00:00,24.1,85,0.0,23.85,10.52,7.2
2026-02-08 19:00:00,24.0,84,0.0,23.6,10.55,7.11
2026-02-08 20:00:00,23.6,83,0.0,23.3,10.6,6.84
2026-02-08 21:00:00,23.1,84,0.0,22.94,10.69,7.25
2026-02-08 22:00:00,22.5,86,0.0,22.51,10.83,7.28
2026-02-08 23:00:00,22.2,87,0.0,22.11,10.93,7.38
2026-02-09 00:00:00,21.6,95,0.0,21.66,11.19,7.45
2026-02-09 01:00:00,21.4,95,0.0,21.28,11.27,7.39
2026-02-09 02:00:00,21.5,94,0.0,21.05,11.3,7.66
2026-02-09 03:00:00,22.9,87,0.0,21.3,11.1,7.72
2026-02-09 04:00:00,25.9,72,0.0,22.38,10.57,7.76
2026-02-09 05:00:00,27.6,61,0.0,23.65,10.09,7.81
2026-02-09 06:00:00,28.4,56,0.0,24.77,9.76,7.77
2026-02-09 07:00:00,29.0,52,0.0,25.74,9.49,7.65
2026-02-09 08:00:00,29.0,49,0.0,26.42,9.3,7.65
2026-02-09 09:00:00,28.6,50,0.0,26.77,9.25,7.61
2026-02-09 10:00:00,28.2,53,0.0,26.9,9.28,7.55
2026-02-09 11:00:00,27.5,55,0.0,26.78,9.34,7.57
2026-02-09 12:00:00,26.0,66,0.0,26.25,9.65,7.46
2026-02-09 13:00:00,25.0,72,0.0,25.57,9.9,7.53
2026-02-09 14:00:00,25.0,72,0.0,25.1,10.0,7.48
2026-02-09 15:00:00,24.7,75,0.0,24.68,10.15,7.21
2026-02-09 16:00:00,24.5,76,0.0,24.33,10.24,6.77
2026-02-09 17:00:00,24.3,76,0.0,24.02,10.31,7.25
2026-02-09 18:00:00,24.2,79,0.0,23.77,10.42,7.07
2026-02-09 19:00:00,24.1,79,0.0,23.57,10.46,7.05
2026-02-09 20:00:00,23.8,80,0.0,23.34,10.53,7.13
2026-02-09 21:00:00,23.5,81,0.0,23.09,10.6,7.17
2026-02-09 22:00:00,23.1,82,0.0,22.79,10.68,7.34
2026-02-09 23:00:00,22.3,86,0.0,22.34,10.86,7.2
2026-02-10 00:00:00,22.2,89,0.0,22.0,11.0,7.33
2026-02-10 01:00:00,22.1,89,0.0,21.73,11.05,7.55
2026-02-10 02:00:00,23.3,82,0.0,21.9,10.87,7.65
2026-02-10 03:00:00,25.2,71,0.0,22.59,10.51,7.71
2026-02-10 04:00:00,26.8,59,0.0,23.55,10.07,7.61
2026-02-10 05:00:00,27.9,54,0.0,24.56,9.77,7.61
2026-02-10 06:00:00,28.1,54,0.0,25.32,9.61,7.66
2026-02-10 07:00:00,28.6,52,0.0,26.0,9.44,7.71
2026-02-10 08:00:00,28.5,53,0.0,26.45,9.37,7.8
2026-02-10 09:00:00,28.1,55,0.0,26.65,9.36,7.4
2026-02-10 10:00:00,27.6,56,0.0,26.63,9.38,7.52
2026-02-10 11:00:00,26.8,59,0.0,26.38,9.49,7.34
2026-02-10 12:00:00,26.0,65,0.0,25.97,9.69,7.24
2026-02-10 13:00:00,25.4,69,0.0,25.5,9.86,7.42
2026-02-10 14:00:00,25.1,70,0.0,25.08,9.97,7.31
2026-02-10 15:00:00,24.9,71,0.0,24.72,10.06,7.25
2026-02-10 16:00:00,24.7,71,0.0,24.42,10.12,7.25
2026-02-10 17:00:00,24.5,71,0.0,24.14,10.18,7.08
2026-02-10 18:00:00,24.5,72,0.0,23.95,10.24,7.08
2026-02-10 19:00:00,24.2,72,0.0,23.72,10.29,7.35
2026-02-10 20:00:00,24.0,72,0.0,23.51,10.33,7.14
2026-02-10 21:00:00,23.6,72,0.0,23.24,10.39,7.29
2026-02-10 22:00:00,23.2,73,0.0,22.92,10.48,7.28
2026-02-10 23:00:00,23.1,71,0.0,22.68,10.49,7.17
2026-02-11 00:00:00,22.8,79,0.0,22.41,10.7,7.23
2026-02-11 01:00:00,22.9,77,0.0,22.26,10.7,7.46
2026-02-11 02:00:00,23.5,74,0.0,22.33,10.62,7.69
2026-02-11 03:00:00,25.2,64,0.0,22.89,10.3,7.72
2026-02-11 04:00:00,26.6,57,0.1,23.7,10.0,7.77
2026-02-11 05:00:00,27.5,51,0.0,24.54,9.71,7.61
2026-02-11 06:00:00,27.7,49,0.0,25.19,9.54,7.87
2026-02-11 07:00:00,27.8,49,0.0,25.67,9.45,7.6
2026-02-11 08:00:00,28.0,43,0.0,26.07,9.25,7.68
2026-02-11 09:00:00,27.7,45,0.0,26.26,9.25,7.61
2026-02-11 10:00:00,27.3,45,0.0,26.27,9.25,7.53
2026-02-11 11:00:00,26.6,49,0.0,26.07,9.37,7.61
2026-02-11 12:00:00,26.0,53,0.0,25.75,9.51,7.33
2026-02-11 13:00:00,25.5,55,0.0,25.37,9.62,7.19
2026-02-11 14:00:00,25.4,56,0.0,25.08,9.7,7.26
2026-02-11 15:00:00,25.2,57,0.0,24.82,9.77,7.16
2026-02-11 16:00:00,25.1,58,0.0,24.6,9.83,7.49
2026-02-11 17:00:00,25.3,57,0.0,24.51,9.83,7.19
2026-02-11 18:00:00,24.6,64,0.0,24.24,10.03,7.08
2026-02-11 19:00:00,24.6,64,0.0,24.05,10.06,7.02
2026-02-11 20:00:00,24.5,66,0.0,23.88,10.14,6.97
2026-02-11 21:00:00,24.2,68,0.0,23.68,10.22,7.11
2026-02-11 22:00:00,24.0,69,0.0,23.47,10.28,7.29
2026-02-11 23:00:00,23.9,70,0.0,23.3,10.34,7.49
2026-02-12 00:00:00,23.9,71,0.0,23.18,10.38,7.54
2026-02-12 01:00:00,23.9,71,0.0,23.1,10.4,7.53
2026-02-12 02:00:00,24.5,68,0.0,23.22,10.31,7.55
2026-02-12 03:00:00,25.8,62,0.0,23.69,10.1,7.66
2026-02-12 04:00:00,26.9,57,0.0,24.35,9.87,7.62
2026-02-12 05:00:00,27.8,52,0.0,25.09,9.62,7.87
2026-02-12 06:00:00,28.0,56,0.0,25.66,9.58,7.68
2026-02-12 07:00:00,27.5,59,0.0,25.91,9.59,7.68
2026-02-12 08:00:00,28.1,55,0.0,26.27,9.44,7.44
2026-02-12 09:00:00,28.4,54,0.0,26.61,9.35,7.59
2026-02-12 10:00:00,27.9,56,0.0,26.7,9.37,7.63
2026-02-12 11:00:00,26.9,61,0.0,26.46,9.51,7.37
2026-02-12 12:00:00,26.2,64,0.0,26.08,9.65,7.32
2026-02-12 13:00:00,25.4,68,0.0,25.58,9.83,7.41
2026-02-12 14:00:00,25.2,69,0.0,25.16,9.93,7.11
2026-02-12 15:00:00,25.1,70,0.0,24.84,10.02,7.31
2026-02-12 16:00:00,25.0,71,0.0,24.59,10.09,7.1
2026-02-12 17:00:00,24.8,72,0.0,24.35,10.16,7.09
2026-02-12 18:00:00,24.7,74,0.0,24.16,10.24,7.01
2026-02-12 19:00:00,24.6,75,0.0,23.99,10.29,7.17
2026-02-12 20:00:00,24.2,76,0.0,23.75,10.36,7.41
2026-02-12 21:00:00,23.9,78,0.0,23.5,10.45,7.29
2026-02-12 22:00:00,23.6,79,0.0,23.23,10.53,7.19
2026-02-12 23:00:00,23.2,81,0.0,22.92,10.64,7.47
2026-02-13 00:00:00,22.5,91,0.0,22.49,10.93,7.4
2026-02-13 01:00:00,22.5,92,0.0,22.2,11.01,7.65
2026-02-13 02:00:00,23.0,88,0.0,22.14,10.95,7.67
2026-02-13 03:00:00,25.1,76,0.0,22.73,10.58,7.35
2026-02-13 04:00:00,27.1,63,0.0,23.74,10.11,7.58
2026-02-13 05:00:00,28.1,57,0.0,24.75,9.79,7.8
2026-02-13 06:00:00,27.9,63,0.0,25.39,9.77,7.72
2026-02-13 07:00:00,29.0,60,0.1,26.17,9.55,7.58
2026-02-13 08:00:00,28.7,61,0.0,26.63,9.48,7.59
2026-02-13 09:00:00,28.5,62,0.0,26.89,9.44,7.41
2026-02-13 10:00:00,28.1,61,0.0,26.95,9.41,7.53
2026-02-13 11:00:00,27.5,62,0.0,26.82,9.46,7.69
2026-02-13 12:00:00,26.5,70,0.0,26.42,9.69,7.48
2026-02-13 13:00:00,25.6,73,0.0,25.88,9.86,7.54
2026-02-13 14:00:00,25.6,73,0.0,25.49,9.94,7.34
2026-02-13 15:00:00,25.5,74,0.0,25.2,10.02,7.3
2026-02-13 16:00:00,25.3,75,0.0,24.93,10.1,7.35
2026-02-13 17:00:00,25.1,76,0.0,24.68,10.17,7.16
2026-02-13 18:00:00,25.2,80,0.0,24.54,10.27,7.1
2026-02-13 19:00:00,25.1,80,0.0,24.4,10.3,7.23
2026-02-13 20:00:00,24.9,80,0.0,24.25,10.33,7.3
2026-02-13 21:00:00,24.5,81,0.0,24.03,10.4,7.16
2026-02-13 22:00:00,24.1,83,0.0,23.75,10.5,7.2
2026-02-13 23:00:00,23.8,84,0.0,23.46,10.58,7.36
2026-02-14 00:00:00,23.2,87,0.0,23.09,10.72,7.51
2026-02-14 01:00:00,23.4,87,0.0,22.88,10.77,7.59
2026-02-14 02:00:00,24.1,83,0.0,22.95,10.67,7.44
2026-02-14 03:00:00,26.0,73,0.0,23.56,10.34,7.83
2026-02-14 04:00:00,27.8,62,0.0,24.53,9.93,7.61
2026-02-14 05:00:00,28.6,57,0.0,25.45,9.64,7.67
2026-02-14 06:00:00,28.7,56,0.0,26.13,9.49,7.61
2026-02-14 07:00:00,29.3,54,0.0,26.78,9.32,7.95
2026-02-14 08:00:00,29.4,53,0.0,27.27,9.2,7.67
2026-02-14 09:00:00,28.9,56,0.0,27.46,9.22,7.51
2026-02-14 10:00:00,28.4,59,0.0,27.44,9.28,7.62
2026-02-14 11:00:00,27.6,63,0.0,27.19,9.4,7.54
2026-02-14 12:00:00,27.0,67,0.0,26.83,9.55,7.37
2026-02-14 13:00:00,25.9,74,0.0,26.25,9.8,7.4
2026-02-14 14:00:00,25.5,77,0.0,25.73,9.97,7.17
2026-02-14 15:00:00,25.4,79,0.0,25.33,10.09,7.15
2026-02-14 16:00:00,25.0,81,0.0,24.93,10.21,6.95
2026-02-14 17:00:00,24.5,83,0.0,24.5,10.34,6.99
2026-02-14 18:00:00,24.1,89,0.0,24.08,10.55,7.3
2026-02-14 19:00:00,23.6,91,0.0,23.64,10.68,7.3
2026-02-14 20:00:00,23.0,95,0.0,23.15,10.87,7.18
2026-02-14 21:00:00,22.5,98,0.0,22.65,11.04,7.39
2026-02-14 22:00:00,22.3,98,0.0,22.25,11.13,7.27
2026-02-14 23:00:00,22.2,98,0.0,21.93,11.19,7.34
2026-02-15 00:00:00,22.3,99,0.0,21.74,11.26,7.45
2026-02-15 01:00:00,22.4,99,0.0,21.64,11.28,7.51
2026-02-15 02:00:00,22.5,98,0.0,21.6,11.27,7.57
2026-02-15 03:00:00,24.0,88,0.0,22.02,10.97,7.77
2026-02-15 04:00:00,26.2,74,0.0,22.97,10.49,7.71
2026-02-15 05:00:00,28.2,61,0.0,24.24,9.97,7.78
2026-02-15 06:00:00,28.7,59,0.0,25.28,9.72,7.81
2026-02-15 07:00:00,29.5,54,0.0,26.25,9.43,7.73
2026-02-15 08:00:00,29.9,49,0.0,27.04,9.17,7.55
2026-02-15 09:00:00,29.7,49,0.0,27.54,9.07,7.46
2026-02-15 10:00:00,29.0,51,0.0,27.68,9.08,7.55
2026-02-15 11:00:00,28.0,56,0.0,27.47,9.21,7.45
2026-02-15 12:00:00,26.7,68,0.0,26.94,9.54,7.4
2026-02-15 13:00:00,25.4,79,0.0,26.18,9.91,7.32
2026-02-15 14:00:00,25.0,82,0.0,25.53,10.1,7.51
2026-02-15 15:00:00,25.0,83,0.0,25.07,10.22,7.06
2026-02-15 16:00:00,24.7,85,0.0,24.66,10.35,6.95
2026-02-15 17:00:00,24.5,85,0.0,24.31,10.42,7.16
2026-02-15 18:00:00,24.2,88,0.0,23.98,10.55,7.08
2026-02-15 19:00:00,24.2,88,0.0,23.74,10.6,7.16
2026-02-15 20:00:00,23.9,89,0.0,23.49,10.67,7.22
2026-02-15 21:00:00,23.5,91,0.0,23.19,10.78,7.34
2026-02-15 22:00:00,22.6,93,0.0,22.72,10.92,7.13
2026-02-15 23:00:00,22.1,96,0.0,22.23,11.09,7.3
2026-02-16 00:00:00,21.8,98,0.0,21.8,11.22,7.48
2026-02-16 01:00:00,22.0,98,0.0,21.56,11.28,7.6
2026-02-16 02:00:00,22.5,94,0.0,21.54,11.2,7.81
2026-02-16 03:00:00,24.0,88,0.0,21.98,10.98,7.75
2026-02-16 04:00:00,26.3,75,0.0,22.98,10.51,7.68
2026-02-16 05:00:00,28.5,60,0.0,24.33,9.93,7.62
2026-02-16 06:00:00,29.1,54,0.0,25.46,9.58,7.65
2026-02-16 07:00:00,29.5,51,0.0,26.37,9.34,7.63
2026-02-16 08:00:00,29.4,50,0.0,26.98,9.2,7.72
2026-02-16 09:00:00,29.2,49,0.0,27.35,9.11,7.62
2026-02-16 10:00:00,28.6,53,0.0,27.42,9.17,7.4
2026-02-16 11:00:00,27.6,59,0.0,27.18,9.33,7.42
2026-02-16 12:00:00,26.6,70,0.0,26.7,9.63,7.48
2026-02-16 13:00:00,25.9,74,0.0,26.16,9.82,7.36
2026-02-16 14:00:00,25.8,75,0.0,25.75,9.92,7.31
2026-02-16 15:00:00,25.4,77,0.0,25.35,10.05,7.23
2026-02-16 16:00:00,25.0,80,0.0,24.94,10.19,7.31
2026-02-16 17:00:00,24.6,80,0.0,24.54,10.27,7.15
2026-02-16 18:00:00,24.4,83,0.0,24.2,10.4,7.08
2026-02-16 19:00:00,24.1,83,0.0,23.87,10.47,7.04
2026-02-16 20:00:00,23.9,82,0.0,23.58,10.52,7.19
2026-02-16 21:00:00,23.8,81,0.0,23.34,10.55,6.97
2026-02-16 22:00:00,23.5,81,0.0,23.09,10.6,7.26
2026-02-16 23:00:00,23.1,82,0.0,22.79,10.68,7.33
2026-02-17 00:00:00,23.4,83,0.0,22.68,10.73,7.3
2026-02-17 01:00:00,23.0,84,0.0,22.47,10.79,7.42
2026-02-17 02:00:00,23.7,82,0.0,22.54,10.74,7.67
2026-02-17 03:00:00,25.6,72,0.0,23.16,10.41,7.66
2026-02-17 04:00:00,27.1,62,0.0,24.04,10.03,7.69
2026-02-17 05:00:00,28.0,55,0.0,24.93,9.71,7.73
2026-02-17 06:00:00,28.0,59,0.0,25.55,9.66,7.71
2026-02-17 07:00:00,28.4,56,0.0,26.11,9.49,7.81
2026-02-17 08:00:00,28.4,55,0.0,26.49,9.39,7.67
2026-02-17 09:00:00,28.1,54,0.0,26.68,9.34,7.46
2026-02-17 10:00:00,27.7,55,0.0,26.68,9.36,7.71
2026-02-17 11:00:00,27.0,56,0.0,26.48,9.42,7.51
2026-02-17 12:00:00,26.5,61,0.0,26.18,9.57,7.34
2026-02-17 13:00:00,25.9,64,0.0,25.8,9.7,7.2
2026-02-17 14:00:00,25.8,65,0.0,25.5,9.79,7.29
2026-02-17 15:00:00,25.5,67,0.0,25.2,9.89,7.18
2026-02-17 16:00:00,25.5,68,0.0,24.99,9.95,7.31
2026-02-17 17:00:00,25.1,71,0.0,24.72,10.06,7.09
2026-02-17 18:00:00,25.0,75,0.0,24.51,10.18,7.03
2026-02-17 19:00:00,24.9,76,0.0,24.32,10.24,7.22
2026-02-17 20:00:00,24.5,78,0.0,24.08,10.33,7.25
2026-02-17 21:00:00,24.2,79,0.0,23.81,10.41,7.23
2026-02-17 22:00:00,24.1,78,0.0,23.6,10.43,7.34
2026-02-17 23:00:00,23.8,80,0.0,23.36,10.52,7.34
2026-02-18 00:00:00,23.2,85,0.0,23.01,10.7,7.45
2026-02-18 01:00:00,23.2,86,0.0,22.77,10.77,7.63
2026-02-18 02:00:00,24.2,81,0.0,22.9,10.64,7.64
2026-02-18 03:00:00,26.0,68,0.0,23.53,10.25,7.62
2026-02-18 04:00:00,27.5,58,0.0,24.42,9.87,7.81
2026-02-18 05:00:00,28.2,55,0.0,25.25,9.64,7.46
2026-02-18 06:00:00,28.3,56,0.0,25.87,9.54,7.91
2026-02-18 07:00:00,27.8,58,0.0,26.15,9.52,7.52
2026-02-18 08:00:00,27.9,59,0.0,26.37,9.49,7.59
2026-02-18 09:00:00,27.9,58,0.0,26.53,9.44,7.6
2026-02-18 10:00:00,27.1,62,0.0,26.4,9.54,7.53
2026-02-18 11:00:00,27.1,61,0.0,26.31,9.54,7.58
2026-02-18 12:00:00,26.6,66,0.0,26.1,9.68,7.29
2026-02-18 13:00:00,26.0,69,0.0,25.77,9.81,7.35
2026-02-18 14:00:00,25.9,70,0.0,25.51,9.88,7.2
2026-02-18 15:00:00,25.6,72,0.0,25.24,9.97,7.23
2026-02-18 16:00:00,25.4,73,0.0,24.98,10.04,7.14
2026-02-18 17:00:00,25.1,74,0.0,24.72,10.12,7.13
2026-02-18 18:00:00,25.0,78,0.0,24.5,10.24,7.06
2026-02-18 19:00:00,24.6,80,0.0,24.23,10.34,7.08
2026-02-18 20:00:00,24.3,81,0.0,23.95,10.42,7.19
2026-02-18 21:00:00,24.1,82,0.0,23.7,10.49,7.31
2026-02-18 22:00:00,24.0,82,0.0,23.49,10.54,7.22
2026-02-18 23:00:00,23.8,82,0.0,23.28,10.58,7.26
2026-02-19 00:00:00,24.1,81,0.0,23.23,10.57,7.49
2026-02-19 01:00:00,24.4,78,0.0,23.28,10.5,7.5
2026-02-19 02:00:00,25.4,73,0.0,23.62,10.33,7.66
2026-02-19 03:00:00,26.9,64,0.0,24.3,10.01,7.54
2026-02-19 04:00:00,27.9,60,0.0,25.08,9.78,7.49
2026-02-19 05:00:00,28.6,58,0.0,25.84,9.58,7.64
2026-02-19 06:00:00,28.9,60,0.0,26.46,9.5,7.62
2026-02-19 07:00:00,29.5,57,0.0,27.07,9.31,7.67
2026-02-19 08:00:00,29.6,57,0.0,27.53,9.22,7.58
2026-02-19 09:00:00,29.3,59,0.0,27.76,9.21,7.67
2026-02-19 10:00:00,28.6,61,0.0,27.71,9.26,7.5
2026-02-19 11:00:00,27.9,64,0.0,27.47,9.36,7.48
2026-02-19 12:00:00,27.1,69,0.0,27.06,9.54,7.41
2026-02-19 13:00:00,26.6,71,0.0,26.62,9.67,7.34
2026-02-19 14:00:00,26.6,72,0.0,26.31,9.75,7.24
2026-02-19 15:00:00,26.2,78,0.0,25.98,9.93,7.24
2026-02-19 16:00:00,26.1,78,0.0,25.72,9.99,7.06
2026-02-19 17:00:00,25.9,80,0.0,25.47,10.08,7.26
2026-02-19 18:00:00,25.7,82,0.0,25.24,10.16,7.08
2026-02-19 19:00:00,25.5,84,0.0,25.02,10.25,6.99
2026-02-19 20:00:00,25.2,84,0.0,24.77,10.3,7.17
2026-02-19 21:00:00,25.0,85,0.0,24.54,10.37,7.12
2026-02-19 22:00:00,24.5,87,0.0,24.23,10.48,7.33
2026-02-19 23:00:00,24.3,88,0.0,23.95,10.56,7.56
2026-02-20 00:00:00,24.4,89,0.0,23.78,10.61,7.34
2026-02-20 01:00:00,24.5,88,0.0,23.7,10.61,7.53
2026-02-20 02:00:00,25.5,82,0.0,23.94,10.44,7.4
2026-02-20 03:00:00,27.1,72,0.0,24.59,10.11,7.67
2026-02-20 04:00:00,28.4,63,0.0,25.43,9.76,7.58
2026-02-20 05:00:00,29.5,55,0.0,26.35,9.42,7.62
2026-02-20 06:00:00,29.5,58,0.0,27.0,9.35,7.58
2026-02-20 07:00:00,30.0,55,0.0,27.6,9.17,7.75
2026-02-20 08:00:00,30.2,55,0.0,28.08,9.07,7.74
2026-02-20 09:00:00,30.1,55,0.0,28.38,9.01,7.59
2026-02-20 10:00:00,29.4,59,0.0,28.39,9.08,7.44
2026-02-20 11:00:00,28.6,63,0.0,28.15,9.2,7.62
2026-02-20 12:00:00,27.5,72,0.0,27.66,9.47,7.31
2026-02-20 13:00:00,26.8,75,0.0,27.1,9.64,7.1
2026-02-20 14:00:00,26.5,76,0.0,26.62,9.76,7.29
2026-02-20 15:00:00,26.4,78,0.0,26.25,9.87,7.07
2026-02-20 16:00:00,26.0,80,0.0,25.88,9.99,7.24
2026-02-20 17:00:00,25.8,82,0.0,25.55,10.1,7.08
2026-02-20 18:00:00,25.8,84,0.0,25.33,10.18,7.17
2026-02-20 19:00:00,25.7,84,0.0,25.14,10.22,7.26
2026-02-20 20:00:00,25.3,87,0.0,24.89,10.33,7.03
2026-02-20 21:00:00,25.0,89,0.0,24.62,10.43,7.15
2026-02-20 22:00:00,24.8,88,0.0,24.38,10.46,7.26
2026-02-20 23:00:00,24.8,88,0.0,24.2,10.5,7.49
2026-02-21 00:00:00,24.5,91,0.0,23.99,10.61,7.35
2026-02-21 01:00:00,24.5,91,0.1,23.84,10.64,7.43
2026-02-21 02:00:00,25.0,85,0.4,23.89,10.51,7.59
2026-02-21 03:00:00,26.7,76,0.4,24.43,10.22,7.54
2026-02-21 04:00:00,28.4,67,0.2,25.32,9.86,7.67
2026-02-21 05:00:00,29.2,63,0.1,26.19,9.61,7.53
2026-02-21 06:00:00,29.2,62,0.0,26.79,9.46,7.91
2026-02-21 07:00:00,29.4,62,0.1,27.27,9.36,7.53
2026-02-21 08:00:00,29.4,64,0.1,27.61,9.33,7.6
2026-02-21 09:00:00,29.1,64,0.0,27.76,9.3,7.59
2026-02-21 10:00:00,28.5,66,0.6,27.68,9.35,7.69
2026-02-21 11:00:00,27.5,73,0.3,27.33,9.55,7.31
2026-02-21 12:00:00,27.0,74,0.0,26.93,9.66,7.59
2026-02-21 13:00:00,26.3,78,0.0,26.44,9.83,7.39
2026-02-21 14:00:00,26.0,82,0.0,26.01,10.0,7.29
2026-02-21 15:00:00,25.9,83,0.0,25.68,10.09,7.09
2026-02-21 16:00:00,25.8,84,0.0,25.41,10.16,7.2
2026-02-21 17:00:00,25.6,85,0.1,25.17,10.24,7.04
2026-02-21 18:00:00,25.5,86,0.0,24.97,10.3,7.24
2026-02-21 19:00:00,25.4,83,0.1,24.8,10.28,7.02
2026-02-21 20:00:00,25.2,85,0.0,24.62,10.35,7.14
2026-02-21 21:00:00,25.0,86,0.1,24.43,10.41,7.14
2026-02-21 22:00:00,24.9,88,0.1,24.27,10.49,7.16
2026-02-21 23:00:00,24.8,88,0.0,24.13,10.52,7.42
2026-02-22 00:00:00,24.5,91,0.0,23.94,10.62,7.47
2026-02-22 01:00:00,24.7,90,0.1,23.87,10.61,7.61
2026-02-22 02:00:00,25.6,84,0.1,24.09,10.45,7.38
2026-02-22 03:00:00,27.2,74,0.2,24.72,10.12,7.72
2026-02-22 04:00:00,28.8,66,0.0,25.65,9.77,7.91
2026-02-22 05:00:00,30.0,60,0.0,26.65,9.46,7.64
2026-02-22 06:00:00,30.2,60,0.0,27.42,9.3,7.88
2026-02-22 07:00:00,29.9,62,0.2,27.86,9.24,7.63
2026-02-22 08:00:00,29.7,63,0.1,28.11,9.21,7.49
2026-02-22 09:00:00,29.5,64,0.0,28.23,9.2,7.56
2026-02-22 10:00:00,29.0,66,0.0,28.16,9.25,7.63
2026-02-22 11:00:00,28.2,70,0.0,27.87,9.39,7.38
2026-02-22 12:00:00,27.2,77,0.1,27.37,9.62,7.32
2026-02-22 13:00:00,26.5,81,0.2,26.81,9.81,7.36
2026-02-22 14:00:00,26.5,81,0.1,26.42,9.89,7.24
2026-02-22 15:00:00,26.4,83,0.0,26.11,10.0,7.25
2026-02-22 16:00:00,26.2,84,0.0,25.84,10.07,7.17
2026-02-22 17:00:00,26.0,83,0.0,25.59,10.11,7.16
2026-02-22 18:00:00,25.9,84,0.0,25.38,10.17,7.06
2026-02-22 19:00:00,26.0,82,0.0,25.27,10.16,7.14
2026-02-22 20:00:00,25.7,82,0.0,25.1,10.19,7.06
2026-02-22 21:00:00,25.5,82,0.0,24.92,10.23,7.33
2026-02-22 22:00:00,25.3,84,0.0,24.73,10.31,7.2
2026-02-22 23:00:00,25.0,87,0.0,24.51,10.42,7.45
2026-02-23 00:00:00,24.1,94,0.0,24.09,10.64,7.4
2026-02-23 01:00:00,24.5,92,0.0,23.91,10.64,7.52
2026-02-23 02:00:00,25.5,87,0.0,24.09,10.51,7.52
2026-02-23 03:00:00,27.5,75,0.0,24.81,10.12,7.52
2026-02-23 04:00:00,29.0,66,0.0,25.77,9.75,7.49
2026-02-23 05:00:00,29.9,61,0.0,26.71,9.46,7.58
2026-02-23 06:00:00,30.2,59,0.0,27.46,9.27,7.65
2026-02-23 07:00:00,30.8,57,0.0,28.16,9.09,7.69
2026-02-23 08:00:00,30.6,57,0.0,28.59,9.01,7.73
2026-02-23 09:00:00,30.1,59,0.0,28.74,9.01,7.54
2026-02-23 10:00:00,29.4,63,0.0,28.64,9.1,7.44
2026-02-23 11:00:00,28.5,68,0.0,28.3,9.26,7.31
2026-02-23 12:00:00,27.8,72,0.0,27.85,9.43,7.43
2026-02-23 13:00:00,26.8,78,0.0,27.23,9.67,7.45
2026-02-23 14:00:00,26.5,80,0.0,26.71,9.81,7.37
2026-02-23 15:00:00,26.4,80,0.0,26.32,9.9,7.26
2026-02-23 16:00:00,26.1,82,0.0,25.95,10.01,7.2
2026-02-23 17:00:00,25.8,84,0.0,25.61,10.12,7.28
2026-02-23 18:00:00,25.8,86,0.0,25.37,10.21,7.14
2026-02-23 19:00:00,25.5,86,0.0,25.11,10.27,7.18
2026-02-23 20:00:00,25.2,87,0.0,24.83,10.35,7.12
2026-02-23 21:00:00,24.9,88,0.0,24.55,10.43,7.07
2026-02-23 22:00:00,24.8,89,0.0,24.33,10.49,7.2
2026-02-23 23:00:00,24.6,89,0.0,24.11,10.54,7.34
2026-02-24 00:00:00,24.6,92,0.0,23.96,10.63,7.43
2026-02-24 01:00:00,24.8,91,0.0,23.91,10.62,7.69
2026-02-24 02:00:00,25.7,85,0.0,24.15,10.45,7.58
2026-02-24 03:00:00,27.2,75,0.0,24.76,10.13,7.74
2026-02-24 04:00:00,28.6,66,0.0,25.61,9.78,7.62
2026-02-24 05:00:00,29.6,62,0.0,26.51,9.52,7.65
2026-02-24 06:00:00,30.0,60,0.0,27.26,9.33,7.55
2026-02-24 07:00:00,30.8,57,0.0,28.02,9.12,7.6
2026-02-24 08:00:00,30.5,56,0.0,28.46,9.01,7.69
2026-02-24 09:00:00,30.0,59,0.0,28.62,9.03,7.59
2026-02-24 10:00:00,29.4,63,0.0,28.56,9.12,7.62
2026-02-24 11:00:00,28.4,68,0.0,28.21,9.28,7.47
2026-02-24 12:00:00,27.7,72,0.0,27.76,9.45,7.35
2026-02-24 13:00:00,26.7,78,0.0,27.14,9.69,7.53
2026-02-24 14:00:00,26.5,80,0.0,26.65,9.83,7.23
2026-02-24 15:00:00,26.3,81,0.0,26.24,9.93,7.3
2026-02-24 16:00:00,26.0,83,0.0,25.87,10.05,7.1
2026-02-24 17:00:00,25.8,84,0.0,25.55,10.14,7.19
2026-02-24 18:00:00,25.9,86,0.0,25.35,10.22,7.2
2026-02-24 19:00:00,25.9,86,0.0,25.22,10.24,7.14
2026-02-24 20:00:00,25.6,86,0.0,25.03,10.28,6.91
2026-02-24 21:00:00,25.2,87,0.0,24.78,10.36,7.2
2026-02-24 22:00:00,24.9,89,0.1,24.52,10.45,7.38
2026-02-24 23:00:00,24.4,92,0.1,24.18,10.58,7.39
2026-02-25 00:00:00,24.0,97,0.1,23.83,10.76,7.46
2026-02-25 01:00:00,23.6,96,0.5,23.46,10.82,7.3
2026-02-25 02:00:00,24.1,96,0.0,23.35,10.84,7.5
2026-02-25 03:00:00,26.0,84,0.1,23.85,10.5,7.67
2026-02-25 04:00:00,28.5,68,0.0,24.94,9.96,7.71
2026-02-25 05:00:00,30.2,56,0.0,26.22,9.47,7.81
2026-02-25 06:00:00,30.6,55,0.0,27.23,9.24,7.67
2026-02-25 07:00:00,31.1,54,0.0,28.09,9.05,7.71
2026-02-25 08:00:00,30.0,56,0.2,28.37,9.03,7.62
2026-02-25 09:00:00,28.5,66,0.1,28.11,9.27,7.48
2026-02-25 10:00:00,28.8,65,0.0,28.01,9.27,7.3
2026-02-25 11:00:00,28.1,68,0.0,27.74,9.38,7.5
2026-02-25 12:00:00,27.5,73,0.0,27.37,9.55,7.4
2026-02-25 13:00:00,26.8,76,0.0,26.9,9.7,7.25
2026-02-25 14:00:00,26.5,80,0.0,26.48,9.86,7.08
2026-02-25 15:00:00,26.3,82,0.0,26.12,9.98,7.25
2026-02-25 16:00:00,26.1,82,0.0,25.82,10.04,7.12
2026-02-25 17:00:00,25.9,82,0.0,25.54,10.1,7.17
2026-02-25 18:00:00,25.2,87,0.0,25.14,10.28,7.3
2026-02-25 19:00:00,25.0,89,0.0,24.8,10.39,6.91
2026-02-25 20:00:00,24.5,91,0.0,24.41,10.52,7.09
2026-02-25 21:00:00,24.0,94,0.0,23.99,10.67,7.19
2026-02-25 22:00:00,23.5,98,0.0,23.54,10.84,7.42
2026-02-25 23:00:00,23.1,99,0.0,23.11,10.96,7.19
2026-02-26 00:00:00,23.7,99,0.0,22.99,10.98,7.62
2026-02-26 01:00:00,24.0,98,0.0,22.99,10.96,7.52
2026-02-26 02:00:00,24.8,91,0.0,23.23,10.77,7.57
2026-02-26 03:00:00,26.5,78,0.0,23.91,10.37,7.61
2026-02-26 04:00:00,28.9,61,0.0,25.11,9.79,7.63
2026-02-26 05:00:00,30.9,49,0.0,26.55,9.27,7.79
2026-02-26 06:00:00,31.9,45,0.0,27.85,8.94,7.57
2026-02-26 07:00:00,32.3,47,0.0,28.89,8.77,7.7
2026-02-26 08:00:00,31.4,54,0.0,29.34,8.8,7.59
2026-02-26 09:00:00,30.8,55,0.0,29.48,8.79,7.5
2026-02-26 10:00:00,30.1,60,0.0,29.36,8.9,7.77
2026-02-26 11:00:00,29.0,69,0.0,28.96,9.14,7.49
2026-02-26 12:00:00,28.1,71,0.0,28.4,9.29,7.44
2026-02-26 13:00:00,27.1,77,0.0,27.71,9.55,7.42
2026-02-26 14:00:00,27.0,79,0.0,27.2,9.69,7.1
2026-02-26 15:00:00,26.9,77,0.0,26.81,9.74,7.36
2026-02-26 16:00:00,26.5,78,0.0,26.42,9.84,6.89
2026-02-26 17:00:00,26.4,79,0.0,26.11,9.92,7.03
2026-02-26 18:00:00,26.2,83,0.0,25.84,10.06,7.06
2026-02-26 19:00:00,26.0,85,0.0,25.59,10.15,7.17
2026-02-26 20:00:00,25.9,86,0.0,25.38,10.21,7.17
2026-02-26 21:00:00,25.1,89,0.0,25.0,10.35,7.18
2026-02-26 22:00:00,24.5,92,0.0,24.55,10.5,7.26
2026-02-26 23:00:00,24.0,95,0.0,24.08,10.66,7.24
2026-02-27 00:00:00,24.1,96,0.0,23.79,10.75,7.27
2026-02-27 01:00:00,24.5,94,0.0,23.7,10.73,7.57
2026-02-27 02:00:00,25.0,88,0.0,23.79,10.59,7.64
2026-02-27 03:00:00,26.6,77,0.0,24.33,10.26,7.79
2026-02-27 04:00:00,28.8,63,0.0,25.37,9.77,7.59
2026-02-27 05:00:00,31.1,47,0.0,26.79,9.19,7.75
2026-02-27 06:00:00,32.0,46,0.0,28.05,8.92,7.65
2026-02-27 07:00:00,32.2,44,0.0,29.0,8.69,7.78
2026-02-27 08:00:00,31.7,50,0.0,29.51,8.7,7.73
2026-02-27 09:00:00,31.4,46,0.0,29.78,8.58,7.6
2026-02-27 10:00:00,30.7,50,0.0,29.75,8.65,7.48
2026-02-27 11:00:00,29.8,53,0.0,29.47,8.76,7.54
2026-02-27 12:00:00,28.6,59,0.0,28.91,8.98,7.44
2026-02-27 13:00:00,27.0,76,0.0,28.03,9.46,7.23
2026-02-27 14:00:00,26.6,79,0.0,27.3,9.67,7.1
2026-02-27 15:00:00,26.5,81,0.0,26.76,9.82,7.15
2026-02-27 16:00:00,26.2,80,0.0,26.29,9.9,7.29
2026-02-27 17:00:00,26.0,82,0.0,25.91,10.02,7.23
2026-02-27 18:00:00,25.9,84,0.0,25.6,10.12,6.99
2026-02-27 19:00:00,25.7,83,0.0,25.33,10.16,7.0
2026-02-27 20:00:00,25.2,86,0.0,24.99,10.29,7.28
2026-02-27 21:00:00,24.6,89,0.0,24.58,10.44,7.09
2026-02-27 22:00:00,24.2,92,0.0,24.16,10.59,7.32
2026-02-27 23:00:00,23.5,96,0.0,23.66,10.78,7.28
2026-02-28 00:00:00,24.0,96,0.0,23.46,10.82,7.59
2026-02-28 01:00:00,24.3,94,0.0,23.42,10.79,7.43
2026-02-28 02:00:00,25.4,87,0.0,23.71,10.59,7.69
2026-02-28 03:00:00,27.2,76,0.0,24.46,10.21,7.65
2026-02-28 04:00:00,29.1,64,0.0,25.55,9.76,7.69
2026-02-28 05:00:00,30.8,55,0.0,26.83,9.33,7.48
2026-02-28 06:00:00,31.6,49,0.0,27.96,8.99,7.46
2026-02-28 07:00:00,32.2,47,0.0,28.93,8.76,7.64
2026-02-28 08:00:00,32.5,46,0.0,29.7,8.59,7.65
2026-02-28 09:00:00,32.0,49,0.0,30.09,8.56,7.46
2026-02-28 10:00:00,31.3,51,0.0,30.15,8.59,7.4
2026-02-28 11:00:00,30.4,55,0.0,29.93,8.7,7.49
2026-02-28 12:00:00,29.0,62,0.0,29.35,8.94,7.42
2026-02-28 13:00:00,27.5,71,0.0,28.49,9.27,7.28
2026-02-28 14:00:00,26.8,80,0.0,27.69,9.61,7.31
2026-02-28 15:00:00,26.5,82,0.0,27.03,9.78,7.06
2026-02-28 16:00:00,26.3,82,0.0,26.51,9.89,7.1
2026-02-28 17:00:00,26.0,83,0.0,26.06,10.01,7.27
2026-02-28 18:00:00,25.8,86,0.0,25.68,10.15,7.11
2026-02-28 19:00:00,25.7,87,0.0,25.39,10.23,7.13
2026-02-28 20:00:00,25.3,89,0.0,25.06,10.34,7.38
2026-02-28 21:00:00,25.0,90,0.0,24.74,10.42,7.06
2026-02-28 22:00:00,24.5,92,0.0,24.37,10.54,7.35
2026-02-28 23:00:00,24.1,93,0.0,23.99,10.65,7.51
2026-03-01 00:00:00,24.1,95,0.0,23.72,10.74,7.39
2026-03-01 01:00:00,24.1,96,0.0,23.54,10.8,7.59
2026-03-01 02:00:00,24.6,94,0.0,23.55,10.76,7.48
2026-03-01 03:00:00,25.9,86,0.0,23.96,10.51,7.56
2026-03-01 04:00:00,28.5,68,0.0,25.02,9.94,7.71
2026-03-01 05:00:00,31.0,50,0.0,26.51,9.3,7.76
2026-03-01 06:00:00,32.5,40,0.0,28.01,8.82,7.79
2026-03-01 07:00:00,32.8,40,0.0,29.15,8.6,7.82
2026-03-01 08:00:00,32.2,42,0.0,29.76,8.51,7.62
2026-03-01 09:00:00,31.6,44,0.0,30.01,8.49,7.69
2026-03-01 10:00:00,31.0,49,0.0,30.01,8.58,7.48
2026-03-01 11:00:00,30.1,55,0.0,29.74,8.74,7.53
2026-03-01 12:00:00,28.6,67,0.0,29.1,9.08,7.39
2026-03-01 13:00:00,27.5,75,0.0,28.32,9.38,7.34
2026-03-01 14:00:00,27.0,80,0.0,27.62,9.62,7.28
2026-03-01 15:00:00,26.8,80,0.0,27.08,9.74,7.02
2026-03-01 16:00:00,26.5,80,0.0,26.6,9.84,7.02
2026-03-01 17:00:00,26.2,82,0.0,26.18,9.96,7.12
2026-03-01 18:00:00,26.1,84,0.0,25.86,10.07,6.93
2026-03-01 19:00:00,25.9,85,0.0,25.57,10.15,7.2
2026-03-01 20:00:00,25.4,87,0.0,25.22,10.26,7.24
2026-03-01 21:00:00,24.9,90,0.0,24.82,10.41,7.23
2026-03-01 22:00:00,24.2,93,0.0,24.34,10.57,7.15
2026-03-01 23:00:00,23.6,95,0.0,23.82,10.72,7.48
2026-03-02 00:00:00,23.1,98,0.0,23.3,10.89,7.63
2026-03-02 01:00:00,23.1,97,0.0,22.94,10.95,7.52
2026-03-02 02:00:00,24.1,91,0.0,22.99,10.82,7.63
2026-03-02 03:00:00,26.6,79,0.0,23.77,10.42,7.65
2026-03-02 04:00:00,29.0,66,0.0,25.04,9.9,7.72
2026-03-02 05:00:00,30.8,53,0.0,26.47,9.36,7.67
2026-03-02 06:00:00,31.4,48,0.0,27.65,9.03,7.68
2026-03-02 07:00:00,32.3,40,0.0,28.74,8.67,7.75
2026-03-02 08:00:00,32.3,38,0.0,29.51,8.49,7.86
2026-03-02 09:00:00,32.0,39,0.0,29.96,8.42,7.43
2026-03-02 10:00:00,31.4,42,0.0,30.09,8.44,7.5
2026-03-02 11:00:00,30.1,50,0.0,29.79,8.64,7.32
2026-03-02 12:00:00,28.9,59,0.0,29.23,8.91,7.53
2026-03-02 13:00:00,27.8,63,0.0,28.5,9.13,7.24
2026-03-02 14:00:00,27.2,69,0.0,27.81,9.38,7.09
2026-03-02 15:00:00,26.9,75,0.0,27.24,9.61,7.24
2026-03-02 16:00:00,26.5,78,0.0,26.72,9.78,7.31
2026-03-02 17:00:00,26.1,79,0.0,26.23,9.9,7.17
2026-03-02 18:00:00,25.8,83,0.0,25.8,10.06,7.12
2026-03-02 19:00:00,25.5,84,0.0,25.41,10.17,7.16
2026-03-02 20:00:00,24.9,86,0.0,24.96,10.3,7.29
2026-03-02 21:00:00,24.5,88,0.0,24.52,10.43,7.12
2026-03-02 22:00:00,24.1,89,0.0,24.09,10.54,7.26
2026-03-02 23:00:00,23.5,92,0.0,23.62,10.71,7.3
2026-03-03 00:00:00,23.1,97,0.0,23.16,10.9,7.31
2026-03-03 01:00:00,22.9,98,0.0,22.78,11.01,7.48
2026-03-03 02:00:00,23.4,96,0.0,22.67,10.99,7.69
2026-03-03 03:00:00,25.7,82,0.0,23.28,10.58,7.7
2026-03-03 04:00:00,28.4,66,0.0,24.51,10.01,7.74
2026-03-03 05:00:00,30.6,52,0.0,26.04,9.43,7.7
2026-03-03 06:00:00,31.2,54,0.0,27.29,9.22,7.74
2026-03-03 07:00:00,31.8,54,0.0,28.34,9.0,7.59
2026-03-03 08:00:00,31.8,50,0.0,29.08,8.78,7.6
2026-03-03 09:00:00,31.8,44,0.0,29.6,8.58,7.6
2026-03-03 10:00:00,30.6,54,0.0,29.6,8.75,7.54
2026-03-03 11:00:00,29.2,63,0.0,29.18,8.99,7.48
2026-03-03 12:00:00,28.6,61,0.0,28.7,9.05,7.36
2026-03-03 13:00:00,27.2,72,0.0,27.95,9.41,7.27
2026-03-03 14:00:00,26.9,74,0.0,27.34,9.57,7.55
2026-03-03 15:00:00,26.6,75,0.0,26.82,9.7,7.27
2026-03-03 16:00:00,26.4,77,0.0,26.39,9.83,7.18
2026-03-03 17:00:00,26.0,80,0.0,25.97,9.97,7.09
2026-03-03 18:00:00,25.7,84,0.0,25.59,10.13,7.06
2026-03-03 19:00:00,25.5,85,0.0,25.26,10.22,7.1
2026-03-03 20:00:00,24.9,88,0.0,24.85,10.36,7.18
2026-03-03 21:00:00,24.4,91,0.0,24.42,10.51,7.02
2026-03-03 22:00:00,23.7,93,0.0,23.9,10.66,7.11
2026-03-03 23:00:00,23.2,95,0.0,23.39,10.81,7.28
2026-03-04 00:00:00,23.2,98,0.0,23.03,10.95,7.45
2026-03-04 01:00:00,23.3,96,0.0,22.81,10.96,7.49
2026-03-04 02:00:00,24.4,90,0.0,22.99,10.8,7.73
2026-03-04 03:00:00,26.4,78,0.0,23.71,10.41,7.49
2026-03-04 04:00:00,28.5,63,0.0,24.85,9.88,7.6
2026-03-04 05:00:00,30.8,50,0.0,26.33,9.33,7.84
2026-03-04 06:00:00,31.5,49,0.0,27.58,9.07,7.7
2026-03-04 07:00:00,32.1,46,0.0,28.64,8.8,7.75
2026-03-04 08:00:00,31.9,46,0.0,29.32,8.67,7.83
2026-03-04 09:00:00,31.1,49,0.0,29.55,8.67,7.51
2026-03-04 10:00:00,30.4,53,0.0,29.51,8.75,7.51
2026-03-04 11:00:00,29.2,59,0.0,29.11,8.94,7.42
2026-03-04 12:00:00,28.8,58,0.0,28.72,9.0,7.18
2026-03-04 13:00:00,27.5,66,0.0,28.05,9.28,7.27
2026-03-04 14:00:00,27.0,71,0.0,27.44,9.5,7.32
2026-03-04 15:00:00,26.6,75,0.0,26.89,9.68,7.23
2026-03-04 16:00:00,26.2,79,0.0,26.38,9.86,7.2
2026-03-04 17:00:00,25.9,81,0.0,25.94,10.0,7.07
2026-03-04 18:00:00,25.9,84,0.0,25.63,10.12,7.04
2026-03-04 19:00:00,25.7,85,0.0,25.35,10.2,7.24
2026-03-04 20:00:00,25.3,88,0.0,25.03,10.32,7.1
2026-03-04 21:00:00,24.8,92,0.0,24.66,10.48,7.23
2026-03-04 22:00:00,24.2,95,0.0,24.22,10.63,7.28
2026-03-04 23:00:00,24.0,97,0.0,23.86,10.75,7.49
2026-03-05 00:00:00,23.7,97,0.0,23.51,10.83,7.52
2026-03-05 01:00:00,24.1,94,0.0,23.39,10.8,7.37
2026-03-05 02:00:00,24.8,87,0.0,23.51,10.63,7.46
2026-03-05 03:00:00,26.5,76,0.0,24.11,10.29,7.69
2026-03-05 04:00:00,29.1,60,0.0,25.31,9.73,7.66
2026-03-05 05:00:00,32.2,44,0.0,27.07,9.08,7.63
2026-03-05 06:00:00,34.5,32,0.0,29.0,8.48,7.77
2026-03-05 07:00:00,35.0,30,0.0,30.5,8.16,7.66
2026-03-05 08:00:00,35.0,30,0.0,31.55,7.96,7.61
2026-03-05 09:00:00,34.4,31,0.0,32.11,7.87,7.63
2026-03-05 10:00:00,33.5,32,0.0,32.22,7.86,7.45
2026-03-05 11:00:00,32.4,39,0.0,31.98,8.02,7.57
2026-03-05 12:00:00,30.5,53,0.0,31.23,8.4,7.27
2026-03-05 13:00:00,28.8,64,0.0,30.2,8.8,7.35
2026-03-05 14:00:00,27.9,73,0.0,29.21,9.16,7.36
2026-03-05 15:00:00,27.4,75,0.0,28.37,9.37,7.03
2026-03-05 16:00:00,27.0,75,0.0,27.66,9.52,7.09
2026-03-05 17:00:00,26.5,81,0.0,27.01,9.77,7.21
2026-03-05 18:00:00,26.1,81,0.0,26.44,9.89,7.21
2026-03-05 19:00:00,25.5,83,0.0,25.86,10.05,7.09
2026-03-05 20:00:00,24.6,85,0.0,25.18,10.23,7.07
2026-03-05 21:00:00,23.7,90,0.0,24.44,10.49,7.3
2026-03-05 22:00:00,23.2,92,0.0,23.76,10.67,7.39
2026-03-05 23:00:00,23.0,93,0.0,23.24,10.81,7.23
