datetime,air_temp,humidity,rain,water_temp,do,ph
2025-03-08 00:00:00,16.5,75,0.0,15.5,12.08,7.55
2025-03-08 01:00:00,17.6,76,0.0,15.83,12.03,7.57
2025-03-08 02:00:00,19.6,69,0.0,16.66,11.7,7.71
2025-03-08 03:00:00,23.4,56,0.0,18.38,11.05,7.84
2025-03-08 04:00:00,26.3,48,0.0,20.46,10.47,7.69
2025-03-08 05:00:00,28.5,44,0.0,22.57,9.96,7.7
2025-03-08 06:00:00,30.4,37,0.0,24.62,9.42,7.87
2025-03-08 07:00:00,32.0,29,0.0,26.53,8.9,7.76
2025-03-08 08:00:00,33.0,26,0.0,28.17,8.53,7.59
2025-03-08 09:00:00,33.8,23,0.0,29.56,8.22,7.63
2025-03-08 10:00:00,34.3,20,0.0,30.68,7.96,7.46
2025-03-08 11:00:00,34.3,17,0.0,31.47,7.76,7.38
2025-03-08 12:00:00,33.0,19,0.0,31.63,7.76,7.37
2025-03-08 13:00:00,28.9,32,0.0,30.51,8.19,7.09
2025-03-08 14:00:00,27.0,35,0.0,29.16,8.51,7.05
2025-03-08 15:00:00,25.1,39,0.0,27.64,8.87,7.12
2025-03-08 16:00:00,25.0,45,0.0,26.55,9.2,7.03
2025-03-08 17:00:00,23.6,51,0.0,25.36,9.55,7.15
2025-03-08 18:00:00,22.6,60,0.0,24.23,9.95,7.03
2025-03-08 19:00:00,21.0,69,0.0,22.96,10.39,7.0
2025-03-08 20:00:00,20.5,73,0.0,21.92,10.68,7.33
2025-03-08 21:00:00,19.1,77,0.0,20.78,11.01,7.22
2025-03-08 22:00:00,17.8,79,0.0,19.58,11.3,7.32
2025-03-08 23:00:00,17.4,77,0.0,18.63,11.46,7.25
2025-03-09 00:00:00,17.0,78,0.0,17.84,11.65,7.43
2025-03-09 01:00:00,18.0,82,0.0,17.59,11.79,7.57
2025-03-09 02:00:00,19.8,75,0.0,17.95,11.56,7.52
2025-03-09 03:00:00,23.6,61,0.0,19.35,10.97,7.72
2025-03-09 04:00:00,26.5,52,0.0,21.19,10.4,7.65
2025-03-09 05:00:00,29.0,42,0.0,23.23,9.79,7.69
2025-03-09 06:00:00,30.8,33,0.0,25.2,9.23,7.65
2025-03-09 07:00:00,32.2,28,0.0,27.0,8.79,7.86
2025-03-09 08:00:00,33.4,24,0.0,28.62,8.41,7.63
2025-03-09 09:00:00,34.9,15,0.0,30.21,7.96,7.46
2025-03-09 10:00:00,34.7,13,0.0,31.25,7.73,7.58
2025-03-09 11:00:00,33.5,18,0.0,31.63,7.74,7.3
2025-03-09 12:00:00,31.5,26,0.0,31.29,7.94,7.37
2025-03-09 13:00:00,28.7,36,0.0,30.21,8.32,7.08
2025-03-09 14:00:00,27.4,44,0.0,29.07,8.68,7.09
2025-03-09 15:00:00,26.5,50,0.0,28.0,9.0,7.19
2025-03-09 16:00:00,25.0,59,0.0,26.8,9.41,7.21
2025-03-09 17:00:00,23.6,67,0.0,25.54,9.81,7.13
2025-03-09 18:00:00,22.1,75,0.0,24.21,10.25,7.11
2025-03-09 19:00:00,20.9,83,0.0,22.92,10.68,7.11
2025-03-09 20:00:00,20.1,88,0.0,21.77,11.02,7.03
2025-03-09 21:00:00,19.4,93,0.0,20.76,11.35,7.17
2025-03-09 22:00:00,18.5,97,0.0,19.78,11.64,7.27
2025-03-09 23:00:00,18.8,98,0.0,19.19,11.8,7.5
2025-03-10 00:00:00,19.0,98,0.0,18.83,11.87,7.51
2025-03-10 01:00:00,19.6,95,0.0,18.76,11.82,7.37
2025-03-10 02:00:00,21.0,85,0.0,19.13,11.53,7.65
2025-03-10 03:00:00,22.9,70,0.0,19.96,11.03,7.63
2025-03-10 04:00:00,25.0,56,0.0,21.17,10.49,7.64
2025-03-10 05:00:00,27.2,46,0.0,22.68,9.98,7.78
2025-03-10 06:00:00,29.0,42,0.0,24.28,9.59,7.82
2025-03-10 07:00:00,30.5,39,0.0,25.84,9.22,7.78
2025-03-10 08:00:00,31.8,37,0.0,27.33,8.9,7.56
2025-03-10 09:00:00,32.5,33,0.0,28.58,8.58,7.56
2025-03-10 10:00:00,32.5,29,0.0,29.46,8.34,7.55
2025-03-10 11:00:00,32.0,31,0.0,29.92,8.29,7.54
2025-03-10 12:00:00,31.1,33,0.0,29.97,8.31,7.31
2025-03-10 13:00:00,28.7,41,0.0,29.29,8.58,7.27
2025-03-10 14:00:00,27.4,43,0.0,28.42,8.79,7.12
2025-03-10 15:00:00,26.5,43,0.0,27.55,8.96,7.05
2025-03-10 16:00:00,25.8,46,0.0,26.72,9.18,7.21
2025-03-10 17:00:00,24.3,58,0.0,25.7,9.61,7.25
2025-03-10 18:00:00,22.6,76,0.0,24.47,10.21,7.11
2025-03-10 19:00:00,21.4,85,0.0,23.25,10.65,7.24
2025-03-10 20:00:00,20.4,90,0.0,22.09,11.0,7.22
2025-03-10 21:00:00,19.4,95,0.0,20.99,11.34,7.17
2025-03-10 22:00:00,18.5,96,0.0,19.94,11.59,7.35
2025-03-10 23:00:00,18.5,96,0.0,19.21,11.75,7.54
2025-03-11 00:00:00,19.2,94,0.0,18.91,11.77,7.47
2025-03-11 01:00:00,21.1,89,0.0,19.26,11.59,7.7
2025-03-11 02:00:00,22.0,81,0.0,19.78,11.3,7.35
2025-03-11 03:00:00,23.5,72,0.0,20.6,10.94,7.75
2025-03-11 04:00:00,26.2,59,0.0,21.98,10.39,7.71
2025-03-11 05:00:00,29.4,46,0.0,23.91,9.74,7.68
2025-03-11 06:00:00,29.9,49,0.0,25.4,9.5,7.72
2025-03-11 07:00:00,26.6,68,0.8,25.46,9.85,7.45
2025-03-11 08:00:00,29.4,58,0.5,26.34,9.48,7.6
2025-03-11 09:00:00,30.8,51,0.0,27.38,9.14,7.63
2025-03-11 10:00:00,25.5,74,1.2,26.52,9.74,7.63
2025-03-11 11:00:00,28.2,63,0.0,26.72,9.5,7.42
2025-03-11 12:00:00,22.9,91,6.1,25.28,10.33,7.17
2025-03-11 13:00:00,22.8,91,1.9,24.23,10.55,7.2
2025-03-11 14:00:00,22.6,90,0.1,23.44,10.7,7.36
2025-03-11 15:00:00,22.4,93,0.0,22.83,10.9,7.25
2025-03-11 16:00:00,22.2,94,0.0,22.34,11.02,7.12
2025-03-11 17:00:00,21.8,96,0.0,21.88,11.16,7.2
2025-03-11 18:00:00,21.5,98,0.0,21.47,11.3,7.16
2025-03-11 19:00:00,21.2,98,0.0,21.09,11.38,7.26
2025-03-11 20:00:00,21.8,95,0.0,21.0,11.34,7.12
2025-03-11 21:00:00,21.9,93,0.0,20.97,11.3,7.21
2025-03-11 22:00:00,21.7,95,0.0,20.89,11.36,7.26
2025-03-11 23:00:00,21.6,96,0.0,20.8,11.4,7.23
2025-03-12 00:00:00,21.5,96,0.0,20.71,11.42,7.48
2025-03-12 01:00:00,20.7,99,0.0,20.41,11.55,7.56
2025-03-12 02:00:00,22.2,92,0.0,20.65,11.35,7.6
2025-03-12 03:00:00,24.5,77,0.0,21.5,10.86,7.63
2025-03-12 04:00:00,27.0,64,0.0,22.85,10.31,7.55
2025-03-12 05:00:00,29.3,54,0.0,24.49,9.78,7.66
2025-03-12 06:00:00,30.5,52,0.0,25.99,9.44,7.67
2025-03-12 07:00:00,30.9,51,0.0,27.16,9.19,7.6
2025-03-12 08:00:00,29.4,55,0.0,27.53,9.18,7.63
2025-03-12 09:00:00,28.8,61,0.5,27.61,9.28,7.6
2025-03-12 10:00:00,29.5,60,0.0,27.88,9.2,7.72
2025-03-12 11:00:00,29.6,57,0.0,28.1,9.11,7.47
2025-03-12 12:00:00,27.1,66,0.3,27.5,9.39,7.39
2025-03-12 13:00:00,26.8,66,0.0,26.99,9.5,7.31
2025-03-12 14:00:00,25.5,72,0.0,26.24,9.76,7.06
2025-03-12 15:00:00,23.5,84,0.0,25.12,10.23,7.19
2025-03-12 16:00:00,22.7,88,0.0,24.09,10.52,7.17
2025-03-12 17:00:00,22.2,91,0.0,23.23,10.77,7.38
2025-03-12 18:00:00,22.0,92,0.0,22.56,10.94,7.12
2025-03-12 19:00:00,21.5,95,0.0,21.94,11.13,7.18
2025-03-12 20:00:00,21.0,97,0.0,21.36,11.3,7.18
2025-03-12 21:00:00,20.4,98,0.0,20.77,11.45,7.12
2025-03-12 22:00:00,20.0,98,0.0,20.24,11.57,7.42
2025-03-12 23:00:00,19.6,98,0.0,19.75,11.67,7.46
2025-03-13 00:00:00,19.0,98,0.0,19.22,11.79,7.55
2025-03-13 01:00:00,19.7,100,0.0,19.07,11.87,7.46
2025-03-13 02:00:00,21.1,97,0.0,19.38,11.73,7.76
2025-03-13 03:00:00,23.6,85,0.0,20.34,11.27,7.53
2025-03-13 04:00:00,26.2,73,0.0,21.8,10.71,7.76
2025-03-13 05:00:00,28.7,60,0.0,23.57,10.08,7.93
2025-03-13 06:00:00,30.9,51,0.0,25.47,9.53,7.61
2025-03-13 07:00:00,32.6,40,0.0,27.31,8.96,7.62
2025-03-13 08:00:00,33.8,32,0.0,28.96,8.49,7.64
2025-03-13 09:00:00,34.5,26,0.0,30.32,8.13,7.52
2025-03-13 10:00:00,34.5,23,0.0,31.27,7.89,7.34
2025-03-13 11:00:00,34.0,23,0.0,31.79,7.8,7.43
2025-03-13 12:00:00,32.7,28,0.0,31.76,7.88,7.24
2025-03-13 13:00:00,29.5,28,0.0,30.78,8.07,7.32
2025-03-13 14:00:00,27.4,39,0.0,29.47,8.51,7.12
2025-03-13 15:00:00,25.4,48,0.0,27.95,8.97,7.32
2025-03-13 16:00:00,24.1,54,0.0,26.49,9.38,7.06
2025-03-13 17:00:00,23.4,61,0.0,25.27,9.76,7.09
2025-03-13 18:00:00,22.7,71,0.0,24.2,10.17,7.2
2025-03-13 19:00:00,22.0,79,0.0,23.24,10.53,7.01
2025-03-13 20:00:00,21.1,80,0.0,22.3,10.75,7.2
2025-03-13 21:00:00,20.5,77,0.0,21.46,10.87,7.36
2025-03-13 22:00:00,19.9,76,0.0,20.69,11.01,7.14
2025-03-13 23:00:00,19.0,80,0.0,19.88,11.26,7.4
2025-03-14 00:00:00,18.0,89,0.0,19.02,11.64,7.5
2025-03-14 01:00:00,18.8,95,0.0,18.65,11.85,7.63
2025-03-14 02:00:00,21.0,86,0.0,19.06,11.57,7.5
2025-03-14 03:00:00,24.5,74,0.0,20.39,11.03,7.54
2025-03-14 04:00:00,27.1,65,0.0,22.1,10.48,7.75
2025-03-14 05:00:00,29.5,55,0.0,24.02,9.89,7.74
2025-03-14 06:00:00,31.6,42,0.0,26.0,9.25,7.73
2025-03-14 07:00:00,33.5,28,0.0,27.95,8.61,7.7
2025-03-14 08:00:00,34.8,21,0.0,29.7,8.16,7.55
2025-03-14 09:00:00,35.3,19,0.0,31.08,7.86,7.58
2025-03-14 10:00:00,35.5,16,0.0,32.11,7.62,7.52
2025-03-14 11:00:00,34.8,17,0.0,32.62,7.54,7.34
2025-03-14 12:00:00,33.0,20,0.0,32.43,7.63,7.52
2025-03-14 13:00:00,28.5,32,0.0,30.95,8.11,7.32
2025-03-14 14:00:00,26.7,38,0.0,29.38,8.52,7.1
2025-03-14 15:00:00,25.2,45,0.0,27.82,8.95,7.24
2025-03-14 16:00:00,24.0,51,0.0,26.38,9.34,7.04
2025-03-14 17:00:00,23.1,59,0.0,25.09,9.75,7.2
2025-03-14 18:00:00,22.4,68,0.0,23.99,10.16,7.24
2025-03-14 19:00:00,22.0,74,0.0,23.09,10.46,7.06
2025-03-14 20:00:00,20.8,75,0.0,22.1,10.69,7.28
2025-03-14 21:00:00,20.0,75,0.0,21.17,10.88,7.28
2025-03-14 22:00:00,19.8,77,0.0,20.46,11.08,7.39
2025-03-14 23:00:00,19.0,89,0.0,19.72,11.49,7.57
2025-03-15 00:00:00,18.5,99,0.0,19.06,11.85,7.44
2025-03-15 01:00:00,19.5,100,0.0,18.89,11.9,7.47
2025-03-15 02:00:00,20.8,98,0.0,19.16,11.8,7.53
2025-03-15 03:00:00,22.3,86,0.0,19.8,11.41,7.59
2025-03-15 04:00:00,25.2,70,0.0,21.12,10.79,7.7
2025-03-15 05:00:00,28.3,48,0.0,22.98,9.96,7.75
2025-03-15 06:00:00,30.5,35,0.0,24.93,9.32,7.74
2025-03-15 07:00:00,31.9,29,0.0,26.72,8.87,7.77
2025-03-15 08:00:00,33.2,25,0.0,28.37,8.48,7.64
2025-03-15 09:00:00,33.8,22,0.0,29.7,8.18,7.72
2025-03-15 10:00:00,33.8,22,0.0,30.63,8.0,7.48
2025-03-15 11:00:00,33.8,22,0.0,31.28,7.88,7.7
2025-03-15 12:00:00,31.8,28,0.0,31.14,8.0,7.41
2025-03-15 13:00:00,28.0,41,0.0,29.89,8.47,7.2
2025-03-15 14:00:00,25.6,44,0.0,28.31,8.83,7.12
2025-03-15 15:00:00,24.5,50,0.0,26.86,9.23,7.23
2025-03-15 16:00:00,24.0,53,0.0,25.71,9.52,7.12
2025-03-15 17:00:00,23.3,57,0.0,24.68,9.8,7.19
2025-03-15 18:00:00,22.5,64,0.0,23.73,10.13,7.17
2025-03-15 19:00:00,21.6,76,0.0,22.79,10.56,7.14
2025-03-15 20:00:00,21.0,84,0.0,21.95,10.9,7.1
2025-03-15 21:00:00,20.2,87,0.0,21.13,11.14,7.09
2025-03-15 22:00:00,19.5,86,0.0,20.34,11.29,7.26
2025-03-15 23:00:00,19.0,83,0.0,19.64,11.38,7.47
2025-03-16 00:00:00,18.5,80,0.0,19.0,11.45,7.49
2025-03-16 01:00:00,19.4,79,0.0,18.82,11.47,7.42
2025-03-16 02:00:00,21.5,74,0.0,19.32,11.25,7.63
2025-03-16 03:00:00,24.4,70,0.0,20.55,10.91,7.71
2025-03-16 04:00:00,26.9,61,0.0,22.15,10.39,7.61
2025-03-16 05:00:00,29.0,51,0.0,23.91,9.84,7.73
2025-03-16 06:00:00,30.7,42,0.0,25.64,9.32,7.71
2025-03-16 07:00:00,31.8,37,0.0,27.19,8.92,7.56
2025-03-16 08:00:00,32.4,35,0.0,28.45,8.64,7.67
2025-03-16 09:00:00,32.7,37,0.0,29.43,8.49,7.63
2025-03-16 10:00:00,32.9,36,0.0,30.17,8.33,7.62
2025-03-16 11:00:00,33.0,35,0.0,30.72,8.2,7.54
2025-03-16 12:00:00,31.5,40,0.2,30.65,8.3,7.2
2025-03-16 13:00:00,29.5,47,0.0,30.01,8.55,7.19
2025-03-16 14:00:00,28.2,52,0.0,29.16,8.8,7.27
2025-03-16 15:00:00,27.1,59,0.0,28.25,9.11,7.22
2025-03-16 16:00:00,26.1,65,0.0,27.3,9.41,7.18
2025-03-16 17:00:00,25.5,70,0.0,26.46,9.68,7.49
2025-03-16 18:00:00,24.5,77,0.0,25.57,10.0,7.16
2025-03-16 19:00:00,23.6,84,0.0,24.68,10.32,7.24
2025-03-16 20:00:00,22.6,91,0.0,23.76,10.66,7.26
2025-03-16 21:00:00,21.9,96,0.0,22.9,10.94,7.28
2025-03-16 22:00:00,21.5,97,0.0,22.18,11.12,7.26
2025-03-16 23:00:00,21.2,99,0.0,21.59,11.29,7.44
2025-03-17 00:00:00,21.1,98,0.0,21.14,11.37,7.37
2025-03-17 01:00:00,21.7,97,0.0,21.01,11.38,7.5
2025-03-17 02:00:00,23.6,86,0.0,21.49,11.04,7.55
2025-03-17 03:00:00,26.2,74,0.0,22.6,10.56,7.65
2025-03-17 04:00:00,28.4,64,0.0,24.04,10.07,7.91
2025-03-17 05:00:00,30.2,55,0.0,25.59,9.58,7.51
2025-03-17 06:00:00,31.8,46,0.0,27.15,9.1,7.76
2025-03-17 07:00:00,33.2,37,0.0,28.67,8.64,7.5
2025-03-17 08:00:00,34.0,32,0.0,29.97,8.3,7.57
2025-03-17 09:00:00,34.5,29,0.0,31.03,8.04,7.67
2025-03-17 10:00:00,34.9,28,0.0,31.89,7.86,7.5
2025-03-17 11:00:00,34.2,29,0.0,32.28,7.8,7.31
2025-03-17 12:00:00,33.5,31,0.0,32.35,7.82,7.26
2025-03-17 13:00:00,30.0,49,0.0,31.34,8.31,7.34
2025-03-17 14:00:00,28.5,51,0.0,30.19,8.58,7.14
2025-03-17 15:00:00,28.0,51,0.0,29.23,8.77,7.18
2025-03-17 16:00:00,26.8,58,0.0,28.2,9.1,7.12
2025-03-17 17:00:00,25.5,64,0.0,27.09,9.44,7.03
2025-03-17 18:00:00,25.0,66,0.0,26.16,9.67,7.31
2025-03-17 19:00:00,23.9,73,0.0,25.19,10.0,7.18
2025-03-17 20:00:00,22.9,79,0.0,24.2,10.33,6.96
2025-03-17 21:00:00,22.3,82,0.0,23.33,10.57,7.23
2025-03-17 22:00:00,21.6,85,0.0,22.51,10.8,7.22
2025-03-17 23:00:00,21.2,87,0.0,21.82,10.99,7.45
2025-03-18 00:00:00,20.8,88,0.0,21.21,11.14,7.37
2025-03-18 01:00:00,22.1,87,0.0,21.18,11.13,7.51
2025-03-18 02:00:00,24.0,86,0.0,21.73,10.99,7.64
2025-03-18 03:00:00,26.1,77,0.0,22.74,10.6,7.73
2025-03-18 04:00:00,28.4,63,0.0,24.14,10.03,7.56
2025-03-18 05:00:00,30.1,56,0.0,25.63,9.59,7.66
2025-03-18 06:00:00,31.8,47,0.0,27.18,9.11,7.64
2025-03-18 07:00:00,33.0,40,0.0,28.62,8.7,7.6
2025-03-18 08:00:00,33.8,36,0.0,29.88,8.38,7.8
2025-03-18 09:00:00,34.4,33,0.0,30.93,8.13,7.6
2025-03-18 10:00:00,34.7,31,0.0,31.76,7.93,7.37
2025-03-18 11:00:00,34.2,29,0.0,32.19,7.82,7.51
2025-03-18 12:00:00,32.9,30,0.0,32.11,7.85,7.55
2025-03-18 13:00:00,30.2,38,0.0,31.23,8.15,7.37
2025-03-18 14:00:00,28.6,44,0.0,30.14,8.47,7.06
2025-03-18 15:00:00,27.5,52,0.0,29.05,8.82,7.11
2025-03-18 16:00:00,26.5,58,0.0,27.99,9.15,7.25
2025-03-18 17:00:00,25.5,69,0.0,26.94,9.56,7.03
2025-03-18 18:00:00,24.4,78,0.0,25.88,9.95,7.15
2025-03-18 19:00:00,23.7,81,0.0,24.92,10.21,7.2
2025-03-18 20:00:00,23.0,83,0.0,24.05,10.44,7.07
2025-03-18 21:00:00,22.1,88,0.0,23.16,10.72,7.21
2025-03-18 22:00:00,21.6,94,0.0,22.39,11.01,6.96
2025-03-18 23:00:00,21.5,96,0.0,21.83,11.18,7.26
2025-03-19 00:00:00,21.0,98,0.0,21.28,11.34,7.42
2025-03-19 01:00:00,22.1,98,0.0,21.22,11.35,7.4
2025-03-19 02:00:00,23.4,88,0.0,21.58,11.07,7.76
2025-03-19 03:00:00,25.2,77,0.0,22.36,10.67,7.51
2025-03-19 04:00:00,27.4,65,0.0,23.57,10.18,7.64
2025-03-19 05:00:00,29.1,56,0.0,24.93,9.73,7.71
2025-03-19 06:00:00,31.0,46,0.0,26.45,9.23,7.84
2025-03-19 07:00:00,32.2,38,0.0,27.88,8.81,7.53
2025-03-19 08:00:00,33.0,35,0.0,29.11,8.51,7.74
2025-03-19 09:00:00,33.4,34,0.0,30.1,8.31,7.57
2025-03-19 10:00:00,33.7,33,0.0,30.88,8.14,7.4
2025-03-19 11:00:00,32.5,36,0.0,31.07,8.15,7.47
2025-03-19 12:00:00,30.9,43,0.0,30.72,8.34,7.37
2025-03-19 13:00:00,29.1,45,0.0,29.93,8.53,7.22
2025-03-19 14:00:00,27.9,50,0.0,29.02,8.8,7.23
2025-03-19 15:00:00,27.1,55,0.0,28.15,9.06,7.13
2025-03-19 16:00:00,26.4,59,0.0,27.32,9.3,7.14
2025-03-19 17:00:00,25.1,73,0.0,26.36,9.76,7.17
2025-03-19 18:00:00,24.0,85,0.0,25.35,10.2,7.27
2025-03-19 19:00:00,23.2,91,0.0,24.4,10.52,7.0
2025-03-19 20:00:00,22.6,96,0.0,23.56,10.8,7.38
2025-03-19 21:00:00,22.3,98,0.0,22.88,10.99,7.02
2025-03-19 22:00:00,22.0,98,0.0,22.32,11.11,7.27
2025-03-19 23:00:00,22.0,99,0.0,21.92,11.22,7.42
2025-03-20 00:00:00,22.0,98,0.0,21.65,11.26,7.47
2025-03-20 01:00:00,22.2,99,0.0,21.51,11.31,7.46
2025-03-20 02:00:00,23.3,90,0.0,21.75,11.07,7.57
2025-03-20 03:00:00,25.4,73,0.0,22.54,10.56,7.6
2025-03-20 04:00:00,27.4,60,0.0,23.7,10.06,7.62
2025-03-20 05:00:00,29.1,55,0.0,25.02,9.69,7.78
2025-03-20 06:00:00,30.8,48,0.0,26.45,9.27,7.73
2025-03-20 07:00:00,32.2,41,0.0,27.88,8.86,7.6
2025-03-20 08:00:00,33.3,33,0.0,29.2,8.46,7.72
2025-03-20 09:00:00,33.8,28,0.0,30.28,8.17,7.6
2025-03-20 10:00:00,33.7,26,0.0,31.01,8.0,7.58
2025-03-20 11:00:00,33.0,28,0.0,31.31,7.97,7.49
2025-03-20 12:00:00,31.6,33,0.0,31.09,8.1,7.27
2025-03-20 13:00:00,28.9,43,0.0,30.14,8.45,7.22
2025-03-20 14:00:00,27.8,48,0.0,29.14,8.74,7.29
2025-03-20 15:00:00,27.0,52,0.0,28.19,9.0,7.23
2025-03-20 16:00:00,26.0,57,0.0,27.24,9.28,7.13
2025-03-20 17:00:00,24.8,66,0.0,26.21,9.66,7.12
2025-03-20 18:00:00,23.8,75,0.0,25.18,10.04,7.24
2025-03-20 19:00:00,23.0,82,0.0,24.23,10.38,7.07
2025-03-20 20:00:00,22.5,88,0.0,23.41,10.67,7.22
2025-03-20 21:00:00,22.0,93,0.0,22.69,10.93,7.2
2025-03-20 22:00:00,21.8,97,0.0,22.12,11.13,7.27
2025-03-20 23:00:00,21.8,98,0.0,21.72,11.24,7.47
2025-03-21 00:00:00,21.9,98,0.0,21.48,11.29,7.53
2025-03-21 01:00:00,22.6,96,0.0,21.51,11.24,7.6
2025-03-21 02:00:00,23.5,89,0.0,21.81,11.04,7.72
2025-03-21 03:00:00,25.5,76,0.1,22.62,10.6,7.64
2025-03-21 04:00:00,27.5,64,0.0,23.78,10.12,7.75
2025-03-21 05:00:00,29.2,56,0.0,25.11,9.69,7.67
2025-03-21 06:00:00,30.5,49,0.0,26.43,9.3,7.73
2025-03-21 07:00:00,31.2,47,0.1,27.56,9.03,7.65
2025-03-21 08:00:00,31.8,46,0.1,28.53,8.82,7.64
2025-03-21 09:00:00,32.1,45,0.2,29.3,8.65,7.62
2025-03-21 10:00:00,31.7,47,0.1,29.72,8.6,7.42
2025-03-21 11:00:00,31.3,47,0.0,29.89,8.57,7.65
2025-03-21 12:00:00,28.6,57,0.2,29.21,8.88,7.25
2025-03-21 13:00:00,30.2,46,0.0,29.2,8.69,7.17
2025-03-21 14:00:00,28.5,52,0.0,28.69,8.9,7.34
2025-03-21 15:00:00,27.5,53,0.0,28.04,9.05,7.25
2025-03-21 16:00:00,26.7,55,0.0,27.33,9.22,7.19
2025-03-21 17:00:00,25.2,74,0.0,26.39,9.77,7.17
2025-03-21 18:00:00,24.2,82,0.0,25.44,10.12,7.1
2025-03-21 19:00:00,23.5,89,0.0,24.56,10.44,7.03
2025-03-21 20:00:00,22.9,94,0.0,23.76,10.71,7.17
2025-03-21 21:00:00,22.5,97,0.0,23.08,10.92,7.15
2025-03-21 22:00:00,22.4,98,0.0,22.58,11.05,7.38
2025-03-21 23:00:00,22.7,96,0.0,22.31,11.07,7.34
2025-03-22 00:00:00,23.0,94,0.1,22.22,11.05,7.35
2025-03-22 01:00:00,23.4,95,0.0,22.27,11.06,7.48
2025-03-22 02:00:00,24.2,88,0.1,22.55,10.86,7.62
2025-03-22 03:00:00,25.6,80,0.2,23.17,10.56,7.57
2025-03-22 04:00:00,27.4,71,0.1,24.14,10.18,7.59
2025-03-22 05:00:00,29.0,63,0.1,25.3,9.79,7.71
2025-03-22 06:00:00,30.5,56,0.1,26.56,9.4,7.71
2025-03-22 07:00:00,31.6,50,0.0,27.77,9.05,7.62
2025-03-22 08:00:00,32.3,45,0.0,28.83,8.75,7.58
2025-03-22 09:00:00,33.2,41,0.0,29.84,8.48,7.6
2025-03-22 10:00:00,32.3,40,0.0,30.28,8.37,7.36
2025-03-22 11:00:00,31.1,44,0.0,30.22,8.45,7.29
2025-03-22 12:00:00,27.1,67,0.0,28.99,9.1,7.3
2025-03-22 13:00:00,27.2,64,0.3,28.15,9.22,7.26
2025-03-22 14:00:00,27.0,64,0.0,27.51,9.35,7.27
2025-03-22 15:00:00,25.6,71,0.0,26.63,9.66,7.33
2025-03-22 16:00:00,22.0,89,8.2,24.94,10.36,7.06
2025-03-22 17:00:00,22.1,95,2.4,23.79,10.73,7.02
2025-03-22 18:00:00,22.2,94,1.2,23.01,10.88,7.06
2025-03-22 19:00:00,22.0,94,0.1,22.41,11.01,7.04
2025-03-22 20:00:00,21.9,96,0.0,21.96,11.15,7.18
2025-03-22 21:00:00,21.9,97,0.0,21.64,11.24,7.2
2025-03-22 22:00:00,21.9,97,0.0,21.42,11.29,7.33
2025-03-22 23:00:00,22.0,96,0.0,21.29,11.29,7.29
2025-03-23 00:00:00,21.5,98,0.0,21.05,11.39,7.5
2025-03-23 01:00:00,22.6,96,0.0,21.22,11.31,7.68
2025-03-23 02:00:00,23.9,88,0.0,21.72,11.03,7.58
2025-03-23 03:00:00,25.6,78,0.0,22.59,10.65,7.69
2025-03-23 04:00:00,27.4,68,0.0,23.73,10.21,7.75
2025-03-23 05:00:00,28.9,60,0.0,24.98,9.8,7.66
2025-03-23 06:00:00,30.1,55,0.0,26.22,9.45,7.72
2025-03-23 07:00:00,30.7,52,0.0,27.26,9.18,7.68
2025-03-23 08:00:00,31.5,49,0.0,28.23,8.94,7.65
2025-03-23 09:00:00,32.2,46,0.0,29.12,8.71,7.5
2025-03-23 10:00:00,28.4,59,1.3,28.61,9.04,7.46
2025-03-23 11:00:00,28.8,56,0.1,28.36,9.03,7.5
2025-03-23 12:00:00,28.8,54,0.0,28.2,9.03,7.52
2025-03-23 13:00:00,27.6,59,0.0,27.72,9.22,7.4
2025-03-23 14:00:00,26.1,66,0.0,26.93,9.51,7.46
2025-03-23 15:00:00,25.5,68,0.0,26.2,9.7,7.11
2025-03-23 16:00:00,25.5,68,0.0,25.69,9.8,7.23
2025-03-23 17:00:00,25.0,72,0.0,25.18,9.98,7.14
2025-03-23 18:00:00,24.5,77,0.0,24.68,10.19,7.33
2025-03-23 19:00:00,24.0,83,0.0,24.18,10.41,7.05
2025-03-23 20:00:00,23.2,89,0.0,23.58,10.65,7.08
2025-03-23 21:00:00,22.8,93,0.0,23.05,10.85,7.16
2025-03-23 22:00:00,22.5,96,0.0,22.58,11.01,7.07
2025-03-23 23:00:00,22.1,98,0.0,22.14,11.15,7.31
2025-03-24 00:00:00,21.9,98,0.0,21.77,11.23,7.37
2025-03-24 01:00:00,22.7,98,0.0,21.75,11.23,7.54
2025-03-24 02:00:00,24.1,90,0.1,22.15,10.98,7.62
2025-03-24 03:00:00,26.0,77,0.0,23.01,10.54,7.83
2025-03-24 04:00:00,27.4,69,0.1,24.02,10.17,7.77
2025-03-24 05:00:00,28.9,62,0.1,25.19,9.79,7.63
2025-03-24 06:00:00,30.5,52,0.1,26.48,9.34,7.6
2025-03-24 07:00:00,32.4,38,0.0,27.96,8.79,7.72
2025-03-24 08:00:00,33.3,32,0.0,29.26,8.43,7.5
2025-03-24 09:00:00,34.0,29,0.0,30.38,8.17,7.75
2025-03-24 10:00:00,34.5,27,0.0,31.32,7.95,7.61
2025-03-24 11:00:00,34.2,27,0.0,31.88,7.85,7.37
2025-03-24 12:00:00,32.5,33,0.0,31.77,7.97,7.17
2025-03-24 13:00:00,29.5,45,0.0,30.79,8.36,7.41
2025-03-24 14:00:00,27.9,53,0.0,29.62,8.73,7.2
2025-03-24 15:00:00,26.7,61,0.0,28.44,9.11,7.29
2025-03-24 16:00:00,25.8,67,0.0,27.35,9.44,6.97
2025-03-24 17:00:00,25.0,72,0.0,26.35,9.74,7.05
2025-03-24 18:00:00,24.0,81,0.0,25.34,10.12,7.11
2025-03-24 19:00:00,23.2,92,0.0,24.4,10.54,7.13
2025-03-24 20:00:00,22.6,97,0.0,23.56,10.82,7.12
2025-03-24 21:00:00,22.0,100,0.0,22.79,11.05,7.28
2025-03-24 22:00:00,21.9,100,0.0,22.22,11.17,7.18
2025-03-24 23:00:00,22.1,100,0.0,21.89,11.24,7.35
2025-03-25 00:00:00,22.0,100,0.0,21.62,11.3,7.46
2025-03-25 01:00:00,22.9,96,0.0,21.7,11.2,7.57
2025-03-25 02:00:00,23.5,92,0.1,21.94,11.07,7.65
2025-03-25 03:00:00,25.4,80,0.0,22.68,10.67,7.53
2025-03-25 04:00:00,27.2,68,0.0,23.74,10.21,7.53
2025-03-25 05:00:00,29.2,55,0.0,25.08,9.68,7.83
2025-03-25 06:00:00,31.1,43,0.0,26.58,9.15,7.73
2025-03-25 07:00:00,32.5,34,0.0,28.06,8.7,7.59
2025-03-25 08:00:00,33.2,30,0.0,29.3,8.39,7.78
2025-03-25 09:00:00,33.7,28,0.0,30.32,8.16,7.58
2025-03-25 10:00:00,34.1,26,0.0,31.15,7.97,7.62
2025-03-25 11:00:00,34.5,23,0.0,31.86,7.78,7.43
2025-03-25 12:00:00,32.7,31,0.0,31.81,7.92,7.55
2025-03-25 13:00:00,29.0,45,0.0,30.67,8.38,7.45
2025-03-25 14:00:00,28.0,41,0.0,29.57,8.53,7.19
2025-03-25 15:00:00,27.1,43,0.0,28.53,8.77,7.26
2025-03-25 16:00:00,25.8,54,0.0,27.41,9.19,7.19
2025-03-25 17:00:00,24.5,64,0.0,26.24,9.61,7.24
2025-03-25 18:00:00,23.2,75,0.0,25.03,10.07,7.01
2025-03-25 19:00:00,22.4,82,0.0,23.94,10.44,7.2
2025-03-25 20:00:00,22.1,85,0.0,23.09,10.68,7.28
2025-03-25 21:00:00,21.4,89,0.0,22.28,10.94,7.05
2025-03-25 22:00:00,20.7,92,0.0,21.51,11.16,7.18
2025-03-25 23:00:00,20.5,92,0.0,20.9,11.29,7.17
2025-03-26 00:00:00,20.2,92,0.0,20.39,11.41,7.43
2025-03-26 01:00:00,21.2,92,0.0,20.34,11.42,7.61
2025-03-26 02:00:00,22.9,83,0.0,20.8,11.13,7.75
2025-03-26 03:00:00,25.4,69,0.0,21.88,10.61,7.66
2025-03-26 04:00:00,28.2,47,0.0,23.48,9.84,7.85
2025-03-26 05:00:00,30.3,39,0.0,25.22,9.34,7.56
2025-03-26 06:00:00,32.0,32,0.0,26.96,8.88,7.52
2025-03-26 07:00:00,33.0,29,0.0,28.47,8.53,7.66
2025-03-26 08:00:00,33.9,26,0.0,29.8,8.23,7.66
2025-03-26 09:00:00,34.5,24,0.0,30.91,7.98,7.56
2025-03-26 10:00:00,34.5,22,0.0,31.69,7.8,7.29
2025-03-26 11:00:00,34.3,21,0.0,32.17,7.69,7.41
2025-03-26 12:00:00,32.7,29,0.0,32.03,7.85,7.21
2025-03-26 13:00:00,28.5,42,0.0,30.67,8.33,7.34
2025-03-26 14:00:00,26.9,47,0.0,29.24,8.7,7.25
2025-03-26 15:00:00,27.0,42,0.0,28.27,8.8,7.07
2025-03-26 16:00:00,25.8,47,0.0,27.23,9.1,7.08
2025-03-26 17:00:00,24.8,58,0.0,26.2,9.51,7.0
2025-03-26 18:00:00,23.8,70,0.0,25.18,9.95,7.1
2025-03-26 19:00:00,22.8,79,0.0,24.17,10.33,7.22
2025-03-26 20:00:00,22.4,81,0.0,23.34,10.55,7.07
2025-03-26 21:00:00,21.2,83,0.0,22.4,10.79,7.27
2025-03-26 22:00:00,20.5,83,0.0,21.53,10.97,7.24
2025-03-26 23:00:00,20.0,82,0.0,20.77,11.11,7.3
2025-03-27 00:00:00,19.6,80,0.0,20.12,11.21,7.45
2025-03-27 01:00:00,20.6,82,0.0,19.96,11.29,7.43
2025-03-27 02:00:00,22.9,73,0.0,20.54,10.97,7.55
2025-03-27 03:00:00,26.0,60,0.0,21.88,10.43,7.53
2025-03-27 04:00:00,28.5,49,0.0,23.57,9.87,7.88
2025-03-27 05:00:00,30.5,41,0.0,25.35,9.36,7.7
2025-03-27 06:00:00,32.2,34,0.0,27.1,8.89,7.62
2025-03-27 07:00:00,33.2,30,0.0,28.63,8.52,7.68
2025-03-27 08:00:00,34.2,28,0.0,30.0,8.22,7.61
2025-03-27 09:00:00,35.0,26,0.0,31.2,7.96,7.54
2025-03-27 10:00:00,35.3,24,0.0,32.13,7.75,7.55
2025-03-27 11:00:00,35.5,20,0.0,32.84,7.55,7.48
2025-03-27 12:00:00,34.0,23,0.0,32.89,7.59,7.28
2025-03-27 13:00:00,29.6,39,0.0,31.6,8.1,7.21
2025-03-27 14:00:00,27.6,48,0.0,30.1,8.55,7.18
2025-03-27 15:00:00,26.8,49,0.0,28.81,8.82,6.93
2025-03-27 16:00:00,26.6,44,0.0,27.85,8.92,6.97
2025-03-27 17:00:00,25.8,48,0.0,26.93,9.18,7.24
2025-03-27 18:00:00,24.4,56,0.0,25.87,9.54,7.27
2025-03-27 19:00:00,24.1,59,0.0,25.04,9.76,7.09
2025-03-27 20:00:00,23.5,63,0.0,24.28,10.0,7.22
2025-03-27 21:00:00,23.1,67,0.0,23.63,10.21,7.24
2025-03-27 22:00:00,21.7,72,0.0,22.75,10.49,7.59
2025-03-27 23:00:00,20.8,74,0.0,21.86,10.72,7.48
2025-03-28 00:00:00,20.4,76,0.0,21.12,10.91,7.44
2025-03-28 01:00:00,21.9,75,0.0,21.06,10.91,7.43
2025-03-28 02:00:00,24.2,67,0.0,21.7,10.61,7.43
2025-03-28 03:00:00,26.8,59,0.0,22.93,10.19,7.66
2025-03-28 04:00:00,29.5,48,0.0,24.6,9.64,7.6
2025-03-28 05:00:00,31.4,38,0.0,26.34,9.11,7.54
2025-03-28 06:00:00,32.7,33,0.0,27.95,8.7,7.62
2025-03-28 07:00:00,33.5,31,0.0,29.31,8.41,7.55
2025-03-28 08:00:00,34.6,28,0.0,30.6,8.11,7.78
2025-03-28 09:00:00,35.2,26,0.0,31.68,7.87,7.64
2025-03-28 10:00:00,35.4,24,0.0,32.5,7.68,7.48
2025-03-28 11:00:00,35.1,24,0.0,32.98,7.59,7.56
2025-03-28 12:00:00,33.7,32,0.0,32.89,7.73,7.34
2025-03-28 13:00:00,30.5,43,0.0,31.88,8.11,7.18
2025-03-28 14:00:00,28.6,49,0.0,30.59,8.46,7.36
2025-03-28 15:00:00,28.0,46,0.0,29.52,8.63,7.21
2025-03-28 16:00:00,27.2,42,0.0,28.52,8.75,7.01
2025-03-28 17:00:00,25.6,48,0.0,27.34,9.09,7.08
2025-03-28 18:00:00,24.4,55,0.0,26.16,9.46,7.01
2025-03-28 19:00:00,23.8,60,0.0,25.15,9.76,6.98
2025-03-28 20:00:00,23.4,64,0.0,24.33,10.01,7.25
2025-03-28 21:00:00,22.9,67,0.0,23.6,10.22,7.4
2025-03-28 22:00:00,22.0,69,0.0,22.82,10.42,7.14
2025-03-28 23:00:00,20.8,74,0.0,21.91,10.71,7.42
2025-03-29 00:00:00,20.1,75,0.0,21.07,10.91,7.38
2025-03-29 01:00:00,20.5,78,0.0,20.6,11.07,7.48
2025-03-29 02:00:00,23.0,69,0.0,21.02,10.79,7.54
2025-03-29 03:00:00,26.6,55,0.0,22.39,10.22,7.56
2025-03-29 04:00:00,29.1,48,0.0,24.11,9.74,7.68
2025-03-29 05:00:00,31.2,38,0.0,25.93,9.19,7.61
2025-03-29 06:00:00,32.7,34,0.0,27.66,8.78,7.71
2025-03-29 07:00:00,34.0,29,0.0,29.26,8.38,7.65
2025-03-29 08:00:00,35.0,25,0.0,30.69,8.04,7.59
2025-03-29 09:00:00,35.8,20,0.0,31.92,7.72,7.46
2025-03-29 10:00:00,36.5,16,0.0,32.99,7.46,7.42
2025-03-29 11:00:00,36.3,14,0.0,33.69,7.3,7.48
2025-03-29 12:00:00,33.8,25,0.0,33.42,7.52,7.38
2025-03-29 13:00:00,29.7,40,0.0,32.0,8.04,7.16
2025-03-29 14:00:00,27.2,40,0.0,30.26,8.38,7.22
2025-03-29 15:00:00,26.2,38,0.0,28.74,8.64,7.24
2025-03-29 16:00:00,25.2,42,0.0,27.38,8.98,6.96
2025-03-29 17:00:00,24.5,45,0.0,26.22,9.26,7.16
2025-03-29 18:00:00,23.8,50,0.0,25.19,9.56,7.04
2025-03-29 19:00:00,22.5,54,0.0,24.08,9.86,7.19
2025-03-29 20:00:00,22.0,54,0.0,23.16,10.05,7.09
2025-03-29 21:00:00,21.6,52,0.0,22.39,10.16,7.04
2025-03-29 22:00:00,21.4,56,0.0,21.79,10.36,7.13
2025-03-29 23:00:00,20.2,57,0.0,21.02,10.54,7.38
2025-03-30 00:00:00,19.6,61,0.0,20.29,10.77,7.48
2025-03-30 01:00:00,21.0,59,0.0,20.2,10.75,7.45
2025-03-30 02:00:00,23.2,54,0.0,20.8,10.52,7.67
2025-03-30 03:00:00,26.0,42,0.0,22.06,10.02,7.49
2025-03-30 04:00:00,28.4,35,0.0,23.66,9.57,7.68
2025-03-30 05:00:00,30.6,29,0.0,25.44,9.11,7.57
2025-03-30 06:00:00,32.4,24,0.0,27.23,8.68,7.62
2025-03-30 07:00:00,33.5,22,0.0,28.81,8.34,7.67
2025-03-30 08:00:00,34.5,19,0.0,30.22,8.03,7.53
2025-03-30 09:00:00,35.6,15,0.0,31.53,7.71,7.52
2025-03-30 10:00:00,35.5,17,0.0,32.42,7.58,7.59
2025-03-30 11:00:00,34.0,19,0.0,32.6,7.58,7.35
2025-03-30 12:00:00,32.3,23,0.0,32.21,7.72,7.42
2025-03-30 13:00:00,28.9,30,0.0,30.92,8.08,7.16
2025-03-30 14:00:00,26.9,34,0.0,29.41,8.44,7.27
2025-03-30 15:00:00,26.0,37,0.0,28.09,8.75,7.31
2025-03-30 16:00:00,24.8,42,0.0,26.8,9.09,6.89
2025-03-30 17:00:00,23.5,48,0.0,25.51,9.46,7.04
2025-03-30 18:00:00,22.5,53,0.0,24.31,9.8,7.17
2025-03-30 19:00:00,21.9,61,0.0,23.29,10.16,7.12
2025-03-30 20:00:00,21.5,67,0.0,22.45,10.45,7.21
2025-03-30 21:00:00,21.1,72,0.0,21.74,10.7,7.17
2025-03-30 22:00:00,20.3,72,0.0,21.01,10.86,7.31
2025-03-30 23:00:00,19.6,71,0.0,20.29,10.99,7.36
2025-03-31 00:00:00,19.1,71,0.0,19.63,11.12,7.58
2025-03-31 01:00:00,19.5,68,0.0,19.29,11.13,7.57
2025-03-31 02:00:00,22.5,62,0.0,19.95,10.86,7.64
2025-03-31 03:00:00,25.1,63,0.0,21.2,10.63,7.62
2025-03-31 04:00:00,27.4,56,0.0,22.76,10.17,7.64
2025-03-31 05:00:00,29.4,49,0.0,24.45,9.69,7.66
2025-03-31 06:00:00,31.0,42,0.0,26.12,9.23,7.74
2025-03-31 07:00:00,32.4,36,0.0,27.7,8.81,7.63
2025-03-31 08:00:00,33.5,30,0.0,29.14,8.42,7.66
2025-03-31 09:00:00,34.5,24,0.0,30.45,8.07,7.78
2025-03-31 10:00:00,35.5,20,0.0,31.66,7.77,7.58
2025-03-31 11:00:00,34.0,21,0.0,32.06,7.71,7.38
2025-03-31 12:00:00,32.8,26,0.0,31.99,7.81,7.46
2025-03-31 13:00:00,29.3,35,0.0,30.88,8.17,7.23
2025-03-31 14:00:00,27.5,42,0.0,29.57,8.55,7.01
2025-03-31 15:00:00,26.1,47,0.0,28.23,8.9,7.06
2025-03-31 16:00:00,25.0,53,0.0,26.96,9.26,6.94
2025-03-31 17:00:00,23.9,66,0.0,25.74,9.75,7.08
2025-03-31 18:00:00,23.0,78,0.0,24.62,10.22,7.12
2025-03-31 19:00:00,22.3,83,0.0,23.62,10.53,7.3
2025-03-31 20:00:00,21.7,88,0.0,22.75,10.81,7.21
2025-03-31 21:00:00,20.8,93,0.0,21.86,11.11,7.21
2025-03-31 22:00:00,20.3,95,0.0,21.09,11.32,7.38
2025-03-31 23:00:00,19.9,97,0.0,20.44,11.5,7.16
2025-04-01 00:00:00,19.8,98,0.0,19.94,11.63,7.48
2025-04-01 01:00:00,20.7,99,0.0,19.87,11.67,7.62
2025-04-01 02:00:00,22.5,87,0.0,20.36,11.31,7.46
2025-04-01 03:00:00,24.6,74,0.0,21.33,10.83,7.77
2025-04-01 04:00:00,26.7,63,0.0,22.64,10.33,7.73
2025-04-01 05:00:00,28.5,53,0.0,24.1,9.84,7.67
2025-04-01 06:00:00,30.1,44,0.0,25.6,9.37,7.77
2025-04-01 07:00:00,31.5,38,0.0,27.07,8.97,7.91
2025-04-01 08:00:00,32.3,34,0.0,28.34,8.65,7.65
2025-04-01 09:00:00,32.4,33,0.0,29.26,8.45,7.6
2025-04-01 10:00:00,32.5,32,0.0,29.93,8.3,7.46
2025-04-01 11:00:00,32.0,32,0.0,30.25,8.24,7.35
2025-04-01 12:00:00,30.9,36,0.0,30.15,8.33,7.44
2025-04-01 13:00:00,28.1,50,0.0,29.23,8.75,7.2
2025-04-01 14:00:00,26.5,54,0.0,28.11,9.05,7.24
2025-04-01 15:00:00,26.3,54,0.0,27.27,9.22,7.13
2025-04-01 16:00:00,25.1,66,0.0,26.32,9.64,7.18
2025-04-01 17:00:00,24.1,75,0.0,25.35,10.01,7.15
2025-04-01 18:00:00,23.5,79,0.0,24.5,10.26,7.22
2025-04-01 19:00:00,23.0,83,0.0,23.75,10.5,7.08
2025-04-01 20:00:00,22.5,87,0.0,23.07,10.72,7.14
2025-04-01 21:00:00,22.0,90,0.0,22.45,10.92,7.13
2025-04-01 22:00:00,21.5,93,0.0,21.87,11.11,7.25
2025-04-01 23:00:00,21.5,93,0.0,21.46,11.2,7.41
2025-04-02 00:00:00,21.4,95,0.0,21.14,11.31,7.52
2025-04-02 01:00:00,22.2,92,0.0,21.16,11.24,7.43
2025-04-02 02:00:00,23.8,84,0.0,21.65,10.97,7.68
2025-04-02 03:00:00,25.5,73,0.0,22.51,10.56,7.78
2025-04-02 04:00:00,27.4,62,0.0,23.67,10.1,7.72
2025-04-02 05:00:00,29.2,53,0.0,25.03,9.65,7.89
2025-04-02 06:00:00,30.8,46,0.0,26.46,9.23,7.62
2025-04-02 07:00:00,31.9,41,0.0,27.79,8.88,7.55
2025-04-02 08:00:00,32.3,39,0.0,28.85,8.64,7.45
2025-04-02 09:00:00,32.8,37,0.1,29.73,8.43,7.72
2025-04-02 10:00:00,33.2,36,0.0,30.47,8.27,7.57
2025-04-02 11:00:00,32.9,36,0.0,30.9,8.18,7.42
2025-04-02 12:00:00,29.3,50,0.2,30.12,8.58,7.37
2025-04-02 13:00:00,28.2,58,0.1,29.24,8.89,7.17
2025-04-02 14:00:00,27.4,61,0.0,28.39,9.12,7.47
2025-04-02 15:00:00,26.8,64,0.0,27.61,9.33,7.18
2025-04-02 16:00:00,26.0,71,0.0,26.83,9.62,7.14
2025-04-02 17:00:00,25.5,75,0.0,26.13,9.84,7.18
2025-04-02 18:00:00,25.0,80,0.0,25.49,10.07,7.15
2025-04-02 19:00:00,24.0,87,0.0,24.74,10.37,7.15
2025-04-02 20:00:00,23.3,91,0.1,24.01,10.6,7.07
2025-04-02 21:00:00,23.0,91,0.7,23.41,10.73,7.22
2025-04-02 22:00:00,22.0,95,1.4,22.69,10.97,7.4
2025-04-02 23:00:00,21.7,95,1.5,22.09,11.1,7.42
2025-04-03 00:00:00,21.5,94,1.0,21.61,11.18,7.55
2025-04-03 01:00:00,22.4,96,0.1,21.55,11.24,7.46
2025-04-03 02:00:00,22.9,93,0.2,21.65,11.15,7.48
2025-04-03 03:00:00,24.4,83,0.1,22.18,10.84,7.63
2025-04-03 04:00:00,26.4,73,0.1,23.14,10.43,7.69
2025-04-03 05:00:00,28.3,64,0.0,24.39,9.99,7.82
2025-04-03 06:00:00,29.8,58,0.0,25.71,9.61,7.53
2025-04-03 07:00:00,31.0,53,0.0,27.0,9.26,7.83
2025-04-03 08:00:00,31.7,50,0.0,28.11,8.98,7.62
2025-04-03 09:00:00,32.2,47,0.0,29.04,8.74,7.54
2025-04-03 10:00:00,31.8,46,0.0,29.57,8.62,7.41
2025-04-03 11:00:00,28.5,62,0.6,28.95,9.02,7.25
2025-04-03 12:00:00,28.5,60,0.0,28.51,9.08,7.46
2025-04-03 13:00:00,25.9,75,0.0,27.43,9.57,7.32
2025-04-03 14:00:00,25.0,81,0.0,26.4,9.9,7.12
2025-04-03 15:00:00,24.5,85,0.0,25.53,10.16,7.06
2025-04-03 16:00:00,24.1,85,0.0,24.8,10.31,7.12
2025-04-03 17:00:00,23.4,89,0.0,24.08,10.55,7.3
2025-04-03 18:00:00,23.1,90,0.0,23.49,10.69,7.1
2025-04-03 19:00:00,23.0,91,0.0,23.04,10.81,6.99
2025-04-03 20:00:00,22.5,93,0.0,22.58,10.95,7.15
2025-04-03 21:00:00,22.1,95,0.0,22.13,11.09,7.2
2025-04-03 22:00:00,22.1,96,0.0,21.82,11.18,7.02
2025-04-03 23:00:00,21.5,97,0.0,21.43,11.28,7.36
2025-04-04 00:00:00,21.5,97,0.0,21.15,11.35,7.43
2025-04-04 01:00:00,23.8,90,0.0,21.64,11.09,7.59
2025-04-04 02:00:00,25.0,81,0.0,22.35,10.76,7.77
2025-04-04 03:00:00,26.3,70,0.0,23.24,10.35,7.75
2025-04-04 04:00:00,28.2,57,0.0,24.42,9.85,7.65
2025-04-04 05:00:00,29.9,51,0.0,25.77,9.47,7.58
2025-04-04 06:00:00,31.6,46,0.0,27.22,9.08,7.95
2025-04-04 07:00:00,32.6,42,0.0,28.53,8.75,7.67
2025-04-04 08:00:00,33.4,39,0.0,29.69,8.47,7.62
2025-04-04 09:00:00,32.8,40,0.3,30.32,8.36,7.55
2025-04-04 10:00:00,31.6,43,1.0,30.41,8.4,7.47
2025-04-04 11:00:00,28.8,57,0.3,29.63,8.8,7.41
2025-04-04 12:00:00,29.1,52,0.0,29.17,8.8,7.31
2025-04-04 13:00:00,26.2,69,0.0,27.98,9.35,7.25
2025-04-04 14:00:00,24.7,74,0.1,26.69,9.71,7.23
2025-04-04 15:00:00,24.0,81,0.1,25.59,10.07,7.13
2025-04-04 16:00:00,23.5,86,0.3,24.66,10.36,7.06
2025-04-04 17:00:00,23.3,91,0.3,23.95,10.61,7.12
2025-04-04 18:00:00,23.1,92,0.1,23.4,10.75,7.09
2025-04-04 19:00:00,22.6,90,0.1,22.86,10.83,7.28
2025-04-04 20:00:00,22.0,91,0.0,22.3,10.97,6.91
2025-04-04 21:00:00,21.7,94,0.0,21.82,11.14,7.34
2025-04-04 22:00:00,21.5,95,0.0,21.42,11.24,7.42
2025-04-04 23:00:00,21.4,95,0.0,21.12,11.31,7.16
2025-04-05 00:00:00,21.1,96,0.0,20.81,11.4,7.42
2025-04-05 01:00:00,22.4,94,0.0,20.99,11.32,7.49
2025-04-05 02:00:00,23.5,87,0.0,21.44,11.07,7.45
2025-04-05 03:00:00,25.4,75,0.0,22.33,10.64,7.57
2025-04-05 04:00:00,27.4,64,0.0,23.55,10.17,7.57
2025-04-05 05:00:00,29.0,58,0.0,24.89,9.78,7.88
2025-04-05 06:00:00,30.2,52,0.1,26.18,9.4,7.78
2025-04-05 07:00:00,31.4,48,0.0,27.45,9.07,7.8
2025-04-05 08:00:00,32.2,46,0.0,28.57,8.81,7.71
2025-04-05 09:00:00,32.7,45,0.0,29.51,8.61,7.46
2025-04-05 10:00:00,32.6,45,0.0,30.14,8.49,7.46
2025-04-05 11:00:00,31.9,45,0.1,30.37,8.44,7.48
2025-04-05 12:00:00,25.6,75,0.3,28.64,9.32,7.23
2025-04-05 13:00:00,27.5,60,0.0,28.0,9.18,7.37
2025-04-05 14:00:00,26.4,64,0.0,27.22,9.41,7.21
2025-04-05 15:00:00,25.5,70,0.0,26.4,9.69,7.15
2025-04-05 16:00:00,25.0,72,0.0,25.68,9.88,7.21
2025-04-05 17:00:00,24.5,75,0.0,25.03,10.07,7.16
2025-04-05 18:00:00,24.4,79,0.0,24.54,10.25,7.08
2025-04-05 19:00:00,24.0,86,0.0,24.08,10.49,7.25
2025-04-05 20:00:00,23.5,89,0.0,23.6,10.65,7.06
2025-04-05 21:00:00,23.5,90,0.0,23.27,10.74,7.28
2025-04-05 22:00:00,23.1,90,0.0,22.92,10.82,7.34
2025-04-05 23:00:00,22.5,94,0.0,22.49,10.99,7.33
2025-04-06 00:00:00,22.5,95,0.0,22.2,11.08,7.47
2025-04-06 01:00:00,24.2,88,0.0,22.5,10.87,7.39
2025-04-06 02:00:00,25.4,83,0.0,23.07,10.65,7.67
2025-04-06 03:00:00,27.0,71,0.0,23.95,10.22,7.61
2025-04-06 04:00:00,28.2,65,0.0,24.92,9.9,7.62
2025-04-06 05:00:00,29.6,57,0.0,26.03,9.53,7.79
2025-04-06 06:00:00,31.5,50,0.0,27.37,9.13,7.62
2025-04-06 07:00:00,32.9,45,0.0,28.73,8.77,7.52
2025-04-06 08:00:00,34.1,40,0.0,30.04,8.42,7.46
2025-04-06 09:00:00,35.1,32,0.0,31.26,8.05,7.62
2025-04-06 10:00:00,34.7,29,0.0,31.99,7.86,7.36
2025-04-06 11:00:00,33.7,32,0.0,32.2,7.87,7.59
2025-04-06 12:00:00,33.3,33,0.0,32.23,7.88,7.13
2025-04-06 13:00:00,30.6,38,0.0,31.44,8.11,7.44
2025-04-06 14:00:00,28.8,47,0.1,30.35,8.48,7.22
2025-04-06 15:00:00,27.7,57,0.0,29.25,8.87,7.15
2025-04-06 16:00:00,26.5,65,0.0,28.13,9.24,7.06
2025-04-06 17:00:00,25.5,73,0.0,27.04,9.61,7.14
2025-04-06 18:00:00,24.7,80,0.0,26.04,9.96,7.1
2025-04-06 19:00:00,24.3,85,0.0,25.22,10.23,7.23
2025-04-06 20:00:00,23.9,89,0.0,24.52,10.45,7.17
2025-04-06 21:00:00,23.3,91,0.0,23.86,10.63,7.22
2025-04-06 22:00:00,22.9,89,0.0,23.27,10.72,7.24
2025-04-06 23:00:00,22.8,84,0.0,22.83,10.72,7.35
2025-04-07 00:00:00,22.1,87,0.0,22.31,10.89,7.47
2025-04-07 01:00:00,22.9,94,0.0,22.19,11.06,7.34
2025-04-07 02:00:00,24.5,84,0.0,22.58,10.77,7.45
2025-04-07 03:00:00,26.5,72,0.0,23.46,10.34,7.71
2025-04-07 04:00:00,28.5,63,0.0,24.67,9.92,7.69
2025-04-07 05:00:00,30.4,54,0.0,26.09,9.46,7.67
2025-04-07 06:00:00,32.3,45,0.0,27.65,8.98,7.69
2025-04-07 07:00:00,34.4,31,0.0,29.38,8.39,7.69
2025-04-07 08:00:00,35.5,26,0.0,30.91,8.01,7.56
2025-04-07 09:00:00,36.4,22,0.0,32.26,7.69,7.47
2025-04-07 10:00:00,35.8,22,0.0,33.02,7.55,7.5
2025-04-07 11:00:00,34.8,23,0.0,33.26,7.52,7.31
2025-04-07 12:00:00,33.4,27,0.0,33.0,7.63,7.37
2025-04-07 13:00:00,30.9,33,0.0,32.07,7.91,7.09
2025-04-07 14:00:00,30.1,34,0.0,31.18,8.1,7.3
2025-04-07 15:00:00,27.6,41,0.0,29.8,8.48,7.2
2025-04-07 16:00:00,26.8,52,0.0,28.6,8.91,7.14
2025-04-07 17:00:00,25.8,68,0.0,27.46,9.44,7.19
2025-04-07 18:00:00,24.5,84,0.0,26.27,9.98,7.26
2025-04-07 19:00:00,23.4,91,0.0,25.11,10.36,7.22
2025-04-07 20:00:00,22.9,94,0.0,24.15,10.63,6.97
2025-04-07 21:00:00,22.0,97,0.0,23.2,10.9,7.09
2025-04-07 22:00:00,21.5,96,0.0,22.39,11.05,7.22
2025-04-07 23:00:00,21.0,96,0.0,21.67,11.21,7.37
2025-04-08 00:00:00,20.6,96,0.0,21.05,11.35,7.5
2025-04-08 01:00:00,22.3,96,0.0,21.13,11.33,7.45
2025-04-08 02:00:00,24.1,88,0.0,21.72,11.04,7.61
2025-04-08 03:00:00,26.2,76,0.0,22.76,10.57,7.57
2025-04-08 04:00:00,28.3,67,0.0,24.12,10.11,7.62
2025-04-08 05:00:00,30.4,55,0.0,25.71,9.55,7.55
2025-04-08 06:00:00,32.7,39,0.0,27.5,8.9,7.59
2025-04-08 07:00:00,34.8,25,0.0,29.39,8.29,7.52
2025-04-08 08:00:00,35.6,21,0.0,30.96,7.92,7.51
2025-04-08 09:00:00,35.5,21,0.0,32.02,7.72,7.66
2025-04-08 10:00:00,34.8,23,0.0,32.55,7.65,7.39
2025-04-08 11:00:00,33.4,27,0.0,32.51,7.73,7.68
2025-04-08 12:00:00,32.4,31,0.0,32.18,7.85,7.39
2025-04-08 13:00:00,29.6,42,0.0,31.1,8.25,7.29
2025-04-08 14:00:00,29.0,42,0.0,30.17,8.43,7.12
2025-04-08 15:00:00,28.0,43,0.0,29.22,8.63,7.23
2025-04-08 16:00:00,25.9,48,0.0,27.92,8.98,7.06
2025-04-08 17:00:00,24.9,55,0.0,26.72,9.35,7.12
2025-04-08 18:00:00,24.3,60,0.0,25.69,9.65,7.36
2025-04-08 19:00:00,23.4,61,0.0,24.7,9.87,7.11
2025-04-08 20:00:00,22.5,65,0.0,23.74,10.15,7.28
2025-04-08 21:00:00,21.4,73,0.0,22.74,10.51,7.15
2025-04-08 22:00:00,20.5,78,0.0,21.77,10.82,7.29
2025-04-08 23:00:00,19.7,83,0.0,20.85,11.12,7.55
2025-04-09 00:00:00,19.2,87,0.0,20.05,11.37,7.4
2025-04-09 01:00:00,21.2,85,0.0,20.1,11.32,7.72
2025-04-09 02:00:00,23.5,78,0.0,20.82,11.02,7.67
2025-04-09 03:00:00,25.9,68,0.0,22.04,10.56,7.6
2025-04-09 04:00:00,28.4,55,0.0,23.65,9.97,7.75
2025-04-09 05:00:00,30.5,46,0.0,25.4,9.44,7.79
2025-04-09 06:00:00,32.5,35,0.0,27.23,8.88,7.75
2025-04-09 07:00:00,34.2,28,0.0,29.02,8.41,7.5
2025-04-09 08:00:00,35.3,24,0.0,30.61,8.04,7.54
2025-04-09 09:00:00,35.5,23,0.0,31.77,7.8,7.53
2025-04-09 10:00:00,35.3,22,0.0,32.53,7.64,7.48
2025-04-09 11:00:00,34.8,22,0.0,32.91,7.57,7.47
2025-04-09 12:00:00,33.3,27,0.0,32.73,7.68,7.35
2025-04-09 13:00:00,30.8,32,0.0,31.85,7.93,7.13
2025-04-09 14:00:00,29.0,40,0.0,30.7,8.29,7.24
2025-04-09 15:00:00,27.2,45,0.0,29.35,8.64,7.22
2025-04-09 16:00:00,26.2,54,0.0,28.1,9.05,7.18
2025-04-09 17:00:00,24.8,70,0.0,26.81,9.61,7.21
2025-04-09 18:00:00,24.0,82,0.0,25.67,10.07,7.19
2025-04-09 19:00:00,23.5,89,0.0,24.72,10.41,7.17
2025-04-09 20:00:00,22.5,95,0.0,23.75,10.74,7.16
2025-04-09 21:00:00,22.0,98,0.0,22.93,10.98,7.05
2025-04-09 22:00:00,22.0,99,0.0,22.35,11.12,7.33
2025-04-09 23:00:00,21.8,100,0.0,21.88,11.25,7.38
2025-04-10 00:00:00,21.4,100,0.0,21.44,11.34,7.47
2025-04-10 01:00:00,23.3,94,0.0,21.7,11.16,7.39
2025-04-10 02:00:00,25.0,79,0.0,22.39,10.71,7.48
2025-04-10 03:00:00,26.6,69,0.0,23.35,10.31,7.74
2025-04-10 04:00:00,29.4,58,0.0,24.87,9.78,7.67
2025-04-10 05:00:00,32.0,42,0.0,26.71,9.11,7.75
2025-04-10 06:00:00,33.5,33,0.0,28.44,8.61,7.68
2025-04-10 07:00:00,34.5,29,0.0,29.96,8.25,7.65
2025-04-10 08:00:00,34.0,28,0.0,30.87,8.05,7.7
2025-04-10 09:00:00,34.5,27,0.0,31.66,7.89,7.5
2025-04-10 10:00:00,34.9,25,0.0,32.33,7.73,7.5
2025-04-10 11:00:00,34.6,24,0.0,32.71,7.64,7.36
2025-04-10 12:00:00,33.3,28,0.0,32.59,7.73,7.29
2025-04-10 13:00:00,30.3,40,0.0,31.6,8.11,7.24
2025-04-10 14:00:00,29.0,44,0.0,30.52,8.39,7.23
2025-04-10 15:00:00,27.5,47,0.0,29.32,8.68,7.11
2025-04-10 16:00:00,26.8,48,0.0,28.26,8.91,7.24
2025-04-10 17:00:00,25.8,51,0.0,27.22,9.17,7.01
2025-04-10 18:00:00,25.7,53,0.0,26.47,9.36,7.08
2025-04-10 19:00:00,26.0,60,0.0,26.03,9.58,7.07
2025-04-10 20:00:00,25.5,64,0.0,25.57,9.75,7.29
2025-04-10 21:00:00,24.6,66,0.0,24.98,9.91,7.22
2025-04-10 22:00:00,24.0,70,0.0,24.38,10.11,7.37
2025-04-10 23:00:00,23.4,76,0.0,23.79,10.35,7.2
2025-04-11 00:00:00,23.0,79,0.0,23.25,10.53,7.45
2025-04-11 01:00:00,24.2,73,0.0,23.24,10.41,7.59
2025-04-11 02:00:00,25.7,68,0.0,23.68,10.22,7.58
2025-04-11 03:00:00,28.0,58,0.0,24.67,9.82,7.73
2025-04-11 04:00:00,30.2,48,0.0,26.03,9.36,7.61
2025-04-11 05:00:00,32.1,42,0.0,27.55,8.94,7.82
2025-04-11 06:00:00,33.5,37,0.0,29.04,8.56,7.9
2025-04-11 07:00:00,34.7,34,0.0,30.44,8.24,7.61
2025-04-11 08:00:00,35.5,31,0.0,31.65,7.95,7.56
2025-04-11 09:00:00,35.3,30,0.0,32.45,7.79,7.69
2025-04-11 10:00:00,34.7,29,0.1,32.82,7.7,7.63
2025-04-11 11:00:00,33.3,33,0.0,32.67,7.79,7.36
2025-04-11 12:00:00,30.8,43,0.0,31.81,8.12,7.3
2025-04-11 13:00:00,28.6,53,0.0,30.54,8.54,7.25
2025-04-11 14:00:00,27.5,61,0.0,29.33,8.93,7.08
2025-04-11 15:00:00,26.6,63,0.0,28.21,9.19,7.07
2025-04-11 16:00:00,26.7,64,0.0,27.46,9.36,7.03
2025-04-11 17:00:00,25.9,67,0.0,26.69,9.58,7.03
2025-04-11 18:00:00,25.4,65,0.0,26.0,9.68,7.1
2025-04-11 19:00:00,24.0,70,0.0,25.1,9.96,7.14
2025-04-11 20:00:00,23.2,75,0.0,24.23,10.24,7.31
2025-04-11 21:00:00,22.9,77,0.0,23.53,10.43,7.11
2025-04-11 22:00:00,22.4,78,0.0,22.89,10.58,7.38
2025-04-11 23:00:00,22.3,76,0.0,22.41,10.64,7.34
2025-04-12 00:00:00,22.4,79,0.0,22.11,10.77,7.43
2025-04-12 01:00:00,22.8,85,0.0,22.02,10.91,7.58
2025-04-12 02:00:00,24.6,76,0.0,22.49,10.63,7.47
2025-04-12 03:00:00,27.1,67,0.0,23.57,10.22,7.67
2025-04-12 04:00:00,30.0,54,0.0,25.2,9.64,7.68
2025-04-12 05:00:00,32.3,40,0.0,27.03,9.01,7.73
2025-04-12 06:00:00,33.9,34,0.0,28.79,8.56,7.7
2025-04-12 07:00:00,35.0,30,0.0,30.35,8.19,7.89
2025-04-12 08:00:00,35.8,29,0.0,31.69,7.92,7.54
2025-04-12 09:00:00,36.0,28,0.0,32.68,7.71,7.49
2025-04-12 10:00:00,35.2,28,0.0,33.14,7.62,7.42
2025-04-12 11:00:00,32.8,32,0.0,32.74,7.76,7.35
2025-04-12 12:00:00,31.8,38,0.0,32.16,7.97,7.27
2025-04-12 13:00:00,29.0,48,0.0,30.91,8.38,7.39
2025-04-12 14:00:00,27.8,54,0.0,29.68,8.73,7.36
2025-04-12 15:00:00,27.0,57,0.1,28.57,9.01,7.1
2025-04-12 16:00:00,26.1,60,0.0,27.53,9.28,7.04
2025-04-12 17:00:00,25.8,57,0.0,26.71,9.39,7.15
2025-04-12 18:00:00,25.1,58,0.0,25.93,9.56,7.05
2025-04-12 19:00:00,24.0,65,0.0,25.05,9.88,7.18
2025-04-12 20:00:00,24.1,63,0.0,24.46,9.96,7.18
2025-04-12 21:00:00,23.9,64,0.0,24.0,10.08,7.06
2025-04-12 22:00:00,23.5,66,0.0,23.55,10.21,7.43
2025-04-12 23:00:00,22.5,70,0.0,22.93,10.41,7.53
2025-04-13 00:00:00,22.0,73,0.0,22.35,10.6,7.38
2025-04-13 01:00:00,24.4,63,0.0,22.67,10.33,7.47
2025-04-13 02:00:00,25.1,61,0.0,23.1,10.2,7.61
2025-04-13 03:00:00,26.8,57,0.0,23.91,9.96,7.67
2025-04-13 04:00:00,28.1,53,0.0,24.87,9.68,7.74
2025-04-13 05:00:00,30.0,47,0.0,26.11,9.32,7.89
2025-04-13 06:00:00,31.9,42,0.0,27.54,8.95,7.67
2025-04-13 07:00:00,33.4,37,0.0,29.0,8.57,7.58
2025-04-13 08:00:00,34.4,34,0.0,30.32,8.26,7.48
2025-04-13 09:00:00,35.2,30,0.0,31.48,7.97,7.48
2025-04-13 10:00:00,33.0,35,0.0,31.64,8.02,7.49
2025-04-13 11:00:00,32.3,37,0.0,31.54,8.08,7.6
2025-04-13 12:00:00,31.0,39,0.0,31.08,8.2,7.3
2025-04-13 13:00:00,29.5,45,0.0,30.3,8.45,7.3
2025-04-13 14:00:00,28.0,49,0.0,29.31,8.72,7.22
2025-04-13 15:00:00,26.8,54,0.0,28.26,9.02,7.28
2025-04-13 16:00:00,25.9,57,0.0,27.25,9.28,7.38
2025-04-13 17:00:00,24.8,60,0.0,26.22,9.54,7.05
2025-04-13 18:00:00,24.1,63,0.0,25.28,9.79,7.06
2025-04-13 19:00:00,23.1,70,0.0,24.33,10.12,7.23
2025-04-13 20:00:00,22.7,72,0.0,23.54,10.33,7.23
2025-04-13 21:00:00,23.0,70,0.0,23.08,10.38,7.4
2025-04-13 22:00:00,22.6,72,0.0,22.63,10.52,7.34
2025-04-13 23:00:00,22.2,75,0.0,22.2,10.67,7.32
2025-04-14 00:00:00,22.0,76,0.0,21.84,10.76,7.5
2025-04-14 01:00:00,23.0,78,0.0,21.89,10.79,7.63
2025-04-14 02:00:00,25.4,76,0.0,22.64,10.6,7.67
2025-04-14 03:00:00,27.5,69,0.0,23.8,10.21,7.68
2025-04-14 04:00:00,29.4,61,0.0,25.18,9.77,7.77
2025-04-14 05:00:00,30.9,54,0.0,26.6,9.36,7.8
2025-04-14 06:00:00,32.0,49,0.0,27.92,9.0,7.82
2025-04-14 07:00:00,32.5,47,0.0,28.99,8.75,7.72
2025-04-14 08:00:00,33.2,45,0.0,29.95,8.52,7.6
2025-04-14 09:00:00,33.8,41,0.0,30.81,8.29,7.58
2025-04-14 10:00:00,31.5,45,0.1,30.72,8.37,7.62
2025-04-14 11:00:00,29.8,52,0.0,30.14,8.61,7.35
2025-04-14 12:00:00,29.6,53,0.0,29.68,8.72,7.4
2025-04-14 13:00:00,28.0,61,0.0,28.88,9.02,7.25
2025-04-14 14:00:00,26.4,59,0.0,27.83,9.2,7.23
2025-04-14 15:00:00,25.7,69,0.0,26.89,9.57,7.31
2025-04-14 16:00:00,25.2,67,0.0,26.08,9.7,7.16
2025-04-14 17:00:00,24.5,69,0.0,25.31,9.9,7.12
2025-04-14 18:00:00,24.0,73,0.0,24.62,10.12,6.98
2025-04-14 19:00:00,23.2,78,0.0,23.89,10.37,7.21
2025-04-14 20:00:00,22.9,80,0.0,23.29,10.54,7.23
2025-04-14 21:00:00,22.4,83,0.0,22.73,10.72,7.44
2025-04-14 22:00:00,22.3,83,0.0,22.3,10.81,7.26
2025-04-14 23:00:00,22.1,83,0.0,21.94,10.89,7.38
2025-04-15 00:00:00,21.5,85,0.0,21.51,11.02,7.47
2025-04-15 01:00:00,23.1,78,0.0,21.68,10.84,7.68
2025-04-15 02:00:00,23.9,73,0.0,22.05,10.66,7.58
2025-04-15 03:00:00,24.8,68,0.0,22.57,10.45,7.67
2025-04-15 04:00:00,27.3,60,0.0,23.69,10.06,7.74
2025-04-15 05:00:00,30.0,49,0.0,25.28,9.52,7.72
2025-04-15 06:00:00,32.0,42,0.0,27.0,9.05,7.65
2025-04-15 07:00:00,33.5,35,0.0,28.65,8.6,7.68
2025-04-15 08:00:00,34.4,29,0.0,30.07,8.22,7.73
2025-04-15 09:00:00,35.0,27,0.0,31.25,7.97,7.46
2025-04-15 10:00:00,34.9,27,0.0,32.05,7.81,7.5
2025-04-15 11:00:00,33.8,29,0.0,32.27,7.8,7.34
2025-04-15 12:00:00,31.5,44,0.0,31.74,8.15,7.46
2025-04-15 13:00:00,29.4,49,0.0,30.74,8.44,7.12
2025-04-15 14:00:00,28.4,54,0.0,29.74,8.72,7.16
2025-04-15 15:00:00,27.1,57,0.0,28.65,9.0,7.2
2025-04-15 16:00:00,27.1,55,0.0,27.88,9.11,7.28
2025-04-15 17:00:00,25.8,79,0.0,26.96,9.74,7.09
2025-04-15 18:00:00,25.0,89,0.0,26.07,10.12,7.04
2025-04-15 19:00:00,24.2,93,0.0,25.21,10.38,7.31
2025-04-15 20:00:00,23.8,95,0.0,24.49,10.58,7.01
2025-04-15 21:00:00,23.4,97,0.0,23.86,10.75,6.99
2025-04-15 22:00:00,23.2,98,0.0,23.36,10.88,7.32
2025-04-15 23:00:00,23.4,97,0.0,23.07,10.92,7.3
2025-04-16 00:00:00,23.8,92,0.1,22.99,10.84,7.32
2025-04-16 01:00:00,23.4,98,0.0,22.81,11.0,7.58
2025-04-16 02:00:00,24.8,89,0.0,23.11,10.76,7.6
2025-04-16 03:00:00,26.5,76,0.0,23.83,10.35,7.58
2025-04-16 04:00:00,28.2,66,0.0,24.84,9.94,7.54
2025-04-16 05:00:00,29.9,58,0.0,26.06,9.54,7.78
2025-04-16 06:00:00,31.3,52,0.0,27.33,9.17,7.75
2025-04-16 07:00:00,32.1,48,0.0,28.46,8.87,7.66
2025-04-16 08:00:00,33.0,44,0.0,29.52,8.59,7.81
2025-04-16 09:00:00,33.2,42,0.0,30.33,8.4,7.46
2025-04-16 10:00:00,33.8,39,0.0,31.07,8.2,7.35
2025-04-16 11:00:00,33.1,38,0.0,31.38,8.12,7.35
2025-04-16 12:00:00,27.8,62,0.0,30.0,8.81,7.36
2025-04-16 13:00:00,26.5,68,0.0,28.65,9.19,7.32
2025-04-16 14:00:00,24.8,76,0.0,27.2,9.64,7.21
2025-04-16 15:00:00,23.8,82,0.0,25.88,10.03,7.22
2025-04-16 16:00:00,23.9,81,0.0,24.98,10.2,7.03
2025-04-16 17:00:00,24.0,84,0.0,24.39,10.38,7.27
2025-04-16 18:00:00,23.8,83,0.0,23.91,10.47,7.11
2025-04-16 19:00:00,23.5,82,0.0,23.49,10.54,7.25
2025-04-16 20:00:00,23.2,85,0.0,23.1,10.68,7.2
2025-04-16 21:00:00,22.8,89,0.0,22.71,10.84,7.27
2025-04-16 22:00:00,22.5,90,0.0,22.35,10.94,7.34
2025-04-16 23:00:00,22.2,92,0.0,22.0,11.06,7.41
2025-04-17 00:00:00,22.1,92,0.0,21.73,11.11,7.51
2025-04-17 01:00:00,22.2,99,0.0,21.57,11.29,7.65
2025-04-17 02:00:00,23.9,91,0.0,21.97,11.04,7.61
2025-04-17 03:00:00,26.2,77,0.0,22.94,10.55,7.71
2025-04-17 04:00:00,28.2,67,0.0,24.22,10.09,7.67
2025-04-17 05:00:00,29.9,59,0.0,25.62,9.65,7.84
2025-04-17 06:00:00,31.5,52,0.0,27.09,9.22,7.62
2025-04-17 07:00:00,32.6,46,0.0,28.44,8.84,7.85
2025-04-17 08:00:00,33.1,43,0.0,29.54,8.57,7.62
2025-04-17 09:00:00,33.4,43,0.0,30.4,8.4,7.43
2025-04-17 10:00:00,33.6,42,0.0,31.06,8.25,7.51
2025-04-17 11:00:00,33.2,42,0.0,31.4,8.19,7.36
2025-04-17 12:00:00,32.0,44,0.0,31.28,8.24,7.43
2025-04-17 13:00:00,29.6,58,0.0,30.48,8.64,7.21
2025-04-17 14:00:00,28.4,67,0.0,29.55,8.98,7.17
2025-04-17 15:00:00,28.0,68,0.0,28.79,9.16,6.97
2025-04-17 16:00:00,27.6,68,0.0,28.13,9.3,7.07
2025-04-17 17:00:00,27.3,62,0.0,27.58,9.3,6.85
2025-04-17 18:00:00,26.0,73,0.0,26.81,9.66,6.93
2025-04-17 19:00:00,25.0,84,0.0,25.97,10.05,7.19
2025-04-17 20:00:00,24.4,89,0.0,25.2,10.31,7.23
2025-04-17 21:00:00,23.8,92,0.0,24.48,10.52,7.25
2025-04-17 22:00:00,23.5,94,0.0,23.88,10.69,7.17
2025-04-17 23:00:00,23.1,96,0.0,23.35,10.84,7.34
2025-04-18 00:00:00,23.0,96,0.0,22.94,10.93,7.43
2025-04-18 01:00:00,24.0,97,0.0,22.96,10.95,7.39
2025-04-18 02:00:00,25.6,88,0.0,23.45,10.66,7.73
2025-04-18 03:00:00,27.5,74,0.0,24.37,10.19,7.72
2025-04-18 04:00:00,29.0,65,0.0,25.46,9.79,7.64
2025-04-18 05:00:00,30.5,59,0.0,26.67,9.43,7.69
2025-04-18 06:00:00,31.6,54,0.0,27.85,9.1,7.7
2025-04-18 07:00:00,32.5,51,0.0,28.94,8.83,7.46
2025-04-18 08:00:00,33.2,47,0.0,29.92,8.56,7.6
2025-04-18 09:00:00,33.3,45,0.0,30.63,8.39,7.5
2025-04-18 10:00:00,33.5,42,0.0,31.19,8.23,7.4
2025-04-18 11:00:00,33.0,43,0.0,31.44,8.2,7.4
2025-04-18 12:00:00,31.0,48,0.0,31.01,8.37,7.53
2025-04-18 13:00:00,29.2,61,0.0,30.16,8.76,7.34
2025-04-18 14:00:00,27.9,66,0.0,29.18,9.04,7.16
2025-04-18 15:00:00,27.0,73,0.1,28.23,9.37,7.22
2025-04-18 16:00:00,26.2,77,0.1,27.32,9.63,7.26
2025-04-18 17:00:00,25.2,82,0.0,26.38,9.92,7.2
2025-04-18 18:00:00,24.9,82,0.0,25.64,10.08,7.11
2025-04-18 19:00:00,24.5,81,0.0,25.0,10.2,7.06
2025-04-18 20:00:00,24.1,84,0.0,24.43,10.37,7.23
2025-04-18 21:00:00,23.8,85,0.0,23.94,10.5,7.25
2025-04-18 22:00:00,23.5,84,0.0,23.51,10.57,7.36
2025-04-18 23:00:00,23.3,82,0.0,23.15,10.61,7.41
2025-04-19 00:00:00,23.2,81,0.0,22.86,10.65,7.54
2025-04-19 01:00:00,24.0,79,0.0,22.9,10.6,7.46
2025-04-19 02:00:00,25.5,73,0.0,23.38,10.38,7.71
2025-04-19 03:00:00,27.3,69,0.0,24.26,10.12,7.65
2025-04-19 04:00:00,29.2,62,0.0,25.44,9.74,7.87
2025-04-19 05:00:00,31.0,54,0.0,26.81,9.31,7.61
2025-04-19 06:00:00,32.3,48,0.0,28.16,8.93,7.85
2025-04-19 07:00:00,33.3,43,0.0,29.4,8.6,7.68
2025-04-19 08:00:00,34.0,39,0.0,30.48,8.32,7.55
2025-04-19 09:00:00,34.3,39,0.0,31.33,8.15,7.51
2025-04-19 10:00:00,34.5,37,0.0,31.98,7.99,7.46
2025-04-19 11:00:00,34.2,37,0.0,32.34,7.92,7.46
2025-04-19 12:00:00,32.7,52,0.0,32.15,8.2,7.39
2025-04-19 13:00:00,29.6,57,0.0,31.09,8.5,7.21
2025-04-19 14:00:00,28.2,59,0.0,29.92,8.77,7.21
2025-04-19 15:00:00,27.8,61,0.0,28.98,9.0,7.37
2025-04-19 16:00:00,27.3,63,0.0,28.18,9.2,7.29
2025-04-19 17:00:00,26.5,65,0.0,27.38,9.4,7.14
2025-04-19 18:00:00,25.7,64,0.0,26.57,9.55,7.1
2025-04-19 19:00:00,25.4,69,0.0,25.92,9.77,7.12
2025-04-19 20:00:00,24.8,73,0.0,25.28,9.98,7.21
2025-04-19 21:00:00,24.1,77,0.0,24.63,10.2,7.1
2025-04-19 22:00:00,23.3,80,0.0,23.93,10.4,7.24
2025-04-19 23:00:00,23.0,82,0.0,23.35,10.57,7.18
2025-04-20 00:00:00,23.0,86,0.0,22.95,10.73,7.47
2025-04-20 01:00:00,23.9,83,0.0,22.93,10.67,7.57
2025-04-20 02:00:00,25.6,79,0.0,23.43,10.49,7.53
2025-04-20 03:00:00,28.1,69,0.0,24.53,10.06,7.78
2025-04-20 04:00:00,30.2,56,0.0,25.93,9.53,7.54
2025-04-20 05:00:00,31.6,51,0.0,27.33,9.15,7.53
2025-04-20 06:00:00,32.7,47,0.0,28.64,8.82,7.7
2025-04-20 07:00:00,33.7,42,0.0,29.86,8.49,7.76
2025-04-20 08:00:00,34.2,39,0.0,30.86,8.24,7.78
2025-04-20 09:00:00,34.8,38,0.0,31.74,8.05,7.51
2025-04-20 10:00:00,34.8,37,0.0,32.36,7.92,7.59
2025-04-20 11:00:00,33.7,39,0.0,32.46,7.93,7.41
2025-04-20 12:00:00,32.2,47,0.1,32.08,8.13,7.31
2025-04-20 13:00:00,29.0,64,0.0,30.86,8.66,7.36
2025-04-20 14:00:00,28.1,62,0.0,29.73,8.86,7.28
2025-04-20 15:00:00,27.0,64,0.0,28.61,9.13,7.0
2025-04-20 16:00:00,26.0,70,0.0,27.53,9.46,7.27
2025-04-20 17:00:00,25.0,75,0.0,26.47,9.77,7.24
2025-04-20 18:00:00,24.4,77,0.0,25.55,10.0,7.04
2025-04-20 19:00:00,23.7,80,0.0,24.69,10.24,7.16
2025-04-20 20:00:00,23.1,83,0.0,23.92,10.46,7.21
2025-04-20 21:00:00,22.8,84,0.0,23.28,10.62,7.24
2025-04-20 22:00:00,22.4,86,0.0,22.72,10.78,7.23
2025-04-20 23:00:00,22.2,86,0.0,22.26,10.88,7.29
2025-04-21 00:00:00,21.9,88,0.0,21.85,11.01,7.44
2025-04-21 01:00:00,22.7,86,0.0,21.81,10.98,7.64
2025-04-21 02:00:00,24.6,78,0.0,22.35,10.7,7.64
2025-04-21 03:00:00,26.9,68,0.0,23.41,10.27,7.6
2025-04-21 04:00:00,28.7,66,0.0,24.7,9.97,7.75
2025-04-21 05:00:00,30.5,58,0.0,26.14,9.52,7.4
2025-04-21 06:00:00,31.9,49,0.0,27.57,9.07,7.8
2025-04-21 07:00:00,32.9,43,0.0,28.87,8.7,7.49
2025-04-21 08:00:00,33.2,41,0.0,29.87,8.47,7.58
2025-04-21 09:00:00,33.4,40,0.0,30.63,8.31,7.45
2025-04-21 10:00:00,34.0,35,0.0,31.34,8.08,7.37
2025-04-21 11:00:00,34.0,32,0.0,31.84,7.94,7.54
2025-04-21 12:00:00,32.2,40,0.0,31.65,8.11,7.3
2025-04-21 13:00:00,29.0,49,0.0,30.55,8.47,7.31
2025-04-21 14:00:00,27.8,48,0.0,29.43,8.68,7.21
2025-04-21 15:00:00,27.0,54,0.0,28.4,8.99,7.21
2025-04-21 16:00:00,25.6,60,0.0,27.26,9.33,7.14
2025-04-21 17:00:00,24.4,66,0.0,26.1,9.68,6.98
2025-04-21 18:00:00,24.0,69,0.0,25.17,9.93,7.21
2025-04-21 19:00:00,23.2,74,0.0,24.28,10.21,7.08
2025-04-21 20:00:00,22.7,80,0.0,23.51,10.49,7.01
2025-04-21 21:00:00,22.0,90,0.0,22.75,10.85,7.18
2025-04-21 22:00:00,22.0,92,0.0,22.23,11.01,7.44
2025-04-21 23:00:00,21.9,93,0.0,21.83,11.11,7.45
2025-04-22 00:00:00,21.4,94,0.0,21.4,11.23,7.41
2025-04-22 01:00:00,22.6,92,0.0,21.46,11.17,7.49
2025-04-22 02:00:00,24.5,86,0.0,22.07,10.92,7.56
2025-04-22 03:00:00,26.8,73,0.0,23.19,10.42,7.85
2025-04-22 04:00:00,28.5,65,0.0,24.48,9.99,7.71
2025-04-22 05:00:00,30.0,58,0.0,25.84,9.58,7.73
2025-04-22 06:00:00,31.4,51,0.0,27.21,9.18,7.79
2025-04-22 07:00:00,32.5,45,0.0,28.49,8.81,7.69
2025-04-22 08:00:00,33.1,40,0.0,29.58,8.51,7.6
2025-04-22 09:00:00,33.7,35,0.0,30.51,8.24,7.55
2025-04-22 10:00:00,33.8,33,0.0,31.2,8.08,7.49
2025-04-22 11:00:00,33.5,35,0.0,31.59,8.03,7.42
2025-04-22 12:00:00,31.5,46,0.0,31.26,8.28,7.42
2025-04-22 13:00:00,28.9,52,0.0,30.25,8.58,7.29
2025-04-22 14:00:00,27.2,58,0.0,29.04,8.93,7.29
2025-04-22 15:00:00,26.8,59,0.0,28.07,9.15,7.16
2025-04-22 16:00:00,26.2,61,0.0,27.21,9.36,7.14
2025-04-22 17:00:00,25.5,63,0.0,26.39,9.56,6.91
2025-04-22 18:00:00,24.7,66,0.0,25.59,9.79,7.2
2025-04-22 19:00:00,23.7,73,0.0,24.72,10.1,7.16
2025-04-22 20:00:00,23.2,78,0.0,23.96,10.36,7.26
2025-04-22 21:00:00,22.7,82,0.0,23.28,10.58,6.93
2025-04-22 22:00:00,22.5,82,0.0,22.75,10.69,7.49
2025-04-22 23:00:00,22.0,85,0.0,22.22,10.87,7.35
2025-04-23 00:00:00,21.8,87,0.0,21.8,11.0,7.55
2025-04-23 01:00:00,23.5,84,0.0,22.01,10.89,7.41
2025-04-23 02:00:00,25.2,77,0.0,22.67,10.61,7.64
2025-04-23 03:00:00,27.0,73,0.0,23.67,10.32,7.53
2025-04-23 04:00:00,28.8,65,0.0,24.91,9.91,7.61
2025-04-23 05:00:00,30.4,57,0.0,26.25,9.48,7.88
2025-04-23 06:00:00,31.7,50,0.0,27.59,9.08,7.67
2025-04-23 07:00:00,32.6,45,0.0,28.79,8.75,7.68
2025-04-23 08:00:00,33.5,41,0.0,29.9,8.46,7.71
2025-04-23 09:00:00,34.0,39,0.0,30.83,8.25,7.61
2025-04-23 10:00:00,33.1,41,0.0,31.21,8.21,7.51
2025-04-23 11:00:00,32.6,43,0.0,31.33,8.22,7.46
2025-04-23 12:00:00,31.0,49,0.0,30.93,8.4,7.59
2025-04-23 13:00:00,29.2,49,0.0,30.11,8.56,7.28
2025-04-23 14:00:00,28.0,51,0.0,29.18,8.78,7.24
2025-04-23 15:00:00,27.6,54,0.0,28.4,8.99,7.27
2025-04-23 16:00:00,26.7,53,0.0,27.59,9.14,7.23
2025-04-23 17:00:00,26.0,58,0.0,26.82,9.38,7.22
2025-04-23 18:00:00,25.1,71,0.0,26.0,9.79,7.16
2025-04-23 19:00:00,24.1,82,0.0,25.13,10.19,7.0
2025-04-23 20:00:00,23.5,89,0.0,24.34,10.49,7.32
2025-04-23 21:00:00,22.8,90,0.0,23.58,10.67,7.1
2025-04-23 22:00:00,22.7,90,0.0,23.02,10.8,7.31
2025-04-23 23:00:00,22.1,90,0.0,22.44,10.92,7.28
2025-04-24 00:00:00,21.6,87,0.0,21.89,10.98,7.43
2025-04-24 01:00:00,23.5,82,0.0,22.07,10.84,7.55
2025-04-24 02:00:00,25.2,76,0.0,22.71,10.58,7.62
2025-04-24 03:00:00,27.5,74,0.0,23.85,10.3,7.68
2025-04-24 04:00:00,29.6,65,0.0,25.27,9.83,7.83
2025-04-24 05:00:00,31.3,55,0.0,26.78,9.34,7.73
2025-04-24 06:00:00,32.7,48,0.0,28.26,8.91,7.65
2025-04-24 07:00:00,33.5,44,0.0,29.53,8.59,7.75
2025-04-24 08:00:00,34.3,40,0.0,30.66,8.3,7.73
2025-04-24 09:00:00,34.7,39,0.0,31.57,8.1,7.43
2025-04-24 10:00:00,34.5,39,0.0,32.15,7.99,7.55
2025-04-24 11:00:00,33.4,42,0.0,32.23,8.02,7.49
2025-04-24 12:00:00,31.0,51,0.0,31.56,8.3,7.31
2025-04-24 13:00:00,29.1,56,0.0,30.52,8.6,7.41
2025-04-24 14:00:00,28.6,56,0.0,29.64,8.78,7.2
2025-04-24 15:00:00,27.8,55,0.0,28.79,8.93,7.17
2025-04-24 16:00:00,26.5,59,0.0,27.8,9.2,7.1
2025-04-24 17:00:00,26.4,70,0.0,27.08,9.55,7.1
2025-04-24 18:00:00,25.9,82,0.0,26.43,9.91,6.99
2025-04-24 19:00:00,25.4,86,0.0,25.82,10.12,6.97
2025-04-24 20:00:00,24.6,91,0.0,25.15,10.35,7.31
2025-04-24 21:00:00,24.0,95,0.0,24.51,10.57,7.12
2025-04-24 22:00:00,23.5,97,0.0,23.91,10.74,7.17
2025-04-24 23:00:00,23.2,98,0.0,23.39,10.87,7.13
2025-04-25 00:00:00,23.1,98,0.0,23.01,10.96,7.37
2025-04-25 01:00:00,24.5,97,0.0,23.15,10.91,7.37
2025-04-25 02:00:00,26.1,87,0.0,23.74,10.58,7.74
2025-04-25 03:00:00,27.6,79,0.0,24.6,10.24,7.73
2025-04-25 04:00:00,29.4,68,0.0,25.74,9.79,7.59
2025-04-25 05:00:00,30.8,60,0.0,26.96,9.39,7.91
2025-04-25 06:00:00,31.8,55,0.0,28.11,9.07,7.78
2025-04-25 07:00:00,32.5,51,0.0,29.13,8.79,7.63
2025-04-25 08:00:00,33.4,47,0.0,30.11,8.53,7.37
2025-04-25 09:00:00,33.7,43,0.0,30.89,8.3,7.79
2025-04-25 10:00:00,33.6,41,0.0,31.4,8.17,7.36
2025-04-25 11:00:00,32.9,43,0.0,31.55,8.17,7.26
2025-04-25 12:00:00,31.5,50,0.0,31.24,8.35,7.45
2025-04-25 13:00:00,29.2,56,0.0,30.32,8.64,7.52
2025-04-25 14:00:00,28.7,56,0.0,29.54,8.8,7.35
2025-04-25 15:00:00,27.8,59,0.0,28.72,9.02,7.22
2025-04-25 16:00:00,27.0,60,0.0,27.9,9.2,7.18
2025-04-25 17:00:00,26.4,62,0.0,27.15,9.39,7.18
2025-04-25 18:00:00,25.6,80,0.0,26.39,9.88,7.17
2025-04-25 19:00:00,25.0,85,0.0,25.67,10.13,7.14
2025-04-25 20:00:00,24.1,91,0.0,24.9,10.41,7.16
2025-04-25 21:00:00,23.6,94,0.0,24.21,10.62,7.2
2025-04-25 22:00:00,23.0,96,0.0,23.55,10.8,7.2
2025-04-25 23:00:00,22.8,97,0.0,23.02,10.94,7.32
2025-04-26 00:00:00,22.4,99,0.0,22.54,11.08,7.27
2025-04-26 01:00:00,24.3,96,0.0,22.77,10.97,7.5
2025-04-26 02:00:00,25.7,89,0.0,23.35,10.71,7.48
2025-04-26 03:00:00,27.5,78,0.1,24.29,10.29,7.51
2025-04-26 04:00:00,29.4,66,0.0,25.52,9.8,7.68
2025-04-26 05:00:00,30.6,60,0.0,26.75,9.44,7.82
2025-04-26 06:00:00,31.8,55,0.0,27.96,9.1,7.77
2025-04-26 07:00:00,32.7,49,0.0,29.08,8.77,7.5
2025-04-26 08:00:00,33.4,41,0.0,30.08,8.43,7.52
2025-04-26 09:00:00,34.2,36,0.0,31.02,8.16,7.66
2025-04-26 10:00:00,34.7,32,0.0,31.82,7.94,7.39
2025-04-26 11:00:00,34.3,32,0.0,32.26,7.85,7.39
2025-04-26 12:00:00,32.5,39,0.0,32.04,8.01,7.39
2025-04-26 13:00:00,30.1,44,0.0,31.15,8.27,7.17
2025-04-26 14:00:00,29.0,48,0.0,30.21,8.52,7.22
2025-04-26 15:00:00,27.5,54,0.0,29.1,8.85,7.02
2025-04-26 16:00:00,27.2,57,0.0,28.23,9.08,7.06
2025-04-26 17:00:00,26.2,73,0.0,27.32,9.56,7.13
2025-04-26 18:00:00,25.5,77,0.0,26.47,9.81,6.94
2025-04-26 19:00:00,24.9,82,0.0,25.7,10.07,7.16
2025-04-26 20:00:00,23.7,89,0.0,24.8,10.39,7.15
2025-04-26 21:00:00,23.1,92,0.0,23.99,10.63,7.26
2025-04-26 22:00:00,23.0,93,0.0,23.39,10.77,7.3
2025-04-26 23:00:00,22.6,95,0.0,22.86,10.93,7.49
2025-04-27 00:00:00,22.4,96,0.0,22.42,11.05,7.45
2025-04-27 01:00:00,24.2,92,0.0,22.65,10.92,7.47
2025-04-27 02:00:00,25.8,84,0.0,23.3,10.62,7.59
2025-04-27 03:00:00,27.4,74,0.1,24.23,10.22,7.68
2025-04-27 04:00:00,28.9,66,0.0,25.33,9.84,7.67
2025-04-27 05:00:00,30.4,57,0.0,26.55,9.42,7.69
2025-04-27 06:00:00,31.6,51,0.0,27.77,9.06,7.61
2025-04-27 07:00:00,32.7,46,0.0,28.95,8.74,7.59
2025-04-27 08:00:00,33.0,43,0.0,29.86,8.51,7.48
2025-04-27 09:00:00,33.2,42,0.0,30.56,8.35,7.74
2025-04-27 10:00:00,33.0,40,0.1,30.99,8.23,7.37
2025-04-27 11:00:00,32.8,39,0.0,31.24,8.17,7.36
2025-04-27 12:00:00,31.4,44,0.0,30.99,8.3,7.28
2025-04-27 13:00:00,30.0,42,0.0,30.39,8.39,7.37
2025-04-27 14:00:00,29.4,47,0.0,29.79,8.59,7.18
2025-04-27 15:00:00,26.6,71,0.0,28.53,9.27,7.29
2025-04-27 16:00:00,26.0,76,0.0,27.47,9.58,7.06
2025-04-27 17:00:00,25.5,79,0.0,26.58,9.82,7.13
2025-04-27 18:00:00,24.9,82,0.0,25.78,10.05,7.02
2025-04-27 19:00:00,24.4,86,0.0,25.06,10.28,7.33
2025-04-27 20:00:00,24.0,89,0.0,24.44,10.47,7.04
2025-04-27 21:00:00,23.6,93,0.0,23.89,10.67,7.24
2025-04-27 22:00:00,23.0,96,0.0,23.32,10.85,7.34
2025-04-27 23:00:00,22.9,98,0.0,22.9,10.98,7.39
2025-04-28 00:00:00,22.6,99,0.0,22.51,11.09,7.42
2025-04-28 01:00:00,23.6,97,0.0,22.54,11.04,7.5
2025-04-28 02:00:00,25.2,86,0.0,23.03,10.71,7.58
2025-04-28 03:00:00,26.8,75,0.0,23.86,10.32,7.62
2025-04-28 04:00:00,28.3,67,0.0,24.9,9.95,7.77
2025-04-28 05:00:00,29.7,59,0.0,26.04,9.56,7.91
2025-04-28 06:00:00,30.9,52,0.0,27.2,9.2,7.63
2025-04-28 07:00:00,31.9,47,0.1,28.31,8.88,7.52
2025-04-28 08:00:00,32.6,44,0.0,29.29,8.64,7.62
2025-04-28 09:00:00,33.3,41,0.0,30.2,8.41,7.83
2025-04-28 10:00:00,33.6,36,0.0,30.92,8.18,7.42
2025-04-28 11:00:00,33.3,35,0.0,31.33,8.08,7.59
2025-04-28 12:00:00,32.5,41,0.0,31.38,8.17,7.51
2025-04-28 13:00:00,29.5,55,0.0,30.52,8.58,7.22
2025-04-28 14:00:00,28.1,60,0.0,29.49,8.88,7.27
2025-04-28 15:00:00,27.5,61,0.0,28.59,9.08,7.32
2025-04-28 16:00:00,26.5,66,0.0,27.67,9.36,7.09
2025-04-28 17:00:00,26.0,71,0.0,26.87,9.61,7.08
2025-04-28 18:00:00,25.5,76,0.0,26.16,9.86,7.04
2025-04-28 19:00:00,24.9,82,0.0,25.48,10.11,7.01
2025-04-28 20:00:00,24.3,87,0.0,24.83,10.35,7.09
2025-04-28 21:00:00,23.6,92,0.0,24.16,10.59,7.08
2025-04-28 22:00:00,23.1,96,0.0,23.54,10.8,7.28
2025-04-28 23:00:00,23.0,96,0.0,23.08,10.9,7.27
2025-04-29 00:00:00,22.9,97,0.0,22.72,11.0,7.46
2025-04-29 01:00:00,24.1,93,0.0,22.84,10.9,7.35
2025-04-29 02:00:00,25.5,86,0.0,23.34,10.65,7.61
2025-04-29 03:00:00,27.2,76,0.0,24.2,10.27,7.71
2025-04-29 04:00:00,28.8,67,0.0,25.28,9.87,7.47
2025-04-29 05:00:00,30.2,61,0.0,26.45,9.51,7.72
2025-04-29 06:00:00,31.4,56,0.0,27.64,9.18,7.81
2025-04-29 07:00:00,32.3,51,0.0,28.74,8.87,7.54
2025-04-29 08:00:00,33.0,46,0.0,29.72,8.59,7.79
2025-04-29 09:00:00,33.5,42,0.0,30.55,8.35,7.61
2025-04-29 10:00:00,34.0,39,0.0,31.29,8.16,7.43
2025-04-29 11:00:00,34.2,37,0.0,31.86,8.01,7.41
2025-04-29 12:00:00,32.1,47,0.0,31.63,8.22,7.4
2025-04-29 13:00:00,30.0,55,0.0,30.84,8.52,7.28
2025-04-29 14:00:00,28.4,65,0.0,29.81,8.9,7.27
2025-04-29 15:00:00,27.8,68,0.0,28.91,9.14,7.07
2025-04-29 16:00:00,27.0,70,0.0,28.03,9.35,7.14
2025-04-29 17:00:00,26.7,66,0.0,27.33,9.43,6.96
2025-04-29 18:00:00,26.0,64,0.0,26.63,9.53,7.08
2025-04-29 19:00:00,25.1,77,0.0,25.87,9.93,7.02
2025-04-29 20:00:00,24.5,86,0.0,25.16,10.26,7.08
2025-04-29 21:00:00,23.9,92,0.0,24.48,10.52,7.33
2025-04-29 22:00:00,23.5,95,0.0,23.89,10.71,7.38
2025-04-29 23:00:00,23.2,96,0.0,23.38,10.84,7.41
2025-04-30 00:00:00,23.0,97,0.0,22.97,10.95,7.32
2025-04-30 01:00:00,23.9,96,0.0,22.95,10.93,7.48
2025-04-30 02:00:00,25.2,89,0.0,23.32,10.71,7.7
2025-04-30 03:00:00,27.0,77,0.0,24.13,10.3,7.65
2025-04-30 04:00:00,28.9,67,0.0,25.26,9.87,7.9
2025-04-30 05:00:00,30.6,59,0.0,26.56,9.46,7.72
2025-04-30 06:00:00,32.3,50,0.0,27.98,9.0,7.7
2025-04-30 07:00:00,33.5,42,0.0,29.34,8.59,7.63
2025-04-30 08:00:00,34.3,36,0.0,30.53,8.26,7.63
2025-04-30 09:00:00,34.8,34,0.0,31.51,8.03,7.54
2025-04-30 10:00:00,34.8,34,0.0,32.2,7.9,7.56
2025-04-30 11:00:00,34.4,33,0.0,32.56,7.81,7.51
2025-04-30 12:00:00,32.9,41,0.0,32.36,7.98,7.26
2025-04-30 13:00:00,29.8,56,0.0,31.29,8.44,7.14
2025-04-30 14:00:00,28.5,57,0.0,30.15,8.69,7.02
2025-04-30 15:00:00,28.6,59,0.0,29.39,8.88,7.2
2025-04-30 16:00:00,27.9,58,0.0,28.64,9.01,7.0
2025-04-30 17:00:00,27.1,60,0.0,27.88,9.2,6.88
2025-04-30 18:00:00,26.7,56,0.0,27.23,9.26,7.13
2025-04-30 19:00:00,25.8,63,0.0,26.5,9.54,7.35
2025-04-30 20:00:00,24.6,73,0.0,25.63,9.91,7.14
2025-04-30 21:00:00,24.0,78,0.0,24.84,10.17,7.28
2025-04-30 22:00:00,23.6,80,0.0,24.17,10.35,7.28
2025-04-30 23:00:00,23.4,83,0.0,23.64,10.52,7.34
2025-05-01 00:00:00,23.3,82,0.0,23.24,10.59,7.52
2025-05-01 01:00:00,24.5,81,0.0,23.32,10.55,7.48
2025-05-01 02:00:00,25.6,76,0.0,23.7,10.37,7.6
2025-05-01 03:00:00,27.2,73,0.0,24.45,10.16,7.66
2025-05-01 04:00:00,29.1,65,0.0,25.55,9.78,7.6
2025-05-01 05:00:00,31.0,57,0.0,26.88,9.35,7.78
2025-05-01 06:00:00,32.4,51,0.0,28.24,8.97,7.66
2025-05-01 07:00:00,33.5,44,0.0,29.52,8.59,7.58
2025-05-01 08:00:00,34.3,39,0.0,30.65,8.28,7.67
2025-05-01 09:00:00,34.6,37,0.0,31.54,8.08,7.47
2025-05-01 10:00:00,34.5,37,0.0,32.13,7.96,7.49
2025-05-01 11:00:00,34.2,37,0.0,32.45,7.9,7.41
2025-05-01 12:00:00,32.9,44,0.0,32.28,8.05,7.45
2025-05-01 13:00:00,28.0,64,0.0,30.7,8.7,7.32
2025-05-01 14:00:00,27.2,64,0.0,29.35,8.97,7.21
2025-05-01 15:00:00,26.9,70,0.0,28.31,9.29,7.25
2025-05-01 16:00:00,26.4,70,0.0,27.44,9.48,7.26
2025-05-01 17:00:00,25.8,71,0.0,26.65,9.66,7.16
2025-05-01 18:00:00,25.5,73,0.0,26.0,9.83,7.1
2025-05-01 19:00:00,25.0,74,0.0,25.4,9.98,6.99
2025-05-01 20:00:00,24.1,78,0.0,24.71,10.2,7.05
2025-05-01 21:00:00,23.8,78,0.0,24.14,10.32,7.18
2025-05-01 22:00:00,24.0,75,0.0,23.8,10.33,7.21
2025-05-01 23:00:00,23.7,75,0.0,23.47,10.4,7.33
2025-05-02 00:00:00,23.2,78,0.0,23.09,10.54,7.43
2025-05-02 01:00:00,23.8,80,0.0,23.0,10.6,7.56
2025-05-02 02:00:00,25.8,73,0.0,23.54,10.35,7.57
2025-05-02 03:00:00,28.2,65,0.0,24.64,9.96,7.67
2025-05-02 04:00:00,30.2,56,0.0,26.01,9.51,7.67
2025-05-02 05:00:00,31.6,51,0.0,27.38,9.14,7.48
2025-05-02 06:00:00,32.8,47,0.0,28.71,8.8,7.58
2025-05-02 07:00:00,33.5,46,0.0,29.85,8.56,7.64
2025-05-02 08:00:00,33.7,45,0.0,30.7,8.37,7.49
2025-05-02 09:00:00,34.1,44,0.0,31.42,8.22,7.62
2025-05-02 10:00:00,34.2,42,0.0,31.96,8.08,7.64
2025-05-02 11:00:00,32.7,47,0.0,31.88,8.17,7.54
2025-05-02 12:00:00,30.4,56,0.0,31.14,8.47,7.33
2025-05-02 13:00:00,29.5,61,0.0,30.34,8.72,7.43
2025-05-02 14:00:00,27.4,68,0.2,29.16,9.08,7.22
2025-05-02 15:00:00,26.1,78,0.0,27.94,9.52,7.13
2025-05-02 16:00:00,25.1,82,0.0,26.79,9.83,7.07
2025-05-02 17:00:00,24.6,81,0.0,25.83,10.02,7.08
2025-05-02 18:00:00,24.4,84,0.0,25.1,10.23,7.07
2025-05-02 19:00:00,24.2,82,0.0,24.53,10.31,7.14
2025-05-02 20:00:00,23.6,84,0.0,23.95,10.48,7.18
2025-05-02 21:00:00,23.5,83,0.0,23.52,10.55,7.21
2025-05-02 22:00:00,23.0,82,0.0,23.06,10.63,7.32
2025-05-02 23:00:00,22.8,80,0.0,22.68,10.67,7.47
2025-05-03 00:00:00,22.8,78,0.0,22.42,10.68,7.53
2025-05-03 01:00:00,23.5,82,0.0,22.44,10.76,7.36
2025-05-03 02:00:00,25.3,76,0.0,23.0,10.52,7.32
2025-05-03 03:00:00,27.5,70,0.0,24.05,10.18,7.73
2025-05-03 04:00:00,29.8,60,0.0,25.47,9.7,7.53
2025-05-03 05:00:00,31.5,51,0.0,26.98,9.22,7.66
2025-05-03 06:00:00,32.8,47,0.0,28.43,8.86,7.56
2025-05-03 07:00:00,33.7,43,0.0,29.71,8.54,7.47
2025-05-03 08:00:00,34.5,40,0.0,30.85,8.26,7.67
2025-05-03 09:00:00,34.5,38,0.0,31.64,8.07,7.63
2025-05-03 10:00:00,33.9,39,0.0,32.02,8.02,7.43
2025-05-03 11:00:00,33.0,40,0.0,32.01,8.03,7.16
2025-05-03 12:00:00,32.0,47,0.0,31.71,8.21,7.29
2025-05-03 13:00:00,30.1,48,0.0,30.93,8.38,7.31
2025-05-03 14:00:00,28.8,50,0.0,29.99,8.6,7.06
2025-05-03 15:00:00,28.5,50,0.0,29.24,8.75,7.17
2025-05-03 16:00:00,28.1,51,0.0,28.6,8.9,7.11
2025-05-03 17:00:00,26.7,56,0.0,27.73,9.16,7.15
2025-05-03 18:00:00,25.1,62,0.0,26.64,9.49,7.11
2025-05-03 19:00:00,24.0,67,0.0,25.55,9.81,7.02
2025-05-03 20:00:00,24.0,72,0.0,24.78,10.07,7.27
2025-05-03 21:00:00,23.9,77,0.0,24.22,10.28,7.19
2025-05-03 22:00:00,24.1,79,0.0,23.88,10.39,7.27
2025-05-03 23:00:00,23.6,85,0.0,23.5,10.59,7.25
2025-05-04 00:00:00,23.6,87,0.0,23.23,10.69,7.38
2025-05-04 01:00:00,24.2,85,0.0,23.22,10.65,7.42
2025-05-04 02:00:00,25.9,77,0.0,23.72,10.39,7.56
2025-05-04 03:00:00,27.6,73,0.0,24.59,10.13,7.8
2025-05-04 04:00:00,29.8,63,0.0,25.85,9.68,7.52
2025-05-04 05:00:00,31.6,53,0.0,27.28,9.2,7.52
2025-05-04 06:00:00,32.9,46,0.0,28.66,8.8,7.82
2025-05-04 07:00:00,33.8,41,0.0,29.9,8.46,7.63
2025-05-04 08:00:00,34.5,39,0.0,30.98,8.22,7.54
2025-05-04 09:00:00,34.8,37,0.0,31.83,8.02,7.66
2025-05-04 10:00:00,34.8,36,0.0,32.42,7.89,7.43
2025-05-04 11:00:00,34.3,37,0.0,32.68,7.85,7.59
2025-05-04 12:00:00,33.2,41,0.0,32.54,7.95,7.4
2025-05-04 13:00:00,30.1,47,0.0,31.51,8.25,7.22
2025-05-04 14:00:00,29.5,50,0.0,30.6,8.48,7.42
2025-05-04 15:00:00,28.6,53,0.0,29.7,8.71,7.09
2025-05-04 16:00:00,26.7,60,0.0,28.5,9.08,7.19
2025-05-04 17:00:00,26.5,61,0.0,27.6,9.28,7.12
2025-05-04 18:00:00,25.3,66,0.0,26.61,9.57,7.22
2025-05-04 19:00:00,24.5,75,0.0,25.68,9.94,7.27
2025-05-04 20:00:00,24.1,89,0.0,24.9,10.37,7.15
2025-05-04 21:00:00,23.9,95,0.0,24.3,10.62,7.13
2025-05-04 22:00:00,23.5,96,0.0,23.76,10.75,7.32
2025-05-04 23:00:00,23.0,97,0.0,23.23,10.89,7.28
2025-05-05 00:00:00,22.5,98,0.0,22.71,11.02,7.63
2025-05-05 01:00:00,22.5,90,0.0,22.35,10.94,7.53
2025-05-05 02:00:00,24.5,80,0.0,22.69,10.66,7.55
2025-05-05 03:00:00,27.0,67,0.0,23.69,10.2,7.65
2025-05-05 04:00:00,29.3,59,0.0,25.07,9.76,7.53
2025-05-05 05:00:00,31.4,51,0.0,26.67,9.28,7.59
2025-05-05 06:00:00,33.1,42,0.0,28.3,8.8,7.8
2025-05-05 07:00:00,34.3,36,0.0,29.8,8.4,7.59
2025-05-05 08:00:00,35.2,30,0.0,31.12,8.04,7.5
2025-05-05 09:00:00,35.5,27,0.0,32.13,7.8,7.6
2025-05-05 10:00:00,35.3,27,0.0,32.78,7.67,7.6
2025-05-05 11:00:00,35.2,27,0.0,33.21,7.59,7.48
2025-05-05 12:00:00,33.9,33,0.0,33.12,7.71,7.43
2025-05-05 13:00:00,30.5,44,0.0,32.03,8.1,7.19
2025-05-05 14:00:00,29.9,42,0.0,31.09,8.25,7.06
2025-05-05 15:00:00,28.1,44,0.0,29.89,8.52,7.3
2025-05-05 16:00:00,28.2,53,0.0,29.09,8.84,7.08
2025-05-05 17:00:00,26.5,67,0.0,28.01,9.3,7.07
2025-05-05 18:00:00,25.2,80,0.0,26.87,9.78,7.22
2025-05-05 19:00:00,24.9,83,0.0,25.98,10.03,7.17
2025-05-05 20:00:00,24.6,84,0.0,25.26,10.2,7.19
2025-05-05 21:00:00,24.2,88,0.0,24.64,10.41,7.42
2025-05-05 22:00:00,23.4,84,0.0,23.97,10.47,7.21
2025-05-05 23:00:00,22.8,79,0.0,23.32,10.51,7.44
2025-05-06 00:00:00,22.7,77,0.0,22.83,10.58,7.44
2025-05-06 01:00:00,23.8,80,0.0,22.82,10.64,7.54
2025-05-06 02:00:00,25.8,76,0.0,23.42,10.43,7.73
2025-05-06 03:00:00,27.8,69,0.0,24.43,10.08,7.68
2025-05-06 04:00:00,30.0,58,0.0,25.8,9.59,7.72
2025-05-06 05:00:00,31.8,47,0.0,27.3,9.08,7.78
2025-05-06 06:00:00,33.0,39,0.0,28.71,8.66,7.64
2025-05-06 07:00:00,33.3,36,0.0,29.79,8.4,7.57
2025-05-06 08:00:00,34.2,33,0.0,30.81,8.15,7.51
2025-05-06 09:00:00,34.2,32,0.0,31.53,8.0,7.36
2025-05-06 10:00:00,34.0,33,0.0,31.97,7.93,7.7
2025-05-06 11:00:00,33.5,33,0.0,32.13,7.9,7.31
2025-05-06 12:00:00,32.1,44,0.0,31.82,8.14,7.32
2025-05-06 13:00:00,29.2,58,0.0,30.73,8.59,7.25
2025-05-06 14:00:00,27.6,61,0.0,29.49,8.89,7.25
2025-05-06 15:00:00,27.1,62,0.0,28.48,9.12,7.24
2025-05-06 16:00:00,26.0,67,0.0,27.43,9.42,7.21
2025-05-06 17:00:00,25.8,63,0.0,26.64,9.51,7.05
2025-05-06 18:00:00,26.5,62,0.0,26.3,9.56,7.08
2025-05-06 19:00:00,25.6,65,0.0,25.79,9.73,7.14
2025-05-06 20:00:00,24.5,66,0.0,25.1,9.89,7.12
2025-05-06 21:00:00,23.5,74,0.0,24.32,10.2,7.37
2025-05-06 22:00:00,22.9,80,0.0,23.6,10.47,7.32
2025-05-06 23:00:00,22.2,83,0.0,22.88,10.69,7.43
2025-05-07 00:00:00,22.1,82,0.0,22.34,10.78,7.5
2025-05-07 01:00:00,24.0,81,0.0,22.54,10.72,7.63
2025-05-07 02:00:00,25.7,81,0.0,23.19,10.58,7.6
2025-05-07 03:00:00,27.6,73,0.0,24.21,10.21,7.5
2025-05-07 04:00:00,30.0,60,0.0,25.65,9.66,7.7
2025-05-07 05:00:00,31.8,45,0.0,27.19,9.07,7.61
2025-05-07 06:00:00,33.0,38,0.0,28.64,8.66,7.62
2025-05-07 07:00:00,33.5,36,0.0,29.79,8.4,7.71
2025-05-07 08:00:00,34.1,33,0.0,30.79,8.16,7.74
2025-05-07 09:00:00,34.1,32,0.0,31.48,8.0,7.56
2025-05-07 10:00:00,33.9,32,0.0,31.91,7.92,7.52
2025-05-07 11:00:00,33.4,33,0.0,32.05,7.91,7.59
2025-05-07 12:00:00,31.8,47,0.0,31.68,8.21,7.37
2025-05-07 13:00:00,29.7,51,0.0,30.78,8.46,7.53
2025-05-07 14:00:00,28.8,53,0.0,29.89,8.67,7.27
2025-05-07 15:00:00,28.2,56,0.0,29.08,8.89,6.98
2025-05-07 16:00:00,26.8,64,0.0,28.1,9.23,7.19
2025-05-07 17:00:00,27.0,57,0.0,27.47,9.23,7.13
2025-05-07 18:00:00,25.5,71,0.0,26.58,9.67,7.22
2025-05-07 19:00:00,24.6,74,0.0,25.68,9.92,7.18
2025-05-07 20:00:00,24.2,81,0.0,24.94,10.21,7.14
2025-05-07 21:00:00,23.6,83,0.0,24.24,10.4,7.08
2025-05-07 22:00:00,23.1,82,0.0,23.6,10.51,7.25
2025-05-07 23:00:00,23.0,77,0.0,23.12,10.52,7.27
2025-05-08 00:00:00,23.2,77,0.0,22.84,10.57,7.37
2025-05-08 01:00:00,24.0,82,0.0,22.89,10.66,7.57
2025-05-08 02:00:00,25.6,76,0.0,23.4,10.44,7.74
2025-05-08 03:00:00,27.5,68,0.0,24.33,10.08,7.67
2025-05-08 04:00:00,29.5,57,0.0,25.58,9.62,7.54
2025-05-08 05:00:00,31.0,48,0.0,26.91,9.18,7.73
2025-05-08 06:00:00,32.2,43,0.0,28.2,8.84,7.8
2025-05-08 07:00:00,32.8,40,0.0,29.28,8.57,7.6
2025-05-08 08:00:00,33.1,39,0.0,30.12,8.39,7.61
2025-05-08 09:00:00,33.2,40,0.0,30.75,8.28,7.57
2025-05-08 10:00:00,33.2,39,0.0,31.18,8.18,7.42
2025-05-08 11:00:00,32.1,40,0.3,31.16,8.2,7.47
2025-05-08 12:00:00,30.9,50,0.0,30.78,8.44,7.34
2025-05-08 13:00:00,29.6,56,0.0,30.13,8.68,7.32
2025-05-08 14:00:00,27.5,61,0.0,29.04,8.99,7.13
2025-05-08 15:00:00,26.4,63,0.0,27.95,9.24,7.12
2025-05-08 16:00:00,25.5,70,0.0,26.91,9.59,7.2
2025-05-08 17:00:00,24.9,72,0.0,26.01,9.81,7.07
2025-05-08 18:00:00,24.5,76,0.0,25.26,10.05,7.28
2025-05-08 19:00:00,23.9,79,0.0,24.55,10.25,7.08
2025-05-08 20:00:00,24.0,80,0.0,24.08,10.37,7.18
2025-05-08 21:00:00,23.0,83,0.0,23.46,10.56,7.31
2025-05-08 22:00:00,22.8,78,0.0,22.96,10.57,7.14
2025-05-08 23:00:00,22.6,74,0.0,22.55,10.57,7.18
2025-05-09 00:00:00,22.3,76,0.0,22.18,10.69,7.29
2025-05-09 01:00:00,23.1,76,0.0,22.15,10.7,7.64
2025-05-09 02:00:00,24.8,71,0.0,22.65,10.49,7.53
2025-05-09 03:00:00,27.0,64,0.0,23.65,10.15,7.89
2025-05-09 04:00:00,29.0,55,0.0,24.96,9.7,7.61
2025-05-09 05:00:00,30.6,49,0.0,26.35,9.31,7.7
2025-05-09 06:00:00,31.7,44,0.0,27.66,8.96,7.84
2025-05-09 07:00:00,32.4,42,0.0,28.78,8.7,7.86
2025-05-09 08:00:00,32.8,41,0.0,29.69,8.51,7.83
2025-05-09 09:00:00,33.0,40,0.0,30.38,8.35,7.69
2025-05-09 10:00:00,32.8,40,0.0,30.81,8.27,7.6
2025-05-09 11:00:00,32.4,41,0.0,30.98,8.25,7.49
2025-05-09 12:00:00,31.3,49,0.0,30.78,8.43,7.43
2025-05-09 13:00:00,29.5,59,0.0,30.1,8.74,7.23
2025-05-09 14:00:00,28.0,63,0.0,29.17,8.99,7.14
2025-05-09 15:00:00,27.1,63,0.0,28.25,9.18,7.17
2025-05-09 16:00:00,25.5,76,0.6,27.12,9.65,7.07
2025-05-09 17:00:00,25.1,78,0.0,26.22,9.88,7.06
2025-05-09 18:00:00,24.2,85,0.0,25.31,10.21,7.18
2025-05-09 19:00:00,23.5,91,0.0,24.47,10.5,7.22
2025-05-09 20:00:00,23.1,92,0.0,23.76,10.68,7.17
2025-05-09 21:00:00,23.9,84,0.0,23.5,10.57,7.36
2025-05-09 22:00:00,23.1,85,0.0,23.08,10.68,7.17
2025-05-09 23:00:00,22.7,85,0.0,22.67,10.77,7.34
2025-05-10 00:00:00,22.4,85,0.0,22.29,10.85,7.37
2025-05-10 01:00:00,22.8,92,0.0,22.14,11.03,7.33
2025-05-10 02:00:00,24.5,82,0.0,22.55,10.74,7.58
2025-05-10 03:00:00,26.8,68,0.0,23.52,10.25,7.62
2025-05-10 04:00:00,28.7,60,0.0,24.78,9.84,7.82
2025-05-10 05:00:00,30.5,52,0.0,26.19,9.4,7.75
2025-05-10 06:00:00,31.9,46,0.0,27.61,9.01,7.58
2025-05-10 07:00:00,32.5,42,0.0,28.77,8.7,7.85
2025-05-10 08:00:00,32.7,41,0.0,29.65,8.51,7.75
2025-05-10 09:00:00,32.5,42,0.0,30.21,8.42,7.63
2025-05-10 10:00:00,32.3,40,0.0,30.53,8.32,7.48
2025-05-10 11:00:00,32.0,41,0.0,30.67,8.31,7.33
2025-05-10 12:00:00,31.0,50,0.0,30.47,8.51,7.32
2025-05-10 13:00:00,29.6,56,0.0,29.91,8.72,7.39
2025-05-10 14:00:00,29.0,56,0.0,29.34,8.84,7.41
2025-05-10 15:00:00,28.2,58,0.0,28.7,9.0,7.32
2025-05-10 16:00:00,26.9,65,0.0,27.86,9.3,7.07
2025-05-10 17:00:00,25.8,69,0.0,26.94,9.56,6.99
2025-05-10 18:00:00,25.2,68,0.0,26.12,9.71,7.11
2025-05-10 19:00:00,25.0,63,0.0,25.48,9.75,6.94
2025-05-10 20:00:00,24.8,61,0.0,24.98,9.82,7.18
2025-05-10 21:00:00,24.4,63,0.0,24.5,9.95,7.19
2025-05-10 22:00:00,23.8,66,0.0,23.99,10.12,7.22
2025-05-10 23:00:00,23.4,68,0.0,23.52,10.25,7.19
2025-05-11 00:00:00,23.1,70,0.0,23.09,10.38,7.48
2025-05-11 01:00:00,24.0,75,0.0,23.06,10.49,7.45
2025-05-11 02:00:00,25.4,72,0.0,23.46,10.34,7.46
2025-05-11 03:00:00,27.5,67,0.0,24.38,10.06,7.34
2025-05-11 04:00:00,29.7,57,0.0,25.67,9.6,7.66
2025-05-11 05:00:00,31.2,49,0.0,27.03,9.18,7.86
2025-05-11 06:00:00,31.8,47,0.0,28.16,8.91,7.84
2025-05-11 07:00:00,32.1,46,0.0,29.04,8.72,7.61
2025-05-11 08:00:00,32.3,46,0.0,29.72,8.59,7.56
2025-05-11 09:00:00,32.7,44,0.0,30.31,8.43,7.62
2025-05-11 10:00:00,32.8,43,0.0,30.76,8.33,7.4
2025-05-11 11:00:00,32.7,42,0.0,31.04,8.26,7.46
2025-05-11 12:00:00,31.5,49,0.0,30.88,8.41,7.43
2025-05-11 13:00:00,29.8,55,0.0,30.26,8.63,7.4
2025-05-11 14:00:00,28.2,60,0.0,29.34,8.91,7.21
2025-05-11 15:00:00,27.4,66,0.0,28.46,9.19,7.14
2025-05-11 16:00:00,26.6,70,0.0,27.6,9.44,7.04
2025-05-11 17:00:00,25.5,76,0.0,26.67,9.75,7.02
2025-05-11 18:00:00,24.6,79,0.0,25.75,10.0,7.08
2025-05-11 19:00:00,25.2,70,0.0,25.28,9.92,7.15
2025-05-11 20:00:00,25.2,71,0.0,24.96,10.01,7.24
2025-05-11 21:00:00,24.5,74,0.0,24.52,10.16,7.12
2025-05-11 22:00:00,24.1,78,0.0,24.09,10.33,7.42
2025-05-11 23:00:00,23.9,79,0.0,23.74,10.42,7.32
2025-05-12 00:00:00,23.6,81,0.0,23.4,10.54,7.42
2025-05-12 01:00:00,24.5,79,0.0,23.43,10.49,7.43
2025-05-12 02:00:00,25.9,75,0.0,23.87,10.32,7.33
2025-05-12 03:00:00,27.9,68,0.0,24.78,9.99,7.71
2025-05-12 04:00:00,30.0,58,0.0,26.04,9.54,7.73
2025-05-12 05:00:00,31.5,52,0.0,27.38,9.16,7.65
2025-05-12 06:00:00,32.4,47,0.0,28.59,8.83,7.68
2025-05-12 07:00:00,32.9,46,0.0,29.58,8.61,7.71
2025-05-12 08:00:00,33.2,46,0.0,30.37,8.46,7.46
2025-05-12 09:00:00,33.5,44,0.0,31.01,8.3,7.51
2025-05-12 10:00:00,33.5,44,0.0,31.45,8.21,7.57
2025-05-12 11:00:00,32.3,48,0.0,31.41,8.29,7.3
2025-05-12 12:00:00,29.8,61,0.5,30.63,8.66,7.35
2025-05-12 13:00:00,29.5,59,0.2,29.99,8.76,7.13
2025-05-12 14:00:00,28.3,64,0.0,29.18,9.01,7.26
2025-05-12 15:00:00,26.0,72,0.0,27.93,9.41,7.17
2025-05-12 16:00:00,25.8,74,0.6,26.99,9.64,6.93
2025-05-12 17:00:00,25.6,74,0.0,26.27,9.79,7.22
2025-05-12 18:00:00,25.0,75,0.0,25.59,9.96,7.03
2025-05-12 19:00:00,24.6,77,0.0,24.99,10.12,7.04
2025-05-12 20:00:00,23.9,80,0.0,24.37,10.31,7.18
2025-05-12 21:00:00,23.6,82,0.0,23.84,10.46,7.32
2025-05-12 22:00:00,23.5,82,0.0,23.44,10.55,7.17
2025-05-12 23:00:00,23.1,83,0.0,23.03,10.65,7.36
2025-05-13 00:00:00,22.9,85,0.0,22.69,10.77,7.48
2025-05-13 01:00:00,24.0,83,0.0,22.79,10.71,7.58
2025-05-13 02:00:00,25.5,77,0.0,23.3,10.48,7.59
2025-05-13 03:00:00,27.6,70,0.0,24.29,10.13,7.59
2025-05-13 04:00:00,30.0,61,0.0,25.7,9.67,7.58
2025-05-13 05:00:00,31.8,52,0.0,27.23,9.19,7.69
2025-05-13 06:00:00,32.8,48,0.0,28.6,8.84,7.57
2025-05-13 07:00:00,33.5,45,0.0,29.77,8.56,7.36
2025-05-13 08:00:00,34.0,44,0.0,30.74,8.35,7.66
2025-05-13 09:00:00,33.9,44,0.0,31.39,8.22,7.65
2025-05-13 10:00:00,34.0,43,0.0,31.87,8.11,7.25
2025-05-13 11:00:00,33.5,45,0.0,32.06,8.11,7.32
2025-05-13 12:00:00,32.5,49,0.0,31.89,8.21,7.4
2025-05-13 13:00:00,29.9,61,0.0,30.99,8.59,7.48
2025-05-13 14:00:00,29.5,61,0.0,30.25,8.74,7.21
2025-05-13 15:00:00,27.7,66,0.0,29.18,9.04,7.08
2025-05-13 16:00:00,27.2,66,0.0,28.29,9.23,7.1
2025-05-13 17:00:00,26.4,65,0.0,27.42,9.39,7.23
2025-05-13 18:00:00,25.5,68,0.0,26.54,9.63,7.03
2025-05-13 19:00:00,25.0,70,0.0,25.78,9.82,7.03
2025-05-13 20:00:00,24.8,71,0.0,25.19,9.96,7.1
2025-05-13 21:00:00,24.5,73,0.0,24.68,10.11,7.11
2025-05-13 22:00:00,24.2,76,0.0,24.24,10.26,7.28
2025-05-13 23:00:00,23.8,80,0.0,23.81,10.43,7.51
2025-05-14 00:00:00,23.6,83,0.0,23.44,10.57,7.46
2025-05-14 01:00:00,24.3,81,0.0,23.4,10.53,7.48
2025-05-14 02:00:00,25.7,75,0.0,23.79,10.33,7.54
2025-05-14 03:00:00,27.6,69,0.0,24.63,10.04,7.47
2025-05-14 04:00:00,29.9,60,0.0,25.91,9.61,7.75
2025-05-14 05:00:00,31.6,51,0.0,27.32,9.15,7.67
2025-05-14 06:00:00,32.7,46,0.0,28.63,8.8,7.66
2025-05-14 07:00:00,33.5,43,0.0,29.79,8.52,7.97
2025-05-14 08:00:00,34.1,41,0.0,30.79,8.29,7.64
2025-05-14 09:00:00,34.4,39,0.0,31.57,8.1,7.48
2025-05-14 10:00:00,34.3,40,0.0,32.09,8.02,7.45
2025-05-14 11:00:00,33.8,40,0.0,32.3,7.98,7.53
2025-05-14 12:00:00,32.1,53,0.0,31.94,8.26,7.35
2025-05-14 13:00:00,30.4,58,0.0,31.18,8.5,7.13
2025-05-14 14:00:00,28.0,68,1.9,29.93,8.93,7.22
2025-05-14 15:00:00,26.1,72,1.2,28.48,9.3,7.03
2025-05-14 16:00:00,24.6,78,0.0,27.01,9.71,7.32
2025-05-14 17:00:00,24.0,79,0.0,25.81,9.99,7.22
2025-05-14 18:00:00,23.9,82,0.0,24.94,10.23,7.07
2025-05-14 19:00:00,23.6,84,0.0,24.24,10.42,7.26
2025-05-14 20:00:00,23.6,85,0.0,23.75,10.54,7.17
2025-05-14 21:00:00,23.6,86,0.0,23.4,10.63,7.3
2025-05-14 22:00:00,23.5,88,0.0,23.13,10.73,7.33
2025-05-14 23:00:00,23.2,89,0.0,22.85,10.81,7.27
2025-05-15 00:00:00,23.0,91,0.0,22.6,10.91,7.37
2025-05-15 01:00:00,22.6,86,0.0,22.3,10.87,7.62
2025-05-15 02:00:00,24.4,78,0.0,22.63,10.64,7.55
2025-05-15 03:00:00,26.8,68,0.0,23.58,10.24,7.6
2025-05-15 04:00:00,29.1,58,0.0,24.94,9.77,7.57
2025-05-15 05:00:00,30.8,52,0.0,26.4,9.36,7.73
2025-05-15 06:00:00,31.9,49,0.0,27.75,9.03,7.89
2025-05-15 07:00:00,32.8,46,0.0,28.96,8.74,7.55
2025-05-15 08:00:00,33.2,46,0.0,29.93,8.54,7.62
2025-05-15 09:00:00,33.3,46,0.0,30.64,8.4,7.71
2025-05-15 10:00:00,33.2,46,0.0,31.11,8.31,7.49
2025-05-15 11:00:00,32.9,47,0.0,31.35,8.28,7.47
2025-05-15 12:00:00,31.6,54,0.2,31.12,8.44,7.23
2025-05-15 13:00:00,29.5,60,0.0,30.34,8.7,7.32
2025-05-15 14:00:00,28.7,63,0.0,29.55,8.92,7.2
2025-05-15 15:00:00,28.0,64,0.0,28.78,9.09,7.26
2025-05-15 16:00:00,27.1,70,0.0,27.98,9.36,7.24
2025-05-15 17:00:00,26.8,69,0.0,27.32,9.48,7.36
2025-05-15 18:00:00,26.2,67,0.0,26.69,9.58,7.15
2025-05-15 19:00:00,25.5,70,0.0,26.03,9.77,7.14
2025-05-15 20:00:00,24.8,74,0.0,25.36,9.99,7.17
2025-05-15 21:00:00,24.2,77,0.0,24.71,10.18,7.17
2025-05-15 22:00:00,23.8,80,0.0,24.14,10.36,7.3
2025-05-15 23:00:00,23.5,82,0.0,23.65,10.5,7.32
2025-05-16 00:00:00,23.4,83,0.0,23.27,10.6,7.44
2025-05-16 01:00:00,23.8,82,0.0,23.13,10.61,7.64
2025-05-16 02:00:00,25.4,77,0.0,23.51,10.43,7.47
2025-05-16 03:00:00,27.6,71,0.0,24.44,10.12,7.74
2025-05-16 04:00:00,30.0,61,0.0,25.81,9.65,7.79
2025-05-16 05:00:00,31.5,52,0.0,27.21,9.19,7.67
2025-05-16 06:00:00,32.5,50,0.0,28.5,8.9,7.46
2025-05-16 07:00:00,33.3,48,0.0,29.64,8.64,7.59
2025-05-16 08:00:00,33.6,47,0.0,30.53,8.44,7.74
2025-05-16 09:00:00,33.8,46,0.0,31.21,8.29,7.56
2025-05-16 10:00:00,33.5,46,0.0,31.6,8.21,7.39
2025-05-16 11:00:00,31.5,52,0.1,31.27,8.38,7.37
2025-05-16 12:00:00,31.0,57,0.0,30.89,8.54,7.44
2025-05-16 13:00:00,28.1,70,0.0,29.75,9.0,7.34
2025-05-16 14:00:00,25.4,85,1.3,28.15,9.6,7.14
2025-05-16 15:00:00,24.9,87,0.1,26.87,9.91,7.13
2025-05-16 16:00:00,24.0,87,0.1,25.71,10.16,7.1
2025-05-16 17:00:00,24.5,85,0.2,25.05,10.26,7.01
2025-05-16 18:00:00,24.2,86,0.0,24.49,10.4,7.28
2025-05-16 19:00:00,24.0,88,0.7,24.05,10.54,7.06
2025-05-16 20:00:00,23.0,93,6.1,23.43,10.77,7.13
2025-05-16 21:00:00,22.9,94,0.6,22.97,10.89,7.33
2025-05-16 22:00:00,22.5,96,4.5,22.53,11.02,7.25
2025-05-16 23:00:00,22.6,96,1.3,22.25,11.08,7.25
2025-05-17 00:00:00,22.8,95,1.0,22.12,11.09,7.42
2025-05-17 01:00:00,24.0,93,0.0,22.38,10.99,7.51
2025-05-17 02:00:00,25.2,87,0.0,22.93,10.76,7.49
2025-05-17 03:00:00,26.9,77,0.0,23.82,10.37,7.67
2025-05-17 04:00:00,29.1,66,0.0,25.1,9.89,7.55
2025-05-17 05:00:00,30.6,56,0.0,26.45,9.42,7.8
2025-05-17 06:00:00,31.4,54,0.0,27.64,9.15,7.64
2025-05-17 07:00:00,31.6,55,0.0,28.53,8.98,7.68
2025-05-17 08:00:00,29.3,66,5.6,28.46,9.19,7.51
2025-05-17 09:00:00,24.5,90,4.9,26.97,9.94,7.43
2025-05-17 10:00:00,24.5,90,0.7,25.93,10.17,7.57
2025-05-17 11:00:00,23.2,95,3.4,24.81,10.51,7.32
2025-05-17 12:00:00,22.8,97,1.9,23.91,10.74,7.42
2025-05-17 13:00:00,24.4,91,7.8,23.76,10.66,7.04
2025-05-17 14:00:00,24.0,94,3.2,23.53,10.76,7.17
2025-05-17 15:00:00,23.9,95,1.5,23.34,10.83,7.34
2025-05-17 16:00:00,23.8,96,2.0,23.18,10.88,6.98
2025-05-17 17:00:00,23.7,96,2.3,23.03,10.91,6.98
2025-05-17 18:00:00,23.0,96,1.6,22.72,10.98,7.11
2025-05-17 19:00:00,23.4,93,0.2,22.63,10.94,7.15
2025-05-17 20:00:00,23.3,91,0.0,22.53,10.92,7.21
2025-05-17 21:00:00,23.1,90,0.0,22.4,10.93,7.27
2025-05-17 22:00:00,23.1,87,0.0,22.31,10.89,7.35
2025-05-17 23:00:00,22.8,87,0.0,22.16,10.92,7.47
2025-05-18 00:00:00,22.5,88,0.0,21.96,10.98,7.48
2025-05-18 01:00:00,23.6,87,0.0,22.15,10.92,7.49
2025-05-18 02:00:00,24.4,82,0.0,22.53,10.74,7.65
2025-05-18 03:00:00,26.0,76,0.0,23.27,10.46,7.83
2025-05-18 04:00:00,28.4,67,0.0,24.51,10.03,7.66
2025-05-18 05:00:00,30.1,58,0.0,25.89,9.57,7.59
2025-05-18 06:00:00,31.1,54,0.0,27.15,9.24,7.8
2025-05-18 07:00:00,32.0,51,0.0,28.3,8.96,7.65
2025-05-18 08:00:00,32.1,51,0.0,29.14,8.79,7.41
2025-05-18 09:00:00,31.9,51,0.0,29.67,8.68,7.66
2025-05-18 10:00:00,27.4,75,0.6,28.69,9.31,7.43
2025-05-18 11:00:00,25.1,92,1.4,27.31,9.91,7.39
2025-05-18 12:00:00,25.1,91,0.4,26.35,10.1,7.4
2025-05-18 13:00:00,25.6,82,0.0,25.82,10.04,7.34
2025-05-18 14:00:00,25.0,86,0.0,25.28,10.23,7.33
2025-05-18 15:00:00,25.1,84,0.2,24.92,10.27,7.14
2025-05-18 16:00:00,23.8,92,6.0,24.29,10.56,7.05
2025-05-18 17:00:00,23.8,94,2.8,23.84,10.7,7.0
2025-05-18 18:00:00,23.7,95,0.7,23.5,10.79,7.16
2025-05-18 19:00:00,23.4,94,0.5,23.17,10.84,7.17
2025-05-18 20:00:00,23.1,94,0.6,22.85,10.91,7.04
2025-05-18 21:00:00,23.1,95,0.3,22.62,10.98,7.31
2025-05-18 22:00:00,23.0,95,0.2,22.44,11.02,7.22
2025-05-18 23:00:00,23.0,95,0.3,22.31,11.05,7.42
2025-05-19 00:00:00,22.9,95,0.2,22.18,11.08,7.46
2025-05-19 01:00:00,23.4,94,0.1,22.25,11.04,7.69
2025-05-19 02:00:00,24.1,91,0.0,22.5,10.93,7.56
2025-05-19 03:00:00,25.9,80,0.0,23.22,10.55,7.6
2025-05-19 04:00:00,27.5,71,0.0,24.21,10.17,7.68
2025-05-19 05:00:00,29.1,62,0.1,25.37,9.75,7.66
2025-05-19 06:00:00,30.5,56,0.1,26.61,9.39,7.77
2025-05-19 07:00:00,31.1,56,0.0,27.66,9.18,7.51
2025-05-19 08:00:00,31.5,54,0.0,28.51,8.97,7.53
2025-05-19 09:00:00,29.9,61,0.1,28.63,9.07,7.47
2025-05-19 10:00:00,25.8,85,7.6,27.48,9.74,7.46
2025-05-19 11:00:00,25.9,82,1.5,26.71,9.85,7.57
2025-05-19 12:00:00,26.5,78,0.0,26.34,9.85,7.39
2025-05-19 13:00:00,25.1,89,0.0,25.67,10.2,7.31
2025-05-19 14:00:00,24.7,92,0.0,25.08,10.39,7.27
2025-05-19 15:00:00,24.5,94,0.0,24.61,10.53,7.32
2025-05-19 16:00:00,24.2,95,0.0,24.18,10.64,7.07
2025-05-19 17:00:00,24.0,96,0.0,23.83,10.74,7.16
2025-05-19 18:00:00,24.2,94,0.0,23.64,10.74,7.22
2025-05-19 19:00:00,23.9,96,0.0,23.42,10.83,7.19
2025-05-19 20:00:00,23.6,98,0.0,23.17,10.92,7.19
2025-05-19 21:00:00,23.4,98,0.0,22.94,10.97,7.32
2025-05-19 22:00:00,23.2,98,0.0,22.72,11.02,7.01
2025-05-19 23:00:00,23.4,95,0.0,22.62,10.98,7.42
2025-05-20 00:00:00,23.0,94,0.0,22.44,11.0,7.37
2025-05-20 01:00:00,23.9,95,0.0,22.58,10.99,7.33
2025-05-20 02:00:00,24.8,90,0.0,22.94,10.81,7.63
2025-05-20 03:00:00,25.6,84,0.3,23.44,10.59,7.75
2025-05-20 04:00:00,25.8,84,0.8,23.85,10.5,7.62
2025-05-20 05:00:00,26.4,80,0.3,24.31,10.32,7.78
2025-05-20 06:00:00,28.6,69,0.0,25.3,9.9,7.87
2025-05-20 07:00:00,30.0,62,0.1,26.41,9.54,7.81
2025-05-20 08:00:00,31.0,58,0.0,27.49,9.25,7.81
2025-05-20 09:00:00,30.9,57,0.0,28.21,9.08,7.66
2025-05-20 10:00:00,25.6,81,8.7,27.13,9.74,7.36
2025-05-20 11:00:00,25.7,86,1.0,26.4,9.99,7.26
2025-05-20 12:00:00,25.8,87,0.3,25.92,10.11,7.36
2025-05-20 13:00:00,26.1,79,0.0,25.67,10.01,7.24
2025-05-20 14:00:00,26.0,77,0.0,25.47,10.02,7.47
2025-05-20 15:00:00,25.5,79,0.1,25.18,10.12,7.17
2025-05-20 16:00:00,25.0,82,0.1,24.83,10.25,7.16
2025-05-20 17:00:00,24.6,84,0.0,24.46,10.37,7.18
2025-05-20 18:00:00,24.2,86,0.0,24.08,10.49,7.12
2025-05-20 19:00:00,24.2,84,0.0,23.82,10.51,7.3
2025-05-20 20:00:00,24.1,81,0.0,23.6,10.49,7.1
2025-05-20 21:00:00,23.8,82,0.0,23.36,10.56,7.23
2025-05-20 22:00:00,23.5,83,0.0,23.1,10.64,7.2
2025-05-20 23:00:00,23.4,83,0.0,22.89,10.68,7.22
2025-05-21 00:00:00,23.4,83,0.0,22.74,10.71,7.37
2025-05-21 01:00:00,24.1,80,0.0,22.85,10.63,7.51
2025-05-21 02:00:00,25.0,77,0.0,23.2,10.5,7.54
2025-05-21 03:00:00,26.1,73,0.0,23.77,10.3,7.57
2025-05-21 04:00:00,27.4,67,0.0,24.56,10.02,7.53
2025-05-21 05:00:00,29.1,59,0.0,25.62,9.65,7.69
2025-05-21 06:00:00,30.0,53,0.0,26.63,9.33,7.54
2025-05-21 07:00:00,30.1,52,0.0,27.37,9.16,7.75
2025-05-21 08:00:00,31.1,50,0.2,28.19,8.96,7.63
2025-05-21 09:00:00,30.4,52,0.2,28.55,8.92,7.43
2025-05-21 10:00:00,28.1,68,1.4,28.12,9.3,7.43
2025-05-21 11:00:00,29.0,64,0.0,28.08,9.24,7.38
2025-05-21 12:00:00,28.9,61,0.0,28.03,9.19,7.41
2025-05-21 13:00:00,27.5,61,0.0,27.57,9.29,7.44
2025-05-21 14:00:00,26.6,63,0.0,26.98,9.44,7.05
2025-05-21 15:00:00,25.9,66,0.0,26.36,9.63,7.2
2025-05-21 16:00:00,25.1,68,0.0,25.68,9.81,7.13
2025-05-21 17:00:00,24.5,70,0.0,25.02,9.98,7.19
2025-05-21 18:00:00,23.8,75,0.0,24.36,10.21,7.14
2025-05-21 19:00:00,23.0,80,0.0,23.65,10.46,7.06
2025-05-21 20:00:00,22.9,82,0.0,23.13,10.61,7.14
2025-05-21 21:00:00,22.9,82,0.0,22.76,10.69,7.14
2025-05-21 22:00:00,22.6,83,0.0,22.41,10.79,7.39
2025-05-21 23:00:00,22.4,84,0.0,22.11,10.87,7.36
2025-05-22 00:00:00,22.4,84,0.0,21.9,10.92,7.63
2025-05-22 01:00:00,23.3,82,0.0,22.02,10.85,7.51
2025-05-22 02:00:00,24.5,78,0.0,22.46,10.67,7.51
2025-05-22 03:00:00,26.1,73,0.0,23.25,10.41,7.49
2025-05-22 04:00:00,28.1,64,0.0,24.41,9.99,7.5
2025-05-22 05:00:00,29.2,60,0.0,25.55,9.68,7.54
2025-05-22 06:00:00,30.6,54,0.0,26.76,9.32,7.72
2025-05-22 07:00:00,31.5,49,0.0,27.88,9.01,7.72
2025-05-22 08:00:00,31.1,50,0.1,28.55,8.89,7.47
2025-05-22 09:00:00,31.8,49,0.0,29.22,8.74,7.67
2025-05-22 10:00:00,31.5,49,0.0,29.61,8.66,7.47
2025-05-22 11:00:00,31.0,51,0.0,29.72,8.67,7.46
2025-05-22 12:00:00,30.0,58,0.0,29.51,8.84,7.53
2025-05-22 13:00:00,27.9,63,0.0,28.73,9.09,7.38
2025-05-22 14:00:00,26.7,66,0.0,27.82,9.33,7.2
2025-05-22 15:00:00,25.8,69,0.0,26.91,9.57,7.09
2025-05-22 16:00:00,24.9,74,0.0,26.01,9.85,6.92
2025-05-22 17:00:00,24.6,74,0.0,25.29,10.0,7.05
2025-05-22 18:00:00,24.0,76,0.0,24.6,10.18,7.09
2025-05-22 19:00:00,23.6,78,0.0,24.0,10.35,7.03
2025-05-22 20:00:00,23.5,79,0.0,23.55,10.46,7.15
2025-05-22 21:00:00,23.3,81,0.0,23.18,10.58,7.22
2025-05-22 22:00:00,22.9,84,0.0,22.79,10.72,7.26
2025-05-22 23:00:00,22.4,87,0.0,22.37,10.87,7.29
2025-05-23 00:00:00,22.2,88,0.0,22.02,10.97,7.46
2025-05-23 01:00:00,23.5,81,0.0,22.17,10.8,7.56
2025-05-23 02:00:00,25.1,75,0.0,22.75,10.55,7.47
2025-05-23 03:00:00,26.9,68,0.0,23.69,10.22,7.78
2025-05-23 04:00:00,28.3,64,0.0,24.77,9.92,7.66
2025-05-23 05:00:00,29.9,59,0.0,26.01,9.57,7.69
2025-05-23 06:00:00,31.1,54,0.0,27.24,9.23,7.76
2025-05-23 07:00:00,31.5,52,0.1,28.22,8.99,7.68
2025-05-23 08:00:00,32.0,53,0.0,29.05,8.84,7.72
2025-05-23 09:00:00,32.0,52,0.1,29.64,8.71,7.6
2025-05-23 10:00:00,29.1,65,0.3,29.18,9.03,7.44
2025-05-23 11:00:00,29.8,61,0.0,29.06,8.98,7.48
2025-05-23 12:00:00,29.3,64,0.0,28.83,9.08,7.26
2025-05-23 13:00:00,27.9,68,0.0,28.25,9.27,7.31
2025-05-23 14:00:00,27.5,67,0.0,27.73,9.36,7.23
2025-05-23 15:00:00,26.5,68,0.0,27.06,9.52,7.16
2025-05-23 16:00:00,26.5,67,0.0,26.59,9.6,7.12
2025-05-23 17:00:00,26.2,70,0.0,26.17,9.74,6.92
2025-05-23 18:00:00,25.9,72,0.0,25.79,9.86,7.05
2025-05-23 19:00:00,25.5,73,0.0,25.4,9.96,7.13
2025-05-23 20:00:00,25.1,75,0.0,25.01,10.08,7.17
2025-05-23 21:00:00,25.0,76,0.0,24.71,10.16,7.1
2025-05-23 22:00:00,24.5,80,0.0,24.35,10.31,7.39
2025-05-23 23:00:00,23.6,88,0.0,23.82,10.58,7.26
2025-05-24 00:00:00,23.0,92,0.0,23.28,10.78,7.52
2025-05-24 01:00:00,23.5,90,0.0,23.04,10.79,7.55
2025-05-24 02:00:00,24.0,89,0.0,23.03,10.77,7.52
2025-05-24 03:00:00,24.5,87,0.0,23.17,10.7,7.82
2025-05-24 04:00:00,25.1,83,0.0,23.45,10.56,7.57
2025-05-24 05:00:00,26.5,76,0.0,24.06,10.3,7.8
2025-05-24 06:00:00,28.0,66,0.0,24.95,9.92,7.81
2025-05-24 07:00:00,29.1,59,0.0,25.89,9.59,7.62
2025-05-24 08:00:00,29.2,60,0.0,26.58,9.47,7.79
2025-05-24 09:00:00,29.2,62,0.0,27.07,9.41,7.58
2025-05-24 10:00:00,29.3,60,0.0,27.44,9.29,7.56
2025-05-24 11:00:00,29.2,61,0.0,27.67,9.27,7.49
2025-05-24 12:00:00,28.2,67,0.0,27.53,9.4,7.37
2025-05-24 13:00:00,27.5,67,0.0,27.22,9.47,7.39
2025-05-24 14:00:00,26.9,69,0.0,26.82,9.59,7.32
2025-05-24 15:00:00,26.4,70,0.0,26.4,9.69,7.01
2025-05-24 16:00:00,25.9,72,0.0,25.95,9.82,7.27
2025-05-24 17:00:00,25.7,72,0.0,25.57,9.9,6.95
2025-05-24 18:00:00,25.1,75,0.0,25.13,10.05,7.21
2025-05-24 19:00:00,24.4,80,0.0,24.61,10.26,7.24
2025-05-24 20:00:00,23.9,86,0.0,24.1,10.48,7.05
2025-05-24 21:00:00,23.4,90,0.0,23.59,10.67,7.17
2025-05-24 22:00:00,22.7,96,0.2,23.02,10.92,7.15
2025-05-24 23:00:00,22.6,98,0.5,22.6,11.05,7.3
2025-05-25 00:00:00,22.5,98,0.6,22.27,11.12,7.37
2025-05-25 01:00:00,22.8,95,0.0,22.13,11.09,7.59
2025-05-25 02:00:00,23.5,90,0.0,22.24,10.96,7.72
2025-05-25 03:00:00,25.5,81,0.0,22.92,10.64,7.78
2025-05-25 04:00:00,27.5,71,0.0,23.99,10.21,7.62
2025-05-25 05:00:00,29.5,61,0.0,25.34,9.74,7.68
2025-05-25 06:00:00,30.6,56,0.0,26.62,9.39,7.53
2025-05-25 07:00:00,31.2,53,0.1,27.69,9.12,7.58
2025-05-25 08:00:00,32.0,51,0.0,28.69,8.88,7.73
2025-05-25 09:00:00,31.1,53,0.0,29.11,8.83,7.74
2025-05-25 10:00:00,29.6,61,0.4,28.96,9.0,7.37
2025-05-25 11:00:00,29.1,64,0.1,28.7,9.11,7.38
2025-05-25 12:00:00,28.4,66,0.0,28.31,9.22,7.37
2025-05-25 13:00:00,24.5,89,2.3,26.87,9.95,7.25
2025-05-25 14:00:00,24.0,91,1.0,25.71,10.23,7.12
2025-05-25 15:00:00,24.0,89,0.5,24.89,10.37,7.21
2025-05-25 16:00:00,24.0,87,0.1,24.33,10.46,7.1
2025-05-25 17:00:00,23.6,87,0.1,23.81,10.57,7.12
2025-05-25 18:00:00,23.6,85,0.0,23.45,10.6,7.18
2025-05-25 19:00:00,23.9,80,0.0,23.28,10.54,7.14
2025-05-25 20:00:00,23.9,80,0.0,23.17,10.56,7.12
2025-05-25 21:00:00,23.6,82,0.0,23.0,10.64,7.21
2025-05-25 22:00:00,23.9,80,0.0,22.97,10.61,7.27
2025-05-25 23:00:00,23.9,81,0.0,22.95,10.63,7.32
2025-05-26 00:00:00,24.1,80,0.0,22.99,10.6,7.4
2025-05-26 01:00:00,24.2,79,0.0,23.06,10.57,7.67
2025-05-26 02:00:00,25.0,78,0.0,23.34,10.49,7.63
2025-05-26 03:00:00,25.5,77,0.0,23.69,10.4,7.61
2025-05-26 04:00:00,26.1,76,0.0,24.11,10.29,7.75
2025-05-26 05:00:00,25.5,77,0.2,24.23,10.28,7.66
2025-05-26 06:00:00,25.5,81,0.5,24.31,10.34,7.8
2025-05-26 07:00:00,24.9,85,2.0,24.19,10.45,7.66
2025-05-26 08:00:00,25.5,82,2.5,24.28,10.37,7.57
2025-05-26 09:00:00,26.5,75,0.1,24.65,10.15,7.66
2025-05-26 10:00:00,27.4,69,0.1,25.17,9.93,7.39
2025-05-26 11:00:00,25.8,80,0.3,25.06,10.16,7.35
2025-05-26 12:00:00,25.8,75,0.0,24.98,10.08,7.29
2025-05-26 13:00:00,24.0,86,0.5,24.39,10.42,7.32
2025-05-26 14:00:00,23.5,89,0.4,23.82,10.6,7.42
2025-05-26 15:00:00,23.6,89,0.1,23.46,10.68,7.43
2025-05-26 16:00:00,23.6,87,0.1,23.2,10.7,7.22
2025-05-26 17:00:00,23.6,86,0.0,23.02,10.72,7.19
2025-05-26 18:00:00,23.9,82,0.0,22.98,10.64,6.95
2025-05-26 19:00:00,23.7,83,0.0,22.9,10.68,7.09
2025-05-26 20:00:00,23.8,82,0.0,22.87,10.67,7.09
2025-05-26 21:00:00,23.9,81,0.0,22.88,10.65,7.16
2025-05-26 22:00:00,24.1,79,0.0,22.94,10.59,7.26
2025-05-26 23:00:00,24.1,80,0.0,22.99,10.6,7.31
2025-05-27 00:00:00,24.0,79,0.0,22.99,10.58,7.23
2025-05-27 01:00:00,24.9,77,0.0,23.27,10.48,7.58
2025-05-27 02:00:00,25.0,78,0.0,23.49,10.46,7.47
2025-05-27 03:00:00,25.0,79,0.0,23.64,10.44,7.66
2025-05-27 04:00:00,25.8,78,0.0,23.99,10.35,7.89
2025-05-27 05:00:00,27.4,70,0.1,24.71,10.04,7.6
2025-05-27 06:00:00,27.8,67,0.0,25.34,9.86,7.45
2025-05-27 07:00:00,28.5,63,0.0,25.99,9.65,7.66
2025-05-27 08:00:00,28.1,64,0.0,26.32,9.6,7.77
2025-05-27 09:00:00,28.1,63,0.0,26.55,9.53,7.8
2025-05-27 10:00:00,28.2,63,0.0,26.75,9.49,7.42
2025-05-27 11:00:00,28.0,65,0.0,26.82,9.51,7.52
2025-05-27 12:00:00,26.9,69,0.0,26.55,9.64,7.35
2025-05-27 13:00:00,27.8,63,0.0,26.62,9.52,7.31
2025-05-27 14:00:00,27.0,63,0.0,26.44,9.55,7.51
2025-05-27 15:00:00,25.6,72,0.0,25.89,9.84,7.04
2025-05-27 16:00:00,25.3,74,0.0,25.41,9.97,7.17
2025-05-27 17:00:00,25.4,73,0.0,25.11,10.02,7.17
2025-05-27 18:00:00,25.3,74,0.0,24.86,10.09,7.22
2025-05-27 19:00:00,24.9,76,0.0,24.58,10.19,7.13
2025-05-27 20:00:00,24.8,76,0.0,24.34,10.24,7.19
2025-05-27 21:00:00,24.6,75,0.0,24.12,10.26,7.17
2025-05-27 22:00:00,24.5,75,0.0,23.93,10.3,7.3
2025-05-27 23:00:00,24.5,75,0.0,23.8,10.33,7.31
2025-05-28 00:00:00,24.4,75,0.0,23.68,10.36,7.49
2025-05-28 01:00:00,25.1,73,0.0,23.81,10.29,7.46
2025-05-28 02:00:00,25.6,73,0.0,24.05,10.24,7.61
2025-05-28 03:00:00,26.5,71,0.0,24.48,10.11,7.62
2025-05-28 04:00:00,28.0,65,0.0,25.24,9.84,7.78
2025-05-28 05:00:00,28.2,63,0.0,25.83,9.68,7.69
2025-05-28 06:00:00,28.9,61,0.1,26.45,9.52,7.51
2025-05-28 07:00:00,29.1,60,0.0,26.94,9.4,7.81
2025-05-28 08:00:00,29.6,59,0.0,27.44,9.28,7.55
2025-05-28 09:00:00,30.4,53,0.0,28.03,9.05,7.53
2025-05-28 10:00:00,30.5,51,0.0,28.47,8.92,7.47
2025-05-28 11:00:00,27.7,66,0.0,27.94,9.3,7.6
2025-05-28 12:00:00,27.6,66,0.0,27.54,9.38,7.17
2025-05-28 13:00:00,25.6,74,0.0,26.66,9.71,7.63
2025-05-28 14:00:00,25.6,75,0.0,26.04,9.86,7.36
2025-05-28 15:00:00,25.5,76,0.0,25.58,9.98,7.21
2025-05-28 16:00:00,25.5,74,0.0,25.25,10.01,7.14
2025-05-28 17:00:00,25.4,73,0.0,25.0,10.04,7.15
2025-05-28 18:00:00,25.0,75,0.0,24.7,10.14,7.17
2025-05-28 19:00:00,24.5,79,0.0,24.34,10.3,7.19
2025-05-28 20:00:00,24.4,78,0.0,24.06,10.34,7.22
2025-05-28 21:00:00,24.2,78,0.0,23.8,10.39,7.22
2025-05-28 22:00:00,24.2,78,0.0,23.62,10.43,7.25
2025-05-28 23:00:00,24.2,79,0.0,23.49,10.48,7.33
2025-05-29 00:00:00,24.4,78,0.0,23.47,10.46,7.41
2025-05-29 01:00:00,25.0,74,0.0,23.63,10.35,7.61
2025-05-29 02:00:00,25.3,72,0.0,23.83,10.27,7.63
2025-05-29 03:00:00,25.8,73,0.0,24.12,10.23,7.34
2025-05-29 04:00:00,27.1,66,0.0,24.71,9.97,7.74
2025-05-29 05:00:00,28.0,65,0.0,25.4,9.81,7.72
2025-05-29 06:00:00,28.7,63,0.0,26.09,9.63,7.7
2025-05-29 07:00:00,29.8,58,0.0,26.9,9.37,7.64
2025-05-29 08:00:00,29.2,61,0.1,27.29,9.34,7.75
2025-05-29 09:00:00,29.9,58,0.0,27.77,9.19,7.69
2025-05-29 10:00:00,28.2,64,0.0,27.6,9.33,7.46
2025-05-29 11:00:00,26.4,74,0.0,26.94,9.65,7.51
2025-05-29 12:00:00,26.2,75,0.0,26.42,9.78,7.3
2025-05-29 13:00:00,27.0,67,0.0,26.29,9.66,7.18
2025-05-29 14:00:00,26.5,67,0.0,26.06,9.71,7.19
2025-05-29 15:00:00,25.7,70,0.0,25.65,9.85,7.28
2025-05-29 16:00:00,25.3,72,0.0,25.24,9.97,7.24
2025-05-29 17:00:00,24.9,74,0.0,24.84,10.09,7.17
2025-05-29 18:00:00,24.5,77,0.0,24.44,10.24,7.19
2025-05-29 19:00:00,24.1,78,0.0,24.04,10.34,7.18
2025-05-29 20:00:00,24.0,80,0.0,23.73,10.45,7.1
2025-05-29 21:00:00,23.9,80,0.0,23.48,10.5,7.26
2025-05-29 22:00:00,23.1,87,0.2,23.06,10.73,7.34
2025-05-29 23:00:00,22.8,91,1.2,22.69,10.89,7.37
2025-05-30 00:00:00,23.0,89,0.0,22.48,10.89,7.55
2025-05-30 01:00:00,24.1,79,0.0,22.67,10.65,7.58
2025-05-30 02:00:00,25.0,76,0.0,23.07,10.51,7.61
2025-05-30 03:00:00,26.0,72,0.0,23.65,10.31,7.74
2025-05-30 04:00:00,27.1,66,0.0,24.38,10.03,7.67
2025-05-30 05:00:00,27.8,63,0.0,25.11,9.83,7.61
2025-05-30 06:00:00,27.3,66,0.0,25.47,9.81,7.69
2025-05-30 07:00:00,28.0,63,0.0,25.93,9.66,7.62
2025-05-30 08:00:00,29.1,61,0.2,26.58,9.49,7.57
2025-05-30 09:00:00,28.3,63,0.0,26.79,9.48,7.59
2025-05-30 10:00:00,27.5,67,0.0,26.71,9.57,7.46
2025-05-30 11:00:00,27.0,70,0.0,26.49,9.67,7.44
2025-05-30 12:00:00,26.2,72,0.0,26.11,9.79,7.21
2025-05-30 13:00:00,26.0,73,0.0,25.77,9.88,7.35
2025-05-30 14:00:00,25.7,73,0.0,25.45,9.95,7.26
2025-05-30 15:00:00,25.5,72,0.0,25.17,9.99,7.11
2025-05-30 16:00:00,25.1,72,0.0,24.85,10.05,7.22
2025-05-30 17:00:00,25.0,74,0.0,24.59,10.15,7.22
2025-05-30 18:00:00,24.9,76,0.0,24.38,10.23,6.96
2025-05-30 19:00:00,24.5,77,0.0,24.12,10.3,7.05
2025-05-30 20:00:00,24.5,77,0.0,23.93,10.34,7.08
2025-05-30 21:00:00,24.5,77,0.0,23.8,10.37,7.12
2025-05-30 22:00:00,24.4,77,0.0,23.68,10.4,7.36
2025-05-30 23:00:00,23.9,79,0.0,23.45,10.49,7.33
2025-05-31 00:00:00,23.6,80,0.0,23.19,10.56,7.4
2025-05-31 01:00:00,24.0,80,0.0,23.14,10.57,7.31
2025-05-31 02:00:00,25.0,76,0.0,23.39,10.44,7.64
2025-05-31 03:00:00,26.0,72,0.0,23.88,10.26,7.51
2025-05-31 04:00:00,27.3,67,0.0,24.6,10.01,7.68
2025-05-31 05:00:00,29.1,61,0.0,25.65,9.68,7.72
2025-05-31 06:00:00,30.5,56,0.0,26.81,9.35,7.83
2025-05-31 07:00:00,31.2,52,0.0,27.82,9.07,7.54
2025-05-31 08:00:00,31.5,50,0.0,28.63,8.87,7.33
2025-05-31 09:00:00,31.6,48,0.0,29.22,8.72,7.6
2025-05-31 10:00:00,32.0,46,0.0,29.75,8.58,7.69
2025-05-31 11:00:00,31.4,48,0.0,29.95,8.58,7.56
2025-05-31 12:00:00,30.5,53,0.0,29.81,8.69,7.38
2025-05-31 13:00:00,28.8,57,0.0,29.21,8.88,7.24
2025-05-31 14:00:00,28.3,59,0.0,28.64,9.03,7.3
2025-05-31 15:00:00,27.4,63,0.0,27.97,9.24,7.07
2025-05-31 16:00:00,26.5,69,0.0,27.23,9.5,7.18
2025-05-31 17:00:00,25.8,74,0.0,26.5,9.75,7.16
2025-05-31 18:00:00,25.0,78,0.0,25.75,9.98,7.21
2025-05-31 19:00:00,24.2,81,0.0,24.98,10.2,7.4
2025-05-31 20:00:00,23.6,82,0.0,24.27,10.37,7.2
2025-05-31 21:00:00,23.1,83,0.0,23.62,10.53,7.16
2025-05-31 22:00:00,22.6,86,0.0,23.01,10.72,7.28
2025-05-31 23:00:00,22.7,86,0.0,22.62,10.8,7.18
2025-06-01 00:00:00,22.8,86,0.0,22.37,10.85,7.37
2025-06-01 01:00:00,24.0,83,0.0,22.56,10.75,7.47
2025-06-01 02:00:00,25.4,80,0.0,23.11,10.58,7.53
2025-06-01 03:00:00,27.2,72,0.0,24.04,10.22,7.65
2025-06-01 04:00:00,29.1,64,0.0,25.26,9.82,7.58
2025-06-01 05:00:00,30.5,57,0.0,26.53,9.42,7.8
2025-06-01 06:00:00,31.7,51,0.0,27.78,9.06,7.68
2025-06-01 07:00:00,32.5,48,0.0,28.9,8.79,7.66
2025-06-01 08:00:00,33.0,45,0.0,29.83,8.55,7.59
2025-06-01 09:00:00,32.9,44,0.0,30.45,8.41,7.58
2025-06-01 10:00:00,32.8,43,0.0,30.85,8.31,7.58
2025-06-01 11:00:00,32.2,46,0.0,30.96,8.34,7.34
2025-06-01 12:00:00,31.4,47,0.0,30.79,8.39,7.29
2025-06-01 13:00:00,29.2,54,0.0,30.01,8.67,7.25
2025-06-01 14:00:00,28.0,58,0.0,29.11,8.92,7.08
2025-06-01 15:00:00,27.3,62,0.0,28.27,9.16,7.08
2025-06-01 16:00:00,26.8,64,0.0,27.53,9.35,7.08
2025-06-01 17:00:00,26.1,65,0.0,26.8,9.52,7.19
2025-06-01 18:00:00,25.2,69,0.0,26.02,9.75,7.13
2025-06-01 19:00:00,24.5,74,0.0,25.26,10.01,7.14
2025-06-01 20:00:00,23.8,79,0.0,24.52,10.26,7.24
2025-06-01 21:00:00,23.2,82,0.0,23.83,10.46,7.2
2025-06-01 22:00:00,22.9,83,0.0,23.25,10.61,7.32
2025-06-01 23:00:00,22.7,84,0.0,22.78,10.73,7.34
2025-06-02 00:00:00,22.5,85,0.0,22.4,10.83,7.46
2025-06-02 01:00:00,24.0,80,0.0,22.58,10.69,7.45
2025-06-02 02:00:00,25.2,75,0.0,23.07,10.49,7.34
2025-06-02 03:00:00,26.8,71,0.0,23.89,10.24,7.62
2025-06-02 04:00:00,28.5,62,0.0,24.97,9.84,7.81
2025-06-02 05:00:00,30.1,55,0.0,26.21,9.45,7.78
2025-06-02 06:00:00,31.2,51,0.0,27.41,9.14,7.78
2025-06-02 07:00:00,32.5,46,0.0,28.63,8.8,7.79
2025-06-02 08:00:00,33.0,45,0.0,29.64,8.58,7.63
2025-06-02 09:00:00,32.8,46,0.0,30.29,8.47,7.59
2025-06-02 10:00:00,32.3,48,0.0,30.59,8.45,7.44
2025-06-02 11:00:00,31.1,52,0.2,30.45,8.54,7.39
2025-06-02 12:00:00,28.5,64,1.4,29.56,8.93,7.36
2025-06-02 13:00:00,29.1,55,0.0,29.12,8.86,7.41
2025-06-02 14:00:00,27.9,59,0.0,28.46,9.07,7.21
2025-06-02 15:00:00,26.9,64,0.0,27.69,9.32,7.13
2025-06-02 16:00:00,26.4,66,0.0,27.0,9.49,7.13
2025-06-02 17:00:00,26.4,64,0.0,26.52,9.56,7.17
2025-06-02 18:00:00,25.5,67,0.0,25.92,9.74,6.96
2025-06-02 19:00:00,24.8,71,0.0,25.28,9.94,6.89
2025-06-02 20:00:00,24.5,73,0.0,24.75,10.09,7.1
2025-06-02 21:00:00,24.0,76,0.0,24.22,10.26,7.08
2025-06-02 22:00:00,23.6,78,0.0,23.74,10.4,7.22
2025-06-02 23:00:00,23.4,79,0.0,23.34,10.51,7.33
2025-06-03 00:00:00,23.2,80,0.0,22.99,10.6,7.38
2025-06-03 01:00:00,24.3,76,0.0,23.09,10.5,7.65
2025-06-03 02:00:00,25.8,73,0.0,23.6,10.33,7.61
2025-06-03 03:00:00,27.2,68,0.0,24.38,10.07,7.66
2025-06-03 04:00:00,28.9,59,0.0,25.44,9.68,7.73
2025-06-03 05:00:00,30.4,53,0.0,26.63,9.33,7.57
2025-06-03 06:00:00,31.5,51,0.0,27.79,9.06,7.79
2025-06-03 07:00:00,32.0,50,0.0,28.75,8.85,7.65
2025-06-03 08:00:00,30.0,57,0.7,28.83,8.96,7.66
2025-06-03 09:00:00,32.0,51,0.0,29.48,8.72,7.47
2025-06-03 10:00:00,31.1,53,0.7,29.66,8.72,7.32
2025-06-03 11:00:00,31.1,51,0.2,29.8,8.66,7.51
2025-06-03 12:00:00,29.3,59,0.2,29.35,8.89,7.39
2025-06-03 13:00:00,28.4,62,0.0,28.76,9.06,7.2
2025-06-03 14:00:00,27.2,66,0.0,27.99,9.29,7.14
2025-06-03 15:00:00,26.6,67,0.0,27.28,9.46,7.29
2025-06-03 16:00:00,26.0,70,0.0,26.59,9.65,7.02
2025-06-03 17:00:00,25.6,72,0.0,26.0,9.81,7.27
2025-06-03 18:00:00,24.9,74,0.0,25.37,9.98,7.02
2025-06-03 19:00:00,24.2,77,0.0,24.72,10.18,7.19
2025-06-03 20:00:00,23.8,79,0.0,24.14,10.34,7.13
2025-06-03 21:00:00,23.4,81,0.0,23.62,10.49,7.27
2025-06-03 22:00:00,23.1,82,0.0,23.16,10.61,7.22
2025-06-03 23:00:00,23.0,82,0.0,22.81,10.68,7.34
2025-06-04 00:00:00,22.9,82,0.0,22.54,10.74,7.44
2025-06-04 01:00:00,24.0,78,0.0,22.68,10.63,7.41
2025-06-04 02:00:00,25.1,74,0.0,23.1,10.46,7.65
2025-06-04 03:00:00,26.9,67,0.0,23.94,10.14,7.58
2025-06-04 04:00:00,28.8,59,0.0,25.1,9.75,7.65
2025-06-04 05:00:00,30.1,53,0.0,26.3,9.4,7.59
2025-06-04 06:00:00,31.0,49,0.0,27.41,9.1,7.43
2025-06-04 07:00:00,31.5,46,0.0,28.34,8.86,7.65
2025-06-04 08:00:00,31.8,46,0.0,29.08,8.71,7.87
2025-06-04 09:00:00,32.3,46,0.0,29.74,8.58,7.65
2025-06-04 10:00:00,32.2,47,0.0,30.18,8.51,7.51
2025-06-04 11:00:00,31.5,48,0.1,30.28,8.51,7.4
2025-06-04 12:00:00,30.8,51,0.0,30.13,8.59,7.36
2025-06-04 13:00:00,29.7,52,0.0,29.7,8.69,7.34
2025-06-04 14:00:00,28.4,55,0.0,29.01,8.89,7.1
2025-06-04 15:00:00,27.2,61,0.0,28.17,9.16,7.28
2025-06-04 16:00:00,26.4,65,0.0,27.34,9.41,7.2
2025-06-04 17:00:00,26.0,67,0.0,26.64,9.59,7.18
2025-06-04 18:00:00,25.5,67,0.0,26.0,9.72,7.14
2025-06-04 19:00:00,24.5,70,0.0,25.25,9.93,7.12
2025-06-04 20:00:00,24.0,73,0.0,24.57,10.13,7.22
2025-06-04 21:00:00,23.5,76,0.0,23.95,10.32,7.27
2025-06-04 22:00:00,23.0,79,0.0,23.37,10.5,7.24
2025-06-04 23:00:00,22.8,81,0.0,22.9,10.64,7.3
2025-06-05 00:00:00,22.5,84,0.0,22.48,10.79,7.45
2025-06-05 01:00:00,23.4,80,0.0,22.45,10.72,7.67
2025-06-05 02:00:00,24.6,75,0.0,22.8,10.54,7.46
2025-06-05 03:00:00,26.5,68,0.0,23.61,10.23,7.49
2025-06-05 04:00:00,28.5,58,0.0,24.78,9.8,7.69
2025-06-05 05:00:00,30.2,49,0.0,26.1,9.36,7.69
2025-06-05 06:00:00,31.7,44,0.0,27.48,8.99,7.7
2025-06-05 07:00:00,32.6,42,0.0,28.72,8.71,7.69
2025-06-05 08:00:00,33.2,40,0.0,29.76,8.47,7.6
2025-06-05 09:00:00,33.0,38,0.0,30.43,8.31,7.72
2025-06-05 10:00:00,33.0,37,0.0,30.9,8.2,7.34
2025-06-05 11:00:00,32.8,38,0.0,31.17,8.16,7.34
2025-06-05 12:00:00,31.7,43,0.0,31.03,8.28,7.34
2025-06-05 13:00:00,30.2,53,0.0,30.48,8.55,7.11
2025-06-05 14:00:00,28.1,58,0.0,29.47,8.85,7.2
2025-06-05 15:00:00,27.0,62,0.0,28.43,9.13,7.33
2025-06-05 16:00:00,26.2,63,0.0,27.46,9.35,7.13
2025-06-05 17:00:00,25.4,66,0.0,26.54,9.59,7.13
2025-06-05 18:00:00,24.9,67,0.0,25.75,9.77,6.98
2025-06-05 19:00:00,25.4,64,0.0,25.34,9.8,7.06
2025-06-05 20:00:00,25.2,67,0.0,25.0,9.93,7.11
2025-06-05 21:00:00,24.4,72,0.0,24.52,10.12,7.17
2025-06-05 22:00:00,23.9,75,0.0,24.03,10.28,7.4
2025-06-05 23:00:00,23.4,77,0.0,23.54,10.43,7.4
2025-06-06 00:00:00,23.0,79,0.0,23.08,10.56,7.32
2025-06-06 01:00:00,24.6,77,0.0,23.24,10.49,7.53
2025-06-06 02:00:00,25.9,73,0.0,23.74,10.31,7.62
2025-06-06 03:00:00,27.6,66,0.0,24.59,9.99,7.74
2025-06-06 04:00:00,29.3,58,0.0,25.71,9.61,7.82
2025-06-06 05:00:00,30.4,52,0.1,26.81,9.27,7.57
2025-06-06 06:00:00,31.6,48,0.0,27.95,8.97,7.6
2025-06-06 07:00:00,32.2,45,0.0,28.93,8.73,7.53
2025-06-06 08:00:00,32.5,43,0.0,29.7,8.54,7.6
2025-06-06 09:00:00,32.5,43,0.1,30.24,8.43,7.61
2025-06-06 10:00:00,32.5,43,0.3,30.62,8.36,7.58
2025-06-06 11:00:00,32.3,42,0.1,30.82,8.3,7.41
2025-06-06 12:00:00,31.7,45,0.0,30.79,8.36,7.32
2025-06-06 13:00:00,30.0,59,0.0,30.25,8.7,7.3
2025-06-06 14:00:00,28.8,62,0.0,29.51,8.91,7.13
2025-06-06 15:00:00,28.0,62,0.0,28.76,9.06,7.37
2025-06-06 16:00:00,27.5,62,0.0,28.08,9.2,6.96
2025-06-06 17:00:00,26.6,67,0.0,27.34,9.44,7.12
2025-06-06 18:00:00,25.9,68,0.1,26.61,9.61,7.29
2025-06-06 19:00:00,25.4,74,0.3,25.94,9.86,7.09
2025-06-06 20:00:00,24.6,78,0.0,25.24,10.09,7.13
2025-06-06 21:00:00,24.0,79,0.1,24.57,10.25,7.16
2025-06-06 22:00:00,23.8,80,0.0,24.04,10.38,7.25
2025-06-06 23:00:00,23.5,80,0.0,23.58,10.48,7.48
2025-06-07 00:00:00,23.2,80,0.0,23.16,10.57,7.21
2025-06-07 01:00:00,24.5,77,0.0,23.26,10.48,7.66
2025-06-07 02:00:00,25.5,73,0.0,23.64,10.33,7.43
2025-06-07 03:00:00,27.0,67,0.0,24.34,10.06,7.6
2025-06-07 04:00:00,29.0,58,0.0,25.44,9.66,7.62
2025-06-07 05:00:00,30.7,50,0.0,26.72,9.26,7.74
2025-06-07 06:00:00,31.6,46,0.0,27.88,8.95,7.52
2025-06-07 07:00:00,32.5,43,0.0,28.97,8.68,7.71
2025-06-07 08:00:00,32.9,41,0.0,29.85,8.48,7.82
2025-06-07 09:00:00,33.0,39,0.0,30.49,8.31,7.43
2025-06-07 10:00:00,33.2,39,0.2,31.01,8.21,7.5
2025-06-07 11:00:00,32.2,43,0.6,31.06,8.27,7.32
2025-06-07 12:00:00,31.3,46,0.0,30.83,8.37,7.39
2025-06-07 13:00:00,29.9,49,0.0,30.25,8.53,7.28
2025-06-07 14:00:00,29.0,47,0.0,29.58,8.63,7.15
2025-06-07 15:00:00,28.5,49,0.0,28.95,8.79,7.21
2025-06-07 16:00:00,27.4,52,0.0,28.19,9.0,7.3
2025-06-07 17:00:00,26.8,53,0.0,27.47,9.16,7.08
2025-06-07 18:00:00,26.0,65,0.0,26.73,9.53,7.16
2025-06-07 19:00:00,25.5,68,0.0,26.06,9.73,6.98
2025-06-07 20:00:00,25.0,71,0.0,25.44,9.91,7.05
2025-06-07 21:00:00,24.4,74,0.0,24.83,10.1,7.25
2025-06-07 22:00:00,23.9,76,0.0,24.25,10.26,7.42
2025-06-07 23:00:00,23.5,79,0.0,23.73,10.43,7.38
2025-06-08 00:00:00,23.1,80,0.0,23.24,10.55,7.4
2025-06-08 01:00:00,24.9,75,0.0,23.44,10.41,7.5
2025-06-08 02:00:00,25.7,73,0.0,23.82,10.29,7.45
2025-06-08 03:00:00,27.5,66,0.0,24.62,9.99,7.69
2025-06-08 04:00:00,29.5,58,0.0,25.78,9.59,7.75
2025-06-08 05:00:00,31.3,50,0.0,27.14,9.17,7.63
2025-06-08 06:00:00,32.3,45,0.0,28.39,8.83,7.63
2025-06-08 07:00:00,32.9,44,0.0,29.44,8.61,7.68
2025-06-08 08:00:00,33.3,44,0.0,30.3,8.44,7.57
2025-06-08 09:00:00,33.8,43,0.0,31.05,8.27,7.56
2025-06-08 10:00:00,33.0,43,0.0,31.33,8.22,7.71
2025-06-08 11:00:00,31.9,46,0.1,31.2,8.29,7.39
2025-06-08 12:00:00,29.6,53,0.1,30.42,8.57,7.31
2025-06-08 13:00:00,28.4,71,0.0,29.52,9.06,7.22
2025-06-08 14:00:00,28.0,69,0.0,28.76,9.18,7.3
2025-06-08 15:00:00,27.5,61,0.0,28.08,9.18,7.15
2025-06-08 16:00:00,26.1,63,0.0,27.19,9.4,7.06
2025-06-08 17:00:00,23.6,82,0.2,25.81,10.04,7.23
2025-06-08 18:00:00,22.6,92,0.6,24.55,10.5,7.22
2025-06-08 19:00:00,22.4,94,1.5,23.6,10.75,7.0
2025-06-08 20:00:00,22.6,93,1.0,23.0,10.86,6.93
2025-06-08 21:00:00,22.4,91,0.3,22.52,10.92,7.3
2025-06-08 22:00:00,22.4,91,0.1,22.19,11.0,7.21
2025-06-08 23:00:00,22.3,91,0.0,21.92,11.05,7.44
2025-06-09 00:00:00,22.3,91,0.0,21.73,11.09,7.25
2025-06-09 01:00:00,24.0,85,0.0,22.11,10.89,7.61
2025-06-09 02:00:00,25.4,79,0.0,22.8,10.62,7.46
2025-06-09 03:00:00,26.8,72,0.0,23.7,10.29,7.71
2025-06-09 04:00:00,27.9,66,0.0,24.66,9.98,7.67
2025-06-09 05:00:00,28.5,63,0.0,25.51,9.74,7.6
2025-06-09 06:00:00,30.0,57,0.0,26.56,9.42,7.65
2025-06-09 07:00:00,32.0,49,0.0,27.89,9.0,7.74
2025-06-09 08:00:00,32.6,48,0.0,29.0,8.76,7.64
2025-06-09 09:00:00,32.3,48,0.0,29.69,8.63,7.63
2025-06-09 10:00:00,30.0,58,1.6,29.48,8.84,7.64
2025-06-09 11:00:00,29.9,55,0.0,29.31,8.83,7.29
2025-06-09 12:00:00,29.4,57,0.0,29.04,8.92,7.53
2025-06-09 13:00:00,28.1,63,0.0,28.46,9.14,7.31
2025-06-09 14:00:00,27.4,65,0.0,27.84,9.3,7.14
2025-06-09 15:00:00,26.4,70,0.0,27.11,9.55,7.04
2025-06-09 16:00:00,26.2,69,0.0,26.54,9.65,7.12
2025-06-09 17:00:00,26.1,68,0.0,26.1,9.72,7.2
2025-06-09 18:00:00,25.8,72,0.0,25.71,9.87,7.09
2025-06-09 19:00:00,25.2,75,0.0,25.26,10.03,7.27
2025-06-09 20:00:00,24.8,77,0.0,24.82,10.16,7.01
2025-06-09 21:00:00,24.4,77,0.0,24.4,10.25,7.2
2025-06-09 22:00:00,24.0,78,0.0,23.98,10.35,7.14
2025-06-09 23:00:00,23.6,79,0.0,23.56,10.46,7.38
2025-06-10 00:00:00,23.4,79,0.0,23.21,10.53,7.52
2025-06-10 01:00:00,24.0,82,0.0,23.15,10.61,7.46
2025-06-10 02:00:00,25.4,76,0.0,23.53,10.41,7.31
2025-06-10 03:00:00,27.1,68,0.0,24.3,10.09,7.65
2025-06-10 04:00:00,28.9,60,0.0,25.38,9.71,7.71
2025-06-10 05:00:00,30.5,54,0.0,26.61,9.35,7.72
2025-06-10 06:00:00,31.7,50,0.1,27.84,9.03,7.8
2025-06-10 07:00:00,32.6,46,0.0,28.97,8.74,7.55
2025-06-10 08:00:00,33.2,46,0.0,29.94,8.54,7.69
2025-06-10 09:00:00,33.7,45,0.0,30.77,8.36,7.68
2025-06-10 10:00:00,30.9,54,0.4,30.51,8.57,7.3
2025-06-10 11:00:00,27.8,72,4.3,29.39,9.1,7.34
2025-06-10 12:00:00,26.2,77,1.4,28.14,9.46,7.26
2025-06-10 13:00:00,28.5,55,0.1,27.95,9.1,7.29
2025-06-10 14:00:00,26.1,70,0.1,27.09,9.55,7.27
2025-06-10 15:00:00,25.6,71,0.0,26.34,9.72,7.14
2025-06-10 16:00:00,25.6,71,0.0,25.82,9.83,7.07
2025-06-10 17:00:00,25.1,76,0.2,25.3,10.04,7.11
2025-06-10 18:00:00,24.1,85,0.6,24.64,10.35,6.97
2025-06-10 19:00:00,24.3,83,0.0,24.24,10.4,7.02
2025-06-10 20:00:00,23.8,86,0.0,23.81,10.55,7.23
2025-06-10 21:00:00,23.6,86,0.0,23.45,10.62,7.1
2025-06-10 22:00:00,23.5,84,0.0,23.16,10.65,7.35
2025-06-10 23:00:00,23.5,83,0.0,22.96,10.67,7.4
2025-06-11 00:00:00,23.4,82,0.0,22.79,10.68,7.26
2025-06-11 01:00:00,24.3,83,0.0,22.95,10.67,7.44
2025-06-11 02:00:00,25.4,79,0.0,23.38,10.5,7.7
2025-06-11 03:00:00,27.1,71,0.0,24.2,10.17,7.53
2025-06-11 04:00:00,29.0,62,0.0,25.34,9.76,7.62
2025-06-11 05:00:00,30.4,56,0.0,26.56,9.4,7.73
2025-06-11 06:00:00,31.4,53,0.0,27.71,9.11,7.76
2025-06-11 07:00:00,31.8,53,0.0,28.64,8.93,7.64
2025-06-11 08:00:00,32.2,50,0.0,29.41,8.72,7.57
2025-06-11 09:00:00,30.5,55,0.0,29.43,8.8,7.72
2025-06-11 10:00:00,31.0,52,0.0,29.6,8.71,7.69
2025-06-11 11:00:00,28.0,68,1.5,28.82,9.15,7.47
2025-06-11 12:00:00,25.6,82,3.3,27.56,9.67,7.28
2025-06-11 13:00:00,26.6,69,0.0,26.97,9.56,7.23
2025-06-11 14:00:00,26.2,70,0.0,26.44,9.68,7.16
2025-06-11 15:00:00,25.9,74,0.0,25.98,9.86,7.24
2025-06-11 16:00:00,25.0,76,0.0,25.38,10.02,7.19
2025-06-11 17:00:00,24.5,77,0.0,24.82,10.16,7.26
2025-06-11 18:00:00,23.5,85,1.0,24.12,10.46,7.13
2025-06-11 19:00:00,22.9,93,1.0,23.46,10.76,6.93
2025-06-11 20:00:00,23.3,90,0.1,23.11,10.78,7.27
2025-06-11 21:00:00,23.2,89,0.0,22.84,10.82,7.12
2025-06-11 22:00:00,23.1,87,0.0,22.62,10.82,7.25
2025-06-11 23:00:00,23.0,86,0.0,22.43,10.84,7.38
2025-06-12 00:00:00,23.0,86,0.0,22.3,10.87,7.64
2025-06-12 01:00:00,24.1,80,0.0,22.54,10.7,7.82
2025-06-12 02:00:00,24.9,78,0.0,22.95,10.57,7.64
2025-06-12 03:00:00,26.2,73,0.0,23.62,10.33,7.62
2025-06-12 04:00:00,27.5,66,0.0,24.49,10.01,7.73
2025-06-12 05:00:00,27.9,63,0.0,25.21,9.81,7.79
2025-06-12 06:00:00,28.7,60,0.0,25.96,9.6,7.67
2025-06-12 07:00:00,30.5,52,0.0,27.02,9.23,7.86
2025-06-12 08:00:00,30.8,52,0.2,27.85,9.07,7.65
2025-06-12 09:00:00,31.5,51,0.0,28.65,8.89,7.64
2025-06-12 10:00:00,31.5,49,0.0,29.2,8.74,7.58
2025-06-12 11:00:00,31.1,50,0.0,29.47,8.71,7.49
2025-06-12 12:00:00,27.5,69,0.3,28.58,9.22,7.44
2025-06-12 13:00:00,27.5,60,0.0,27.96,9.19,7.24
2025-06-12 14:00:00,27.2,60,0.0,27.43,9.3,7.18
2025-06-12 15:00:00,26.6,62,0.0,26.88,9.45,7.07
2025-06-12 16:00:00,26.1,66,0.0,26.35,9.63,7.18
2025-06-12 17:00:00,25.3,71,0.0,25.73,9.85,7.19
2025-06-12 18:00:00,24.5,74,0.0,25.06,10.05,7.16
2025-06-12 19:00:00,24.1,76,0.0,24.47,10.21,7.29
2025-06-12 20:00:00,23.8,77,0.0,23.97,10.34,7.16
2025-06-12 21:00:00,23.5,79,0.0,23.53,10.47,7.28
2025-06-12 22:00:00,23.4,80,0.0,23.19,10.56,7.17
2025-06-12 23:00:00,23.4,80,0.0,22.95,10.61,7.31
2025-06-13 00:00:00,22.7,83,0.0,22.58,10.75,7.5
2025-06-13 01:00:00,23.6,82,0.0,22.58,10.73,7.6
2025-06-13 02:00:00,24.7,78,0.0,22.92,10.58,7.55
2025-06-13 03:00:00,26.2,74,0.0,23.6,10.35,7.63
2025-06-13 04:00:00,28.9,61,0.0,24.89,9.83,7.52
2025-06-13 05:00:00,29.9,56,0.0,26.09,9.49,7.65
2025-06-13 06:00:00,30.8,55,0.0,27.21,9.25,7.78
2025-06-13 07:00:00,30.6,59,0.0,27.92,9.18,7.73
2025-06-13 08:00:00,28.5,70,5.3,27.8,9.4,7.54
2025-06-13 09:00:00,26.6,76,10.4,27.14,9.65,7.41
2025-06-13 10:00:00,27.5,73,2.0,26.95,9.63,7.45
2025-06-13 11:00:00,28.0,67,0.0,26.96,9.52,7.4
2025-06-13 12:00:00,27.9,66,0.0,26.94,9.51,7.46
2025-06-13 13:00:00,26.4,77,0.0,26.48,9.81,7.36
2025-06-13 14:00:00,25.6,81,0.0,25.92,10.0,7.3
2025-06-13 15:00:00,25.7,78,0.0,25.55,10.02,7.14
2025-06-13 16:00:00,25.3,77,0.0,25.18,10.08,6.93
2025-06-13 17:00:00,24.9,75,0.0,24.79,10.12,7.23
2025-06-13 18:00:00,24.4,76,0.0,24.38,10.23,7.07
2025-06-13 19:00:00,24.0,78,0.0,23.96,10.36,7.04
2025-06-13 20:00:00,23.8,79,0.0,23.61,10.45,7.23
2025-06-13 21:00:00,23.5,80,0.0,23.28,10.54,7.18
2025-06-13 22:00:00,23.3,82,0.0,22.99,10.64,7.39
2025-06-13 23:00:00,23.2,82,0.0,22.75,10.69,7.42
2025-06-14 00:00:00,23.2,82,0.0,22.59,10.73,7.5
2025-06-14 01:00:00,24.1,79,0.0,22.74,10.64,7.37
2025-06-14 02:00:00,25.4,74,0.0,23.24,10.43,7.7
2025-06-14 03:00:00,26.7,68,0.0,23.98,10.16,7.66
2025-06-14 04:00:00,29.1,56,0.0,25.21,9.67,7.63
2025-06-14 05:00:00,30.2,53,0.0,26.41,9.37,7.7
2025-06-14 06:00:00,30.6,52,0.0,27.37,9.16,7.51
2025-06-14 07:00:00,30.7,52,0.0,28.07,9.02,7.71
2025-06-14 08:00:00,30.7,53,0.0,28.56,8.94,7.53
2025-06-14 09:00:00,29.6,58,0.3,28.57,9.03,7.43
2025-06-14 10:00:00,29.5,61,0.1,28.55,9.09,7.36
2025-06-14 11:00:00,25.6,86,1.5,27.36,9.78,7.5
2025-06-14 12:00:00,25.1,86,3.6,26.38,9.99,7.21
2025-06-14 13:00:00,26.8,73,0.0,26.21,9.79,7.47
2025-06-14 14:00:00,26.5,68,0.0,26.0,9.74,7.2
2025-06-14 15:00:00,25.9,69,0.0,25.67,9.83,7.02
2025-06-14 16:00:00,25.3,69,0.0,25.26,9.91,7.04
2025-06-14 17:00:00,25.0,70,0.0,24.88,10.01,7.25
2025-06-14 18:00:00,24.9,73,0.0,24.59,10.13,7.1
2025-06-14 19:00:00,24.8,74,0.0,24.35,10.2,7.07
2025-06-14 20:00:00,24.6,74,0.0,24.13,10.24,7.17
2025-06-14 21:00:00,24.4,74,0.0,23.91,10.29,7.26
2025-06-14 22:00:00,24.1,76,0.0,23.67,10.38,7.39
2025-06-14 23:00:00,24.0,76,0.0,23.47,10.42,7.49
2025-06-15 00:00:00,23.8,78,0.0,23.27,10.5,7.39
2025-06-15 01:00:00,23.8,80,0.0,23.13,10.57,7.37
2025-06-15 02:00:00,23.7,83,0.0,23.0,10.66,7.54
2025-06-15 03:00:00,24.5,82,0.0,23.15,10.61,7.67
2025-06-15 04:00:00,24.9,80,0.0,23.37,10.52,7.59
2025-06-15 05:00:00,26.7,72,0.0,24.07,10.22,7.61
2025-06-15 06:00:00,27.1,69,0.2,24.68,10.03,7.73
2025-06-15 07:00:00,27.6,67,0.5,25.26,9.87,7.66
2025-06-15 08:00:00,27.6,67,0.3,25.66,9.79,7.65
2025-06-15 09:00:00,28.2,63,0.0,26.12,9.62,7.54
2025-06-15 10:00:00,27.7,66,0.0,26.3,9.64,7.52
2025-06-15 11:00:00,27.3,67,0.0,26.3,9.66,7.38
2025-06-15 12:00:00,26.2,72,0.1,25.97,9.82,7.48
2025-06-15 13:00:00,26.0,70,0.0,25.68,9.84,7.43
2025-06-15 14:00:00,25.3,71,0.0,25.26,9.95,7.07
2025-06-15 15:00:00,24.8,73,0.0,24.82,10.08,7.11
2025-06-15 16:00:00,24.5,74,0.0,24.43,10.18,7.01
2025-06-15 17:00:00,24.2,75,0.0,24.06,10.28,7.06
2025-06-15 18:00:00,24.1,76,0.0,23.77,10.36,7.11
2025-06-15 19:00:00,24.4,75,0.0,23.66,10.36,6.99
2025-06-15 20:00:00,24.4,74,0.0,23.58,10.36,7.07
2025-06-15 21:00:00,24.1,75,0.0,23.44,10.41,7.11
2025-06-15 22:00:00,24.0,74,0.0,23.31,10.42,7.3
2025-06-15 23:00:00,23.9,76,0.0,23.18,10.48,7.36
2025-06-16 00:00:00,23.8,77,0.0,23.07,10.53,7.36
2025-06-16 01:00:00,24.1,77,0.0,23.08,10.52,7.52
2025-06-16 02:00:00,24.9,74,0.0,23.32,10.41,7.52
2025-06-16 03:00:00,26.0,70,0.0,23.83,10.23,7.61
2025-06-16 04:00:00,26.5,68,0.0,24.33,10.08,7.84
2025-06-16 05:00:00,26.7,68,0.0,24.74,10.0,7.84
2025-06-16 06:00:00,29.2,56,0.0,25.78,9.56,7.57
2025-06-16 07:00:00,28.8,59,0.0,26.38,9.49,7.77
2025-06-16 08:00:00,30.0,54,0.0,27.17,9.24,7.73
2025-06-16 09:00:00,29.2,56,0.0,27.48,9.21,7.48
2025-06-16 10:00:00,28.0,63,0.0,27.33,9.37,7.62
2025-06-16 11:00:00,26.7,69,0.0,26.84,9.58,7.62
2025-06-16 12:00:00,25.9,74,0.0,26.26,9.8,7.29
2025-06-16 13:00:00,26.8,68,0.0,26.12,9.71,7.23
2025-06-16 14:00:00,25.8,72,0.0,25.73,9.87,7.35
2025-06-16 15:00:00,25.2,74,0.0,25.27,10.0,7.22
2025-06-16 16:00:00,24.6,75,0.0,24.77,10.13,7.21
2025-06-16 17:00:00,24.4,76,0.0,24.36,10.23,7.16
2025-06-16 18:00:00,24.4,76,0.0,24.07,10.29,7.16
2025-06-16 19:00:00,24.0,78,0.0,23.75,10.4,7.0
2025-06-16 20:00:00,23.9,78,0.0,23.49,10.46,7.27
2025-06-16 21:00:00,23.8,78,0.0,23.29,10.5,7.33
2025-06-16 22:00:00,23.7,78,0.0,23.11,10.54,7.26
2025-06-16 23:00:00,23.7,78,0.0,22.99,10.56,7.35
2025-06-17 00:00:00,23.5,78,0.0,22.84,10.59,7.28
2025-06-17 01:00:00,24.1,79,0.0,22.92,10.6,7.56
2025-06-17 02:00:00,25.1,76,0.0,23.27,10.46,7.63
2025-06-17 03:00:00,26.4,71,0.1,23.91,10.23,7.62
2025-06-17 04:00:00,28.4,60,0.0,24.96,9.8,7.78
2025-06-17 05:00:00,28.0,63,0.0,25.57,9.73,7.66
2025-06-17 06:00:00,29.3,58,0.0,26.39,9.47,7.75
2025-06-17 07:00:00,30.5,53,0.1,27.32,9.19,7.57
2025-06-17 08:00:00,29.0,61,2.0,27.53,9.29,7.55
2025-06-17 09:00:00,29.9,57,0.9,27.94,9.14,7.52
2025-06-17 10:00:00,29.8,57,0.5,28.2,9.09,7.52
2025-06-17 11:00:00,28.8,59,0.0,28.08,9.15,7.42
2025-06-17 12:00:00,28.5,58,0.0,27.9,9.16,7.37
2025-06-17 13:00:00,26.7,73,0.0,27.24,9.57,7.39
2025-06-17 14:00:00,26.0,73,0.0,26.57,9.71,7.2
2025-06-17 15:00:00,25.3,75,0.0,25.89,9.89,7.03
2025-06-17 16:00:00,24.8,78,0.0,25.26,10.08,7.32
2025-06-17 17:00:00,24.4,81,0.0,24.7,10.26,7.26
2025-06-17 18:00:00,24.2,81,0.0,24.25,10.35,6.99
2025-06-17 19:00:00,23.8,82,0.0,23.82,10.47,7.2
2025-06-17 20:00:00,23.4,82,0.0,23.39,10.56,7.12
2025-06-17 21:00:00,23.0,84,0.0,22.97,10.69,7.24
2025-06-17 22:00:00,22.9,84,0.0,22.65,10.75,7.31
2025-06-17 23:00:00,22.9,83,0.0,22.43,10.78,7.33
2025-06-18 00:00:00,22.9,83,0.0,22.27,10.82,7.36
2025-06-18 01:00:00,23.8,82,0.0,22.43,10.76,7.44
2025-06-18 02:00:00,25.3,76,0.0,22.99,10.52,7.49
2025-06-18 03:00:00,27.0,69,0.0,23.89,10.19,7.55
2025-06-18 04:00:00,29.0,59,0.0,25.12,9.75,7.66
2025-06-18 05:00:00,30.5,53,0.0,26.44,9.37,7.61
2025-06-18 06:00:00,32.0,47,0.0,27.81,8.98,7.75
2025-06-18 07:00:00,31.8,48,0.4,28.7,8.82,7.78
2025-06-18 08:00:00,31.6,49,1.1,29.27,8.73,7.51
2025-06-18 09:00:00,32.2,48,0.8,29.85,8.6,7.55
2025-06-18 10:00:00,32.4,47,0.0,30.32,8.49,7.56
2025-06-18 11:00:00,30.0,55,0.0,29.92,8.7,7.49
2025-06-18 12:00:00,29.5,60,0.0,29.49,8.88,7.37
2025-06-18 13:00:00,28.7,60,0.0,28.96,8.98,7.37
2025-06-18 14:00:00,27.4,65,0.0,28.19,9.23,7.28
2025-06-18 15:00:00,26.5,69,0.0,27.38,9.47,7.05
2025-06-18 16:00:00,25.9,73,0.0,26.64,9.7,7.22
2025-06-18 17:00:00,25.3,75,0.0,25.94,9.88,7.2
2025-06-18 18:00:00,24.9,76,0.0,25.33,10.03,7.03
2025-06-18 19:00:00,24.2,79,0.0,24.69,10.22,7.13
2025-06-18 20:00:00,23.8,82,0.0,24.12,10.4,7.23
2025-06-18 21:00:00,23.5,83,0.0,23.64,10.52,7.19
2025-06-18 22:00:00,23.2,83,0.0,23.2,10.62,7.39
2025-06-18 23:00:00,23.1,83,0.0,22.87,10.69,7.59
2025-06-19 00:00:00,23.0,83,0.0,22.61,10.74,7.36
2025-06-19 01:00:00,24.3,80,0.0,22.82,10.64,7.37
2025-06-19 02:00:00,25.5,76,0.0,23.32,10.45,7.61
2025-06-19 03:00:00,27.3,67,0.0,24.22,10.09,7.7
2025-06-19 04:00:00,28.8,60,0.0,25.29,9.73,7.64
2025-06-19 05:00:00,30.2,54,0.0,26.46,9.38,7.83
2025-06-19 06:00:00,31.7,47,0.0,27.73,9.0,7.55
2025-06-19 07:00:00,32.2,45,0.0,28.77,8.76,7.73
2025-06-19 08:00:00,32.8,44,0.0,29.68,8.56,7.56
2025-06-19 09:00:00,32.5,45,0.1,30.23,8.47,7.73
2025-06-19 10:00:00,31.8,46,0.0,30.4,8.45,7.71
2025-06-19 11:00:00,31.5,46,0.0,30.43,8.45,7.36
2025-06-19 12:00:00,30.6,50,0.0,30.18,8.56,7.3
2025-06-19 13:00:00,29.4,50,0.0,29.65,8.67,7.37
2025-06-19 14:00:00,28.3,54,0.0,28.94,8.88,7.18
2025-06-19 15:00:00,27.2,60,0.0,28.12,9.16,7.16
2025-06-19 16:00:00,26.2,65,0.0,27.24,9.43,7.13
2025-06-19 17:00:00,25.5,68,0.0,26.42,9.65,6.91
2025-06-19 18:00:00,24.9,71,0.0,25.66,9.86,7.1
2025-06-19 19:00:00,24.1,77,0.0,24.9,10.14,7.05
2025-06-19 20:00:00,23.5,81,0.0,24.18,10.37,7.11
2025-06-19 21:00:00,23.1,84,0.0,23.55,10.56,7.36
2025-06-19 22:00:00,22.8,86,0.0,23.03,10.71,7.15
2025-06-19 23:00:00,22.6,88,0.0,22.6,10.85,7.44
2025-06-20 00:00:00,22.7,86,0.0,22.33,10.86,7.41
2025-06-20 01:00:00,24.1,78,0.0,22.56,10.65,7.48
2025-06-20 02:00:00,25.2,72,0.0,23.05,10.43,7.66
2025-06-20 03:00:00,27.0,67,0.0,23.94,10.15,7.67
2025-06-20 04:00:00,28.9,57,0.0,25.13,9.71,7.73
2025-06-20 05:00:00,30.2,51,0.0,26.35,9.35,7.78
2025-06-20 06:00:00,32.1,45,0.0,27.77,8.95,7.65
2025-06-20 07:00:00,32.2,44,0.0,28.8,8.73,7.6
2025-06-20 08:00:00,33.0,40,0.0,29.76,8.47,7.51
2025-06-20 09:00:00,33.0,39,0.0,30.43,8.33,7.49
2025-06-20 10:00:00,32.7,41,0.0,30.81,8.29,7.8
2025-06-20 11:00:00,32.2,42,0.0,30.93,8.28,7.55
2025-06-20 12:00:00,31.1,46,0.0,30.68,8.4,7.22
2025-06-20 13:00:00,29.5,51,0.0,30.03,8.61,7.15
2025-06-20 14:00:00,28.2,56,0.0,29.18,8.87,7.27
2025-06-20 15:00:00,27.1,61,0.0,28.25,9.15,7.22
2025-06-20 16:00:00,26.6,64,0.0,27.46,9.36,7.18
2025-06-20 17:00:00,26.1,68,0.0,26.75,9.58,7.08
2025-06-20 18:00:00,25.4,71,0.0,26.05,9.79,7.09
2025-06-20 19:00:00,24.8,73,0.0,25.37,9.96,7.15
2025-06-20 20:00:00,24.1,76,0.0,24.69,10.16,7.16
2025-06-20 21:00:00,23.6,80,0.0,24.06,10.37,6.99
2025-06-20 22:00:00,23.4,81,0.0,23.56,10.5,7.25
2025-06-20 23:00:00,23.3,80,0.0,23.18,10.56,7.27
2025-06-21 00:00:00,23.2,80,0.0,22.89,10.62,7.45
2025-06-21 01:00:00,24.1,79,0.0,22.95,10.59,7.81
2025-06-21 02:00:00,25.2,75,0.0,23.33,10.43,7.61
2025-06-21 03:00:00,27.0,67,0.0,24.13,10.11,7.6
2025-06-21 04:00:00,28.6,56,0.0,25.17,9.68,7.76
2025-06-21 05:00:00,30.2,51,0.0,26.38,9.34,7.73
2025-06-21 06:00:00,31.4,46,0.0,27.59,9.01,7.73
2025-06-21 07:00:00,32.0,44,0.0,28.61,8.77,7.72
2025-06-21 08:00:00,32.9,40,0.0,29.6,8.51,7.83
2025-06-21 09:00:00,31.2,47,0.0,29.78,8.59,7.46
2025-06-21 10:00:00,31.3,48,0.0,29.93,8.58,7.56
2025-06-21 11:00:00,31.0,48,0.0,29.95,8.57,7.35
2025-06-21 12:00:00,30.5,49,0.0,29.82,8.62,7.42
2025-06-21 13:00:00,29.5,48,0.0,29.42,8.68,7.2
2025-06-21 14:00:00,28.5,52,0.0,28.85,8.87,7.18
2025-06-21 15:00:00,28.0,57,0.0,28.29,9.07,7.14
2025-06-21 16:00:00,27.0,63,0.0,27.6,9.32,7.22
2025-06-21 17:00:00,26.3,67,0.0,26.91,9.53,7.19
2025-06-21 18:00:00,26.0,68,0.0,26.34,9.67,6.97
2025-06-21 19:00:00,25.6,68,0.0,25.82,9.78,7.12
2025-06-21 20:00:00,24.8,71,0.0,25.21,9.96,7.08
2025-06-21 21:00:00,23.9,76,0.0,24.52,10.2,7.08
2025-06-21 22:00:00,23.4,80,0.0,23.88,10.41,7.25
2025-06-21 23:00:00,23.3,79,0.0,23.41,10.49,7.32
2025-06-22 00:00:00,23.2,80,0.0,23.05,10.59,7.67
2025-06-22 01:00:00,24.3,77,0.0,23.12,10.51,7.55
2025-06-22 02:00:00,25.5,73,0.0,23.54,10.35,7.44
2025-06-22 03:00:00,27.6,63,0.0,24.45,9.96,7.57
2025-06-22 04:00:00,29.1,56,0.0,25.55,9.6,7.77
2025-06-22 05:00:00,30.1,53,0.0,26.61,9.33,7.89
2025-06-22 06:00:00,31.1,48,0.0,27.66,9.03,7.52
2025-06-22 07:00:00,32.6,43,0.0,28.84,8.71,7.47
2025-06-22 08:00:00,33.5,38,0.0,29.94,8.41,7.81
2025-06-22 09:00:00,32.5,41,0.0,30.41,8.37,7.61
2025-06-22 10:00:00,32.7,42,0.0,30.8,8.31,7.42
2025-06-22 11:00:00,29.0,56,0.5,29.96,8.71,7.46
2025-06-22 12:00:00,28.9,57,0.0,29.34,8.85,7.1
2025-06-22 13:00:00,28.0,60,0.0,28.64,9.05,7.3
2025-06-22 14:00:00,26.8,65,0.0,27.79,9.31,7.26
2025-06-22 15:00:00,26.0,67,0.0,26.95,9.52,7.27
2025-06-22 16:00:00,25.3,70,0.0,26.16,9.74,7.04
2025-06-22 17:00:00,25.0,73,0.0,25.51,9.94,7.12
2025-06-22 18:00:00,25.1,75,0.0,25.09,10.06,7.02
2025-06-22 19:00:00,24.7,76,0.0,24.67,10.17,7.15
2025-06-22 20:00:00,24.1,77,0.0,24.2,10.29,7.07
2025-06-22 21:00:00,24.0,77,0.0,23.84,10.36,7.17
2025-06-22 22:00:00,24.0,76,0.0,23.59,10.4,7.17
2025-06-22 23:00:00,23.7,77,0.0,23.32,10.47,7.41
2025-06-23 00:00:00,23.8,76,0.0,23.16,10.49,7.51
2025-06-23 01:00:00,24.2,74,0.0,23.18,10.44,7.48
2025-06-23 02:00:00,24.6,73,0.0,23.3,10.4,7.58
2025-06-23 03:00:00,25.0,71,0.0,23.51,10.31,7.49
2025-06-23 04:00:00,25.9,67,0.0,23.93,10.15,7.65
2025-06-23 05:00:00,28.4,58,0.0,24.97,9.76,7.7
2025-06-23 06:00:00,28.9,54,0.0,25.85,9.51,7.96
2025-06-23 07:00:00,27.9,57,0.0,26.16,9.5,7.58
2025-06-23 08:00:00,28.6,56,0.0,26.59,9.39,7.8
2025-06-23 09:00:00,29.0,53,0.0,27.02,9.25,7.7
2025-06-23 10:00:00,29.0,53,0.0,27.31,9.19,7.56
2025-06-23 11:00:00,28.1,56,0.0,27.25,9.26,7.64
2025-06-23 12:00:00,27.2,62,0.0,26.93,9.43,7.43
2025-06-23 13:00:00,28.7,51,0.0,27.16,9.19,7.35
2025-06-23 14:00:00,27.9,53,0.0,27.08,9.24,7.23
2025-06-23 15:00:00,26.6,62,0.0,26.64,9.49,7.3
2025-06-23 16:00:00,26.0,67,0.0,26.15,9.69,7.25
2025-06-23 17:00:00,25.6,68,0.0,25.68,9.8,7.05
2025-06-23 18:00:00,25.1,70,0.0,25.21,9.94,6.98
2025-06-23 19:00:00,24.5,72,0.0,24.7,10.09,7.1
2025-06-23 20:00:00,24.2,73,0.0,24.25,10.2,7.08
2025-06-23 21:00:00,24.1,74,0.0,23.9,10.29,7.2
2025-06-23 22:00:00,24.0,75,0.0,23.63,10.37,7.4
2025-06-23 23:00:00,24.0,75,0.0,23.44,10.41,7.3
2025-06-24 00:00:00,23.8,75,0.0,23.25,10.45,7.42
2025-06-24 01:00:00,24.8,73,0.0,23.41,10.37,7.51
2025-06-24 02:00:00,25.4,73,0.0,23.71,10.31,7.66
2025-06-24 03:00:00,26.6,67,0.0,24.28,10.08,7.4
2025-06-24 04:00:00,28.9,56,0.0,25.36,9.64,7.61
2025-06-24 05:00:00,29.8,54,0.1,26.39,9.4,7.7
2025-06-24 06:00:00,30.2,50,0.0,27.24,9.15,7.81
2025-06-24 07:00:00,31.6,45,0.0,28.25,8.86,7.62
2025-06-24 08:00:00,32.2,43,0.0,29.13,8.65,7.44
2025-06-24 09:00:00,30.8,48,0.4,29.33,8.7,7.61
2025-06-24 10:00:00,30.1,48,0.0,29.26,8.71,7.45
2025-06-24 11:00:00,29.7,49,0.0,29.09,8.76,7.33
2025-06-24 12:00:00,29.0,51,0.0,28.77,8.86,7.31
2025-06-24 13:00:00,28.0,55,0.0,28.24,9.04,7.28
2025-06-24 14:00:00,27.1,60,0.0,27.6,9.26,7.17
2025-06-24 15:00:00,26.5,61,0.0,26.97,9.41,6.96
2025-06-24 16:00:00,25.9,66,0.0,26.35,9.63,7.23
2025-06-24 17:00:00,25.5,69,0.0,25.79,9.8,7.24
2025-06-24 18:00:00,25.0,72,0.0,25.25,9.97,7.17
2025-06-24 19:00:00,24.6,73,0.0,24.76,10.09,7.01
2025-06-24 20:00:00,24.3,75,0.0,24.32,10.22,7.14
2025-06-24 21:00:00,24.1,76,0.0,23.95,10.32,7.21
2025-06-24 22:00:00,23.9,76,0.0,23.64,10.39,7.33
2025-06-24 23:00:00,23.7,77,0.0,23.36,10.46,7.42
2025-06-25 00:00:00,23.8,75,0.0,23.19,10.46,7.35
2025-06-25 01:00:00,25.0,73,0.0,23.43,10.37,7.51
2025-06-25 02:00:00,25.4,73,0.0,23.72,10.31,7.62
2025-06-25 03:00:00,26.5,68,0.0,24.26,10.1,7.78
2025-06-25 04:00:00,27.8,63,0.0,25.02,9.85,7.74
2025-06-25 05:00:00,28.9,59,0.0,25.88,9.59,7.77
2025-06-25 06:00:00,29.7,55,0.0,26.73,9.35,7.7
2025-06-25 07:00:00,30.3,52,0.3,27.5,9.14,7.79
2025-06-25 08:00:00,29.6,56,1.0,27.83,9.14,7.63
2025-06-25 09:00:00,28.0,64,0.5,27.58,9.34,7.48
2025-06-25 10:00:00,29.2,56,0.1,27.77,9.16,7.67
2025-06-25 11:00:00,29.5,53,0.0,27.99,9.06,7.53
2025-06-25 12:00:00,28.4,57,0.0,27.81,9.16,7.34
2025-06-25 13:00:00,26.8,67,0.0,27.21,9.47,7.26
2025-06-25 14:00:00,26.0,71,0.0,26.55,9.68,7.27
2025-06-25 15:00:00,25.1,75,0.0,25.81,9.91,7.24
2025-06-25 16:00:00,24.8,76,0.0,25.21,10.06,7.17
2025-06-25 17:00:00,25.0,71,0.0,24.85,10.04,7.15
2025-06-25 18:00:00,24.6,74,0.0,24.47,10.17,7.29
2025-06-25 19:00:00,24.4,75,0.0,24.15,10.26,7.24
2025-06-25 20:00:00,24.1,76,0.0,23.84,10.34,7.18
2025-06-25 21:00:00,24.0,76,0.0,23.58,10.4,7.31
2025-06-25 22:00:00,23.8,77,0.0,23.35,10.47,7.17
2025-06-25 23:00:00,23.5,77,0.0,23.09,10.52,7.39
2025-06-26 00:00:00,23.8,77,0.0,23.01,10.54,7.61
2025-06-26 01:00:00,24.9,73,0.0,23.27,10.4,7.48
2025-06-26 02:00:00,25.6,72,0.0,23.67,10.3,7.49
2025-06-26 03:00:00,26.6,68,0.0,24.25,10.1,7.56
2025-06-26 04:00:00,28.1,62,0.0,25.11,9.81,7.56
2025-06-26 05:00:00,29.0,58,0.0,25.97,9.56,7.61
2025-06-26 06:00:00,29.4,57,0.0,26.7,9.39,7.66
2025-06-26 07:00:00,30.9,52,0.0,27.66,9.1,7.53
2025-06-26 08:00:00,30.4,56,0.4,28.18,9.07,7.61
2025-06-26 09:00:00,30.7,51,0.0,28.64,8.89,7.68
2025-06-26 10:00:00,30.5,50,0.1,28.9,8.82,7.42
2025-06-26 11:00:00,30.1,51,0.0,28.96,8.83,7.6
2025-06-26 12:00:00,29.1,55,0.1,28.7,8.95,7.42
2025-06-26 13:00:00,26.2,77,2.0,27.65,9.56,7.32
2025-06-26 14:00:00,26.1,72,0.0,26.89,9.63,7.18
2025-06-26 15:00:00,24.8,76,0.0,25.96,9.9,7.27
2025-06-26 16:00:00,24.5,79,0.0,25.22,10.11,7.04
2025-06-26 17:00:00,24.4,79,0.0,24.68,10.23,7.21
2025-06-26 18:00:00,24.3,78,0.0,24.26,10.29,7.13
2025-06-26 19:00:00,23.9,80,0.0,23.85,10.42,7.19
2025-06-26 20:00:00,23.6,80,0.0,23.48,10.5,7.05
2025-06-26 21:00:00,23.5,80,0.0,23.18,10.56,7.13
2025-06-26 22:00:00,23.2,80,0.0,22.89,10.62,7.34
2025-06-26 23:00:00,23.0,81,0.0,22.62,10.7,7.26
2025-06-27 00:00:00,22.8,82,0.0,22.38,10.77,7.48
2025-06-27 01:00:00,24.4,74,0.0,22.68,10.55,7.37
2025-06-27 02:00:00,25.0,73,0.0,23.08,10.44,7.66
2025-06-27 03:00:00,26.0,69,0.0,23.65,10.24,7.51
2025-06-27 04:00:00,27.6,62,0.0,24.54,9.92,7.73
2025-06-27 05:00:00,29.3,54,0.0,25.67,9.54,7.76
2025-06-27 06:00:00,30.6,49,0.0,26.85,9.21,7.62
2025-06-27 07:00:00,30.1,50,0.0,27.52,9.1,7.73
2025-06-27 08:00:00,30.4,48,0.0,28.09,8.95,7.66
2025-06-27 09:00:00,30.6,46,0.0,28.54,8.82,7.53
2025-06-27 10:00:00,30.1,48,0.0,28.71,8.82,7.42
2025-06-27 11:00:00,29.5,52,0.0,28.65,8.91,7.25
2025-06-27 12:00:00,29.6,50,0.0,28.63,8.87,7.41
2025-06-27 13:00:00,29.0,55,0.0,28.44,9.0,7.14
2025-06-27 14:00:00,27.8,60,0.0,27.95,9.19,7.24
2025-06-27 15:00:00,26.5,66,0.0,27.21,9.45,7.15
2025-06-27 16:00:00,25.7,70,0.0,26.46,9.68,7.2
2025-06-27 17:00:00,25.0,75,0.0,25.72,9.93,7.08
2025-06-27 18:00:00,24.6,76,0.0,25.09,10.08,7.08
2025-06-27 19:00:00,24.1,78,0.0,24.49,10.25,7.2
2025-06-27 20:00:00,23.6,80,0.0,23.92,10.4,7.19
2025-06-27 21:00:00,23.3,80,0.0,23.44,10.51,7.25
2025-06-27 22:00:00,23.2,80,0.0,23.07,10.59,7.33
2025-06-27 23:00:00,23.3,79,0.0,22.84,10.61,7.2
2025-06-28 00:00:00,23.2,80,0.0,22.64,10.68,7.51
2025-06-28 01:00:00,24.3,78,0.0,22.84,10.59,7.57
2025-06-28 02:00:00,25.2,73,0.0,23.25,10.41,7.48
2025-06-28 03:00:00,26.5,67,0.0,23.92,10.15,7.61
2025-06-28 04:00:00,28.2,59,0.0,24.91,9.79,7.67
2025-06-28 05:00:00,30.2,51,0.0,26.19,9.38,7.67
2025-06-28 06:00:00,31.6,46,0.0,27.52,9.02,7.72
2025-06-28 07:00:00,31.1,49,0.2,28.29,8.92,7.8
2025-06-28 08:00:00,32.4,46,0.0,29.22,8.69,7.74
2025-06-28 09:00:00,29.4,60,1.1,28.98,8.98,7.39
2025-06-28 10:00:00,31.5,50,0.1,29.43,8.71,7.57
2025-06-28 11:00:00,27.9,64,0.1,28.67,9.11,7.58
2025-06-28 12:00:00,28.0,62,0.0,28.17,9.18,7.42
2025-06-28 13:00:00,28.5,56,0.0,27.97,9.11,7.41
2025-06-28 14:00:00,27.5,60,0.0,27.53,9.28,7.44
2025-06-28 15:00:00,26.0,68,0.0,26.77,9.58,7.28
2025-06-28 16:00:00,25.5,72,0.0,26.09,9.79,7.16
2025-06-28 17:00:00,25.2,74,0.0,25.52,9.95,7.22
2025-06-28 18:00:00,25.0,75,0.0,25.07,10.07,7.12
2025-06-28 19:00:00,24.3,77,0.0,24.54,10.22,7.13
2025-06-28 20:00:00,23.7,79,0.0,23.99,10.37,7.13
2025-06-28 21:00:00,23.5,80,0.0,23.54,10.49,7.37
2025-06-28 22:00:00,23.5,79,0.0,23.23,10.53,7.2
2025-06-28 23:00:00,23.4,79,0.0,22.98,10.58,7.51
2025-06-29 00:00:00,23.4,79,0.0,22.81,10.62,7.48
2025-06-29 01:00:00,24.5,75,0.0,23.01,10.5,7.37
2025-06-29 02:00:00,25.0,74,0.0,23.31,10.42,7.61
2025-06-29 03:00:00,26.5,65,0.0,23.97,10.1,7.42
2025-06-29 04:00:00,27.9,59,0.0,24.85,9.8,7.73
2025-06-29 05:00:00,29.5,52,0.0,25.94,9.45,7.78
2025-06-29 06:00:00,30.3,48,0.0,26.95,9.17,7.63
2025-06-29 07:00:00,31.5,42,0.0,28.01,8.85,7.68
2025-06-29 08:00:00,31.2,44,0.0,28.67,8.76,7.83
2025-06-29 09:00:00,31.5,43,0.0,29.22,8.63,7.53
2025-06-29 10:00:00,31.4,42,0.0,29.57,8.55,7.41
2025-06-29 11:00:00,31.0,43,0.0,29.7,8.54,7.59
2025-06-29 12:00:00,30.1,46,0.0,29.52,8.63,7.56
2025-06-29 13:00:00,29.3,48,0.0,29.15,8.73,7.29
2025-06-29 14:00:00,28.0,52,0.0,28.51,8.93,7.33
2025-06-29 15:00:00,27.3,56,0.0,27.85,9.14,7.3
2025-06-29 16:00:00,26.5,60,0.0,27.14,9.36,7.05
2025-06-29 17:00:00,25.8,64,0.0,26.44,9.57,7.06
2025-06-29 18:00:00,25.0,68,0.0,25.71,9.8,7.23
2025-06-29 19:00:00,24.5,71,0.0,25.05,9.99,7.29
2025-06-29 20:00:00,23.8,74,0.0,24.37,10.19,7.21
2025-06-29 21:00:00,23.3,77,0.0,23.75,10.38,7.12
2025-06-29 22:00:00,23.0,78,0.0,23.23,10.51,7.48
2025-06-29 23:00:00,22.6,81,0.0,22.74,10.68,7.3
2025-06-30 00:00:00,22.2,84,0.0,22.28,10.83,7.4
2025-06-30 01:00:00,23.8,78,0.0,22.43,10.68,7.55
2025-06-30 02:00:00,24.8,75,0.0,22.84,10.53,7.74
2025-06-30 03:00:00,26.6,66,0.0,23.67,10.18,7.72
2025-06-30 04:00:00,27.8,60,0.0,24.61,9.87,7.72
2025-06-30 05:00:00,29.2,54,0.0,25.69,9.54,7.74
2025-06-30 06:00:00,30.0,52,0.0,26.68,9.3,7.7
2025-06-30 07:00:00,31.5,45,0.0,27.83,8.94,7.73
2025-06-30 08:00:00,32.1,42,0.0,28.81,8.7,7.38
2025-06-30 09:00:00,32.0,42,0.0,29.47,8.57,7.55
2025-06-30 10:00:00,31.2,45,0.0,29.69,8.58,7.54
2025-06-30 11:00:00,30.9,47,0.1,29.75,8.6,7.32
2025-06-30 12:00:00,30.0,51,0.0,29.53,8.71,7.4
2025-06-30 13:00:00,28.9,52,0.0,29.04,8.83,7.27
2025-06-30 14:00:00,28.1,55,0.0,28.46,9.0,7.4
2025-06-30 15:00:00,27.0,60,0.0,27.72,9.24,7.33
2025-06-30 16:00:00,26.0,66,0.0,26.9,9.51,7.08
2025-06-30 17:00:00,25.6,68,0.0,26.21,9.69,7.09
2025-06-30 18:00:00,25.1,69,0.0,25.58,9.84,7.1
2025-06-30 19:00:00,24.5,72,0.0,24.96,10.03,7.08
2025-06-30 20:00:00,24.3,73,0.0,24.46,10.15,7.18
2025-06-30 21:00:00,23.9,74,0.0,23.99,10.27,7.13
2025-06-30 22:00:00,23.5,75,0.0,23.54,10.39,7.16
2025-06-30 23:00:00,23.3,77,0.0,23.17,10.5,7.41
2025-07-01 00:00:00,23.3,77,0.0,22.91,10.56,7.49
2025-07-01 01:00:00,24.3,75,0.0,23.03,10.49,7.43
2025-07-01 02:00:00,25.2,71,0.0,23.38,10.34,7.67
2025-07-01 03:00:00,26.8,64,0.0,24.11,10.05,7.57
2025-07-01 04:00:00,28.0,57,0.0,24.97,9.74,7.7
2025-07-01 05:00:00,29.6,50,0.0,26.06,9.39,7.77
2025-07-01 06:00:00,30.2,48,0.0,27.0,9.16,7.69
2025-07-01 07:00:00,31.1,45,0.0,27.93,8.92,7.72
2025-07-01 08:00:00,31.4,44,0.0,28.67,8.76,7.58
2025-07-01 09:00:00,31.0,46,0.1,29.07,8.72,7.55
2025-07-01 10:00:00,31.2,45,0.1,29.41,8.63,7.49
2025-07-01 11:00:00,30.9,45,0.0,29.56,8.6,7.37
2025-07-01 12:00:00,29.6,50,0.0,29.27,8.75,7.35
2025-07-01 13:00:00,28.8,52,0.0,28.83,8.87,7.14
2025-07-01 14:00:00,27.6,57,0.0,28.16,9.09,7.18
2025-07-01 15:00:00,27.1,59,0.0,27.54,9.26,7.14
2025-07-01 16:00:00,26.0,66,0.0,26.78,9.54,7.11
2025-07-01 17:00:00,25.4,71,0.0,26.07,9.78,7.09
2025-07-01 18:00:00,25.0,73,0.0,25.45,9.95,7.1
2025-07-01 19:00:00,24.5,75,0.0,24.86,10.11,7.17
2025-07-01 20:00:00,24.1,76,0.0,24.33,10.24,7.24
2025-07-01 21:00:00,23.8,78,0.0,23.87,10.38,7.14
2025-07-01 22:00:00,23.6,78,0.0,23.49,10.46,7.15
2025-07-01 23:00:00,23.4,79,0.0,23.16,10.55,7.25
2025-07-02 00:00:00,23.2,80,0.0,22.87,10.63,7.38
2025-07-02 01:00:00,24.4,78,0.0,23.03,10.55,7.47
2025-07-02 02:00:00,25.6,73,0.0,23.5,10.35,7.5
2025-07-02 03:00:00,27.4,65,0.0,24.37,10.02,7.5
2025-07-02 04:00:00,29.0,57,0.0,25.46,9.64,7.62
2025-07-02 05:00:00,30.4,50,0.0,26.64,9.27,7.7
2025-07-02 06:00:00,30.8,50,1.1,27.59,9.08,7.68
2025-07-02 07:00:00,31.4,46,0.0,28.43,8.84,7.61
2025-07-02 08:00:00,31.6,47,0.0,29.08,8.73,7.59
2025-07-02 09:00:00,32.5,45,0.0,29.81,8.55,7.48
2025-07-02 10:00:00,30.2,51,0.8,29.63,8.69,7.46
2025-07-02 11:00:00,27.1,69,1.8,28.57,9.22,7.28
2025-07-02 12:00:00,27.4,63,0.0,27.92,9.25,7.44
2025-07-02 13:00:00,27.4,63,0.0,27.46,9.34,7.13
2025-07-02 14:00:00,26.6,67,0.0,26.9,9.53,7.21
2025-07-02 15:00:00,25.7,70,0.0,26.24,9.73,7.22
2025-07-02 16:00:00,25.5,71,0.0,25.72,9.85,7.16
2025-07-02 17:00:00,25.0,71,0.0,25.2,9.96,7.39
2025-07-02 18:00:00,24.7,73,0.0,24.75,10.09,7.15
2025-07-02 19:00:00,24.2,76,0.0,24.29,10.25,7.03
2025-07-02 20:00:00,24.2,78,0.0,23.96,10.36,7.15
2025-07-02 21:00:00,23.9,81,0.1,23.64,10.48,7.03
2025-07-02 22:00:00,23.4,83,0.1,23.27,10.6,7.26
2025-07-02 23:00:00,23.1,84,0.2,22.92,10.7,7.26
2025-07-03 00:00:00,23.0,85,0.0,22.64,10.78,7.53
2025-07-03 01:00:00,22.8,91,0.7,22.39,10.95,7.42
2025-07-03 02:00:00,23.4,87,0.2,22.39,10.87,7.56
2025-07-03 03:00:00,24.7,76,0.0,22.79,10.57,7.58
2025-07-03 04:00:00,25.6,72,0.0,23.33,10.37,7.86
2025-07-03 05:00:00,28.2,57,0.0,24.49,9.84,7.67
2025-07-03 06:00:00,29.4,54,0.0,25.66,9.54,7.89
2025-07-03 07:00:00,30.2,50,0.0,26.72,9.26,7.76
2025-07-03 08:00:00,29.8,52,0.0,27.35,9.17,7.69
2025-07-03 09:00:00,29.6,53,0.0,27.72,9.11,7.63
2025-07-03 10:00:00,29.4,54,0.0,27.93,9.09,7.57
2025-07-03 11:00:00,28.5,57,0.0,27.8,9.17,7.27
2025-07-03 12:00:00,27.8,60,0.0,27.5,9.28,7.36
2025-07-03 13:00:00,27.1,63,0.0,27.08,9.42,7.4
2025-07-03 14:00:00,26.4,66,0.0,26.58,9.58,7.24
2025-07-03 15:00:00,26.2,65,0.0,26.16,9.65,7.05
2025-07-03 16:00:00,25.6,66,0.0,25.69,9.76,7.14
2025-07-03 17:00:00,25.2,67,0.0,25.25,9.88,7.29
2025-07-03 18:00:00,24.6,70,0.0,24.75,10.04,7.24
2025-07-03 19:00:00,24.1,72,0.0,24.26,10.18,7.12
2025-07-03 20:00:00,23.7,75,0.0,23.79,10.33,7.26
2025-07-03 21:00:00,23.5,76,0.0,23.4,10.44,7.18
2025-07-03 22:00:00,23.1,78,0.0,23.01,10.56,7.11
2025-07-03 23:00:00,23.0,78,0.0,22.71,10.62,7.26
2025-07-04 00:00:00,22.9,79,0.0,22.47,10.69,7.59
2025-07-04 01:00:00,24.1,75,0.0,22.66,10.57,7.48
2025-07-04 02:00:00,25.1,72,0.0,23.09,10.42,7.55
2025-07-04 03:00:00,27.2,63,0.0,24.02,10.05,7.6
2025-07-04 04:00:00,29.0,55,0.0,25.22,9.65,7.86
2025-07-04 05:00:00,30.5,50,0.0,26.5,9.3,7.85
2025-07-04 06:00:00,30.9,48,0.0,27.52,9.06,7.91
2025-07-04 07:00:00,31.2,47,0.0,28.32,8.88,7.65
2025-07-04 08:00:00,32.0,46,0.3,29.13,8.7,7.64
2025-07-04 09:00:00,32.1,46,0.0,29.72,8.59,7.42
2025-07-04 10:00:00,31.8,46,0.0,30.04,8.52,7.66
2025-07-04 11:00:00,31.5,45,0.0,30.18,8.48,7.32
2025-07-04 12:00:00,30.6,47,0.0,30.01,8.55,7.38
2025-07-04 13:00:00,28.9,54,0.0,29.37,8.79,7.18
2025-07-04 14:00:00,27.6,58,0.0,28.54,9.03,7.17
2025-07-04 15:00:00,27.0,62,0.0,27.78,9.26,7.09
2025-07-04 16:00:00,26.3,66,0.0,27.04,9.49,7.07
2025-07-04 17:00:00,25.9,68,0.0,26.39,9.66,7.05
2025-07-04 18:00:00,25.2,71,0.0,25.74,9.85,7.05
2025-07-04 19:00:00,24.6,73,0.0,25.1,10.02,7.2
2025-07-04 20:00:00,24.1,75,0.0,24.5,10.19,7.04
2025-07-04 21:00:00,23.7,77,0.0,23.96,10.34,7.23
2025-07-04 22:00:00,23.6,78,0.0,23.55,10.44,7.4
2025-07-04 23:00:00,23.5,79,0.0,23.24,10.53,7.3
2025-07-05 00:00:00,23.4,79,0.0,22.98,10.58,7.36
2025-07-05 01:00:00,24.1,77,0.0,23.02,10.54,7.48
2025-07-05 02:00:00,25.4,73,0.0,23.43,10.37,7.69
2025-07-05 03:00:00,27.1,65,0.0,24.23,10.05,7.65
2025-07-05 04:00:00,29.0,56,0.0,25.36,9.64,7.61
2025-07-05 05:00:00,30.5,50,0.0,26.6,9.28,7.73
2025-07-05 06:00:00,31.2,47,0.0,27.68,9.01,7.57
2025-07-05 07:00:00,31.1,48,0.3,28.41,8.88,7.71
2025-07-05 08:00:00,30.9,49,0.5,28.86,8.81,7.64
2025-07-05 09:00:00,31.9,44,0.0,29.47,8.6,7.55
2025-07-05 10:00:00,30.5,51,0.7,29.48,8.72,7.39
2025-07-05 11:00:00,30.1,51,0.5,29.36,8.74,7.32
2025-07-05 12:00:00,29.5,52,0.0,29.11,8.81,7.42
2025-07-05 13:00:00,28.1,57,0.0,28.5,9.02,7.42
2025-07-05 14:00:00,27.2,62,0.0,27.81,9.25,7.17
2025-07-05 15:00:00,26.4,67,0.0,27.09,9.49,7.22
2025-07-05 16:00:00,25.6,71,0.0,26.34,9.72,6.93
2025-07-05 17:00:00,24.7,75,0.2,25.55,9.96,7.04
2025-07-05 18:00:00,24.4,76,0.0,24.9,10.12,7.11
2025-07-05 19:00:00,24.1,79,0.0,24.36,10.29,7.04
2025-07-05 20:00:00,23.8,79,0.0,23.89,10.39,7.07
2025-07-05 21:00:00,23.5,79,0.0,23.48,10.48,7.15
2025-07-05 22:00:00,23.8,78,0.0,23.27,10.5,7.31
2025-07-05 23:00:00,23.5,78,0.0,23.04,10.55,7.33
2025-07-06 00:00:00,23.2,79,0.0,22.79,10.62,7.21
2025-07-06 01:00:00,24.4,74,0.0,22.97,10.49,7.3
2025-07-06 02:00:00,25.4,71,0.0,23.4,10.34,7.52
2025-07-06 03:00:00,27.1,64,0.0,24.21,10.03,7.68
2025-07-06 04:00:00,29.0,55,0.0,25.35,9.63,7.39
2025-07-06 05:00:00,30.8,48,0.0,26.68,9.23,7.63
2025-07-06 06:00:00,30.6,49,0.1,27.56,9.07,7.62
2025-07-06 07:00:00,31.4,47,0.3,28.41,8.86,7.78
2025-07-06 08:00:00,32.0,45,0.1,29.19,8.67,7.58
2025-07-06 09:00:00,32.4,42,0.0,29.85,8.49,7.61
2025-07-06 10:00:00,31.5,45,0.4,30.05,8.5,7.5
2025-07-06 11:00:00,30.1,51,0.0,29.76,8.66,7.23
2025-07-06 12:00:00,29.6,52,0.0,29.41,8.75,7.44
2025-07-06 13:00:00,28.3,56,0.0,28.78,8.95,7.32
2025-07-06 14:00:00,27.5,61,0.0,28.1,9.18,7.28
2025-07-06 15:00:00,27.1,60,0.0,27.5,9.28,7.57
2025-07-06 16:00:00,26.1,66,0.0,26.78,9.54,6.92
2025-07-06 17:00:00,25.5,69,0.0,26.09,9.74,7.28
2025-07-06 18:00:00,25.1,72,0.0,25.5,9.92,7.08
2025-07-06 19:00:00,24.8,73,0.0,24.99,10.04,7.15
2025-07-06 20:00:00,24.4,75,0.0,24.51,10.18,7.15
2025-07-06 21:00:00,24.0,77,0.0,24.06,10.32,7.16
2025-07-06 22:00:00,23.9,77,0.0,23.71,10.39,7.22
2025-07-06 23:00:00,23.6,78,0.0,23.38,10.48,7.38
2025-07-07 00:00:00,23.6,76,0.0,23.14,10.49,7.28
2025-07-07 01:00:00,24.6,70,0.0,23.28,10.34,7.58
2025-07-07 02:00:00,25.3,69,0.0,23.59,10.26,7.53
2025-07-07 03:00:00,26.9,63,0.0,24.28,10.0,7.52
2025-07-07 04:00:00,28.2,56,0.0,25.16,9.68,7.62
2025-07-07 05:00:00,29.5,50,0.0,26.16,9.37,7.81
2025-07-07 06:00:00,30.4,48,0.0,27.13,9.14,7.64
2025-07-07 07:00:00,31.5,45,0.0,28.14,8.88,7.7
2025-07-07 08:00:00,31.2,48,0.3,28.76,8.81,7.54
2025-07-07 09:00:00,32.0,43,0.0,29.43,8.59,7.65
2025-07-07 10:00:00,32.3,40,0.0,29.99,8.43,7.58
2025-07-07 11:00:00,31.5,42,0.0,30.14,8.43,7.62
2025-07-07 12:00:00,30.6,45,0.0,29.98,8.52,7.34
2025-07-07 13:00:00,30.0,46,0.0,29.69,8.59,7.35
2025-07-07 14:00:00,28.5,53,0.0,29.03,8.85,7.23
2025-07-07 15:00:00,27.8,54,0.0,28.36,9.0,7.29
2025-07-07 16:00:00,26.8,60,0.0,27.59,9.26,7.05
2025-07-07 17:00:00,25.9,65,0.0,26.79,9.52,7.18
2025-07-07 18:00:00,25.0,70,0.0,25.95,9.79,7.08
2025-07-07 19:00:00,24.5,73,0.0,25.21,10.0,7.11
2025-07-07 20:00:00,24.0,76,0.0,24.55,10.19,7.16
2025-07-07 21:00:00,23.5,79,0.0,23.94,10.38,7.23
2025-07-07 22:00:00,23.4,79,0.0,23.47,10.48,7.26
2025-07-07 23:00:00,23.1,80,0.0,23.06,10.59,7.37
2025-07-08 00:00:00,23.2,80,0.0,22.8,10.64,7.59
2025-07-08 01:00:00,24.4,76,0.0,22.98,10.52,7.61
2025-07-08 02:00:00,25.9,72,0.0,23.56,10.32,7.66
2025-07-08 03:00:00,27.6,63,0.0,24.47,9.96,7.58
2025-07-08 04:00:00,29.7,53,0.0,25.74,9.51,7.57
2025-07-08 05:00:00,31.2,48,0.0,27.08,9.15,7.77
2025-07-08 06:00:00,32.3,43,0.0,28.34,8.81,7.76
2025-07-08 07:00:00,33.0,40,0.0,29.44,8.54,7.8
2025-07-08 08:00:00,33.6,38,0.0,30.39,8.32,7.56
2025-07-08 09:00:00,33.5,38,0.0,31.02,8.19,7.54
2025-07-08 10:00:00,33.5,40,0.0,31.47,8.14,7.33
2025-07-08 11:00:00,31.9,42,0.1,31.3,8.21,7.38
2025-07-08 12:00:00,31.3,42,0.0,31.0,8.27,7.45
2025-07-08 13:00:00,29.7,48,0.0,30.31,8.5,7.23
2025-07-08 14:00:00,29.0,51,0.0,29.62,8.69,7.28
2025-07-08 15:00:00,28.0,55,0.0,28.83,8.92,7.14
2025-07-08 16:00:00,27.2,58,0.0,28.04,9.14,7.15
2025-07-08 17:00:00,26.4,63,0.0,27.25,9.39,6.98
2025-07-08 18:00:00,25.6,68,0.0,26.45,9.64,7.1
2025-07-08 19:00:00,25.4,70,0.0,25.84,9.81,6.81
2025-07-08 20:00:00,25.1,71,0.0,25.32,9.94,7.13
2025-07-08 21:00:00,24.7,73,0.0,24.83,10.08,7.04
2025-07-08 22:00:00,24.4,74,0.0,24.4,10.19,7.39
2025-07-08 23:00:00,24.2,74,0.0,24.04,10.26,7.42
2025-07-09 00:00:00,24.0,75,0.0,23.73,10.35,7.47
2025-07-09 01:00:00,24.9,72,0.0,23.78,10.28,7.65
2025-07-09 02:00:00,25.5,70,0.0,24.0,10.19,7.48
2025-07-09 03:00:00,27.1,65,0.0,24.63,9.96,7.8
2025-07-09 04:00:00,29.2,55,0.0,25.7,9.55,7.76
2025-07-09 05:00:00,31.1,46,0.0,27.02,9.12,7.66
2025-07-09 06:00:00,31.4,46,0.2,28.03,8.92,7.78
2025-07-09 07:00:00,32.0,45,0.0,28.92,8.73,7.55
2025-07-09 08:00:00,33.4,42,0.0,29.97,8.47,7.54
2025-07-09 09:00:00,33.3,41,0.0,30.67,8.31,7.5
2025-07-09 10:00:00,32.0,42,0.0,30.77,8.31,7.45
2025-07-09 11:00:00,31.8,44,0.0,30.78,8.34,7.32
2025-07-09 12:00:00,30.9,46,0.0,30.51,8.43,7.48
2025-07-09 13:00:00,30.4,49,0.1,30.18,8.55,7.25
2025-07-09 14:00:00,28.9,54,0.0,29.5,8.77,7.25
2025-07-09 15:00:00,27.5,61,0.0,28.6,9.08,7.1
2025-07-09 16:00:00,26.5,66,0.0,27.67,9.36,6.94
2025-07-09 17:00:00,26.0,70,0.0,26.87,9.6,7.13
2025-07-09 18:00:00,25.4,73,0.0,26.13,9.81,6.91
2025-07-09 19:00:00,24.9,73,0.0,25.46,9.95,7.11
2025-07-09 20:00:00,24.5,73,0.0,24.87,10.07,7.01
2025-07-09 21:00:00,24.2,74,0.0,24.37,10.19,7.4
2025-07-09 22:00:00,24.1,74,0.0,23.99,10.27,7.36
2025-07-09 23:00:00,24.1,74,0.0,23.72,10.33,7.36
2025-07-10 00:00:00,24.0,75,0.0,23.51,10.39,7.55
2025-07-10 01:00:00,24.8,74,0.0,23.59,10.36,7.42
2025-07-10 02:00:00,25.9,70,0.0,23.99,10.19,7.62
2025-07-10 03:00:00,27.4,63,0.0,24.71,9.91,7.65
2025-07-10 04:00:00,29.7,53,0.0,25.91,9.48,7.69
2025-07-10 05:00:00,31.5,46,0.0,27.28,9.07,7.8
2025-07-10 06:00:00,32.5,43,0.0,28.55,8.77,7.75
2025-07-10 07:00:00,32.7,43,0.0,29.49,8.58,7.68
2025-07-10 08:00:00,33.8,41,0.0,30.49,8.35,7.45
2025-07-10 09:00:00,33.6,42,0.0,31.12,8.24,7.46
2025-07-10 10:00:00,31.2,50,0.4,30.84,8.43,7.46
2025-07-10 11:00:00,31.4,48,0.0,30.71,8.42,7.44
2025-07-10 12:00:00,29.9,54,0.2,30.17,8.63,7.23
2025-07-10 13:00:00,30.1,51,0.0,29.85,8.65,7.53
2025-07-10 14:00:00,27.5,63,0.5,28.84,9.06,7.34
2025-07-10 15:00:00,26.0,70,0.0,27.69,9.42,7.23
2025-07-10 16:00:00,25.5,73,0.0,26.73,9.68,7.14
2025-07-10 17:00:00,25.3,74,0.0,26.0,9.85,7.09
2025-07-10 18:00:00,25.1,74,0.0,25.43,9.97,7.01
2025-07-10 19:00:00,24.8,74,0.0,24.94,10.07,7.13
2025-07-10 20:00:00,24.5,77,0.0,24.51,10.22,7.18
2025-07-10 21:00:00,24.1,78,0.0,24.09,10.33,7.08
2025-07-10 22:00:00,23.8,80,0.0,23.7,10.45,7.31
2025-07-10 23:00:00,23.5,81,0.0,23.34,10.55,7.33
2025-07-11 00:00:00,23.3,80,0.0,23.03,10.59,7.24
2025-07-11 01:00:00,24.5,78,0.0,23.17,10.52,7.42
2025-07-11 02:00:00,25.8,72,0.0,23.66,10.3,7.53
2025-07-11 03:00:00,27.5,65,0.0,24.51,9.99,7.82
2025-07-11 04:00:00,29.5,55,0.0,25.71,9.55,7.72
2025-07-11 05:00:00,31.2,48,0.0,27.06,9.15,7.55
2025-07-11 06:00:00,32.4,44,0.1,28.36,8.82,7.72
2025-07-11 07:00:00,33.3,41,0.0,29.54,8.54,7.5
2025-07-11 08:00:00,33.3,44,0.1,30.37,8.42,7.72
2025-07-11 09:00:00,34.0,41,0.0,31.16,8.22,7.51
2025-07-11 10:00:00,29.9,59,6.2,30.48,8.66,7.34
2025-07-11 11:00:00,26.4,77,7.6,28.96,9.28,7.41
2025-07-11 12:00:00,27.0,71,0.0,28.07,9.36,7.25
2025-07-11 13:00:00,25.7,77,0.1,27.06,9.68,7.16
2025-07-11 14:00:00,25.5,76,0.2,26.29,9.83,7.17
2025-07-11 15:00:00,24.9,77,0.0,25.57,10.0,7.3
2025-07-11 16:00:00,24.6,77,0.0,24.98,10.12,7.0
2025-07-11 17:00:00,24.5,77,0.0,24.54,10.22,6.84
2025-07-11 18:00:00,24.3,79,0.0,24.17,10.33,7.07
2025-07-11 19:00:00,24.1,80,0.0,23.85,10.42,7.19
2025-07-11 20:00:00,24.0,80,0.0,23.59,10.47,7.28
2025-07-11 21:00:00,23.7,81,0.0,23.32,10.55,7.17
2025-07-11 22:00:00,23.7,80,0.0,23.14,10.57,7.24
2025-07-11 23:00:00,23.8,79,0.0,23.04,10.57,7.47
2025-07-12 00:00:00,23.7,78,0.0,22.94,10.57,7.24
2025-07-12 01:00:00,24.4,77,0.0,23.07,10.52,7.47
2025-07-12 02:00:00,25.5,73,0.0,23.5,10.35,7.59
2025-07-12 03:00:00,26.7,67,0.0,24.16,10.1,7.68
2025-07-12 04:00:00,28.4,58,0.0,25.13,9.73,7.62
2025-07-12 05:00:00,30.0,51,0.0,26.29,9.36,7.69
2025-07-12 06:00:00,30.4,50,0.0,27.23,9.15,7.44
2025-07-12 07:00:00,31.4,47,0.0,28.18,8.91,7.6
2025-07-12 08:00:00,32.3,43,0.0,29.11,8.65,7.67
2025-07-12 09:00:00,30.9,48,0.4,29.35,8.7,7.45
2025-07-12 10:00:00,31.1,49,0.0,29.58,8.67,7.52
2025-07-12 11:00:00,30.1,51,0.4,29.43,8.73,7.46
2025-07-12 12:00:00,30.2,48,0.0,29.36,8.69,7.33
2025-07-12 13:00:00,28.8,57,0.0,28.89,8.94,7.31
2025-07-12 14:00:00,28.0,60,0.0,28.33,9.11,7.13
2025-07-12 15:00:00,27.2,62,0.0,27.69,9.28,7.15
2025-07-12 16:00:00,26.6,64,0.0,27.06,9.44,7.19
2025-07-12 17:00:00,25.9,67,0.0,26.41,9.63,7.12
2025-07-12 18:00:00,25.6,69,0.0,25.87,9.78,7.04
2025-07-12 19:00:00,25.1,71,0.0,25.34,9.93,7.14
2025-07-12 20:00:00,24.6,74,0.0,24.82,10.1,7.22
2025-07-12 21:00:00,24.1,76,0.0,24.3,10.25,7.0
2025-07-12 22:00:00,23.6,78,0.0,23.79,10.39,7.39
2025-07-12 23:00:00,23.5,78,0.0,23.4,10.47,7.31
2025-07-13 00:00:00,23.2,79,0.0,23.04,10.57,7.47
2025-07-13 01:00:00,24.5,74,0.0,23.18,10.44,7.63
2025-07-13 02:00:00,25.5,71,0.0,23.58,10.3,7.44
2025-07-13 03:00:00,27.4,63,0.0,24.42,9.97,7.56
2025-07-13 04:00:00,29.2,56,0.0,25.56,9.6,7.64
2025-07-13 05:00:00,30.6,51,0.0,26.77,9.26,7.6
2025-07-13 06:00:00,32.1,47,0.0,28.07,8.93,7.85
2025-07-13 07:00:00,29.8,58,1.7,28.29,9.09,7.5
2025-07-13 08:00:00,32.7,46,0.0,29.31,8.67,7.57
2025-07-13 09:00:00,32.6,45,0.2,30.0,8.51,7.58
2025-07-13 10:00:00,29.3,57,0.2,29.49,8.82,7.38
2025-07-13 11:00:00,29.6,54,0.7,29.22,8.83,7.36
2025-07-13 12:00:00,28.5,59,0.0,28.71,9.02,7.4
2025-07-13 13:00:00,27.8,62,0.0,28.13,9.19,7.27
2025-07-13 14:00:00,26.7,67,0.0,27.4,9.43,7.23
2025-07-13 15:00:00,26.6,69,0.0,26.86,9.58,7.13
2025-07-13 16:00:00,25.9,70,0.0,26.27,9.72,6.99
2025-07-13 17:00:00,25.2,73,0.0,25.65,9.91,7.15
2025-07-13 18:00:00,24.8,74,0.0,25.1,10.04,7.28
2025-07-13 19:00:00,24.7,73,0.0,24.68,10.11,7.13
2025-07-13 20:00:00,24.5,74,0.0,24.32,10.2,7.18
2025-07-13 21:00:00,24.4,75,0.0,24.05,10.28,7.28
2025-07-13 22:00:00,24.1,76,0.0,23.76,10.36,7.15
2025-07-13 23:00:00,23.9,77,0.0,23.5,10.43,7.52
2025-07-14 00:00:00,23.6,78,0.0,23.23,10.51,7.45
2025-07-14 01:00:00,24.1,77,0.0,23.19,10.5,7.67
2025-07-14 02:00:00,25.1,74,0.0,23.47,10.38,7.5
2025-07-14 03:00:00,27.0,66,0.0,24.23,10.07,7.81
2025-07-14 04:00:00,29.0,57,0.0,25.36,9.66,7.74
2025-07-14 05:00:00,30.6,50,0.0,26.63,9.27,7.74
2025-07-14 06:00:00,30.4,50,0.6,27.46,9.11,7.67
2025-07-14 07:00:00,31.2,48,0.2,28.28,8.91,7.63
2025-07-14 08:00:00,31.8,48,0.0,29.04,8.76,7.75
2025-07-14 09:00:00,29.7,54,0.3,28.94,8.88,7.58
2025-07-14 10:00:00,30.0,53,0.1,28.96,8.86,7.32
2025-07-14 11:00:00,29.5,53,1.7,28.82,8.89,7.26
2025-07-14 12:00:00,29.0,55,0.0,28.57,8.97,7.36
2025-07-14 13:00:00,28.8,54,0.0,28.34,9.0,7.33
2025-07-14 14:00:00,27.6,58,0.0,27.82,9.18,7.23
2025-07-14 15:00:00,26.6,63,0.0,27.15,9.41,7.3
2025-07-14 16:00:00,25.7,68,0.0,26.42,9.65,6.94
2025-07-14 17:00:00,25.3,71,0.0,25.78,9.84,7.13
2025-07-14 18:00:00,24.9,72,0.0,25.22,9.98,6.93
2025-07-14 19:00:00,24.5,74,0.0,24.7,10.12,7.2
2025-07-14 20:00:00,24.1,76,0.0,24.22,10.26,7.15
2025-07-14 21:00:00,23.7,78,0.0,23.77,10.4,7.25
2025-07-14 22:00:00,23.4,79,0.0,23.36,10.5,7.19
2025-07-14 23:00:00,23.2,79,0.0,23.01,10.58,7.48
2025-07-15 00:00:00,23.4,79,0.0,22.83,10.62,7.54
2025-07-15 01:00:00,24.3,75,0.0,22.97,10.51,7.57
2025-07-15 02:00:00,25.1,72,0.0,23.31,10.38,7.56
2025-07-15 03:00:00,26.8,64,0.0,24.06,10.06,7.69
2025-07-15 04:00:00,28.6,55,0.0,25.12,9.67,7.6
2025-07-15 05:00:00,30.1,50,0.0,26.31,9.34,7.77
2025-07-15 06:00:00,30.9,48,0.0,27.39,9.09,7.85
2025-07-15 07:00:00,31.4,47,0.0,28.29,8.89,7.77
2025-07-15 08:00:00,31.9,47,0.1,29.07,8.73,7.55
2025-07-15 09:00:00,30.6,50,0.5,29.23,8.75,7.58
2025-07-15 10:00:00,31.0,49,0.0,29.46,8.69,7.39
2025-07-15 11:00:00,30.1,50,0.4,29.35,8.73,7.47
2025-07-15 12:00:00,29.2,53,0.0,29.01,8.85,7.41
2025-07-15 13:00:00,28.9,53,0.0,28.68,8.92,7.11
2025-07-15 14:00:00,27.5,60,0.0,28.02,9.18,7.11
2025-07-15 15:00:00,26.6,64,0.0,27.3,9.4,7.15
2025-07-15 16:00:00,26.1,66,0.0,26.64,9.57,7.1
2025-07-15 17:00:00,25.5,68,0.0,26.0,9.74,6.99
2025-07-15 18:00:00,25.2,69,0.0,25.46,9.87,7.14
2025-07-15 19:00:00,24.8,71,0.0,24.96,10.01,7.15
2025-07-15 20:00:00,24.2,74,0.0,24.43,10.18,7.14
2025-07-15 21:00:00,23.8,77,0.0,23.94,10.34,7.13
2025-07-15 22:00:00,23.4,79,0.0,23.48,10.48,7.38
2025-07-15 23:00:00,23.2,80,0.0,23.1,10.58,7.52
2025-07-16 00:00:00,23.3,80,0.0,22.86,10.63,7.38
2025-07-16 01:00:00,24.1,78,0.0,22.93,10.57,7.45
2025-07-16 02:00:00,25.7,72,0.0,23.46,10.34,7.62
2025-07-16 03:00:00,27.5,64,0.0,24.37,10.0,7.59
2025-07-16 04:00:00,29.7,54,0.0,25.67,9.54,7.65
2025-07-16 05:00:00,31.0,51,0.0,26.97,9.22,7.75
2025-07-16 06:00:00,31.9,50,0.1,28.15,8.97,7.48
2025-07-16 07:00:00,33.0,45,0.0,29.3,8.65,7.79
2025-07-16 08:00:00,32.9,43,0.1,30.08,8.46,7.62
2025-07-16 09:00:00,30.8,54,0.7,30.0,8.67,7.49
2025-07-16 10:00:00,27.2,70,1.8,28.86,9.18,7.43
2025-07-16 11:00:00,25.3,76,6.1,27.49,9.58,7.3
2025-07-16 12:00:00,23.8,93,2.0,26.08,10.19,7.14
2025-07-16 13:00:00,27.8,71,1.4,26.3,9.73,7.4
2025-07-16 14:00:00,23.5,94,10.8,25.16,10.41,7.07
2025-07-16 15:00:00,23.5,92,0.4,24.36,10.54,7.22
2025-07-16 16:00:00,22.9,94,2.0,23.62,10.74,7.17
2025-07-16 17:00:00,23.0,94,1.5,23.14,10.85,6.96
2025-07-16 18:00:00,23.0,94,0.4,22.8,10.92,7.15
2025-07-16 19:00:00,22.8,93,0.3,22.5,10.97,7.1
2025-07-16 20:00:00,22.8,91,0.1,22.29,10.97,7.25
2025-07-16 21:00:00,22.8,90,0.1,22.14,10.99,7.01
2025-07-16 22:00:00,22.5,90,0.1,21.95,11.03,7.27
2025-07-16 23:00:00,22.5,89,0.1,21.81,11.04,7.3
2025-07-17 00:00:00,22.5,88,0.0,21.72,11.04,7.49
2025-07-17 01:00:00,23.1,83,0.0,21.83,10.91,7.57
2025-07-17 02:00:00,24.6,76,0.0,22.36,10.65,7.52
2025-07-17 03:00:00,26.4,67,0.0,23.27,10.28,7.57
2025-07-17 04:00:00,28.4,58,0.0,24.51,9.85,7.66
2025-07-17 05:00:00,29.6,54,0.0,25.74,9.53,7.6
2025-07-17 06:00:00,30.9,49,0.0,26.99,9.18,7.77
2025-07-17 07:00:00,31.3,49,0.5,27.98,8.99,7.6
2025-07-17 08:00:00,31.8,48,0.0,28.83,8.8,7.34
2025-07-17 09:00:00,28.4,64,2.0,28.4,9.17,7.46
2025-07-17 10:00:00,27.9,64,0.2,27.95,9.26,7.41
2025-07-17 11:00:00,29.5,57,0.0,28.11,9.1,7.29
2025-07-17 12:00:00,28.0,61,0.0,27.78,9.24,7.26
2025-07-17 13:00:00,28.2,58,0.0,27.61,9.22,7.32
2025-07-17 14:00:00,27.0,64,0.0,27.12,9.43,7.37
2025-07-17 15:00:00,25.1,74,0.9,26.22,9.81,7.17
2025-07-17 16:00:00,24.0,87,0.4,25.25,10.26,7.06
2025-07-17 17:00:00,23.5,89,0.5,24.43,10.47,7.14
2025-07-17 18:00:00,23.3,89,0.2,23.79,10.61,7.06
2025-07-17 19:00:00,23.0,88,0.2,23.25,10.71,7.05
2025-07-17 20:00:00,22.7,87,0.1,22.79,10.79,7.05
2025-07-17 21:00:00,22.5,87,0.1,22.4,10.87,7.04
2025-07-17 22:00:00,22.4,88,0.1,22.1,10.95,7.24
2025-07-17 23:00:00,22.3,88,0.1,21.86,11.01,7.37
2025-07-18 00:00:00,22.3,88,0.0,21.69,11.04,7.43
2025-07-18 01:00:00,22.9,85,0.1,21.75,10.97,7.47
2025-07-18 02:00:00,23.5,82,0.0,21.98,10.86,7.5
2025-07-18 03:00:00,24.8,77,0.1,22.52,10.64,7.7
2025-07-18 04:00:00,26.5,68,0.1,23.42,10.27,7.55
2025-07-18 05:00:00,28.1,61,0.0,24.52,9.91,7.78
2025-07-18 06:00:00,30.0,54,0.0,25.87,9.5,7.6
2025-07-18 07:00:00,31.0,51,0.0,27.11,9.2,7.6
2025-07-18 08:00:00,31.6,49,0.0,28.15,8.95,7.49
2025-07-18 09:00:00,31.4,49,0.0,28.83,8.82,7.53
2025-07-18 10:00:00,31.4,49,0.0,29.3,8.72,7.61
2025-07-18 11:00:00,29.9,52,0.0,29.18,8.8,7.5
2025-07-18 12:00:00,27.3,66,1.0,28.32,9.22,7.42
2025-07-18 13:00:00,26.9,73,0.0,27.59,9.5,7.36
2025-07-18 14:00:00,26.5,70,0.0,26.96,9.58,7.13
2025-07-18 15:00:00,25.7,72,0.0,26.28,9.75,7.15
2025-07-18 16:00:00,24.6,77,0.0,25.48,10.02,7.07
2025-07-18 17:00:00,24.5,77,0.0,24.89,10.14,7.25
2025-07-18 18:00:00,24.2,77,0.0,24.38,10.25,7.0
2025-07-18 19:00:00,24.0,78,0.0,23.97,10.36,7.22
2025-07-18 20:00:00,23.8,78,0.0,23.62,10.43,7.25
2025-07-18 21:00:00,23.5,79,0.0,23.28,10.52,7.4
2025-07-18 22:00:00,23.2,80,0.0,22.96,10.61,7.24
2025-07-18 23:00:00,23.1,79,0.0,22.7,10.64,7.43
2025-07-19 00:00:00,23.0,79,0.0,22.49,10.69,7.66
2025-07-19 01:00:00,23.6,76,0.0,22.52,10.62,7.45
2025-07-19 02:00:00,23.8,76,0.1,22.61,10.6,7.42
2025-07-19 03:00:00,25.0,71,0.0,23.02,10.41,7.45
2025-07-19 04:00:00,26.0,66,0.1,23.62,10.19,7.75
2025-07-19 05:00:00,27.2,59,0.0,24.39,9.9,7.52
2025-07-19 06:00:00,28.6,54,0.0,25.35,9.61,7.67
2025-07-19 07:00:00,29.5,52,0.0,26.3,9.38,7.73
2025-07-19 08:00:00,29.8,53,0.3,27.05,9.25,7.65
2025-07-19 09:00:00,29.1,59,1.7,27.36,9.29,7.56
2025-07-19 10:00:00,27.3,68,0.6,27.04,9.52,7.52
2025-07-19 11:00:00,27.1,68,2.8,26.76,9.58,7.49
2025-07-19 12:00:00,25.4,79,4.1,26.05,9.93,7.17
2025-07-19 13:00:00,27.0,67,0.0,26.04,9.71,7.25
2025-07-19 14:00:00,24.9,77,0.1,25.4,10.03,7.17
2025-07-19 15:00:00,23.8,82,0.2,24.62,10.3,7.27
2025-07-19 16:00:00,23.5,84,0.1,23.98,10.47,7.24
2025-07-19 17:00:00,23.3,85,0.2,23.48,10.6,7.17
2025-07-19 18:00:00,23.0,85,0.1,23.03,10.69,7.24
2025-07-19 19:00:00,22.9,84,0.1,22.69,10.75,7.02
2025-07-19 20:00:00,22.7,84,0.1,22.4,10.81,7.34
2025-07-19 21:00:00,22.8,83,0.0,22.22,10.83,7.38
2025-07-19 22:00:00,23.0,82,0.0,22.15,10.82,7.36
2025-07-19 23:00:00,23.1,80,0.0,22.14,10.78,7.54
2025-07-20 00:00:00,23.0,80,0.0,22.1,10.79,7.27
2025-07-20 01:00:00,23.5,79,0.0,22.22,10.75,7.46
2025-07-20 02:00:00,24.0,78,0.0,22.45,10.68,7.51
2025-07-20 03:00:00,25.0,73,0.0,22.92,10.48,7.72
2025-07-20 04:00:00,26.2,66,0.0,23.6,10.2,7.58
2025-07-20 05:00:00,28.4,57,0.0,24.74,9.79,7.78
2025-07-20 06:00:00,28.7,55,0.0,25.63,9.57,7.84
2025-07-20 07:00:00,29.5,54,0.0,26.49,9.38,7.75
2025-07-20 08:00:00,30.0,53,0.0,27.24,9.21,7.68
2025-07-20 09:00:00,30.6,51,0.0,27.95,9.03,7.49
2025-07-20 10:00:00,30.8,51,0.0,28.51,8.92,7.44
2025-07-20 11:00:00,27.0,68,0.5,27.75,9.38,7.55
2025-07-20 12:00:00,24.6,83,3.8,26.51,9.91,7.35
2025-07-20 13:00:00,26.6,66,0.0,26.24,9.65,7.32
2025-07-20 14:00:00,25.4,74,0.0,25.68,9.92,7.21
2025-07-20 15:00:00,24.2,83,0.5,24.94,10.25,6.96
2025-07-20 16:00:00,23.5,89,0.5,24.21,10.52,7.02
2025-07-20 17:00:00,23.0,90,0.2,23.55,10.68,7.31
2025-07-20 18:00:00,22.8,89,0.0,23.02,10.78,7.0
2025-07-20 19:00:00,22.4,90,0.5,22.54,10.9,7.13
2025-07-20 20:00:00,22.1,93,1.3,22.1,11.05,7.21
2025-07-20 21:00:00,22.2,91,0.5,21.83,11.07,7.07
2025-07-20 22:00:00,22.1,90,0.1,21.61,11.1,7.3
2025-07-20 23:00:00,22.1,90,0.3,21.46,11.13,7.44
2025-07-21 00:00:00,22.2,88,0.1,21.38,11.11,7.44
2025-07-21 01:00:00,23.0,83,0.0,21.57,10.97,7.81
2025-07-21 02:00:00,23.8,79,0.0,21.94,10.8,7.42
2025-07-21 03:00:00,24.9,75,0.0,22.53,10.6,7.75
2025-07-21 04:00:00,27.5,62,0.0,23.72,10.09,7.67
2025-07-21 05:00:00,28.0,60,0.0,24.7,9.85,7.78
2025-07-21 06:00:00,29.5,54,0.0,25.84,9.51,7.75
2025-07-21 07:00:00,28.9,55,0.1,26.46,9.4,7.6
2025-07-21 08:00:00,28.4,60,1.3,26.74,9.44,7.61
2025-07-21 09:00:00,29.9,57,0.3,27.39,9.25,7.39
2025-07-21 10:00:00,25.0,80,7.4,26.37,9.89,7.44
2025-07-21 11:00:00,24.9,85,1.2,25.63,10.14,7.45
2025-07-21 12:00:00,24.2,91,1.1,24.9,10.41,7.42
2025-07-21 13:00:00,24.9,79,0.0,24.6,10.24,7.44
2025-07-21 14:00:00,24.6,78,0.0,24.3,10.29,7.3
2025-07-21 15:00:00,24.5,78,0.0,24.06,10.34,7.22
2025-07-21 16:00:00,24.2,79,0.1,23.8,10.41,7.07
2025-07-21 17:00:00,22.8,91,0.7,23.2,10.78,7.02
2025-07-21 18:00:00,22.5,92,1.3,22.69,10.91,7.19
2025-07-21 19:00:00,22.1,93,1.2,22.21,11.03,7.23
2025-07-21 20:00:00,22.0,93,1.0,21.85,11.11,7.1
2025-07-21 21:00:00,21.9,93,0.5,21.56,11.17,7.2
2025-07-21 22:00:00,22.1,90,0.1,21.43,11.14,7.2
2025-07-21 23:00:00,22.1,90,0.1,21.33,11.16,7.48
2025-07-22 00:00:00,22.1,90,0.2,21.26,11.18,7.5
2025-07-22 01:00:00,22.5,87,0.0,21.33,11.1,7.72
2025-07-22 02:00:00,23.3,84,0.0,21.62,10.97,7.51
2025-07-22 03:00:00,24.2,79,0.0,22.1,10.77,7.61
2025-07-22 04:00:00,25.4,74,0.0,22.79,10.52,7.72
2025-07-22 05:00:00,26.5,69,0.0,23.6,10.26,7.78
2025-07-22 06:00:00,27.8,64,0.0,24.56,9.96,7.69
2025-07-22 07:00:00,29.0,56,0.0,25.59,9.6,7.61
2025-07-22 08:00:00,28.9,59,0.0,26.28,9.51,7.75
2025-07-22 09:00:00,29.9,53,0.0,27.07,9.24,7.67
2025-07-22 10:00:00,29.0,56,0.0,27.35,9.24,7.44
2025-07-22 11:00:00,29.5,55,0.0,27.69,9.15,7.6
2025-07-22 12:00:00,27.7,62,0.1,27.4,9.34,7.5
2025-07-22 13:00:00,25.9,67,0.0,26.65,9.59,7.33
2025-07-22 14:00:00,25.5,69,0.0,26.0,9.76,7.26
2025-07-22 15:00:00,25.2,69,0.0,25.46,9.87,7.25
2025-07-22 16:00:00,24.6,70,0.0,24.9,10.0,7.06
2025-07-22 17:00:00,24.3,72,0.0,24.42,10.14,7.13
2025-07-22 18:00:00,23.8,75,0.0,23.94,10.3,6.91
2025-07-22 19:00:00,23.5,77,0.0,23.5,10.43,7.22
2025-07-22 20:00:00,23.5,77,0.0,23.2,10.5,7.01
2025-07-22 21:00:00,23.3,79,0.0,22.93,10.59,7.37
2025-07-22 22:00:00,23.1,80,0.0,22.68,10.67,7.25
2025-07-22 23:00:00,22.7,84,0.8,22.39,10.81,7.29
2025-07-23 00:00:00,22.5,86,0.1,22.12,10.91,7.37
2025-07-23 01:00:00,23.1,84,0.1,22.12,10.87,7.48
2025-07-23 02:00:00,23.8,82,0.0,22.32,10.78,7.73
2025-07-23 03:00:00,24.1,81,0.1,22.55,10.71,7.39
2025-07-23 04:00:00,24.7,79,0.4,22.9,10.6,7.79
2025-07-23 05:00:00,26.0,71,0.0,23.53,10.31,7.75
2025-07-23 06:00:00,27.1,66,0.0,24.3,10.05,7.6
2025-07-23 07:00:00,28.0,60,0.0,25.11,9.77,7.59
2025-07-23 08:00:00,27.5,63,0.1,25.53,9.74,7.82
2025-07-23 09:00:00,28.3,60,0.0,26.06,9.58,7.52
2025-07-23 10:00:00,27.6,64,0.0,26.22,9.62,7.43
2025-07-23 11:00:00,28.2,59,0.0,26.51,9.46,7.59
2025-07-23 12:00:00,26.7,66,0.0,26.27,9.64,7.43
2025-07-23 13:00:00,27.1,62,0.0,26.22,9.58,7.23
2025-07-23 14:00:00,26.0,65,0.0,25.85,9.71,7.27
2025-07-23 15:00:00,25.0,71,0.0,25.3,9.94,7.09
2025-07-23 16:00:00,24.6,73,0.0,24.79,10.09,7.26
2025-07-23 17:00:00,24.4,74,0.0,24.37,10.19,7.23
2025-07-23 18:00:00,24.0,75,0.0,23.96,10.3,7.17
2025-07-23 19:00:00,23.9,75,0.0,23.64,10.37,7.17
2025-07-23 20:00:00,23.9,75,0.0,23.42,10.41,7.34
2025-07-23 21:00:00,23.6,76,0.0,23.17,10.48,7.22
2025-07-23 22:00:00,23.4,76,0.0,22.94,10.53,7.16
2025-07-23 23:00:00,23.1,78,0.0,22.69,10.63,7.4
2025-07-24 00:00:00,23.2,78,0.0,22.54,10.66,7.64
2025-07-24 01:00:00,23.7,75,0.0,22.59,10.59,7.41
2025-07-24 02:00:00,24.1,73,0.0,22.74,10.51,7.55
2025-07-24 03:00:00,24.8,71,0.0,23.06,10.41,7.68
2025-07-24 04:00:00,24.5,74,0.1,23.19,10.44,7.67
2025-07-24 05:00:00,25.3,73,0.3,23.52,10.35,7.6
2025-07-24 06:00:00,25.4,75,0.4,23.79,10.33,7.81
2025-07-24 07:00:00,25.9,73,0.4,24.12,10.23,7.91
2025-07-24 08:00:00,26.5,70,0.3,24.53,10.08,7.67
2025-07-24 09:00:00,26.5,68,0.0,24.82,9.98,7.53
2025-07-24 10:00:00,25.9,72,1.0,24.85,10.05,7.35
2025-07-24 11:00:00,24.8,78,0.3,24.53,10.24,7.5
2025-07-24 12:00:00,24.8,78,0.2,24.31,10.28,7.51
2025-07-24 13:00:00,24.1,84,0.2,23.95,10.48,7.38
2025-07-24 14:00:00,23.7,84,0.1,23.57,10.56,7.27
2025-07-24 15:00:00,23.2,88,0.3,23.16,10.73,7.14
2025-07-24 16:00:00,23.0,89,0.1,22.81,10.82,7.06
2025-07-24 17:00:00,23.0,89,0.1,22.57,10.87,7.22
2025-07-24 18:00:00,23.0,87,0.1,22.4,10.87,7.22
2025-07-24 19:00:00,23.1,85,0.0,22.31,10.85,6.99
2025-07-24 20:00:00,23.2,81,0.0,22.28,10.77,7.34
2025-07-24 21:00:00,23.5,78,0.0,22.34,10.7,7.28
2025-07-24 22:00:00,23.4,77,0.0,22.36,10.67,7.43
2025-07-24 23:00:00,23.4,77,0.0,22.37,10.67,7.22
2025-07-25 00:00:00,23.2,77,0.0,22.32,10.68,7.3
2025-07-25 01:00:00,24.1,75,0.0,22.55,10.59,7.5
2025-07-25 02:00:00,24.5,76,0.0,22.84,10.55,7.63
2025-07-25 03:00:00,25.4,73,0.0,23.31,10.4,7.82
2025-07-25 04:00:00,26.1,68,0.0,23.84,10.18,7.75
2025-07-25 05:00:00,27.7,60,0.0,24.7,9.85,7.68
2025-07-25 06:00:00,29.3,53,0.0,25.78,9.5,7.6
2025-07-25 07:00:00,29.5,53,0.0,26.6,9.34,7.81
2025-07-25 08:00:00,29.8,51,0.0,27.26,9.17,7.55
2025-07-25 09:00:00,29.4,50,0.0,27.6,9.08,7.76
2025-07-25 10:00:00,29.5,48,0.0,27.87,8.99,7.5
2025-07-25 11:00:00,28.4,52,0.0,27.73,9.09,7.62
2025-07-25 12:00:00,27.4,57,0.0,27.33,9.26,7.45
2025-07-25 13:00:00,27.2,56,0.0,26.99,9.31,7.3
2025-07-25 14:00:00,25.6,65,0.0,26.27,9.63,7.2
2025-07-25 15:00:00,25.5,65,0.0,25.74,9.74,7.16
2025-07-25 16:00:00,25.3,65,0.0,25.31,9.82,7.19
2025-07-25 17:00:00,25.0,66,0.0,24.92,9.92,7.13
2025-07-25 18:00:00,24.7,66,0.0,24.55,10.0,7.06
2025-07-25 19:00:00,24.5,67,0.0,24.24,10.08,7.11
2025-07-25 20:00:00,24.2,69,0.0,23.93,10.19,7.17
2025-07-25 21:00:00,24.1,69,0.0,23.68,10.24,7.0
2025-07-25 22:00:00,24.1,69,0.0,23.5,10.28,7.32
2025-07-25 23:00:00,23.9,72,0.0,23.32,10.37,7.25
2025-07-26 00:00:00,23.6,74,0.0,23.11,10.46,7.31
2025-07-26 01:00:00,24.5,67,0.0,23.22,10.29,7.34
2025-07-26 02:00:00,25.0,69,0.0,23.46,10.29,7.4
2025-07-26 03:00:00,26.0,67,0.0,23.92,10.15,7.5
2025-07-26 04:00:00,27.4,59,0.0,24.66,9.84,7.6
2025-07-26 05:00:00,27.5,60,0.0,25.21,9.75,7.89
2025-07-26 06:00:00,29.4,53,0.0,26.17,9.42,7.65
2025-07-26 07:00:00,30.6,48,0.0,27.2,9.12,7.7
2025-07-26 08:00:00,30.5,47,0.0,27.89,8.97,7.68
2025-07-26 09:00:00,28.6,55,0.0,27.8,9.13,7.61
2025-07-26 10:00:00,28.4,57,0.0,27.68,9.19,7.53
2025-07-26 11:00:00,26.0,69,0.0,26.88,9.58,7.35
2025-07-26 12:00:00,26.0,71,0.0,26.31,9.73,7.54
2025-07-26 13:00:00,24.9,75,0.5,25.59,9.96,7.47
2025-07-26 14:00:00,24.6,76,0.0,24.99,10.1,7.09
2025-07-26 15:00:00,24.9,72,0.0,24.67,10.09,7.1
2025-07-26 16:00:00,24.4,75,0.0,24.29,10.23,7.13
2025-07-26 17:00:00,24.0,77,0.0,23.9,10.35,7.03
2025-07-26 18:00:00,24.1,74,0.0,23.66,10.34,7.17
2025-07-26 19:00:00,23.9,75,0.0,23.43,10.41,7.06
2025-07-26 20:00:00,23.9,74,0.0,23.27,10.42,7.38
2025-07-26 21:00:00,23.9,72,0.0,23.16,10.41,7.34
2025-07-26 22:00:00,23.9,71,0.0,23.08,10.4,7.3
2025-07-26 23:00:00,23.9,70,0.0,23.03,10.39,7.45
2025-07-27 00:00:00,23.8,70,0.0,22.96,10.41,7.54
2025-07-27 01:00:00,24.4,69,0.0,23.09,10.36,7.45
2025-07-27 02:00:00,24.5,69,0.1,23.21,10.34,7.49
2025-07-27 03:00:00,24.2,74,0.7,23.21,10.44,7.61
2025-07-27 04:00:00,25.5,67,0.0,23.6,10.22,7.77
2025-07-27 05:00:00,26.5,62,0.0,24.17,10.0,7.72
2025-07-27 06:00:00,28.6,51,0.0,25.2,9.58,7.55
2025-07-27 07:00:00,30.1,45,0.0,26.37,9.23,7.61
2025-07-27 08:00:00,30.2,45,0.0,27.22,9.06,7.64
2025-07-27 09:00:00,31.0,42,0.0,28.05,8.85,7.58
2025-07-27 10:00:00,29.9,47,0.0,28.31,8.89,7.72
2025-07-27 11:00:00,29.0,49,0.0,28.21,8.94,7.32
2025-07-27 12:00:00,28.4,52,0.0,27.97,9.04,7.43
2025-07-27 13:00:00,27.1,59,0.0,27.41,9.28,7.46
2025-07-27 14:00:00,26.3,61,0.0,26.78,9.45,7.47
2025-07-27 15:00:00,25.9,58,0.0,26.21,9.51,7.15
2025-07-27 16:00:00,25.4,60,0.0,25.67,9.66,7.19
2025-07-27 17:00:00,24.6,64,0.0,25.05,9.86,7.18
2025-07-27 18:00:00,24.0,66,0.0,24.43,10.02,7.14
2025-07-27 19:00:00,23.4,68,0.0,23.82,10.19,7.12
2025-07-27 20:00:00,23.0,70,0.0,23.28,10.34,7.21
2025-07-27 21:00:00,23.0,71,0.0,22.89,10.44,6.97
2025-07-27 22:00:00,22.8,72,0.0,22.57,10.53,7.35
2025-07-27 23:00:00,22.5,73,0.0,22.25,10.62,7.37
2025-07-28 00:00:00,22.5,74,0.0,22.02,10.68,7.42
2025-07-28 01:00:00,23.3,74,0.0,22.11,10.67,7.72
2025-07-28 02:00:00,24.5,71,0.0,22.52,10.52,7.52
2025-07-28 03:00:00,26.2,63,0.0,23.33,10.19,7.6
2025-07-28 04:00:00,28.0,57,0.0,24.43,9.85,7.87
2025-07-28 05:00:00,28.6,54,0.0,25.38,9.6,7.61
2025-07-28 06:00:00,29.9,51,0.0,26.44,9.33,7.64
2025-07-28 07:00:00,30.3,49,0.0,27.3,9.12,7.66
2025-07-28 08:00:00,30.9,49,0.0,28.08,8.97,7.72
2025-07-28 09:00:00,31.1,47,0.0,28.68,8.81,7.61
2025-07-28 10:00:00,30.9,48,0.2,29.05,8.76,7.38
2025-07-28 11:00:00,30.6,49,0.0,29.21,8.74,7.39
2025-07-28 12:00:00,29.5,51,0.0,29.0,8.82,7.31
2025-07-28 13:00:00,27.6,59,0.0,28.28,9.11,7.29
2025-07-28 14:00:00,26.5,62,0.0,27.45,9.33,7.28
2025-07-28 15:00:00,26.0,64,0.0,26.71,9.52,7.22
2025-07-28 16:00:00,25.5,65,0.0,26.05,9.67,6.96
2025-07-28 17:00:00,24.9,67,0.0,25.4,9.84,7.22
2025-07-28 18:00:00,24.0,70,0.0,24.68,10.05,7.14
2025-07-28 19:00:00,23.5,70,0.0,24.03,10.19,7.27
2025-07-28 20:00:00,23.0,71,0.0,23.42,10.33,7.21
2025-07-28 21:00:00,22.6,73,0.0,22.87,10.49,7.33
2025-07-28 22:00:00,22.5,76,0.0,22.46,10.63,7.33
2025-07-28 23:00:00,22.3,76,0.0,22.11,10.71,7.5
2025-07-29 00:00:00,22.1,76,0.0,21.81,10.77,7.49
2025-07-29 01:00:00,23.0,76,0.0,21.87,10.76,7.51
2025-07-29 02:00:00,24.2,73,0.0,22.27,10.61,7.81
2025-07-29 03:00:00,26.3,64,0.0,23.18,10.24,7.73
2025-07-29 04:00:00,28.0,57,0.0,24.32,9.87,7.73
2025-07-29 05:00:00,29.0,54,0.0,25.43,9.59,7.57
2025-07-29 06:00:00,29.8,52,0.0,26.44,9.35,7.57
2025-07-29 07:00:00,30.0,50,0.0,27.21,9.16,7.71
2025-07-29 08:00:00,31.4,46,0.4,28.16,8.9,7.63
2025-07-29 09:00:00,31.1,47,0.2,28.75,8.8,7.51
2025-07-29 10:00:00,31.5,45,0.1,29.27,8.66,7.52
2025-07-29 11:00:00,31.0,46,0.0,29.49,8.63,7.6
2025-07-29 12:00:00,30.1,48,0.0,29.37,8.69,7.44
2025-07-29 13:00:00,27.9,58,0.0,28.63,9.02,7.18
2025-07-29 14:00:00,26.7,63,0.0,27.75,9.28,7.22
2025-07-29 15:00:00,25.7,67,0.0,26.84,9.55,7.1
2025-07-29 16:00:00,25.4,69,0.0,26.11,9.74,7.1
2025-07-29 17:00:00,25.1,69,0.0,25.5,9.86,7.07
2025-07-29 18:00:00,24.5,71,0.0,24.9,10.02,7.06
2025-07-29 19:00:00,24.0,74,0.0,24.33,10.2,7.0
2025-07-29 20:00:00,23.5,76,0.0,23.78,10.36,7.15
2025-07-29 21:00:00,23.2,78,0.0,23.31,10.5,7.16
2025-07-29 22:00:00,22.9,78,0.0,22.89,10.58,6.99
2025-07-29 23:00:00,22.7,79,0.0,22.53,10.68,7.56
2025-07-30 00:00:00,22.5,79,0.0,22.22,10.74,7.55
2025-07-30 01:00:00,23.6,78,0.0,22.33,10.7,7.48
2025-07-30 02:00:00,24.8,74,0.0,22.77,10.53,7.58
2025-07-30 03:00:00,26.5,66,0.0,23.59,10.2,7.52
2025-07-30 04:00:00,28.4,57,0.0,24.73,9.79,7.84
2025-07-30 05:00:00,29.3,54,0.0,25.8,9.51,7.88
2025-07-30 06:00:00,30.4,49,0.0,26.88,9.2,7.71
2025-07-30 07:00:00,30.1,51,0.0,27.55,9.11,7.78
2025-07-30 08:00:00,31.2,47,0.0,28.34,8.88,7.65
2025-07-30 09:00:00,32.3,45,0.0,29.23,8.67,7.45
2025-07-30 10:00:00,32.0,45,0.0,29.76,8.56,7.47
2025-07-30 11:00:00,30.9,48,0.4,29.8,8.6,7.43
2025-07-30 12:00:00,30.0,50,0.0,29.56,8.69,7.32
2025-07-30 13:00:00,28.6,52,0.0,28.97,8.84,7.27
2025-07-30 14:00:00,27.8,56,0.0,28.32,9.04,7.22
2025-07-30 15:00:00,27.0,60,0.0,27.62,9.26,7.16
2025-07-30 16:00:00,26.4,63,0.0,26.96,9.45,7.14
2025-07-30 17:00:00,25.8,66,0.0,26.31,9.64,7.0
2025-07-30 18:00:00,25.1,69,0.0,25.65,9.83,7.03
2025-07-30 19:00:00,24.5,73,0.0,25.0,10.04,6.99
2025-07-30 20:00:00,23.9,77,0.0,24.37,10.25,7.25
2025-07-30 21:00:00,23.5,79,0.0,23.81,10.41,7.0
2025-07-30 22:00:00,23.4,79,0.0,23.39,10.5,7.39
2025-07-30 23:00:00,23.2,80,0.0,23.03,10.59,7.49
2025-07-31 00:00:00,23.0,80,0.0,22.72,10.66,7.4
2025-07-31 01:00:00,24.0,79,0.0,22.81,10.62,7.25
2025-07-31 02:00:00,25.1,75,0.0,23.19,10.46,7.54
2025-07-31 03:00:00,26.9,68,0.0,24.01,10.15,7.63
2025-07-31 04:00:00,28.9,58,0.0,25.17,9.72,7.57
2025-07-31 05:00:00,30.1,54,0.0,26.35,9.4,7.63
2025-07-31 06:00:00,31.2,51,0.0,27.51,9.12,7.84
2025-07-31 07:00:00,32.2,49,0.0,28.61,8.86,7.73
2025-07-31 08:00:00,31.3,50,0.1,29.12,8.78,7.53
2025-07-31 09:00:00,32.7,47,0.0,29.89,8.57,7.41
2025-07-31 10:00:00,30.5,52,0.3,29.78,8.68,7.46
2025-07-31 11:00:00,30.8,51,0.1,29.78,8.66,7.41
2025-07-31 12:00:00,29.9,54,0.0,29.52,8.77,7.41
2025-07-31 13:00:00,28.1,61,0.0,28.79,9.04,7.24
2025-07-31 14:00:00,27.0,67,0.0,27.95,9.32,7.28
2025-07-31 15:00:00,26.3,70,0.0,27.16,9.54,7.37
2025-07-31 16:00:00,25.5,73,0.0,26.36,9.76,7.22
2025-07-31 17:00:00,24.9,77,0.0,25.62,9.99,7.11
2025-07-31 18:00:00,24.5,78,0.0,24.99,10.14,7.09
2025-07-31 19:00:00,24.2,79,0.0,24.45,10.27,7.09
2025-07-31 20:00:00,23.9,79,0.0,23.99,10.37,7.28
2025-07-31 21:00:00,23.2,80,0.0,23.45,10.5,7.15
2025-07-31 22:00:00,22.7,83,0.0,22.92,10.68,7.29
2025-07-31 23:00:00,22.3,84,0.0,22.44,10.8,7.36
2025-08-01 00:00:00,22.3,84,0.0,22.1,10.87,7.39
2025-08-01 01:00:00,23.5,81,0.0,22.22,10.79,7.38
2025-08-01 02:00:00,24.6,77,0.0,22.63,10.62,7.62
2025-08-01 03:00:00,26.2,69,0.0,23.4,10.3,7.63
2025-08-01 04:00:00,28.3,60,0.0,24.57,9.88,7.72
2025-08-01 05:00:00,29.8,54,0.0,25.84,9.51,7.64
2025-08-01 06:00:00,31.1,48,0.0,27.12,9.14,7.81
2025-08-01 07:00:00,32.0,46,0.0,28.28,8.87,7.58
2025-08-01 08:00:00,32.3,45,0.0,29.19,8.67,7.8
2025-08-01 09:00:00,32.7,44,0.0,29.94,8.51,7.4
2025-08-01 10:00:00,32.5,45,0.0,30.41,8.43,7.55
2025-08-01 11:00:00,32.2,46,0.0,30.65,8.4,7.48
2025-08-01 12:00:00,30.8,49,0.1,30.39,8.5,7.27
2025-08-01 13:00:00,29.6,53,0.0,29.85,8.68,7.33
2025-08-01 14:00:00,28.2,59,0.0,29.06,8.95,7.35
2025-08-01 15:00:00,27.1,64,0.0,28.17,9.22,6.94
2025-08-01 16:00:00,26.1,69,0.0,27.25,9.5,7.18
2025-08-01 17:00:00,25.9,71,0.0,26.54,9.68,6.86
2025-08-01 18:00:00,25.2,74,0.0,25.84,9.88,7.01
2025-08-01 19:00:00,24.6,75,0.0,25.17,10.04,7.28
2025-08-01 20:00:00,24.3,76,0.0,24.61,10.18,7.1
2025-08-01 21:00:00,23.8,79,0.0,24.07,10.35,7.09
2025-08-01 22:00:00,23.4,82,0.0,23.57,10.52,7.25
2025-08-01 23:00:00,23.0,85,0.0,23.1,10.68,7.56
2025-08-02 00:00:00,22.8,87,0.0,22.71,10.8,7.25
2025-08-02 01:00:00,23.5,83,0.0,22.65,10.74,7.41
2025-08-02 02:00:00,24.7,77,0.0,22.96,10.55,7.73
2025-08-02 03:00:00,26.5,69,0.0,23.72,10.23,7.82
2025-08-02 04:00:00,28.4,61,0.0,24.83,9.85,7.66
2025-08-02 05:00:00,30.0,52,0.0,26.08,9.42,7.57
2025-08-02 06:00:00,31.0,47,0.0,27.25,9.09,7.9
2025-08-02 07:00:00,31.9,45,0.0,28.35,8.84,7.83
2025-08-02 08:00:00,32.5,43,0.0,29.29,8.62,7.69
2025-08-02 09:00:00,32.5,43,0.0,29.96,8.49,7.49
2025-08-02 10:00:00,33.1,42,0.0,30.6,8.34,7.5
2025-08-02 11:00:00,33.0,42,0.0,31.02,8.26,7.41
2025-08-02 12:00:00,32.0,44,0.0,31.01,8.3,7.38
2025-08-02 13:00:00,30.4,49,0.0,30.53,8.48,7.42
2025-08-02 14:00:00,29.4,52,0.0,29.89,8.66,7.3
2025-08-02 15:00:00,27.6,61,0.0,28.9,9.01,7.05
2025-08-02 16:00:00,26.7,68,0.0,27.94,9.34,7.26
2025-08-02 17:00:00,25.6,72,0.0,26.94,9.62,7.13
2025-08-02 18:00:00,24.9,74,0.0,26.03,9.85,7.17
2025-08-02 19:00:00,24.1,77,0.0,25.15,10.09,7.27
2025-08-02 20:00:00,23.8,80,0.0,24.44,10.29,7.04
2025-08-02 21:00:00,23.8,80,0.0,23.95,10.4,7.2
2025-08-02 22:00:00,23.3,80,0.0,23.46,10.5,7.22
2025-08-02 23:00:00,23.0,82,0.0,23.02,10.64,7.2
2025-08-03 00:00:00,22.9,82,0.0,22.68,10.71,7.47
2025-08-03 01:00:00,23.6,82,0.0,22.66,10.71,7.76
2025-08-03 02:00:00,24.8,77,0.0,23.0,10.54,7.4
2025-08-03 03:00:00,26.4,71,0.0,23.72,10.27,7.63
2025-08-03 04:00:00,28.5,63,0.0,24.85,9.88,7.74
2025-08-03 05:00:00,29.8,57,0.0,26.04,9.52,7.7
2025-08-03 06:00:00,31.0,53,0.0,27.23,9.21,7.68
2025-08-03 07:00:00,32.0,49,0.0,28.36,8.91,7.54
2025-08-03 08:00:00,32.3,46,0.0,29.24,8.68,7.65
2025-08-03 09:00:00,32.5,43,0.0,29.92,8.5,7.5
2025-08-03 10:00:00,26.6,72,0.3,28.62,9.27,7.28
2025-08-03 11:00:00,24.9,84,1.7,27.21,9.78,7.51
2025-08-03 12:00:00,24.5,85,0.2,26.09,10.04,7.48
2025-08-03 13:00:00,25.9,77,0.0,25.74,9.96,7.33
2025-08-03 14:00:00,25.4,80,0.0,25.34,10.1,7.28
2025-08-03 15:00:00,24.1,82,0.1,24.66,10.29,7.3
2025-08-03 16:00:00,23.5,85,0.1,24.02,10.48,7.17
2025-08-03 17:00:00,23.1,88,0.0,23.44,10.67,7.23
2025-08-03 18:00:00,23.0,89,0.0,23.01,10.78,7.1
2025-08-03 19:00:00,23.1,86,0.0,22.74,10.78,7.27
2025-08-03 20:00:00,23.1,84,0.0,22.55,10.78,7.21
2025-08-03 21:00:00,23.1,84,0.0,22.41,10.81,7.24
2025-08-03 22:00:00,23.0,84,0.0,22.29,10.83,7.16
2025-08-03 23:00:00,23.0,83,0.0,22.2,10.83,7.39
2025-08-04 00:00:00,23.0,83,0.0,22.14,10.84,7.36
2025-08-04 01:00:00,23.4,82,0.0,22.22,10.81,7.45
2025-08-04 02:00:00,24.7,77,0.0,22.66,10.61,7.5
2025-08-04 03:00:00,26.3,72,0.0,23.45,10.35,7.53
2025-08-04 04:00:00,28.3,63,0.0,24.61,9.93,7.89
2025-08-04 05:00:00,30.0,56,0.0,25.93,9.53,7.82
2025-08-04 06:00:00,31.6,50,0.0,27.33,9.13,7.88
2025-08-04 07:00:00,32.5,47,0.0,28.58,8.83,7.54
2025-08-04 08:00:00,32.9,44,0.0,29.58,8.58,7.63
2025-08-04 09:00:00,32.5,44,0.0,30.15,8.47,7.44
2025-08-04 10:00:00,29.6,54,0.0,29.69,8.73,7.44
2025-08-04 11:00:00,27.0,68,0.0,28.58,9.2,7.36
2025-08-04 12:00:00,26.1,76,0.3,27.54,9.57,7.49
2025-08-04 13:00:00,25.2,80,1.0,26.54,9.85,7.22
2025-08-04 14:00:00,24.2,91,1.0,25.53,10.27,7.31
2025-08-04 15:00:00,24.0,92,0.7,24.77,10.46,7.22
2025-08-04 16:00:00,23.1,94,4.3,23.97,10.67,7.26
2025-08-04 17:00:00,23.0,95,1.3,23.38,10.82,6.92
2025-08-04 18:00:00,23.0,95,1.0,22.97,10.91,7.2
2025-08-04 19:00:00,22.9,96,0.3,22.65,11.0,7.24
2025-08-04 20:00:00,22.9,95,0.1,22.42,11.03,7.07
2025-08-04 21:00:00,22.5,97,0.1,22.15,11.13,7.32
2025-08-04 22:00:00,22.5,97,0.1,21.95,11.17,7.32
2025-08-04 23:00:00,22.4,96,0.4,21.79,11.19,7.31
2025-08-05 00:00:00,22.2,97,0.1,21.61,11.24,7.35
2025-08-05 01:00:00,23.4,95,0.0,21.85,11.15,7.45
2025-08-05 02:00:00,24.4,90,0.0,22.31,10.95,7.79
2025-08-05 03:00:00,25.6,83,0.1,23.0,10.66,7.63
2025-08-05 04:00:00,27.4,72,0.1,24.02,10.23,7.75
2025-08-05 05:00:00,28.5,66,0.1,25.06,9.89,7.61
2025-08-05 06:00:00,29.1,63,0.1,25.97,9.65,7.61
2025-08-05 07:00:00,30.0,57,0.1,26.88,9.35,7.78
2025-08-05 08:00:00,30.0,57,0.1,27.52,9.22,7.5
2025-08-05 09:00:00,28.4,66,0.4,27.48,9.39,7.53
2025-08-05 10:00:00,28.2,66,0.0,27.4,9.41,7.54
2025-08-05 11:00:00,28.4,65,0.0,27.4,9.39,7.47
2025-08-05 12:00:00,27.5,68,0.3,27.13,9.5,7.35
2025-08-05 13:00:00,24.1,88,0.0,25.92,10.13,7.36
2025-08-05 14:00:00,23.7,92,0.0,24.95,10.42,7.33
2025-08-05 15:00:00,24.2,89,0.1,24.43,10.47,7.27
2025-08-05 16:00:00,24.4,88,0.2,24.12,10.52,7.05
2025-08-05 17:00:00,24.0,90,0.0,23.78,10.63,7.1
2025-08-05 18:00:00,23.7,87,0.0,23.46,10.64,7.24
2025-08-05 19:00:00,23.5,87,0.0,23.17,10.7,7.23
2025-08-05 20:00:00,23.1,87,0.0,22.85,10.77,7.03
2025-08-05 21:00:00,22.9,86,0.0,22.56,10.81,7.26
2025-08-05 22:00:00,22.6,86,0.0,22.28,10.88,7.09
2025-08-05 23:00:00,22.5,86,0.0,22.04,10.93,7.37
2025-08-06 00:00:00,22.4,84,0.0,21.85,10.93,7.63
2025-08-06 01:00:00,23.2,83,0.0,21.95,10.88,7.42
2025-08-06 02:00:00,24.5,78,0.0,22.42,10.68,7.5
2025-08-06 03:00:00,26.4,69,0.0,23.31,10.32,7.72
2025-08-06 04:00:00,28.6,59,0.0,24.6,9.85,7.52
2025-08-06 05:00:00,29.9,54,0.0,25.89,9.5,7.63
2025-08-06 06:00:00,30.7,52,0.0,27.03,9.23,7.75
2025-08-06 07:00:00,31.5,50,0.0,28.07,8.99,7.61
2025-08-06 08:00:00,32.1,49,0.0,28.98,8.79,7.61
2025-08-06 09:00:00,32.3,49,0.0,29.68,8.65,7.65
2025-08-06 10:00:00,32.3,49,0.0,30.16,8.55,7.55
2025-08-06 11:00:00,31.9,49,0.0,30.38,8.51,7.46
2025-08-06 12:00:00,30.2,56,0.4,30.03,8.7,7.3
2025-08-06 13:00:00,27.9,67,0.0,29.09,9.08,7.33
2025-08-06 14:00:00,26.6,73,0.0,28.04,9.4,7.22
2025-08-06 15:00:00,26.6,71,0.0,27.31,9.52,7.22
2025-08-06 16:00:00,26.0,72,0.0,26.62,9.68,7.08
2025-08-06 17:00:00,25.5,73,0.0,25.98,9.84,7.09
2025-08-06 18:00:00,25.1,77,0.0,25.42,10.03,7.01
2025-08-06 19:00:00,24.4,83,0.0,24.81,10.27,7.12
2025-08-06 20:00:00,24.6,77,0.0,24.45,10.23,7.07
2025-08-06 21:00:00,24.1,79,0.0,24.04,10.36,7.1
2025-08-06 22:00:00,24.0,81,0.0,23.73,10.46,7.3
2025-08-06 23:00:00,23.2,87,0.3,23.27,10.68,7.35
2025-08-07 00:00:00,22.8,91,0.1,22.83,10.86,7.5
2025-08-07 01:00:00,23.1,93,0.1,22.61,10.94,7.46
2025-08-07 02:00:00,23.8,90,0.0,22.67,10.87,7.62
2025-08-07 03:00:00,25.4,79,0.0,23.19,10.54,7.7
2025-08-07 04:00:00,27.8,68,0.0,24.27,10.1,7.72
2025-08-07 05:00:00,29.2,61,0.1,25.45,9.72,7.61
2025-08-07 06:00:00,30.5,55,0.0,26.66,9.36,7.71
2025-08-07 07:00:00,31.5,52,0.1,27.82,9.07,7.7
2025-08-07 08:00:00,32.2,49,0.0,28.83,8.82,7.63
2025-08-07 09:00:00,32.3,50,0.0,29.57,8.69,7.37
2025-08-07 10:00:00,32.2,49,0.0,30.06,8.57,7.53
2025-08-07 11:00:00,30.1,55,0.1,29.77,8.73,7.65
2025-08-07 12:00:00,28.3,63,0.3,29.03,9.02,7.31
2025-08-07 13:00:00,29.0,59,0.0,28.72,9.02,7.22
2025-08-07 14:00:00,28.2,63,0.0,28.26,9.18,7.26
2025-08-07 15:00:00,27.6,65,0.0,27.77,9.32,7.2
2025-08-07 16:00:00,26.4,70,0.1,27.06,9.56,7.24
2025-08-07 17:00:00,26.1,70,0.0,26.47,9.68,6.98
2025-08-07 18:00:00,23.5,91,0.7,25.28,10.33,7.14
2025-08-07 19:00:00,23.2,90,0.1,24.35,10.51,7.18
2025-08-07 20:00:00,22.8,93,0.0,23.59,10.73,7.15
2025-08-07 21:00:00,22.6,94,0.0,22.99,10.88,7.25
2025-08-07 22:00:00,22.5,95,0.0,22.54,11.0,7.39
2025-08-07 23:00:00,22.5,95,0.0,22.23,11.07,7.45
2025-08-08 00:00:00,22.5,95,0.0,22.01,11.12,7.33
2025-08-08 01:00:00,22.9,90,0.0,21.98,11.02,7.6
2025-08-08 02:00:00,23.6,86,0.7,22.16,10.9,7.54
2025-08-08 03:00:00,25.0,77,0.0,22.72,10.6,7.65
2025-08-08 04:00:00,27.0,68,0.0,23.7,10.21,7.69
2025-08-08 05:00:00,28.9,61,0.0,24.96,9.82,7.69
2025-08-08 06:00:00,30.5,57,0.0,26.32,9.47,7.82
2025-08-08 07:00:00,31.6,53,0.0,27.61,9.13,7.67
2025-08-08 08:00:00,32.0,51,0.0,28.62,8.89,7.52
2025-08-08 09:00:00,31.8,50,0.0,29.28,8.74,7.54
2025-08-08 10:00:00,24.9,86,9.3,27.66,9.72,7.36
2025-08-08 11:00:00,25.1,85,0.1,26.59,9.93,7.59
2025-08-08 12:00:00,25.6,79,0.4,26.0,9.95,7.43
2025-08-08 13:00:00,24.8,82,0.2,25.34,10.14,7.23
2025-08-08 14:00:00,24.0,89,0.3,24.64,10.43,7.49
2025-08-08 15:00:00,23.8,91,0.0,24.09,10.59,7.23
2025-08-08 16:00:00,23.6,91,0.0,23.64,10.68,7.29
2025-08-08 17:00:00,23.4,92,0.0,23.27,10.78,7.12
2025-08-08 18:00:00,23.1,93,0.0,22.92,10.88,7.18
2025-08-08 19:00:00,23.1,93,0.0,22.67,10.93,7.23
2025-08-08 20:00:00,22.8,94,0.0,22.41,11.01,7.3
2025-08-08 21:00:00,22.5,95,0.0,22.14,11.09,7.33
2025-08-08 22:00:00,22.2,97,0.0,21.86,11.19,7.38
2025-08-08 23:00:00,22.1,97,0.0,21.63,11.24,7.33
2025-08-09 00:00:00,22.0,96,0.0,21.44,11.26,7.39
2025-08-09 01:00:00,22.9,90,0.1,21.58,11.11,7.55
2025-08-09 02:00:00,23.0,93,0.8,21.7,11.14,7.64
2025-08-09 03:00:00,23.3,94,0.8,21.88,11.12,7.58
2025-08-09 04:00:00,24.7,87,0.3,22.43,10.86,7.78
2025-08-09 05:00:00,25.3,83,0.3,22.99,10.66,7.84
2025-08-09 06:00:00,26.2,78,0.5,23.65,10.42,7.6
2025-08-09 07:00:00,26.1,77,0.5,24.09,10.31,7.59
2025-08-09 08:00:00,26.1,79,0.6,24.39,10.29,7.62
2025-08-09 09:00:00,25.8,80,0.4,24.51,10.28,7.63
2025-08-09 10:00:00,28.8,64,0.2,25.5,9.77,7.49
2025-08-09 11:00:00,28.6,61,0.3,26.13,9.58,7.59
2025-08-09 12:00:00,25.7,76,0.6,25.7,9.95,7.41
2025-08-09 13:00:00,23.7,87,1.1,24.8,10.35,7.28
2025-08-09 14:00:00,23.3,92,1.2,24.05,10.61,7.06
2025-08-09 15:00:00,23.3,94,1.0,23.53,10.77,7.03
2025-08-09 16:00:00,23.1,95,0.4,23.1,10.88,7.17
2025-08-09 17:00:00,23.0,95,0.1,22.77,10.95,6.92
2025-08-09 18:00:00,23.0,95,0.2,22.54,11.0,7.22
2025-08-09 19:00:00,23.0,96,0.2,22.38,11.06,7.12
2025-08-09 20:00:00,23.0,96,0.2,22.26,11.08,7.49
2025-08-09 21:00:00,22.8,95,0.2,22.12,11.09,7.44
2025-08-09 22:00:00,22.5,95,0.2,21.94,11.13,7.26
2025-08-09 23:00:00,22.2,95,0.1,21.72,11.18,7.35
2025-08-10 00:00:00,22.1,95,0.1,21.53,11.22,7.54
2025-08-10 01:00:00,23.0,93,0.2,21.67,11.15,7.68
2025-08-10 02:00:00,23.4,91,0.1,21.89,11.06,7.42
2025-08-10 03:00:00,24.2,85,0.0,22.28,10.85,7.47
2025-08-10 04:00:00,26.5,73,0.0,23.25,10.41,7.63
2025-08-10 05:00:00,27.8,67,0.1,24.31,10.07,7.76
2025-08-10 06:00:00,29.2,61,0.0,25.48,9.71,7.75
2025-08-10 07:00:00,30.3,57,0.0,26.63,9.4,7.79
2025-08-10 08:00:00,31.0,53,0.0,27.64,9.13,7.52
2025-08-10 09:00:00,29.6,53,0.1,27.93,9.07,7.35
2025-08-10 10:00:00,28.7,56,0.1,27.86,9.14,7.61
2025-08-10 11:00:00,27.5,63,0.0,27.45,9.35,7.38
2025-08-10 12:00:00,25.7,72,0.1,26.63,9.68,7.18
2025-08-10 13:00:00,23.6,92,0.5,25.42,10.32,7.31
2025-08-10 14:00:00,23.5,93,0.3,24.54,10.52,7.32
2025-08-10 15:00:00,23.4,93,0.2,23.9,10.66,7.18
2025-08-10 16:00:00,23.2,93,0.3,23.39,10.78,7.1
2025-08-10 17:00:00,22.9,91,0.1,22.94,10.83,7.12
2025-08-10 18:00:00,22.4,90,0.0,22.48,10.91,7.1
2025-08-10 19:00:00,22.2,89,0.0,22.1,10.97,7.01
2025-08-10 20:00:00,22.1,88,0.0,21.8,11.02,7.11
2025-08-10 21:00:00,21.9,89,0.0,21.53,11.1,7.28
2025-08-10 22:00:00,21.5,91,0.0,21.22,11.21,7.33
2025-08-10 23:00:00,21.7,90,0.0,21.06,11.22,7.39
2025-08-11 00:00:00,21.5,93,0.4,20.89,11.32,7.32
2025-08-11 01:00:00,23.0,86,0.0,21.23,11.1,7.51
2025-08-11 02:00:00,24.0,80,0.0,21.76,10.86,7.37
2025-08-11 03:00:00,25.4,74,0.0,22.55,10.57,7.66
2025-08-11 04:00:00,26.5,69,0.0,23.44,10.29,7.83
2025-08-11 05:00:00,27.3,66,0.0,24.29,10.05,7.56
2025-08-11 06:00:00,27.9,62,0.0,25.08,9.81,7.65
2025-08-11 07:00:00,29.0,59,0.0,25.95,9.58,7.72
2025-08-11 08:00:00,29.5,55,0.0,26.72,9.35,7.78
2025-08-11 09:00:00,29.9,53,0.0,27.37,9.18,7.55
2025-08-11 10:00:00,30.2,51,0.0,27.92,9.03,7.46
2025-08-11 11:00:00,29.2,53,0.0,28.0,9.05,7.26
2025-08-11 12:00:00,28.2,57,0.0,27.76,9.17,7.39
2025-08-11 13:00:00,27.0,58,0.0,27.23,9.3,7.51
2025-08-11 14:00:00,25.7,64,0.0,26.47,9.57,7.27
2025-08-11 15:00:00,25.1,70,0.0,25.76,9.83,7.19
2025-08-11 16:00:00,24.7,73,0.0,25.14,10.01,7.18
2025-08-11 17:00:00,24.4,76,0.0,24.62,10.18,7.12
2025-08-11 18:00:00,24.1,77,0.0,24.16,10.29,7.04
2025-08-11 19:00:00,23.8,78,0.0,23.75,10.4,7.22
2025-08-11 20:00:00,23.5,78,0.0,23.38,10.48,7.19
2025-08-11 21:00:00,23.0,80,0.0,22.96,10.61,7.22
2025-08-11 22:00:00,22.8,81,0.0,22.62,10.7,7.19
2025-08-11 23:00:00,22.6,82,0.0,22.31,10.79,7.49
2025-08-12 00:00:00,22.9,81,0.0,22.19,10.79,7.5
2025-08-12 01:00:00,23.2,79,0.0,22.19,10.75,7.46
2025-08-12 02:00:00,23.5,79,0.0,22.28,10.73,7.69
2025-08-12 03:00:00,23.7,80,0.2,22.41,10.73,7.58
2025-08-12 04:00:00,25.2,73,0.1,22.95,10.47,7.6
2025-08-12 05:00:00,27.0,63,0.0,23.86,10.08,7.64
2025-08-12 06:00:00,28.0,59,0.0,24.8,9.81,7.53
2025-08-12 07:00:00,28.3,57,0.0,25.55,9.62,7.74
2025-08-12 08:00:00,28.4,56,0.0,26.11,9.49,7.48
2025-08-12 09:00:00,28.7,56,0.0,26.58,9.39,7.48
2025-08-12 10:00:00,29.5,53,0.0,27.16,9.22,7.33
2025-08-12 11:00:00,28.2,59,0.0,27.17,9.33,7.46
2025-08-12 12:00:00,27.0,63,0.0,26.82,9.48,7.38
2025-08-12 13:00:00,26.8,61,0.0,26.51,9.5,7.28
2025-08-12 14:00:00,25.9,65,0.0,26.03,9.68,7.15
2025-08-12 15:00:00,24.3,73,0.0,25.21,10.0,7.08
2025-08-12 16:00:00,23.6,75,0.0,24.43,10.2,7.2
2025-08-12 17:00:00,22.5,85,1.5,23.55,10.58,7.01
2025-08-12 18:00:00,22.5,84,0.1,22.93,10.69,7.15
2025-08-12 19:00:00,22.4,84,0.0,22.47,10.79,7.06
2025-08-12 20:00:00,22.5,85,0.1,22.18,10.88,7.19
2025-08-12 21:00:00,22.3,87,0.3,21.92,10.97,7.34
2025-08-12 22:00:00,21.7,93,0.7,21.55,11.17,7.31
2025-08-12 23:00:00,21.5,93,0.3,21.24,11.24,7.31
2025-08-13 00:00:00,21.5,93,0.4,21.02,11.29,7.45
2025-08-13 01:00:00,22.2,89,0.1,21.07,11.2,7.5
2025-08-13 02:00:00,22.0,93,0.7,21.05,11.28,7.56
2025-08-13 03:00:00,22.2,92,0.6,21.09,11.25,7.59
2025-08-13 04:00:00,24.1,82,0.1,21.7,10.92,7.68
2025-08-13 05:00:00,24.4,80,0.4,22.21,10.77,7.72
2025-08-13 06:00:00,24.4,83,0.5,22.57,10.75,7.6
2025-08-13 07:00:00,26.0,73,0.2,23.3,10.4,7.6
2025-08-13 08:00:00,26.7,67,0.0,24.02,10.13,7.54
2025-08-13 09:00:00,27.7,62,0.0,24.82,9.87,7.46
2025-08-13 10:00:00,27.8,60,0.0,25.42,9.71,7.43
2025-08-13 11:00:00,26.3,68,0.0,25.38,9.87,7.5
2025-08-13 12:00:00,25.5,72,0.0,25.12,10.0,7.32
2025-08-13 13:00:00,25.1,72,0.0,24.81,10.06,7.39
2025-08-13 14:00:00,24.5,73,0.0,24.42,10.16,7.27
2025-08-13 15:00:00,24.1,75,0.0,24.02,10.29,7.01
2025-08-13 16:00:00,23.8,79,0.0,23.66,10.44,7.23
2025-08-13 17:00:00,23.4,82,0.0,23.28,10.58,7.22
2025-08-13 18:00:00,23.0,84,0.0,22.9,10.7,7.03
2025-08-13 19:00:00,23.2,81,0.0,22.69,10.69,7.19
2025-08-13 20:00:00,22.9,81,0.0,22.45,10.74,7.09
2025-08-13 21:00:00,22.6,82,0.0,22.2,10.81,7.24
2025-08-13 22:00:00,22.5,82,0.0,21.99,10.86,7.16
2025-08-13 23:00:00,22.2,82,0.0,21.75,10.91,7.19
2025-08-14 00:00:00,22.0,83,0.0,21.53,10.97,7.41
2025-08-14 01:00:00,23.0,79,0.0,21.67,10.86,7.51
2025-08-14 02:00:00,23.5,78,0.0,21.92,10.79,7.55
2025-08-14 03:00:00,23.9,77,0.0,22.21,10.71,7.53
2025-08-14 04:00:00,25.5,69,0.0,22.9,10.4,7.65
2025-08-14 05:00:00,28.4,56,0.0,24.25,9.87,7.73
2025-08-14 06:00:00,29.5,52,0.0,25.52,9.53,7.7
2025-08-14 07:00:00,29.2,54,0.1,26.33,9.41,7.7
2025-08-14 08:00:00,29.6,54,0.0,27.01,9.27,7.58
2025-08-14 09:00:00,29.8,54,0.0,27.55,9.16,7.71
2025-08-14 10:00:00,28.5,58,0.3,27.53,9.24,7.4
2025-08-14 11:00:00,28.3,58,0.0,27.46,9.25,7.51
2025-08-14 12:00:00,27.5,60,0.0,27.17,9.35,7.51
2025-08-14 13:00:00,25.9,71,0.0,26.49,9.69,7.37
2025-08-14 14:00:00,25.1,73,0.0,25.77,9.88,7.23
2025-08-14 15:00:00,24.5,75,0.0,25.09,10.06,7.14
2025-08-14 16:00:00,24.1,76,0.0,24.49,10.21,7.26
2025-08-14 17:00:00,23.8,77,0.0,23.99,10.33,6.99
2025-08-14 18:00:00,23.4,79,0.0,23.51,10.47,7.03
2025-08-14 19:00:00,22.9,81,0.0,23.03,10.61,7.1
2025-08-14 20:00:00,22.5,82,0.0,22.57,10.73,7.3
2025-08-14 21:00:00,22.3,82,0.0,22.19,10.81,7.26
2025-08-14 22:00:00,22.4,82,0.0,21.95,10.86,7.19
2025-08-14 23:00:00,22.5,81,0.0,21.82,10.87,7.33
2025-08-15 00:00:00,22.6,80,0.0,21.75,10.86,7.38
2025-08-15 01:00:00,23.1,80,0.0,21.86,10.84,7.45
2025-08-15 02:00:00,24.4,75,0.0,22.32,10.64,7.68
2025-08-15 03:00:00,24.8,74,0.0,22.76,10.53,7.51
2025-08-15 04:00:00,25.3,71,0.0,23.22,10.37,7.85
2025-08-15 05:00:00,26.1,66,0.0,23.79,10.16,7.79
2025-08-15 06:00:00,28.4,58,0.0,24.87,9.78,7.82
2025-08-15 07:00:00,28.9,58,0.1,25.78,9.6,7.64
2025-08-15 08:00:00,29.0,58,0.5,26.45,9.46,7.61
2025-08-15 09:00:00,30.2,53,0.0,27.27,9.2,7.46
2025-08-15 10:00:00,29.9,52,0.0,27.76,9.08,7.48
2025-08-15 11:00:00,29.6,51,0.0,28.01,9.02,7.51
2025-08-15 12:00:00,26.8,66,0.1,27.35,9.42,7.51
2025-08-15 13:00:00,27.0,62,0.0,26.94,9.43,7.2
2025-08-15 14:00:00,26.1,66,0.0,26.39,9.62,7.21
2025-08-15 15:00:00,25.2,71,0.0,25.73,9.85,7.18
2025-08-15 16:00:00,25.0,72,0.0,25.21,9.98,7.01
2025-08-15 17:00:00,24.5,74,0.0,24.7,10.12,7.18
2025-08-15 18:00:00,23.9,77,0.0,24.16,10.3,7.05
2025-08-15 19:00:00,24.0,75,0.0,23.81,10.33,7.11
2025-08-15 20:00:00,23.7,75,0.0,23.48,10.4,7.12
2025-08-15 21:00:00,23.5,76,0.0,23.18,10.48,7.14
2025-08-15 22:00:00,23.2,77,0.0,22.89,10.56,7.28
2025-08-15 23:00:00,23.2,76,0.0,22.68,10.59,7.33
2025-08-16 00:00:00,23.2,76,0.0,22.54,10.62,7.4
2025-08-16 01:00:00,23.8,76,0.0,22.62,10.6,7.44
2025-08-16 02:00:00,24.5,74,0.0,22.88,10.5,7.61
2025-08-16 03:00:00,26.1,68,0.0,23.55,10.25,7.8
2025-08-16 04:00:00,27.7,61,0.0,24.49,9.91,7.69
2025-08-16 05:00:00,28.2,59,0.0,25.31,9.71,7.8
2025-08-16 06:00:00,29.6,54,0.0,26.29,9.42,7.56
2025-08-16 07:00:00,30.9,51,0.0,27.38,9.14,7.69
2025-08-16 08:00:00,29.7,55,0.8,27.77,9.14,7.49
2025-08-16 09:00:00,29.9,54,0.0,28.11,9.05,7.44
2025-08-16 10:00:00,28.8,60,0.7,28.02,9.18,7.41
2025-08-16 11:00:00,28.2,62,0.0,27.77,9.26,7.58
2025-08-16 12:00:00,27.2,64,0.0,27.3,9.4,7.48
2025-08-16 13:00:00,25.8,68,0.0,26.55,9.62,7.34
2025-08-16 14:00:00,24.9,74,0.0,25.76,9.9,7.1
2025-08-16 15:00:00,24.9,73,0.0,25.2,10.0,7.18
2025-08-16 16:00:00,24.6,74,0.0,24.72,10.12,7.18
2025-08-16 17:00:00,24.3,75,0.0,24.29,10.23,7.14
2025-08-16 18:00:00,24.0,76,0.0,23.91,10.33,6.94
2025-08-16 19:00:00,23.8,77,0.0,23.57,10.42,7.05
2025-08-16 20:00:00,23.5,78,0.0,23.25,10.51,7.16
2025-08-16 21:00:00,23.5,78,0.0,23.03,10.55,7.27
2025-08-16 22:00:00,23.5,78,0.0,22.87,10.59,7.06
2025-08-16 23:00:00,23.5,78,0.0,22.76,10.61,7.34
2025-08-17 00:00:00,23.2,79,0.0,22.59,10.67,7.45
2025-08-17 01:00:00,23.6,80,0.0,22.59,10.69,7.6
2025-08-17 02:00:00,24.1,80,0.0,22.75,10.65,7.65
2025-08-17 03:00:00,25.3,75,0.0,23.21,10.46,7.7
2025-08-17 04:00:00,26.4,69,0.0,23.87,10.2,7.6
2025-08-17 05:00:00,27.3,63,0.0,24.6,9.93,7.51
2025-08-17 06:00:00,28.4,59,0.0,25.44,9.68,7.67
2025-08-17 07:00:00,28.0,65,1.8,25.91,9.7,7.71
2025-08-17 08:00:00,28.6,59,0.1,26.41,9.48,7.79
2025-08-17 09:00:00,29.4,59,0.1,27.01,9.36,7.67
2025-08-17 10:00:00,27.5,68,1.0,26.86,9.56,7.53
2025-08-17 11:00:00,26.4,71,0.2,26.42,9.71,7.5
2025-08-17 12:00:00,24.7,82,0.4,25.6,10.09,7.32
2025-08-17 13:00:00,23.7,83,0.2,24.73,10.29,7.31
2025-08-17 14:00:00,23.0,90,0.7,23.91,10.6,7.4
2025-08-17 15:00:00,22.4,90,1.6,23.16,10.77,7.05
2025-08-17 16:00:00,21.9,91,1.6,22.48,10.93,7.26
2025-08-17 17:00:00,22.0,92,1.2,22.04,11.05,7.05
2025-08-17 18:00:00,22.0,92,1.1,21.73,11.12,7.22
2025-08-17 19:00:00,22.0,91,1.4,21.51,11.14,6.94
2025-08-17 20:00:00,21.9,91,0.9,21.33,11.18,7.19
2025-08-17 21:00:00,21.8,91,0.8,21.17,11.22,7.12
2025-08-17 22:00:00,21.7,91,0.5,21.03,11.25,7.13
2025-08-17 23:00:00,21.9,88,0.1,20.99,11.19,7.39
2025-08-18 00:00:00,22.0,85,0.0,20.99,11.13,7.55
2025-08-18 01:00:00,22.6,85,0.6,21.17,11.09,7.4
2025-08-18 02:00:00,23.2,83,0.5,21.48,10.98,7.41
2025-08-18 03:00:00,23.9,80,0.1,21.91,10.83,7.64
2025-08-18 04:00:00,25.5,71,0.0,22.69,10.49,7.68
2025-08-18 05:00:00,26.8,66,0.0,23.62,10.19,7.77
2025-08-18 06:00:00,27.1,63,0.0,24.36,9.98,7.81
2025-08-18 07:00:00,27.0,65,0.1,24.85,9.92,7.69
2025-08-18 08:00:00,27.6,62,0.0,25.38,9.75,7.85
2025-08-18 09:00:00,28.0,59,0.0,25.86,9.6,7.64
2025-08-18 10:00:00,26.6,64,0.2,25.79,9.71,7.5
2025-08-18 11:00:00,27.0,64,0.0,25.85,9.69,7.32
2025-08-18 12:00:00,25.0,71,0.1,25.29,9.94,7.37
2025-08-18 13:00:00,23.9,77,0.2,24.58,10.21,7.29
2025-08-18 14:00:00,23.8,78,0.0,24.04,10.34,7.37
2025-08-18 15:00:00,23.9,77,0.0,23.7,10.39,7.26
2025-08-18 16:00:00,23.9,75,0.0,23.46,10.4,7.05
2025-08-18 17:00:00,23.8,74,0.0,23.26,10.43,7.15
2025-08-18 18:00:00,23.4,74,0.0,23.0,10.48,7.2
2025-08-18 19:00:00,23.2,74,0.0,22.76,10.53,7.3
2025-08-18 20:00:00,22.9,74,0.0,22.5,10.58,7.26
2025-08-18 21:00:00,22.7,75,0.0,22.26,10.65,7.3
2025-08-18 22:00:00,22.5,76,0.0,22.03,10.72,7.3
2025-08-18 23:00:00,22.3,75,0.0,21.81,10.75,7.4
2025-08-19 00:00:00,22.1,75,0.0,21.6,10.79,7.57
2025-08-19 01:00:00,23.4,73,0.0,21.84,10.7,7.39
2025-08-19 02:00:00,23.9,73,0.0,22.16,10.64,7.55
2025-08-19 03:00:00,24.6,70,0.0,22.59,10.49,7.57
2025-08-19 04:00:00,26.1,64,0.0,23.34,10.21,7.72
2025-08-19 05:00:00,28.5,52,0.0,24.59,9.72,7.83
2025-08-19 06:00:00,29.2,49,0.0,25.67,9.45,7.64
2025-08-19 07:00:00,29.0,51,0.0,26.37,9.34,7.45
2025-08-19 08:00:00,29.8,48,0.0,27.1,9.14,7.61
2025-08-19 09:00:00,30.2,47,0.0,27.73,9.0,7.69
2025-08-19 10:00:00,29.6,49,0.0,27.99,8.98,7.58
2025-08-19 11:00:00,29.2,48,0.0,28.05,8.95,7.5
2025-08-19 12:00:00,28.0,54,0.0,27.74,9.12,7.35
2025-08-19 13:00:00,26.4,55,0.0,27.04,9.28,7.18
2025-08-19 14:00:00,25.7,56,0.0,26.34,9.44,7.3
2025-08-19 15:00:00,24.9,61,0.0,25.6,9.69,7.11
2025-08-19 16:00:00,24.4,66,0.0,24.94,9.92,7.37
2025-08-19 17:00:00,23.6,71,0.0,24.24,10.16,7.18
2025-08-19 18:00:00,23.1,75,0.0,23.6,10.37,7.07
2025-08-19 19:00:00,22.6,78,0.0,23.0,10.56,7.08
2025-08-19 20:00:00,22.2,80,0.0,22.46,10.71,7.17
2025-08-19 21:00:00,22.1,81,0.0,22.05,10.82,7.2
2025-08-19 22:00:00,22.2,81,0.0,21.8,10.88,7.4
2025-08-19 23:00:00,22.1,81,0.0,21.59,10.92,7.39
2025-08-20 00:00:00,21.9,83,0.0,21.38,11.01,7.37
2025-08-20 01:00:00,22.9,78,0.0,21.54,10.87,7.71
2025-08-20 02:00:00,23.9,74,0.0,21.95,10.7,7.6
2025-08-20 03:00:00,25.5,66,0.0,22.71,10.38,7.72
2025-08-20 04:00:00,27.3,58,0.0,23.79,10.0,7.62
2025-08-20 05:00:00,29.1,52,0.0,25.08,9.62,7.74
2025-08-20 06:00:00,30.5,47,0.0,26.41,9.26,7.73
2025-08-20 07:00:00,30.5,47,0.0,27.34,9.08,7.49
2025-08-20 08:00:00,30.7,47,0.0,28.04,8.94,7.84
2025-08-20 09:00:00,31.2,46,0.0,28.69,8.79,7.71
2025-08-20 10:00:00,31.0,48,0.4,29.08,8.75,7.45
2025-08-20 11:00:00,30.8,47,0.1,29.3,8.69,7.33
2025-08-20 12:00:00,29.2,53,0.0,28.97,8.86,7.41
2025-08-20 13:00:00,28.0,53,0.0,28.38,8.98,7.31
2025-08-20 14:00:00,26.9,57,0.0,27.63,9.2,7.27
2025-08-20 15:00:00,25.9,63,0.0,26.81,9.48,7.2
2025-08-20 16:00:00,25.1,68,0.0,26.0,9.74,7.19
2025-08-20 17:00:00,24.4,72,0.0,25.22,9.98,7.26
2025-08-20 18:00:00,23.6,75,0.0,24.43,10.2,7.17
2025-08-20 19:00:00,22.9,78,0.0,23.67,10.42,7.03
2025-08-20 20:00:00,22.5,79,0.0,23.02,10.58,7.31
2025-08-20 21:00:00,22.0,80,0.0,22.42,10.72,7.39
2025-08-20 22:00:00,21.8,82,0.0,21.93,10.87,7.61
2025-08-20 23:00:00,21.6,82,0.0,21.53,10.95,7.25
2025-08-21 00:00:00,21.5,83,0.0,21.22,11.04,7.47
2025-08-21 01:00:00,22.4,81,0.0,21.28,10.99,7.32
2025-08-21 02:00:00,23.8,76,0.0,21.73,10.79,7.65
2025-08-21 03:00:00,26.1,65,0.0,22.74,10.35,7.59
2025-08-21 04:00:00,27.6,60,0.0,23.9,10.02,7.87
2025-08-21 05:00:00,29.6,52,0.0,25.31,9.58,7.62
2025-08-21 06:00:00,30.9,50,0.0,26.69,9.26,7.52
2025-08-21 07:00:00,31.1,48,0.2,27.71,9.02,7.61
2025-08-21 08:00:00,31.1,51,0.3,28.43,8.93,7.42
2025-08-21 09:00:00,31.3,50,0.0,28.99,8.8,7.66
2025-08-21 10:00:00,31.5,50,0.0,29.44,8.71,7.31
2025-08-21 11:00:00,31.0,51,0.0,29.61,8.7,7.44
2025-08-21 12:00:00,30.0,53,0.0,29.43,8.77,7.16
2025-08-21 13:00:00,28.4,59,0.0,28.82,9.0,7.26
2025-08-21 14:00:00,27.0,64,0.0,27.97,9.26,7.39
2025-08-21 15:00:00,26.5,66,0.0,27.23,9.45,7.21
2025-08-21 16:00:00,26.0,69,0.0,26.56,9.64,7.05
2025-08-21 17:00:00,25.5,71,0.0,25.94,9.81,7.11
2025-08-21 18:00:00,25.1,74,0.0,25.39,9.98,7.11
2025-08-21 19:00:00,24.2,80,0.0,24.73,10.23,7.17
2025-08-21 20:00:00,23.4,84,0.0,24.03,10.46,7.02
2025-08-21 21:00:00,23.1,88,0.0,23.45,10.66,7.27
2025-08-21 22:00:00,23.3,85,0.0,23.11,10.68,7.01
2025-08-21 23:00:00,23.0,87,0.0,22.78,10.79,7.29
2025-08-22 00:00:00,22.7,89,0.0,22.45,10.9,7.39
2025-08-22 01:00:00,22.8,92,0.1,22.26,11.0,7.57
2025-08-22 02:00:00,24.0,86,0.1,22.48,10.83,7.58
2025-08-22 03:00:00,25.6,76,0.0,23.12,10.5,7.5
2025-08-22 04:00:00,26.9,71,0.0,23.95,10.22,7.58
2025-08-22 05:00:00,27.6,68,0.1,24.75,10.0,7.71
2025-08-22 06:00:00,29.5,60,0.0,25.87,9.61,7.69
2025-08-22 07:00:00,30.3,56,0.0,26.9,9.33,7.62
2025-08-22 08:00:00,31.1,50,0.0,27.86,9.03,7.59
2025-08-22 09:00:00,29.1,57,0.1,27.93,9.14,7.65
2025-08-22 10:00:00,30.7,50,0.0,28.46,8.91,7.47
2025-08-22 11:00:00,30.4,49,0.2,28.74,8.83,7.43
2025-08-22 12:00:00,28.6,60,0.7,28.4,9.1,7.55
2025-08-22 13:00:00,28.6,57,0.0,28.16,9.09,7.16
2025-08-22 14:00:00,27.5,62,0.0,27.66,9.29,7.05
2025-08-22 15:00:00,24.6,79,1.0,26.44,9.85,7.21
2025-08-22 16:00:00,23.5,88,0.5,25.26,10.27,7.05
2025-08-22 17:00:00,23.2,91,0.2,24.34,10.53,7.08
2025-08-22 18:00:00,22.1,92,2.1,23.37,10.76,6.96
2025-08-22 19:00:00,22.0,93,0.1,22.66,10.93,7.11
2025-08-22 20:00:00,21.7,96,0.0,22.07,11.12,7.34
2025-08-22 21:00:00,21.8,94,0.1,21.69,11.17,7.3
2025-08-22 22:00:00,21.7,95,0.1,21.39,11.25,7.37
2025-08-22 23:00:00,22.1,94,0.1,21.3,11.25,7.22
2025-08-23 00:00:00,22.0,94,0.1,21.21,11.27,7.33
2025-08-23 01:00:00,22.4,92,0.2,21.27,11.22,7.23
2025-08-23 02:00:00,22.9,88,0.0,21.46,11.09,7.51
2025-08-23 03:00:00,23.6,83,0.0,21.8,10.92,7.75
2025-08-23 04:00:00,25.0,76,0.0,22.46,10.63,7.75
2025-08-23 05:00:00,28.1,63,0.0,23.85,10.09,7.69
2025-08-23 06:00:00,29.9,53,0.0,25.37,9.58,7.7
2025-08-23 07:00:00,31.0,49,0.0,26.76,9.23,7.61
2025-08-23 08:00:00,31.0,45,0.0,27.73,8.96,7.66
2025-08-23 09:00:00,31.0,45,0.1,28.41,8.83,7.66
2025-08-23 10:00:00,30.9,46,0.0,28.86,8.76,7.36
2025-08-23 11:00:00,30.6,48,0.0,29.08,8.75,7.48
2025-08-23 12:00:00,29.6,51,0.0,28.94,8.83,7.46
2025-08-23 13:00:00,27.2,61,0.0,28.12,9.17,7.26
2025-08-23 14:00:00,26.6,62,0.0,27.36,9.35,7.31
2025-08-23 15:00:00,25.6,66,0.0,26.53,9.59,7.46
2025-08-23 16:00:00,25.1,67,0.0,25.8,9.76,7.13
2025-08-23 17:00:00,24.9,68,0.0,25.23,9.9,7.16
2025-08-23 18:00:00,24.5,72,0.0,24.71,10.08,7.04
2025-08-23 19:00:00,23.9,76,0.0,24.17,10.27,7.15
2025-08-23 20:00:00,23.5,79,0.0,23.67,10.44,7.21
2025-08-23 21:00:00,22.9,83,0.0,23.14,10.63,7.24
2025-08-23 22:00:00,22.5,85,0.0,22.65,10.78,7.18
2025-08-23 23:00:00,22.2,85,0.0,22.21,10.87,7.38
2025-08-24 00:00:00,22.0,85,0.0,21.85,10.95,7.59
2025-08-24 01:00:00,22.7,83,0.0,21.8,10.91,7.56
2025-08-24 02:00:00,24.0,79,0.0,22.16,10.76,7.68
2025-08-24 03:00:00,25.9,70,0.0,22.98,10.4,7.62
2025-08-24 04:00:00,27.6,62,0.0,24.07,10.02,7.75
2025-08-24 05:00:00,29.1,55,0.0,25.28,9.64,7.72
2025-08-24 06:00:00,30.4,50,0.0,26.51,9.3,7.6
2025-08-24 07:00:00,31.5,45,0.0,27.71,8.97,7.7
2025-08-24 08:00:00,32.3,41,0.0,28.79,8.68,7.53
2025-08-24 09:00:00,31.8,43,0.1,29.39,8.6,7.51
2025-08-24 10:00:00,31.5,45,0.0,29.72,8.57,7.53
2025-08-24 11:00:00,31.2,48,0.0,29.87,8.59,7.47
2025-08-24 12:00:00,29.7,54,0.4,29.52,8.77,7.22
2025-08-24 13:00:00,28.4,51,0.0,28.88,8.84,7.4
2025-08-24 14:00:00,26.9,57,0.0,27.99,9.13,7.29
2025-08-24 15:00:00,25.2,66,0.0,26.85,9.53,7.11
2025-08-24 16:00:00,24.3,71,0.0,25.79,9.84,6.99
2025-08-24 17:00:00,24.0,71,0.0,24.95,10.01,7.11
2025-08-24 18:00:00,24.1,69,0.0,24.39,10.09,7.07
2025-08-24 19:00:00,23.6,72,0.0,23.86,10.26,7.14
2025-08-24 20:00:00,23.2,74,0.0,23.36,10.4,7.13
2025-08-24 21:00:00,22.8,75,0.0,22.89,10.52,7.02
2025-08-24 22:00:00,22.1,78,0.0,22.35,10.7,7.25
2025-08-24 23:00:00,21.5,80,0.0,21.8,10.85,7.33
2025-08-25 00:00:00,21.0,83,0.0,21.26,11.03,7.51
2025-08-25 01:00:00,22.0,82,0.0,21.18,11.03,7.46
2025-08-25 02:00:00,23.2,77,0.0,21.49,10.86,7.76
2025-08-25 03:00:00,25.1,69,0.0,22.27,10.53,7.46
2025-08-25 04:00:00,27.3,60,0.0,23.48,10.1,7.82
2025-08-25 05:00:00,29.0,52,0.0,24.84,9.67,7.68
2025-08-25 06:00:00,30.2,47,0.0,26.14,9.31,7.78
2025-08-25 07:00:00,30.9,45,0.0,27.27,9.05,7.69
2025-08-25 08:00:00,31.5,44,0.0,28.24,8.84,7.75
2025-08-25 09:00:00,31.6,41,0.0,28.95,8.65,7.54
2025-08-25 10:00:00,30.9,44,0.0,29.23,8.65,7.41
2025-08-25 11:00:00,30.8,44,0.0,29.4,8.61,7.59
2025-08-25 12:00:00,29.5,49,0.0,29.13,8.76,7.36
2025-08-25 13:00:00,27.1,56,0.0,28.22,9.06,7.32
2025-08-25 14:00:00,25.7,63,0.0,27.17,9.41,7.36
2025-08-25 15:00:00,25.0,67,0.0,26.22,9.67,7.08
2025-08-25 16:00:00,24.5,69,0.0,25.4,9.88,7.21
2025-08-25 17:00:00,24.0,71,0.0,24.68,10.07,7.06
2025-08-25 18:00:00,23.4,75,0.0,24.0,10.29,7.11
2025-08-25 19:00:00,23.1,75,0.0,23.43,10.41,7.14
2025-08-25 20:00:00,22.9,75,0.0,22.97,10.51,7.02
2025-08-25 21:00:00,22.5,76,0.0,22.53,10.62,7.14
2025-08-25 22:00:00,22.5,78,0.0,22.22,10.72,7.42
2025-08-25 23:00:00,22.2,81,0.0,21.91,10.85,7.45
2025-08-26 00:00:00,21.9,84,0.0,21.61,10.98,7.44
2025-08-26 01:00:00,23.0,81,0.0,21.73,10.89,7.54
2025-08-26 02:00:00,24.2,77,0.0,22.17,10.72,7.56
2025-08-26 03:00:00,26.0,68,0.0,23.02,10.36,7.78
2025-08-26 04:00:00,27.7,59,0.0,24.12,9.95,7.66
2025-08-26 05:00:00,29.4,50,0.0,25.41,9.52,7.72
2025-08-26 06:00:00,30.4,44,0.0,26.6,9.17,7.81
2025-08-26 07:00:00,31.2,41,0.4,27.68,8.9,7.57
2025-08-26 08:00:00,30.5,45,0.3,28.23,8.86,7.77
2025-08-26 09:00:00,30.9,46,0.0,28.73,8.78,7.43
2025-08-26 10:00:00,31.2,44,0.0,29.17,8.66,7.68
2025-08-26 11:00:00,30.6,45,0.0,29.3,8.65,7.41
2025-08-26 12:00:00,29.8,47,0.0,29.15,8.72,7.34
2025-08-26 13:00:00,28.0,54,0.0,28.5,8.97,7.11
2025-08-26 14:00:00,27.1,56,0.0,27.78,9.15,7.19
2025-08-26 15:00:00,26.3,60,0.0,27.04,9.38,7.07
2025-08-26 16:00:00,25.5,65,0.0,26.28,9.62,7.08
2025-08-26 17:00:00,25.0,69,0.0,25.59,9.84,7.1
2025-08-26 18:00:00,24.4,74,0.0,24.94,10.07,7.21
2025-08-26 19:00:00,23.8,78,0.6,24.29,10.29,7.11
2025-08-26 20:00:00,23.4,79,0.0,23.73,10.43,7.19
2025-08-26 21:00:00,23.0,81,0.0,23.21,10.58,7.11
2025-08-26 22:00:00,23.0,81,0.0,22.85,10.65,7.19
2025-08-26 23:00:00,23.2,80,0.0,22.65,10.67,7.54
2025-08-27 00:00:00,22.9,81,0.0,22.43,10.74,7.36
2025-08-27 01:00:00,23.8,76,0.0,22.54,10.62,7.68
2025-08-27 02:00:00,24.6,72,0.0,22.86,10.47,7.56
2025-08-27 03:00:00,25.7,67,0.0,23.41,10.26,7.64
2025-08-27 04:00:00,27.2,59,0.0,24.25,9.93,7.78
2025-08-27 05:00:00,29.0,52,0.0,25.37,9.56,7.82
2025-08-27 06:00:00,30.2,49,0.0,26.52,9.28,7.68
2025-08-27 07:00:00,30.4,49,0.0,27.38,9.1,7.64
2025-08-27 08:00:00,30.6,49,0.0,28.05,8.97,7.63
2025-08-27 09:00:00,30.6,50,0.0,28.51,8.9,7.62
2025-08-27 10:00:00,24.9,85,6.6,27.13,9.82,7.47
2025-08-27 11:00:00,26.8,71,0.1,26.73,9.64,7.46
2025-08-27 12:00:00,25.6,77,0.5,26.09,9.89,7.43
2025-08-27 13:00:00,25.8,71,0.0,25.7,9.86,7.49
2025-08-27 14:00:00,24.6,78,0.1,25.07,10.12,7.29
2025-08-27 15:00:00,24.0,82,0.0,24.45,10.33,7.23
2025-08-27 16:00:00,24.3,79,0.0,24.11,10.35,7.01
2025-08-27 17:00:00,24.2,77,0.0,23.83,10.36,6.87
2025-08-27 18:00:00,23.9,79,0.0,23.55,10.46,7.16
2025-08-27 19:00:00,23.5,80,0.0,23.24,10.55,7.13
2025-08-27 20:00:00,22.3,90,1.5,22.66,10.87,7.05
2025-08-27 21:00:00,22.5,89,0.1,22.31,10.93,7.24
2025-08-27 22:00:00,22.5,88,0.0,22.07,10.96,7.28
2025-08-27 23:00:00,22.6,85,0.0,21.93,10.93,7.48
2025-08-28 00:00:00,22.7,84,0.0,21.86,10.92,7.45
2025-08-28 01:00:00,23.7,79,0.0,22.11,10.77,7.44
2025-08-28 02:00:00,24.6,76,0.0,22.56,10.61,7.68
2025-08-28 03:00:00,26.1,70,0.0,23.32,10.33,7.62
2025-08-28 04:00:00,28.3,61,0.0,24.51,9.91,7.73
2025-08-28 05:00:00,29.7,56,0.0,25.77,9.56,7.64
2025-08-28 06:00:00,30.9,53,0.0,27.01,9.25,7.62
2025-08-28 07:00:00,32.0,49,0.0,28.21,8.94,7.68
2025-08-28 08:00:00,27.5,66,0.7,27.69,9.35,7.6
2025-08-28 09:00:00,26.8,70,0.4,27.13,9.54,7.62
2025-08-28 10:00:00,28.6,61,0.0,27.27,9.35,7.51
2025-08-28 11:00:00,27.8,63,0.1,27.13,9.41,7.28
2025-08-28 12:00:00,26.8,67,0.0,26.73,9.57,7.35
2025-08-28 13:00:00,25.1,84,0.0,25.94,10.05,7.4
2025-08-28 14:00:00,24.4,84,0.0,25.18,10.21,7.23
2025-08-28 15:00:00,24.5,78,0.0,24.67,10.21,7.18
2025-08-28 16:00:00,24.2,78,0.0,24.23,10.3,7.26
2025-08-28 17:00:00,23.8,79,0.0,23.8,10.41,7.06
2025-08-28 18:00:00,23.6,79,0.0,23.44,10.49,6.97
2025-08-28 19:00:00,23.2,81,0.0,23.07,10.61,7.12
2025-08-28 20:00:00,22.9,85,0.5,22.72,10.76,7.09
2025-08-28 21:00:00,22.9,85,0.0,22.47,10.81,7.13
2025-08-28 22:00:00,23.0,83,0.0,22.33,10.8,7.27
2025-08-28 23:00:00,23.0,82,0.0,22.23,10.8,7.41
2025-08-29 00:00:00,23.1,82,0.0,22.19,10.81,7.44
2025-08-29 01:00:00,23.2,83,0.0,22.19,10.83,7.55
2025-08-29 02:00:00,24.1,78,0.0,22.47,10.67,7.77
2025-08-29 03:00:00,25.5,73,0.0,23.08,10.44,7.61
2025-08-29 04:00:00,27.0,65,0.0,23.95,10.1,7.71
2025-08-29 05:00:00,28.3,57,0.0,24.96,9.74,7.65
2025-08-29 06:00:00,29.5,49,0.0,26.02,9.38,7.62
2025-08-29 07:00:00,29.6,51,0.0,26.79,9.26,7.62
2025-08-29 08:00:00,30.0,48,0.0,27.46,9.07,7.6
2025-08-29 09:00:00,30.2,47,0.0,27.98,8.95,7.63
2025-08-29 10:00:00,30.1,47,0.0,28.32,8.88,7.76
2025-08-29 11:00:00,29.9,49,0.0,28.49,8.88,7.38
2025-08-29 12:00:00,29.0,53,0.0,28.34,8.98,7.33
2025-08-29 13:00:00,27.9,54,0.0,27.91,9.09,7.3
2025-08-29 14:00:00,26.8,59,0.0,27.28,9.31,7.28
2025-08-29 15:00:00,26.5,62,0.0,26.74,9.47,7.21
2025-08-29 16:00:00,25.6,69,0.0,26.1,9.74,7.27
2025-08-29 17:00:00,25.2,72,0.0,25.53,9.91,6.87
2025-08-29 18:00:00,24.5,77,0.0,24.92,10.13,6.87
2025-08-29 19:00:00,24.1,78,0.0,24.38,10.27,7.08
2025-08-29 20:00:00,23.6,80,0.0,23.84,10.42,7.27
2025-08-29 21:00:00,23.1,82,0.0,23.32,10.57,7.06
2025-08-29 22:00:00,22.8,83,0.0,22.86,10.69,6.98
2025-08-29 23:00:00,22.6,83,0.0,22.48,10.77,7.41
2025-08-30 00:00:00,22.6,83,0.0,22.22,10.83,7.46
2025-08-30 01:00:00,23.5,79,0.0,22.3,10.73,7.41
2025-08-30 02:00:00,24.9,74,0.0,22.78,10.53,7.48
2025-08-30 03:00:00,26.9,68,0.0,23.72,10.21,7.54
2025-08-30 04:00:00,28.5,61,0.0,24.85,9.84,7.68
2025-08-30 05:00:00,30.5,52,0.0,26.25,9.39,7.62
2025-08-30 06:00:00,31.1,50,0.0,27.4,9.12,7.74
2025-08-30 07:00:00,31.9,49,0.2,28.45,8.89,7.37
2025-08-30 08:00:00,32.6,47,0.0,29.4,8.67,7.54
2025-08-30 09:00:00,33.1,45,0.0,30.21,8.47,7.46
2025-08-30 10:00:00,30.8,52,0.3,30.09,8.62,7.46
2025-08-30 11:00:00,31.1,52,0.0,30.09,8.62,7.38
2025-08-30 12:00:00,28.2,66,2.1,29.22,9.04,7.36
2025-08-30 13:00:00,29.0,55,0.1,28.86,8.92,7.1
2025-08-30 14:00:00,27.6,60,0.0,28.18,9.14,7.23
2025-08-30 15:00:00,26.8,66,0.0,27.47,9.4,7.23
2025-08-30 16:00:00,25.9,70,0.0,26.7,9.63,7.32
2025-08-30 17:00:00,25.1,73,0.0,25.92,9.85,7.06
2025-08-30 18:00:00,24.6,75,0.0,25.22,10.03,7.14
2025-08-30 19:00:00,24.3,76,0.0,24.65,10.17,6.94
2025-08-30 20:00:00,23.9,78,0.0,24.12,10.32,6.92
2025-08-30 21:00:00,23.6,79,0.0,23.67,10.44,7.3
2025-08-30 22:00:00,23.4,80,0.0,23.29,10.54,7.28
2025-08-30 23:00:00,23.3,80,0.0,22.99,10.6,7.47
2025-08-31 00:00:00,23.2,81,0.0,22.75,10.67,7.3
2025-08-31 01:00:00,23.8,79,0.0,22.77,10.63,7.56
2025-08-31 02:00:00,24.7,75,0.0,23.05,10.49,7.77
2025-08-31 03:00:00,26.4,68,0.0,23.75,10.2,7.68
2025-08-31 04:00:00,28.3,59,0.0,24.82,9.81,7.7
2025-08-31 05:00:00,29.6,53,0.0,25.95,9.47,7.69
2025-08-31 06:00:00,31.0,49,0.0,27.17,9.15,7.53
2025-08-31 07:00:00,30.4,50,0.2,27.84,9.03,7.79
2025-08-31 08:00:00,32.1,47,0.5,28.82,8.78,7.54
2025-08-31 09:00:00,30.6,55,2.8,29.05,8.88,7.53
2025-08-31 10:00:00,30.4,52,0.1,29.16,8.8,7.35
2025-08-31 11:00:00,29.6,55,0.4,28.99,8.89,7.3
2025-08-31 12:00:00,28.1,61,0.0,28.42,9.11,7.52
2025-08-31 13:00:00,28.5,60,0.0,28.15,9.15,7.27
2025-08-31 14:00:00,26.2,70,0.2,27.26,9.51,7.37
2025-08-31 15:00:00,25.1,74,0.0,26.31,9.79,7.18
2025-08-31 16:00:00,25.0,75,0.0,25.62,9.95,6.96
2025-08-31 17:00:00,24.6,77,0.0,25.01,10.12,7.21
2025-08-31 18:00:00,24.5,77,0.0,24.56,10.21,7.06
2025-08-31 19:00:00,24.3,77,0.0,24.18,10.29,7.2
2025-08-31 20:00:00,23.9,78,0.0,23.8,10.39,7.16
2025-08-31 21:00:00,23.5,79,0.0,23.41,10.49,7.06
2025-08-31 22:00:00,23.4,79,0.0,23.11,10.56,7.3
2025-08-31 23:00:00,23.2,80,0.0,22.83,10.64,7.57
2025-09-01 00:00:00,23.3,78,0.0,22.67,10.63,7.48
2025-09-01 01:00:00,24.0,77,0.0,22.77,10.59,7.5
2025-09-01 02:00:00,25.0,73,0.0,23.14,10.43,7.69
2025-09-01 03:00:00,26.5,66,0.0,23.85,10.14,7.65
2025-09-01 04:00:00,28.4,58,0.0,24.91,9.77,7.69
2025-09-01 05:00:00,29.9,51,0.0,26.11,9.4,7.58
2025-09-01 06:00:00,31.1,46,0.0,27.31,9.07,7.71
2025-09-01 07:00:00,30.8,47,0.1,28.05,8.94,7.77
2025-09-01 08:00:00,31.3,46,0.0,28.73,8.78,7.55
2025-09-01 09:00:00,31.6,46,0.0,29.29,8.67,7.72
2025-09-01 10:00:00,30.4,49,0.1,29.32,8.72,7.5
2025-09-01 11:00:00,28.5,58,0.7,28.78,8.99,7.32
2025-09-01 12:00:00,27.5,62,0.0,28.09,9.2,7.48
2025-09-01 13:00:00,27.7,57,0.0,27.68,9.19,7.28
2025-09-01 14:00:00,26.6,63,0.0,27.05,9.43,7.32
2025-09-01 15:00:00,26.5,66,0.0,26.59,9.58,7.15
2025-09-01 16:00:00,25.9,67,0.0,26.08,9.7,7.13
2025-09-01 17:00:00,25.3,67,0.0,25.55,9.81,7.16
2025-09-01 18:00:00,24.5,70,0.0,24.93,10.0,7.14
2025-09-01 19:00:00,23.9,72,0.0,24.32,10.16,6.93
2025-09-01 20:00:00,23.4,74,0.0,23.75,10.32,7.05
2025-09-01 21:00:00,23.0,76,0.0,23.22,10.47,7.31
2025-09-01 22:00:00,22.9,76,0.0,22.83,10.56,7.27
2025-09-01 23:00:00,22.8,76,0.0,22.52,10.62,7.3
2025-09-02 00:00:00,22.4,79,0.0,22.18,10.75,7.3
2025-09-02 01:00:00,23.1,77,0.0,22.16,10.72,7.41
2025-09-02 02:00:00,24.5,72,0.0,22.56,10.53,7.38
2025-09-02 03:00:00,26.5,63,0.0,23.44,10.17,7.63
2025-09-02 04:00:00,28.0,56,0.0,24.51,9.81,7.61
2025-09-02 05:00:00,30.1,47,0.0,25.89,9.37,7.59
2025-09-02 06:00:00,31.6,43,0.0,27.3,9.01,7.68
2025-09-02 07:00:00,32.4,42,0.0,28.53,8.75,7.7
2025-09-02 08:00:00,33.2,40,0.0,29.63,8.5,7.83
2025-09-02 09:00:00,32.2,43,0.2,30.1,8.46,7.41
2025-09-02 10:00:00,31.2,46,0.1,30.13,8.51,7.62
2025-09-02 11:00:00,30.0,50,0.3,29.79,8.64,7.52
2025-09-02 12:00:00,27.6,63,0.0,28.83,9.06,7.29
2025-09-02 13:00:00,27.8,56,0.0,28.22,9.06,7.32
2025-09-02 14:00:00,26.8,63,0.0,27.5,9.34,7.19
2025-09-02 15:00:00,26.2,67,0.0,26.81,9.55,7.2
2025-09-02 16:00:00,25.6,68,0.0,26.15,9.71,7.29
2025-09-02 17:00:00,25.0,70,0.0,25.5,9.88,7.18
2025-09-02 18:00:00,24.5,71,0.0,24.9,10.02,7.16
2025-09-02 19:00:00,24.0,73,0.0,24.33,10.18,7.08
2025-09-02 20:00:00,23.6,75,0.0,23.81,10.33,7.01
2025-09-02 21:00:00,23.4,76,0.0,23.39,10.44,7.19
2025-09-02 22:00:00,23.4,76,0.0,23.09,10.5,7.4
2025-09-02 23:00:00,23.4,76,0.0,22.88,10.54,7.2
2025-09-03 00:00:00,23.4,76,0.0,22.74,10.57,7.33
2025-09-03 01:00:00,24.2,75,0.0,22.88,10.53,7.52
2025-09-03 02:00:00,25.2,71,0.0,23.27,10.36,7.48
2025-09-03 03:00:00,27.1,62,0.0,24.12,10.01,7.55
2025-09-03 04:00:00,29.5,52,0.0,25.44,9.55,7.62
2025-09-03 05:00:00,29.9,50,0.0,26.47,9.31,7.55
2025-09-03 06:00:00,30.4,49,0.0,27.35,9.11,7.59
2025-09-03 07:00:00,31.6,46,0.0,28.33,8.86,7.74
2025-09-03 08:00:00,31.0,50,2.8,28.83,8.83,7.39
2025-09-03 09:00:00,28.3,61,1.7,28.37,9.12,7.35
2025-09-03 10:00:00,28.8,56,0.0,28.2,9.07,7.47
2025-09-03 11:00:00,28.7,56,0.0,28.05,9.1,7.53
2025-09-03 12:00:00,27.9,60,0.0,27.7,9.24,7.36
2025-09-03 13:00:00,26.5,67,0.0,27.04,9.5,7.27
2025-09-03 14:00:00,25.3,75,0.0,26.22,9.82,7.25
2025-09-03 15:00:00,25.0,76,0.0,25.55,9.98,7.02
2025-09-03 16:00:00,25.0,75,0.0,25.09,10.06,7.2
2025-09-03 17:00:00,24.4,78,0.0,24.58,10.23,7.16
2025-09-03 18:00:00,24.0,80,0.0,24.11,10.37,7.08
2025-09-03 19:00:00,23.8,80,0.0,23.71,10.45,7.23
2025-09-03 20:00:00,23.5,80,0.0,23.35,10.53,7.05
2025-09-03 21:00:00,23.0,81,0.0,22.95,10.63,7.33
2025-09-03 22:00:00,22.9,82,0.0,22.63,10.72,7.3
2025-09-03 23:00:00,22.7,82,0.0,22.35,10.78,7.33
2025-09-04 00:00:00,22.6,82,0.0,22.13,10.83,7.44
2025-09-04 01:00:00,23.4,80,0.0,22.21,10.77,7.5
2025-09-04 02:00:00,24.6,75,0.0,22.63,10.58,7.71
2025-09-04 03:00:00,26.9,64,0.0,23.61,10.15,7.53
2025-09-04 04:00:00,28.9,56,0.0,24.9,9.74,7.59
2025-09-04 05:00:00,30.4,50,0.0,26.25,9.35,7.79
2025-09-04 06:00:00,31.4,45,0.0,27.49,9.01,7.63
2025-09-04 07:00:00,30.6,49,0.0,28.13,8.96,7.76
2025-09-04 08:00:00,31.6,45,0.0,28.87,8.74,7.8
2025-09-04 09:00:00,31.5,44,0.0,29.36,8.62,7.54
2025-09-04 10:00:00,30.8,47,0.0,29.49,8.65,7.58
2025-09-04 11:00:00,30.5,48,0.0,29.49,8.67,7.33
2025-09-04 12:00:00,29.6,51,0.0,29.23,8.77,7.44
2025-09-04 13:00:00,28.6,56,0.0,28.74,8.96,7.31
2025-09-04 14:00:00,27.5,61,0.0,28.07,9.18,7.28
2025-09-04 15:00:00,27.0,64,0.0,27.45,9.37,7.11
2025-09-04 16:00:00,26.5,64,0.0,26.86,9.49,6.97
2025-09-04 17:00:00,25.8,68,0.0,26.24,9.69,7.16
2025-09-04 18:00:00,25.0,72,0.0,25.57,9.9,6.9
2025-09-04 19:00:00,24.3,76,0.0,24.89,10.12,7.09
2025-09-04 20:00:00,23.6,81,0.0,24.2,10.36,7.25
2025-09-04 21:00:00,23.1,82,0.0,23.57,10.52,7.23
2025-09-04 22:00:00,22.9,82,0.0,23.07,10.63,7.47
2025-09-04 23:00:00,22.6,83,0.0,22.63,10.74,7.46
2025-09-05 00:00:00,22.4,84,0.0,22.26,10.84,7.37
2025-09-05 01:00:00,23.4,80,0.0,22.3,10.75,7.52
2025-09-05 02:00:00,24.5,76,0.0,22.66,10.59,7.58
2025-09-05 03:00:00,26.5,66,0.0,23.51,10.21,7.48
2025-09-05 04:00:00,29.0,54,0.0,24.86,9.71,7.58
2025-09-05 05:00:00,30.8,47,0.1,26.34,9.28,7.62
2025-09-05 06:00:00,31.8,44,0.2,27.68,8.96,7.47
2025-09-05 07:00:00,32.8,41,0.1,28.92,8.66,7.66
2025-09-05 08:00:00,32.8,42,0.0,29.78,8.51,7.6
2025-09-05 09:00:00,32.6,45,0.1,30.33,8.45,7.39
2025-09-05 10:00:00,32.7,43,0.0,30.74,8.33,7.54
2025-09-05 11:00:00,32.2,44,0.0,30.88,8.32,7.5
2025-09-05 12:00:00,31.4,45,0.0,30.73,8.37,7.38
2025-09-05 13:00:00,30.0,48,0.0,30.21,8.52,7.25
2025-09-05 14:00:00,28.7,53,0.0,29.46,8.76,7.27
2025-09-05 15:00:00,27.8,58,0.0,28.66,9.01,7.23
2025-09-05 16:00:00,26.8,65,0.0,27.8,9.31,7.15
2025-09-05 17:00:00,26.0,68,0.0,26.96,9.54,7.02
2025-09-05 18:00:00,25.2,72,0.0,26.13,9.79,7.13
2025-09-05 19:00:00,24.6,75,0.0,25.37,10.0,7.24
2025-09-05 20:00:00,24.0,78,0.0,24.66,10.21,7.09
2025-09-05 21:00:00,23.5,80,0.0,24.01,10.39,7.42
2025-09-05 22:00:00,23.0,82,0.0,23.41,10.55,7.22
2025-09-05 23:00:00,22.6,84,0.0,22.87,10.71,7.36
2025-09-06 00:00:00,22.4,85,0.0,22.43,10.82,7.37
2025-09-06 01:00:00,23.5,80,0.0,22.45,10.72,7.54
2025-09-06 02:00:00,24.9,74,0.0,22.88,10.5,7.41
2025-09-06 03:00:00,27.0,65,0.0,23.82,10.13,7.58
2025-09-06 04:00:00,29.5,55,0.0,25.22,9.65,7.56
2025-09-06 05:00:00,31.7,45,0.0,26.87,9.13,7.69
2025-09-06 06:00:00,32.7,43,0.0,28.32,8.81,7.78
2025-09-06 07:00:00,30.9,47,0.3,28.79,8.79,7.71
2025-09-06 08:00:00,31.2,49,0.1,29.21,8.74,7.38
2025-09-06 09:00:00,32.7,44,0.0,29.96,8.5,7.78
2025-09-06 10:00:00,32.8,43,0.0,30.51,8.38,7.53
2025-09-06 11:00:00,32.2,44,0.0,30.72,8.35,7.35
2025-09-06 12:00:00,31.2,44,0.0,30.56,8.39,7.37
2025-09-06 13:00:00,30.0,48,0.0,30.09,8.55,7.3
2025-09-06 14:00:00,29.0,53,0.0,29.47,8.76,7.15
2025-09-06 15:00:00,28.6,56,0.0,28.91,8.92,7.18
2025-09-06 16:00:00,26.6,66,0.0,27.91,9.31,7.06
2025-09-06 17:00:00,23.5,89,2.4,26.29,10.07,6.97
2025-09-06 18:00:00,23.6,89,0.3,25.18,10.31,7.02
2025-09-06 19:00:00,23.5,87,0.0,24.38,10.44,6.98
2025-09-06 20:00:00,23.0,87,0.0,23.66,10.6,7.18
2025-09-06 21:00:00,23.0,85,0.0,23.17,10.66,7.27
2025-09-06 22:00:00,23.0,85,0.0,22.82,10.74,7.33
2025-09-06 23:00:00,23.0,86,0.0,22.57,10.81,7.44
2025-09-07 00:00:00,22.9,86,0.0,22.37,10.86,7.47
2025-09-07 01:00:00,24.2,80,0.0,22.62,10.68,7.46
2025-09-07 02:00:00,24.9,76,0.0,23.0,10.52,7.66
2025-09-07 03:00:00,26.1,70,0.0,23.63,10.27,7.5
2025-09-07 04:00:00,27.8,61,0.0,24.58,9.9,7.58
2025-09-07 05:00:00,29.5,53,0.0,25.76,9.51,7.6
2025-09-07 06:00:00,31.5,45,0.0,27.18,9.07,7.8
2025-09-07 07:00:00,32.9,41,0.2,28.6,8.72,7.74
2025-09-07 08:00:00,33.7,39,0.1,29.83,8.44,7.66
2025-09-07 09:00:00,33.5,40,0.0,30.63,8.3,7.67
2025-09-07 10:00:00,31.6,45,0.6,30.62,8.39,7.38
2025-09-07 11:00:00,30.4,50,0.3,30.25,8.55,7.45
2025-09-07 12:00:00,30.0,51,0.0,29.88,8.64,7.35
2025-09-07 13:00:00,30.5,45,0.0,29.76,8.56,7.37
2025-09-07 14:00:00,29.0,50,0.1,29.24,8.75,7.2
2025-09-07 15:00:00,28.0,58,0.1,28.56,9.03,7.12
2025-09-07 16:00:00,25.5,73,1.1,27.35,9.55,7.12
2025-09-07 17:00:00,23.5,96,1.6,25.89,10.29,7.12
2025-09-07 18:00:00,23.5,95,0.1,24.87,10.49,7.04
2025-09-07 19:00:00,23.4,94,0.0,24.13,10.63,7.12
2025-09-07 20:00:00,23.6,85,0.0,23.67,10.56,7.06
2025-09-07 21:00:00,23.4,81,0.0,23.29,10.56,6.97
2025-09-07 22:00:00,22.9,83,0.0,22.87,10.69,7.3
2025-09-07 23:00:00,22.5,84,0.0,22.46,10.8,7.42
2025-09-08 00:00:00,22.1,86,0.0,22.05,10.92,7.47
2025-09-08 01:00:00,23.6,81,0.0,22.22,10.79,7.32
2025-09-08 02:00:00,24.8,74,0.0,22.69,10.54,7.55
2025-09-08 03:00:00,26.9,64,0.0,23.65,10.15,7.41
2025-09-08 04:00:00,29.5,51,0.0,25.11,9.6,7.81
2025-09-08 05:00:00,31.4,42,0.0,26.7,9.11,7.57
2025-09-08 06:00:00,32.5,37,0.0,28.14,8.74,7.8
2025-09-08 07:00:00,34.2,34,0.0,29.66,8.39,7.75
2025-09-08 08:00:00,34.7,33,0.0,30.87,8.14,7.52
2025-09-08 09:00:00,34.7,32,0.0,31.72,7.96,7.44
2025-09-08 10:00:00,34.6,32,0.0,32.28,7.85,7.52
2025-09-08 11:00:00,33.9,34,0.0,32.47,7.85,7.33
2025-09-08 12:00:00,31.8,41,0.1,31.97,8.06,7.34
2025-09-08 13:00:00,30.9,42,0.0,31.35,8.2,7.22
2025-09-08 14:00:00,29.9,47,0.0,30.61,8.43,7.03
2025-09-08 15:00:00,28.8,52,0.0,29.77,8.68,6.93
2025-09-08 16:00:00,27.9,56,0.0,28.91,8.92,7.13
2025-09-08 17:00:00,26.8,61,0.0,27.98,9.2,7.03
2025-09-08 18:00:00,26.5,60,0.0,27.23,9.34,7.03
2025-09-08 19:00:00,26.1,63,0.0,26.59,9.52,7.17
2025-09-08 20:00:00,25.6,65,0.0,26.0,9.68,7.26
2025-09-08 21:00:00,25.4,67,0.0,25.52,9.82,7.17
2025-09-08 22:00:00,24.4,72,0.0,24.88,10.05,7.23
2025-09-08 23:00:00,24.1,73,0.0,24.35,10.18,7.39
2025-09-09 00:00:00,23.5,76,0.0,23.79,10.35,7.29
2025-09-09 01:00:00,24.5,73,0.0,23.71,10.31,7.52
2025-09-09 02:00:00,25.5,69,0.0,23.94,10.18,7.63
2025-09-09 03:00:00,27.9,60,0.0,24.83,9.83,7.69
2025-09-09 04:00:00,30.1,50,0.0,26.11,9.38,7.47
2025-09-09 05:00:00,31.6,44,0.0,27.46,9.0,7.6
2025-09-09 06:00:00,32.8,40,0.1,28.76,8.67,7.58
2025-09-09 07:00:00,33.1,39,0.4,29.76,8.46,7.64
2025-09-09 08:00:00,33.5,40,0.5,30.58,8.31,7.63
2025-09-09 09:00:00,33.5,41,0.2,31.16,8.22,7.7
2025-09-09 10:00:00,33.3,41,0.0,31.5,8.15,7.45
2025-09-09 11:00:00,32.9,41,0.0,31.62,8.13,7.37
2025-09-09 12:00:00,30.8,47,0.0,31.07,8.33,7.46
2025-09-09 13:00:00,30.2,47,0.0,30.51,8.45,7.31
2025-09-09 14:00:00,28.8,55,0.1,29.7,8.75,7.33
2025-09-09 15:00:00,27.5,65,0.0,28.74,9.12,7.19
2025-09-09 16:00:00,27.0,64,0.0,27.92,9.27,7.01
2025-09-09 17:00:00,26.3,67,0.0,27.13,9.49,6.97
2025-09-09 18:00:00,25.8,69,0.1,26.43,9.67,6.93
2025-09-09 19:00:00,25.1,78,0.3,25.73,9.98,7.16
2025-09-09 20:00:00,24.8,81,0.1,25.15,10.16,7.26
2025-09-09 21:00:00,24.6,78,0.0,24.69,10.2,7.39
2025-09-09 22:00:00,23.9,82,0.1,24.15,10.4,7.35
2025-09-09 23:00:00,23.5,85,0.1,23.66,10.56,7.45
2025-09-10 00:00:00,23.1,89,0.1,23.19,10.74,7.36
2025-09-10 01:00:00,22.6,91,0.1,22.71,10.88,7.39
2025-09-10 02:00:00,24.0,84,0.0,22.8,10.72,7.67
2025-09-10 03:00:00,26.0,71,0.0,23.46,10.32,7.68
2025-09-10 04:00:00,28.6,58,0.0,24.7,9.81,7.68
2025-09-10 05:00:00,30.5,50,0.0,26.14,9.37,7.73
2025-09-10 06:00:00,31.2,47,0.1,27.36,9.07,7.71
2025-09-10 07:00:00,32.0,45,0.1,28.45,8.82,7.79
2025-09-10 08:00:00,33.2,41,0.0,29.58,8.53,7.75
2025-09-10 09:00:00,31.8,44,0.4,29.94,8.51,7.6
2025-09-10 10:00:00,29.4,58,0.4,29.48,8.84,7.57
2025-09-10 11:00:00,29.6,54,0.0,29.22,8.83,7.5
2025-09-10 12:00:00,29.2,56,0.1,28.91,8.92,7.32
2025-09-10 13:00:00,27.8,60,0.0,28.28,9.12,7.38
2025-09-10 14:00:00,25.5,77,1.8,27.14,9.67,7.02
2025-09-10 15:00:00,24.0,84,0.1,25.9,10.06,7.29
2025-09-10 16:00:00,22.9,90,6.5,24.7,10.43,6.87
2025-09-10 17:00:00,23.0,94,2.2,23.89,10.69,7.07
2025-09-10 18:00:00,22.9,94,2.3,23.29,10.82,6.95
2025-09-10 19:00:00,22.8,93,1.8,22.85,10.89,7.11
2025-09-10 20:00:00,22.5,94,1.7,22.44,11.0,7.09
2025-09-10 21:00:00,22.2,92,0.5,22.07,11.04,7.04
2025-09-10 22:00:00,22.2,92,0.0,21.81,11.1,7.33
2025-09-10 23:00:00,22.2,91,0.0,21.63,11.12,7.31
2025-09-11 00:00:00,22.2,90,0.0,21.5,11.12,7.53
2025-09-11 01:00:00,22.6,90,0.0,21.53,11.12,7.52
2025-09-11 02:00:00,24.4,79,0.0,22.09,10.77,7.63
2025-09-11 03:00:00,26.5,67,0.0,23.11,10.32,7.55
2025-09-11 04:00:00,29.0,55,0.0,24.58,9.78,7.62
2025-09-11 05:00:00,30.6,49,0.0,26.09,9.36,7.64
2025-09-11 06:00:00,31.9,46,0.0,27.53,9.02,7.77
2025-09-11 07:00:00,32.7,44,0.0,28.78,8.74,7.83
2025-09-11 08:00:00,32.5,43,0.0,29.6,8.56,7.54
2025-09-11 09:00:00,32.2,44,0.0,30.08,8.48,7.68
2025-09-11 10:00:00,32.3,43,0.0,30.44,8.39,7.29
2025-09-11 11:00:00,31.8,44,0.0,30.55,8.39,7.31
2025-09-11 12:00:00,30.1,47,0.0,30.12,8.53,7.26
2025-09-11 13:00:00,28.5,54,0.0,29.33,8.8,7.15
2025-09-11 14:00:00,27.9,55,0.0,28.6,8.97,7.07
2025-09-11 15:00:00,26.7,60,0.0,27.73,9.23,7.21
2025-09-11 16:00:00,26.0,66,0.0,26.91,9.51,7.11
2025-09-11 17:00:00,25.4,67,0.0,26.16,9.69,7.15
2025-09-11 18:00:00,25.0,70,0.0,25.51,9.88,7.17
2025-09-11 19:00:00,24.6,71,0.0,24.94,10.02,7.15
2025-09-11 20:00:00,24.3,73,0.0,24.45,10.16,7.22
2025-09-11 21:00:00,24.1,74,0.0,24.04,10.26,7.2
2025-09-11 22:00:00,24.1,73,0.0,23.76,10.3,7.15
2025-09-11 23:00:00,23.8,74,0.0,23.47,10.38,7.45
2025-09-12 00:00:00,23.5,76,0.0,23.18,10.48,7.37
2025-09-12 01:00:00,23.9,77,0.0,23.1,10.52,7.41
2025-09-12 02:00:00,25.1,72,0.0,23.4,10.36,7.56
2025-09-12 03:00:00,26.8,63,0.0,24.12,10.03,7.54
2025-09-12 04:00:00,28.5,53,0.0,25.13,9.63,7.63
2025-09-12 05:00:00,30.0,45,0.0,26.29,9.25,7.72
2025-09-12 06:00:00,30.9,43,0.0,27.38,9.0,7.72
2025-09-12 07:00:00,32.1,39,0.0,28.49,8.71,7.58
2025-09-12 08:00:00,32.5,39,0.0,29.39,8.53,7.58
2025-09-12 09:00:00,32.9,39,0.0,30.15,8.38,7.68
2025-09-12 10:00:00,32.5,40,0.0,30.55,8.32,7.55
2025-09-12 11:00:00,31.8,42,0.0,30.63,8.34,7.64
2025-09-12 12:00:00,30.6,44,0.0,30.32,8.43,7.47
2025-09-12 13:00:00,28.8,48,0.0,29.56,8.65,7.4
2025-09-12 14:00:00,27.8,53,0.0,28.73,8.91,7.08
2025-09-12 15:00:00,26.3,59,0.0,27.7,9.22,7.25
2025-09-12 16:00:00,25.2,65,0.0,26.65,9.55,7.13
2025-09-12 17:00:00,24.5,69,0.0,25.71,9.82,7.06
2025-09-12 18:00:00,23.9,72,0.0,24.86,10.05,7.13
2025-09-12 19:00:00,23.2,75,0.0,24.07,10.28,7.22
2025-09-12 20:00:00,22.6,79,0.0,23.33,10.51,7.22
2025-09-12 21:00:00,22.5,79,0.0,22.78,10.63,7.13
2025-09-12 22:00:00,22.9,75,0.0,22.51,10.6,7.36
2025-09-12 23:00:00,22.8,73,0.0,22.3,10.61,7.3
2025-09-13 00:00:00,22.1,76,0.0,21.94,10.74,7.46
2025-09-13 01:00:00,22.8,81,0.0,21.9,10.85,7.49
2025-09-13 02:00:00,24.4,74,0.0,22.35,10.62,7.56
2025-09-13 03:00:00,26.6,66,0.0,23.32,10.25,7.72
2025-09-13 04:00:00,28.6,56,0.0,24.61,9.79,7.57
2025-09-13 05:00:00,30.3,48,0.0,26.01,9.36,7.88
2025-09-13 06:00:00,31.5,44,0.1,27.36,9.02,7.5
2025-09-13 07:00:00,32.6,42,0.0,28.63,8.73,7.6
2025-09-13 08:00:00,33.2,39,0.0,29.7,8.47,7.66
2025-09-13 09:00:00,33.3,37,0.0,30.48,8.28,7.63
2025-09-13 10:00:00,33.5,37,0.0,31.09,8.16,7.49
2025-09-13 11:00:00,32.6,36,0.0,31.24,8.12,7.42
2025-09-13 12:00:00,31.5,39,0.0,31.02,8.21,7.39
2025-09-13 13:00:00,28.0,46,0.0,29.81,8.57,7.26
2025-09-13 14:00:00,27.3,49,0.0,28.76,8.83,7.36
2025-09-13 15:00:00,26.3,55,0.0,27.72,9.15,7.25
2025-09-13 16:00:00,25.0,63,0.0,26.61,9.52,7.22
2025-09-13 17:00:00,24.1,69,0.0,25.55,9.85,7.02
2025-09-13 18:00:00,24.2,66,0.0,24.85,9.94,7.1
2025-09-13 19:00:00,24.2,68,0.0,24.35,10.08,7.1
2025-09-13 20:00:00,23.5,76,0.0,23.8,10.35,7.06
2025-09-13 21:00:00,23.1,79,0.0,23.29,10.52,7.25
2025-09-13 22:00:00,22.9,80,0.0,22.87,10.63,7.23
2025-09-13 23:00:00,22.5,82,0.0,22.46,10.75,7.42
2025-09-14 00:00:00,22.1,83,0.0,22.05,10.86,7.33
2025-09-14 01:00:00,22.8,81,0.0,21.98,10.84,7.69
2025-09-14 02:00:00,24.4,74,0.0,22.4,10.61,7.5
2025-09-14 03:00:00,26.6,64,0.0,23.36,10.21,7.66
2025-09-14 04:00:00,29.0,52,0.0,24.75,9.69,7.75
2025-09-14 05:00:00,30.8,45,0.0,26.27,9.25,7.63
2025-09-14 06:00:00,32.2,40,0.0,27.75,8.87,7.77
2025-09-14 07:00:00,33.3,36,0.0,29.11,8.53,7.54
2025-09-14 08:00:00,33.5,34,0.0,30.13,8.3,7.76
2025-09-14 09:00:00,34.0,32,0.0,30.99,8.1,7.56
2025-09-14 10:00:00,34.0,31,0.0,31.59,7.97,7.43
2025-09-14 11:00:00,32.4,35,0.0,31.54,8.04,7.39
2025-09-14 12:00:00,31.8,38,0.0,31.31,8.14,7.43
2025-09-14 13:00:00,29.4,44,0.0,30.44,8.41,7.22
2025-09-14 14:00:00,28.1,50,0.0,29.44,8.71,7.14
2025-09-14 15:00:00,27.1,54,0.0,28.44,8.98,7.14
2025-09-14 16:00:00,26.4,57,0.0,27.53,9.22,7.01
2025-09-14 17:00:00,26.0,61,0.0,26.77,9.45,7.28
2025-09-14 18:00:00,24.9,71,0.0,25.91,9.81,7.04
2025-09-14 19:00:00,24.3,75,0.0,25.13,10.05,7.2
2025-09-14 20:00:00,23.9,78,0.0,24.46,10.25,7.18
2025-09-14 21:00:00,23.5,80,0.0,23.87,10.42,7.11
2025-09-14 22:00:00,23.2,82,0.0,23.37,10.56,7.28
2025-09-14 23:00:00,23.0,83,0.0,22.96,10.67,7.43
2025-09-15 00:00:00,22.8,83,0.0,22.61,10.74,7.42
2025-09-15 01:00:00,23.8,78,0.0,22.67,10.63,7.63
2025-09-15 02:00:00,24.8,73,0.0,23.01,10.46,7.68
2025-09-15 03:00:00,27.3,62,0.0,24.0,10.04,7.72
2025-09-15 04:00:00,29.6,52,0.0,25.38,9.56,7.62
2025-09-15 05:00:00,31.0,47,0.0,26.76,9.19,7.57
2025-09-15 06:00:00,32.8,41,0.0,28.27,8.78,7.62
2025-09-15 07:00:00,33.3,40,0.0,29.48,8.53,7.67
2025-09-15 08:00:00,33.7,40,0.0,30.45,8.34,7.67
2025-09-15 09:00:00,33.6,41,0.0,31.09,8.23,7.34
2025-09-15 10:00:00,33.5,41,0.0,31.52,8.15,7.49
2025-09-15 11:00:00,28.9,61,0.9,30.43,8.7,7.4
2025-09-15 12:00:00,28.8,61,0.2,29.64,8.86,7.32
2025-09-15 13:00:00,29.0,54,0.1,29.15,8.84,7.41
2025-09-15 14:00:00,26.9,66,0.3,28.17,9.25,7.25
2025-09-15 15:00:00,26.4,69,0.1,27.34,9.48,7.3
2025-09-15 16:00:00,25.5,71,0.0,26.49,9.69,7.11
2025-09-15 17:00:00,25.4,73,0.0,25.86,9.86,7.21
2025-09-15 18:00:00,24.9,75,0.0,25.27,10.02,7.27
2025-09-15 19:00:00,22.3,94,4.1,24.08,10.64,7.13
2025-09-15 20:00:00,22.5,93,0.8,23.31,10.79,7.01
2025-09-15 21:00:00,22.2,93,1.4,22.68,10.93,7.13
2025-09-15 22:00:00,22.3,95,0.4,22.26,11.06,7.23
2025-09-15 23:00:00,22.4,96,0.2,22.0,11.14,7.4
2025-09-16 00:00:00,22.3,95,0.1,21.79,11.16,7.5
2025-09-16 01:00:00,23.5,88,0.0,22.0,10.97,7.43
2025-09-16 02:00:00,24.5,80,0.0,22.45,10.72,7.59
2025-09-16 03:00:00,26.1,71,0.0,23.25,10.37,7.44
2025-09-16 04:00:00,28.0,63,0.0,24.37,9.98,7.82
2025-09-16 05:00:00,29.3,56,0.0,25.55,9.6,7.64
2025-09-16 06:00:00,29.8,53,0.0,26.53,9.35,7.7
2025-09-16 07:00:00,30.5,51,0.0,27.42,9.13,7.64
2025-09-16 08:00:00,30.5,51,0.0,28.04,9.01,7.75
2025-09-16 09:00:00,30.5,53,0.2,28.48,8.96,7.29
2025-09-16 10:00:00,30.8,53,0.1,28.88,8.88,7.51
2025-09-16 11:00:00,27.0,67,0.5,28.01,9.3,7.41
2025-09-16 12:00:00,25.0,80,0.6,26.81,9.79,7.31
2025-09-16 13:00:00,26.8,73,0.0,26.51,9.73,7.49
2025-09-16 14:00:00,25.4,80,0.8,25.87,9.99,7.12
2025-09-16 15:00:00,24.5,84,0.3,25.16,10.22,7.25
2025-09-16 16:00:00,23.9,86,0.0,24.48,10.4,7.19
2025-09-16 17:00:00,23.5,88,0.6,23.89,10.57,7.22
2025-09-16 18:00:00,23.5,87,0.0,23.47,10.64,7.06
2025-09-16 19:00:00,23.4,85,0.0,23.15,10.67,7.07
2025-09-16 20:00:00,23.2,85,0.0,22.87,10.73,7.28
2025-09-16 21:00:00,22.6,88,0.1,22.49,10.87,7.26
2025-09-16 22:00:00,22.4,88,0.0,22.16,10.94,7.13
2025-09-16 23:00:00,22.0,90,0.0,21.81,11.06,7.31
2025-09-17 00:00:00,21.7,91,0.0,21.48,11.15,7.48
2025-09-17 01:00:00,23.0,84,0.0,21.63,10.97,7.61
2025-09-17 02:00:00,24.3,78,0.0,22.13,10.74,7.52
2025-09-17 03:00:00,26.1,70,0.0,23.02,10.39,7.35
2025-09-17 04:00:00,27.5,63,0.0,24.07,10.04,7.73
2025-09-17 05:00:00,28.6,59,0.1,25.13,9.75,7.57
2025-09-17 06:00:00,29.5,58,0.1,26.14,9.52,7.49
2025-09-17 07:00:00,30.4,54,0.0,27.12,9.25,7.4
2025-09-17 08:00:00,28.5,61,0.5,27.23,9.35,7.7
2025-09-17 09:00:00,28.0,70,1.4,27.16,9.53,7.54
2025-09-17 10:00:00,28.5,66,0.1,27.26,9.44,7.51
2025-09-17 11:00:00,28.0,65,0.3,27.18,9.44,7.58
2025-09-17 12:00:00,26.9,69,0.0,26.8,9.59,7.46
2025-09-17 13:00:00,26.2,75,0.0,26.32,9.8,7.48
2025-09-17 14:00:00,25.5,82,0.2,25.77,10.05,7.1
2025-09-17 15:00:00,23.6,92,0.5,24.82,10.45,7.16
2025-09-17 16:00:00,23.1,93,0.1,24.01,10.64,6.99
2025-09-17 17:00:00,22.6,95,0.1,23.28,10.84,7.11
2025-09-17 18:00:00,22.7,93,0.2,22.81,10.9,7.09
2025-09-17 19:00:00,22.8,92,0.2,22.51,10.95,7.19
2025-09-17 20:00:00,22.5,92,0.0,22.2,11.01,7.18
2025-09-17 21:00:00,22.4,93,0.4,21.96,11.09,7.26
2025-09-17 22:00:00,22.0,93,0.5,21.67,11.15,7.33
2025-09-17 23:00:00,22.0,93,0.0,21.47,11.19,7.58
2025-09-18 00:00:00,22.0,93,0.0,21.33,11.22,7.42
2025-09-18 01:00:00,22.5,90,0.0,21.38,11.15,7.43
2025-09-18 02:00:00,23.8,85,0.0,21.81,10.96,7.62
2025-09-18 03:00:00,25.9,73,0.0,22.73,10.52,7.56
2025-09-18 04:00:00,27.7,64,0.0,23.92,10.09,7.83
2025-09-18 05:00:00,28.9,60,0.0,25.12,9.77,7.67
2025-09-18 06:00:00,30.4,55,0.0,26.4,9.41,7.64
2025-09-18 07:00:00,31.4,53,0.0,27.6,9.13,7.63
2025-09-18 08:00:00,31.9,49,0.0,28.59,8.86,7.71
2025-09-18 09:00:00,29.6,58,0.8,28.59,9.02,7.52
2025-09-18 10:00:00,28.2,63,2.2,28.18,9.2,7.37
2025-09-18 11:00:00,25.4,82,1.9,27.04,9.78,7.55
2025-09-18 12:00:00,23.8,89,3.4,25.77,10.18,7.2
2025-09-18 13:00:00,26.0,82,0.0,25.54,10.1,7.33
2025-09-18 14:00:00,24.4,84,5.5,24.9,10.27,7.18
2025-09-18 15:00:00,22.4,97,6.4,23.85,10.75,6.89
2025-09-18 16:00:00,22.1,97,2.5,23.02,10.93,7.12
2025-09-18 17:00:00,22.3,97,0.3,22.51,11.05,7.02
2025-09-18 18:00:00,22.5,96,0.3,22.2,11.09,7.2
2025-09-18 19:00:00,22.5,96,0.3,21.99,11.14,7.03
2025-09-18 20:00:00,22.5,92,0.1,21.85,11.09,7.24
2025-09-18 21:00:00,22.1,92,0.0,21.62,11.14,7.34
2025-09-18 22:00:00,21.9,91,0.0,21.41,11.17,7.38
2025-09-18 23:00:00,21.9,90,0.0,21.25,11.18,7.39
2025-09-19 00:00:00,22.0,90,0.0,21.18,11.19,7.43
2025-09-19 01:00:00,22.0,94,1.5,21.12,11.29,7.4
2025-09-19 02:00:00,22.2,93,0.7,21.15,11.26,7.7
2025-09-19 03:00:00,23.2,87,0.3,21.46,11.07,7.57
2025-09-19 04:00:00,23.8,88,0.3,21.86,11.0,7.58
2025-09-19 05:00:00,25.1,80,0.4,22.53,10.7,7.76
2025-09-19 06:00:00,25.5,77,0.1,23.12,10.51,7.64
2025-09-19 07:00:00,26.1,73,0.0,23.72,10.31,7.62
2025-09-19 08:00:00,25.7,75,0.0,24.01,10.29,7.54
2025-09-19 09:00:00,26.5,71,0.0,24.46,10.12,7.58
2025-09-19 10:00:00,27.5,67,0.0,25.07,9.91,7.55
2025-09-19 11:00:00,27.1,67,0.0,25.38,9.85,7.51
2025-09-19 12:00:00,26.1,74,0.0,25.3,10.0,7.5
2025-09-19 13:00:00,25.0,74,0.0,24.91,10.08,7.39
2025-09-19 14:00:00,24.3,78,0.0,24.42,10.26,7.25
2025-09-19 15:00:00,24.0,79,0.0,24.0,10.37,7.19
2025-09-19 16:00:00,23.8,80,0.0,23.64,10.46,7.21
2025-09-19 17:00:00,23.6,79,0.0,23.33,10.51,7.26
2025-09-19 18:00:00,23.2,79,0.0,22.99,10.58,7.14
2025-09-19 19:00:00,23.0,80,0.1,22.69,10.67,7.09
2025-09-19 20:00:00,22.8,80,0.0,22.42,10.72,7.08
2025-09-19 21:00:00,22.6,81,0.0,22.18,10.79,7.08
2025-09-19 22:00:00,22.4,83,0.0,21.94,10.89,7.36
2025-09-19 23:00:00,22.4,83,0.0,21.78,10.92,7.42
2025-09-20 00:00:00,22.1,85,0.0,21.58,11.0,7.5
2025-09-20 01:00:00,22.3,91,0.0,21.49,11.15,7.51
2025-09-20 02:00:00,22.6,90,0.6,21.53,11.12,7.7
2025-09-20 03:00:00,23.8,85,0.0,21.91,10.93,7.6
2025-09-20 04:00:00,25.1,77,0.1,22.57,10.63,7.78
2025-09-20 05:00:00,26.3,71,0.0,23.39,10.34,7.71
2025-09-20 06:00:00,28.3,64,0.0,24.56,9.96,7.65
2025-09-20 07:00:00,29.8,59,0.0,25.83,9.6,7.75
2025-09-20 08:00:00,30.4,57,0.1,26.9,9.35,7.68
2025-09-20 09:00:00,24.2,86,14.2,25.79,10.12,7.43
2025-09-20 10:00:00,24.5,85,2.1,25.1,10.25,7.48
2025-09-20 11:00:00,24.5,82,0.2,24.62,10.29,7.47
2025-09-20 12:00:00,24.0,87,1.1,24.14,10.5,7.6
2025-09-20 13:00:00,23.3,91,0.0,23.59,10.69,7.46
2025-09-20 14:00:00,23.0,94,0.0,23.11,10.86,7.35
2025-09-20 15:00:00,23.7,92,0.0,22.99,10.84,7.23
2025-09-20 16:00:00,24.0,84,0.0,22.99,10.68,7.27
2025-09-20 17:00:00,23.5,83,0.0,22.84,10.69,7.19
2025-09-20 18:00:00,23.1,85,0.0,22.62,10.78,7.14
2025-09-20 19:00:00,23.0,86,0.0,22.43,10.84,7.12
2025-09-20 20:00:00,22.6,87,0.0,22.18,10.92,7.17
2025-09-20 21:00:00,22.4,87,0.0,21.95,10.97,6.91
2025-09-20 22:00:00,22.2,87,0.0,21.72,11.01,7.31
2025-09-20 23:00:00,22.2,87,0.0,21.57,11.05,7.32
2025-09-21 00:00:00,22.1,86,0.0,21.43,11.06,7.6
2025-09-21 01:00:00,22.8,84,0.0,21.54,10.99,7.52
2025-09-21 02:00:00,23.8,81,0.0,21.92,10.85,7.47
2025-09-21 03:00:00,25.3,75,0.0,22.63,10.58,7.64
2025-09-21 04:00:00,27.0,67,0.0,23.64,10.21,7.58
2025-09-21 05:00:00,28.6,61,0.0,24.83,9.85,7.75
2025-09-21 06:00:00,29.5,57,0.0,25.93,9.55,7.73
2025-09-21 07:00:00,29.7,55,0.1,26.76,9.34,7.77
2025-09-21 08:00:00,30.2,54,0.0,27.49,9.17,7.57
2025-09-21 09:00:00,30.6,53,0.0,28.13,9.03,7.59
2025-09-21 10:00:00,30.4,52,0.0,28.51,8.93,7.39
2025-09-21 11:00:00,29.0,57,0.1,28.36,9.05,7.52
2025-09-21 12:00:00,27.8,66,0.0,27.89,9.31,7.43
2025-09-21 13:00:00,25.0,85,0.0,26.72,9.9,7.36
2025-09-21 14:00:00,24.4,90,0.0,25.73,10.21,7.25
2025-09-21 15:00:00,23.5,91,2.1,24.76,10.44,7.15
2025-09-21 16:00:00,23.6,90,0.2,24.11,10.56,7.3
2025-09-21 17:00:00,23.9,87,0.0,23.75,10.58,7.1
2025-09-21 18:00:00,23.1,89,0.1,23.25,10.73,7.13
2025-09-21 19:00:00,23.1,87,0.0,22.91,10.76,7.03
2025-09-21 20:00:00,23.0,86,0.1,22.64,10.8,7.08
2025-09-21 21:00:00,22.5,87,0.0,22.29,10.89,7.23
2025-09-21 22:00:00,22.2,87,0.0,21.97,10.96,7.4
2025-09-21 23:00:00,22.0,87,0.0,21.68,11.02,7.34
2025-09-22 00:00:00,21.9,87,0.0,21.44,11.07,7.42
2025-09-22 01:00:00,23.0,83,0.0,21.61,10.96,7.48
2025-09-22 02:00:00,23.9,80,0.0,22.0,10.81,7.54
2025-09-22 03:00:00,25.2,76,0.0,22.66,10.59,7.68
2025-09-22 04:00:00,26.9,68,0.0,23.63,10.23,7.53
2025-09-22 05:00:00,28.4,60,0.0,24.76,9.84,7.83
2025-09-22 06:00:00,29.6,56,0.0,25.91,9.53,7.63
2025-09-22 07:00:00,30.5,53,0.0,26.99,9.26,7.75
2025-09-22 08:00:00,31.0,50,0.0,27.89,9.02,7.51
2025-09-22 09:00:00,31.0,49,0.0,28.52,8.88,7.65
2025-09-22 10:00:00,29.9,53,0.4,28.64,8.93,7.56
2025-09-22 11:00:00,29.4,57,0.0,28.57,9.01,7.49
2025-09-22 12:00:00,25.1,79,0.4,27.23,9.69,7.26
2025-09-22 13:00:00,26.5,71,0.0,26.71,9.65,7.34
2025-09-22 14:00:00,25.8,71,0.0,26.14,9.77,7.13
2025-09-22 15:00:00,25.3,73,0.0,25.59,9.92,7.17
2025-09-22 16:00:00,25.0,75,0.0,25.11,10.06,7.25
2025-09-22 17:00:00,24.8,75,0.0,24.72,10.14,7.2
2025-09-22 18:00:00,24.4,78,0.0,24.32,10.28,7.12
2025-09-22 19:00:00,23.9,80,0.0,23.9,10.41,7.03
2025-09-22 20:00:00,23.5,81,0.0,23.48,10.52,7.23
2025-09-22 21:00:00,23.3,81,0.0,23.12,10.59,7.22
2025-09-22 22:00:00,22.8,82,0.0,22.73,10.7,7.05
2025-09-22 23:00:00,22.5,84,0.0,22.36,10.82,7.44
2025-09-23 00:00:00,22.3,84,0.0,22.04,10.88,7.44
2025-09-23 01:00:00,23.4,80,0.0,22.15,10.78,7.64
2025-09-23 02:00:00,24.1,78,0.0,22.43,10.68,7.48
2025-09-23 03:00:00,25.4,73,0.0,23.02,10.46,7.32
2025-09-23 04:00:00,27.0,67,0.0,23.92,10.15,7.71
2025-09-23 05:00:00,28.6,61,0.0,25.02,9.81,7.73
2025-09-23 06:00:00,29.1,59,0.0,25.95,9.58,7.53
2025-09-23 07:00:00,29.8,56,0.0,26.8,9.35,7.58
2025-09-23 08:00:00,28.5,63,0.1,27.01,9.44,7.92
2025-09-23 09:00:00,28.5,60,0.0,27.16,9.35,7.57
2025-09-23 10:00:00,29.0,59,0.0,27.41,9.28,7.61
2025-09-23 11:00:00,27.0,71,0.4,26.99,9.59,7.38
2025-09-23 12:00:00,26.4,69,0.0,26.51,9.65,7.19
2025-09-23 13:00:00,26.1,67,0.0,26.09,9.7,7.3
2025-09-23 14:00:00,25.7,70,0.0,25.67,9.84,7.23
2025-09-23 15:00:00,25.5,72,0.0,25.32,9.96,7.15
2025-09-23 16:00:00,25.2,73,0.0,24.98,10.04,7.14
2025-09-23 17:00:00,25.0,72,0.0,24.69,10.09,7.15
2025-09-23 18:00:00,24.5,73,0.0,24.33,10.18,7.1
2025-09-23 19:00:00,24.1,74,0.0,23.96,10.28,7.0
2025-09-23 20:00:00,23.7,75,0.1,23.58,10.38,7.21
2025-09-23 21:00:00,23.5,76,0.1,23.26,10.47,7.01
2025-09-23 22:00:00,23.2,77,0.0,22.94,10.55,7.08
2025-09-23 23:00:00,23.0,78,0.0,22.66,10.63,7.43
2025-09-24 00:00:00,22.9,78,0.0,22.43,10.68,7.49
2025-09-24 01:00:00,22.8,79,0.0,22.24,10.74,7.51
2025-09-24 02:00:00,23.2,78,0.0,22.23,10.72,7.45
2025-09-24 03:00:00,23.8,77,0.0,22.4,10.67,7.58
2025-09-24 04:00:00,25.3,70,0.0,22.97,10.41,7.66
2025-09-24 05:00:00,27.6,60,0.0,24.06,9.98,7.55
2025-09-24 06:00:00,29.5,51,0.0,25.39,9.54,7.63
2025-09-24 07:00:00,29.9,49,0.0,26.44,9.29,7.75
2025-09-24 08:00:00,30.0,50,0.2,27.21,9.16,7.78
2025-09-24 09:00:00,28.5,60,0.8,27.3,9.32,7.51
2025-09-24 10:00:00,26.5,72,0.5,26.76,9.66,7.59
2025-09-24 11:00:00,26.8,68,0.1,26.47,9.64,7.27
2025-09-24 12:00:00,25.2,77,0.1,25.79,9.95,7.46
2025-09-24 13:00:00,25.1,78,0.3,25.28,10.08,7.23
2025-09-24 14:00:00,24.6,82,0.0,24.78,10.26,7.29
2025-09-24 15:00:00,24.9,76,0.0,24.51,10.2,7.18
2025-09-24 16:00:00,24.2,77,0.2,24.12,10.3,7.28
2025-09-24 17:00:00,23.7,80,0.0,23.69,10.45,7.05
2025-09-24 18:00:00,23.5,80,0.0,23.34,10.53,7.19
2025-09-24 19:00:00,23.0,83,0.0,22.94,10.67,7.11
2025-09-24 20:00:00,22.7,84,0.0,22.56,10.77,7.16
2025-09-24 21:00:00,22.5,84,0.0,22.25,10.84,7.21
2025-09-24 22:00:00,22.2,85,0.0,21.93,10.93,7.21
2025-09-24 23:00:00,22.1,85,0.0,21.68,10.98,7.36
2025-09-25 00:00:00,22.1,85,0.0,21.51,11.02,7.44
2025-09-25 01:00:00,22.8,82,0.0,21.6,10.94,7.55
2025-09-25 02:00:00,23.9,80,0.0,21.99,10.81,7.6
2025-09-25 03:00:00,25.8,70,0.0,22.83,10.44,7.72
2025-09-25 04:00:00,27.9,60,0.0,24.05,9.99,7.77
2025-09-25 05:00:00,29.0,57,0.0,25.24,9.69,7.59
2025-09-25 06:00:00,29.5,57,0.0,26.22,9.49,7.78
2025-09-25 07:00:00,29.8,56,0.0,26.99,9.31,7.56
2025-09-25 08:00:00,29.0,63,0.5,27.29,9.38,7.67
2025-09-25 09:00:00,30.3,54,0.0,27.9,9.09,7.66
2025-09-25 10:00:00,28.9,59,0.1,27.9,9.18,7.33
2025-09-25 11:00:00,24.2,79,3.7,26.49,9.84,7.36
2025-09-25 12:00:00,23.6,87,0.5,25.32,10.24,7.33
2025-09-25 13:00:00,25.0,93,0.0,24.93,10.44,7.26
2025-09-25 14:00:00,24.5,93,0.0,24.5,10.53,7.4
2025-09-25 15:00:00,24.8,76,0.0,24.29,10.25,7.14
2025-09-25 16:00:00,24.9,75,0.0,24.17,10.25,7.08
2025-09-25 17:00:00,24.4,76,0.0,23.94,10.32,7.14
2025-09-25 18:00:00,23.9,76,0.0,23.63,10.39,7.19
2025-09-25 19:00:00,23.5,77,0.0,23.29,10.48,7.12
2025-09-25 20:00:00,23.2,78,0.0,22.96,10.57,7.29
2025-09-25 21:00:00,23.4,77,0.0,22.79,10.58,7.27
2025-09-25 22:00:00,23.4,77,0.0,22.68,10.61,7.07
2025-09-25 23:00:00,23.2,78,0.0,22.53,10.66,7.3
2025-09-26 00:00:00,23.0,78,0.0,22.37,10.69,7.38
2025-09-26 01:00:00,23.8,76,0.0,22.5,10.62,7.56
2025-09-26 02:00:00,24.0,76,0.0,22.65,10.59,7.32
2025-09-26 03:00:00,25.4,70,0.0,23.18,10.36,7.9
2025-09-26 04:00:00,26.2,64,0.0,23.78,10.12,7.74
2025-09-26 05:00:00,26.4,62,0.0,24.27,9.98,7.72
2025-09-26 06:00:00,27.6,56,0.0,24.97,9.72,7.83
2025-09-26 07:00:00,29.2,50,0.0,25.94,9.41,7.92
2025-09-26 08:00:00,30.9,43,0.0,27.13,9.05,7.74
2025-09-26 09:00:00,29.8,47,0.0,27.63,9.02,7.69
2025-09-26 10:00:00,29.4,50,0.0,27.86,9.03,7.54
2025-09-26 11:00:00,29.5,49,0.0,28.05,8.97,7.44
2025-09-26 12:00:00,28.6,51,0.0,27.92,9.03,7.33
2025-09-26 13:00:00,27.0,55,0.0,27.34,9.22,7.23
2025-09-26 14:00:00,26.5,57,0.0,26.79,9.37,7.17
2025-09-26 15:00:00,25.0,65,0.0,25.95,9.69,7.05
2025-09-26 16:00:00,24.5,69,0.0,25.22,9.92,7.14
2025-09-26 17:00:00,24.2,72,0.0,24.61,10.1,6.96
2025-09-26 18:00:00,23.7,75,0.0,24.04,10.28,7.14
2025-09-26 19:00:00,23.2,77,0.0,23.49,10.44,7.13
2025-09-26 20:00:00,22.9,79,0.0,23.01,10.58,7.18
2025-09-26 21:00:00,22.8,79,0.0,22.65,10.65,7.17
2025-09-26 22:00:00,22.7,79,0.0,22.36,10.71,7.59
2025-09-26 23:00:00,22.6,80,0.0,22.13,10.78,7.5
2025-09-27 00:00:00,22.6,79,0.0,21.97,10.8,7.32
2025-09-27 01:00:00,23.4,79,0.0,22.1,10.77,7.54
2025-09-27 02:00:00,24.5,76,0.0,22.52,10.62,7.52
2025-09-27 03:00:00,25.6,71,0.0,23.14,10.39,7.54
2025-09-27 04:00:00,27.0,65,0.0,24.0,10.09,7.55
2025-09-27 05:00:00,28.3,59,0.0,24.99,9.77,7.74
2025-09-27 06:00:00,29.5,53,0.0,26.04,9.45,7.63
2025-09-27 07:00:00,29.9,56,0.0,26.9,9.33,7.78
2025-09-27 08:00:00,30.6,51,0.0,27.71,9.08,7.74
2025-09-27 09:00:00,30.4,51,0.0,28.22,8.97,7.73
2025-09-27 10:00:00,29.3,54,0.0,28.24,9.02,7.44
2025-09-27 11:00:00,28.4,57,0.0,27.99,9.13,7.51
2025-09-27 12:00:00,27.4,61,0.0,27.51,9.3,7.45
2025-09-27 13:00:00,26.5,64,0.0,26.91,9.48,7.27
2025-09-27 14:00:00,26.2,65,0.0,26.4,9.6,7.17
2025-09-27 15:00:00,25.8,66,0.0,25.92,9.72,7.35
2025-09-27 16:00:00,25.2,68,0.0,25.4,9.86,7.17
2025-09-27 17:00:00,24.8,70,0.0,24.92,10.0,7.18
2025-09-27 18:00:00,24.4,73,0.0,24.47,10.15,7.03
2025-09-27 19:00:00,23.9,76,0.0,24.0,10.31,7.01
2025-09-27 20:00:00,23.5,77,0.0,23.55,10.42,7.11
2025-09-27 21:00:00,23.3,78,0.0,23.17,10.52,7.2
2025-09-27 22:00:00,22.8,82,0.0,22.76,10.69,7.18
2025-09-27 23:00:00,22.7,82,0.0,22.44,10.76,7.36
2025-09-28 00:00:00,22.5,82,0.0,22.16,10.82,7.27
2025-09-28 01:00:00,23.4,80,0.0,22.23,10.76,7.4
2025-09-28 02:00:00,24.5,76,0.0,22.61,10.6,7.65
2025-09-28 03:00:00,26.2,68,0.0,23.39,10.28,7.7
2025-09-28 04:00:00,27.9,60,0.0,24.44,9.91,7.64
2025-09-28 05:00:00,29.7,52,0.0,25.72,9.49,7.59
2025-09-28 06:00:00,30.5,48,0.0,26.85,9.19,7.59
2025-09-28 07:00:00,31.0,47,0.2,27.8,8.99,7.62
2025-09-28 08:00:00,31.6,46,0.0,28.64,8.8,7.7
2025-09-28 09:00:00,32.0,43,0.0,29.35,8.61,7.67
2025-09-28 10:00:00,31.4,45,0.0,29.66,8.58,7.46
2025-09-28 11:00:00,30.5,49,0.2,29.61,8.66,7.31
2025-09-28 12:00:00,28.7,55,0.0,29.04,8.88,7.4
2025-09-28 13:00:00,27.4,60,0.0,28.25,9.13,7.22
2025-09-28 14:00:00,26.6,63,0.0,27.45,9.35,7.18
2025-09-28 15:00:00,26.3,64,0.0,26.81,9.5,7.31
2025-09-28 16:00:00,25.4,67,0.0,26.09,9.7,7.22
2025-09-28 17:00:00,24.5,72,0.0,25.31,9.96,7.13
2025-09-28 18:00:00,24.0,75,0.0,24.62,10.16,6.99
2025-09-28 19:00:00,23.5,76,0.0,23.98,10.31,7.15
2025-09-28 20:00:00,23.0,79,0.0,23.39,10.5,7.27
2025-09-28 21:00:00,22.9,80,0.0,22.94,10.61,7.18
2025-09-28 22:00:00,22.7,80,0.0,22.57,10.69,7.42
2025-09-28 23:00:00,22.6,81,0.0,22.28,10.77,7.49
2025-09-29 00:00:00,22.8,81,0.0,22.13,10.8,7.61
2025-09-29 01:00:00,23.2,79,0.0,22.15,10.76,7.55
2025-09-29 02:00:00,24.4,76,0.0,22.53,10.62,7.64
2025-09-29 03:00:00,26.2,66,0.0,23.33,10.25,7.78
2025-09-29 04:00:00,27.8,57,0.0,24.37,9.86,7.72
2025-09-29 05:00:00,29.5,50,0.0,25.61,9.48,7.64
2025-09-29 06:00:00,30.9,44,0.0,26.9,9.11,7.65
2025-09-29 07:00:00,32.2,39,0.0,28.19,8.77,7.69
2025-09-29 08:00:00,31.8,39,0.0,28.97,8.61,7.5
2025-09-29 09:00:00,32.2,37,0.0,29.64,8.45,7.56
2025-09-29 10:00:00,32.0,38,0.0,30.05,8.38,7.62
2025-09-29 11:00:00,30.6,44,0.0,29.91,8.51,7.22
2025-09-29 12:00:00,28.9,52,0.0,29.31,8.77,7.52
2025-09-29 13:00:00,28.1,55,0.0,28.65,8.96,7.41
2025-09-29 14:00:00,27.2,59,0.0,27.91,9.18,7.18
2025-09-29 15:00:00,26.5,61,0.0,27.19,9.36,7.23
2025-09-29 16:00:00,25.8,65,0.0,26.47,9.58,7.14
2025-09-29 17:00:00,24.9,69,0.0,25.7,9.82,7.24
2025-09-29 18:00:00,24.0,70,0.0,24.89,10.01,7.21
2025-09-29 19:00:00,23.2,73,0.0,24.08,10.23,6.99
2025-09-29 20:00:00,22.5,77,0.0,23.31,10.48,7.23
2025-09-29 21:00:00,22.0,80,0.0,22.62,10.68,7.2
2025-09-29 22:00:00,21.6,82,0.0,22.01,10.85,7.3
2025-09-29 23:00:00,21.5,83,0.0,21.56,10.97,7.29
2025-09-30 00:00:00,21.3,83,0.0,21.18,11.05,7.62
2025-09-30 01:00:00,22.4,80,0.0,21.25,10.97,7.63
2025-09-30 02:00:00,23.5,76,0.0,21.62,10.81,7.52
2025-09-30 03:00:00,25.0,70,0.0,22.34,10.54,7.52
2025-09-30 04:00:00,27.3,60,0.0,23.52,10.09,7.65
2025-09-30 05:00:00,29.0,52,0.0,24.87,9.67,7.74
2025-09-30 06:00:00,30.5,46,0.0,26.26,9.27,7.72
2025-09-30 07:00:00,32.0,40,0.0,27.68,8.88,7.8
2025-09-30 08:00:00,30.9,44,0.0,28.35,8.82,7.72
2025-09-30 09:00:00,31.3,43,0.0,28.93,8.69,7.68
2025-09-30 10:00:00,31.1,43,0.1,29.28,8.62,7.54
2025-09-30 11:00:00,30.8,44,0.0,29.44,8.61,7.3
2025-09-30 12:00:00,29.9,46,0.0,29.28,8.67,7.35
2025-09-30 13:00:00,28.7,48,0.0,28.8,8.8,7.4
2025-09-30 14:00:00,28.0,50,0.0,28.26,8.95,7.22
2025-09-30 15:00:00,27.6,53,0.0,27.76,9.1,7.22
2025-09-30 16:00:00,26.9,57,0.0,27.2,9.29,7.1
2025-09-30 17:00:00,26.0,62,0.0,26.54,9.51,7.0
2025-09-30 18:00:00,25.1,67,0.0,25.81,9.76,7.09
2025-09-30 19:00:00,24.4,71,0.0,25.09,9.99,7.15
2025-09-30 20:00:00,23.8,74,0.0,24.4,10.19,7.09
2025-09-30 21:00:00,23.4,76,0.0,23.8,10.35,7.19
2025-09-30 22:00:00,23.0,78,0.0,23.26,10.5,7.18
2025-09-30 23:00:00,22.9,78,0.0,22.85,10.59,7.47
2025-10-01 00:00:00,23.4,78,0.0,22.72,10.62,7.4
2025-10-01 01:00:00,23.3,79,0.0,22.59,10.67,7.66
2025-10-01 02:00:00,24.3,75,0.0,22.8,10.54,7.73
2025-10-01 03:00:00,26.1,66,0.0,23.49,10.22,7.63
2025-10-01 04:00:00,28.0,58,0.0,24.55,9.85,7.57
2025-10-01 05:00:00,29.4,52,0.0,25.7,9.5,7.48
2025-10-01 06:00:00,30.5,46,0.0,26.84,9.16,7.54
2025-10-01 07:00:00,31.5,43,0.0,27.94,8.89,7.53
2025-10-01 08:00:00,32.2,40,0.0,28.92,8.64,7.77
2025-10-01 09:00:00,31.4,43,0.0,29.36,8.61,7.59
2025-10-01 10:00:00,30.7,46,0.0,29.46,8.64,7.55
2025-10-01 11:00:00,30.6,46,0.0,29.5,8.63,7.22
2025-10-01 12:00:00,29.5,50,0.0,29.2,8.76,7.25
2025-10-01 13:00:00,28.3,53,0.0,28.63,8.93,7.38
2025-10-01 14:00:00,27.7,55,0.0,28.05,9.08,7.26
2025-10-01 15:00:00,27.3,58,0.0,27.53,9.24,7.16
2025-10-01 16:00:00,26.4,64,0.0,26.89,9.48,7.19
2025-10-01 17:00:00,25.8,68,0.0,26.26,9.68,7.27
2025-10-01 18:00:00,25.0,73,0.0,25.58,9.92,7.08
2025-10-01 19:00:00,25.0,73,0.0,25.11,10.02,7.13
2025-10-01 20:00:00,24.5,74,0.0,24.63,10.14,7.17
2025-10-01 21:00:00,24.0,77,0.0,24.14,10.3,7.45
2025-10-01 22:00:00,23.6,79,0.0,23.68,10.44,7.06
2025-10-01 23:00:00,23.3,81,0.0,23.26,10.56,7.42
2025-10-02 00:00:00,23.0,79,0.0,22.88,10.6,7.42
2025-10-02 01:00:00,23.4,77,0.0,22.74,10.59,7.57
2025-10-02 02:00:00,24.2,74,0.0,22.88,10.51,7.52
2025-10-02 03:00:00,26.2,66,0.0,23.57,10.2,7.63
2025-10-02 04:00:00,27.6,61,0.0,24.48,9.92,7.75
2025-10-02 05:00:00,29.4,56,0.0,25.66,9.58,8.0
2025-10-02 06:00:00,30.5,50,0.0,26.81,9.24,7.77
2025-10-02 07:00:00,31.5,47,0.0,27.92,8.96,7.59
2025-10-02 08:00:00,32.6,42,0.0,29.02,8.65,7.59
2025-10-02 09:00:00,32.2,42,0.0,29.68,8.53,7.53
2025-10-02 10:00:00,31.3,47,0.1,29.86,8.58,7.32
2025-10-02 11:00:00,28.5,59,0.6,29.15,8.93,7.38
2025-10-02 12:00:00,29.5,51,0.0,28.96,8.83,7.44
2025-10-02 13:00:00,28.0,58,0.0,28.37,9.07,7.17
2025-10-02 14:00:00,27.0,63,0.0,27.66,9.3,7.34
2025-10-02 15:00:00,26.2,68,0.0,26.92,9.55,7.23
2025-10-02 16:00:00,25.4,72,0.0,26.17,9.78,7.07
2025-10-02 17:00:00,24.9,74,0.0,25.49,9.96,7.1
2025-10-02 18:00:00,24.2,76,0.0,24.8,10.14,7.27
2025-10-02 19:00:00,24.1,77,0.0,24.29,10.27,7.2
2025-10-02 20:00:00,23.8,79,0.0,23.84,10.4,7.16
2025-10-02 21:00:00,23.5,81,0.0,23.44,10.53,7.19
2025-10-02 22:00:00,23.5,81,0.0,23.16,10.59,7.29
2025-10-02 23:00:00,23.2,81,0.0,22.87,10.65,7.3
2025-10-03 00:00:00,23.0,82,0.0,22.61,10.72,7.22
2025-10-03 01:00:00,23.4,79,0.0,22.55,10.68,7.72
2025-10-03 02:00:00,24.8,73,0.0,22.92,10.48,7.6
2025-10-03 03:00:00,26.1,68,0.0,23.58,10.24,7.68
2025-10-03 04:00:00,28.5,58,0.0,24.75,9.8,7.67
2025-10-03 05:00:00,30.8,49,0.0,26.27,9.33,7.61
2025-10-03 06:00:00,31.5,45,0.0,27.54,9.0,7.67
2025-10-03 07:00:00,32.2,44,0.0,28.64,8.77,7.5
2025-10-03 08:00:00,30.9,51,0.1,29.02,8.81,7.85
2025-10-03 09:00:00,29.0,62,0.8,28.71,9.07,7.41
2025-10-03 10:00:00,29.9,57,0.1,28.77,8.97,7.41
2025-10-03 11:00:00,29.4,58,0.0,28.66,9.01,7.41
2025-10-03 12:00:00,30.5,47,0.7,28.91,8.77,7.46
2025-10-03 13:00:00,28.5,55,0.0,28.49,8.99,7.3
2025-10-03 14:00:00,27.6,61,0.0,27.92,9.21,7.11
2025-10-03 15:00:00,25.5,72,1.0,26.89,9.63,7.25
2025-10-03 16:00:00,24.8,82,0.2,25.97,10.01,7.2
2025-10-03 17:00:00,24.5,83,0.0,25.23,10.19,7.17
2025-10-03 18:00:00,24.4,89,0.0,24.68,10.42,7.18
2025-10-03 19:00:00,24.1,91,2.4,24.2,10.56,7.27
2025-10-03 20:00:00,23.9,92,2.0,23.81,10.66,7.29
2025-10-03 21:00:00,23.6,93,1.3,23.45,10.76,7.08
2025-10-03 22:00:00,23.4,92,2.4,23.13,10.81,7.34
2025-10-03 23:00:00,22.9,94,4.5,22.76,10.93,7.26
2025-10-04 00:00:00,21.5,92,5.0,22.08,11.04,7.35
2025-10-04 01:00:00,21.6,95,4.1,21.64,11.2,7.22
2025-10-04 02:00:00,22.1,95,3.2,21.48,11.23,7.46
2025-10-04 03:00:00,22.6,95,2.7,21.51,11.22,7.47
2025-10-04 04:00:00,23.5,94,1.2,21.81,11.14,7.72
2025-10-04 05:00:00,24.6,89,0.6,22.35,10.92,7.8
2025-10-04 06:00:00,26.1,78,0.2,23.17,10.52,7.51
2025-10-04 07:00:00,27.4,69,0.1,24.14,10.14,7.7
2025-10-04 08:00:00,28.4,60,0.0,25.12,9.77,7.78
2025-10-04 09:00:00,29.4,55,0.0,26.1,9.47,7.59
2025-10-04 10:00:00,29.1,55,0.0,26.7,9.35,7.62
2025-10-04 11:00:00,29.0,56,0.0,27.09,9.29,7.5
2025-10-04 12:00:00,26.6,70,2.9,26.64,9.64,7.32
2025-10-04 13:00:00,25.0,80,0.0,25.85,10.0,7.3
2025-10-04 14:00:00,24.1,85,0.0,25.03,10.27,7.14
2025-10-04 15:00:00,23.6,89,0.0,24.3,10.5,7.09
2025-10-04 16:00:00,23.5,90,0.0,23.76,10.64,7.23
2025-10-04 17:00:00,23.0,93,0.0,23.23,10.81,7.14
2025-10-04 18:00:00,22.3,93,0.4,22.65,10.94,7.09
2025-10-04 19:00:00,21.9,96,0.3,22.13,11.11,7.09
2025-10-04 20:00:00,21.2,96,3.6,21.55,11.24,7.03
2025-10-04 21:00:00,21.4,97,0.3,21.2,11.33,7.32
2025-10-04 22:00:00,21.2,96,0.2,20.9,11.38,7.25
2025-10-04 23:00:00,21.0,95,0.1,20.63,11.42,7.23
2025-10-05 00:00:00,21.1,95,0.0,20.47,11.45,7.53
2025-10-05 01:00:00,21.5,94,0.0,20.48,11.43,7.51
2025-10-05 02:00:00,22.4,91,0.0,20.76,11.31,7.61
2025-10-05 03:00:00,24.2,84,0.0,21.49,11.0,7.82
2025-10-05 04:00:00,26.5,75,0.0,22.69,10.56,7.69
2025-10-05 05:00:00,28.2,67,0.0,24.04,10.12,7.74
2025-10-05 06:00:00,29.0,63,0.1,25.23,9.8,7.58
2025-10-05 07:00:00,30.0,56,0.1,26.36,9.44,7.66
2025-10-05 08:00:00,30.2,54,0.0,27.21,9.23,7.71
2025-10-05 09:00:00,30.3,52,0.0,27.84,9.07,7.44
2025-10-05 10:00:00,30.5,50,0.0,28.34,8.93,7.55
2025-10-05 11:00:00,29.0,54,0.0,28.24,9.02,7.47
2025-10-05 12:00:00,27.1,65,0.7,27.6,9.35,7.35
2025-10-05 13:00:00,25.5,76,0.0,26.67,9.75,7.42
2025-10-05 14:00:00,24.5,87,0.0,25.72,10.16,7.29
2025-10-05 15:00:00,24.0,92,0.0,24.9,10.43,7.35
2025-10-05 16:00:00,22.1,90,0.7,23.76,10.64,7.02
2025-10-05 17:00:00,21.8,92,1.5,22.87,10.87,7.08
2025-10-05 18:00:00,21.5,97,0.0,22.16,11.12,7.15
2025-10-05 19:00:00,22.0,96,0.5,21.81,11.18,7.01
2025-10-05 20:00:00,22.1,97,0.0,21.6,11.25,7.28
2025-10-05 21:00:00,22.2,93,0.0,21.48,11.19,7.47
2025-10-05 22:00:00,21.3,94,0.0,21.13,11.29,7.3
2025-10-05 23:00:00,21.1,93,0.0,20.82,11.33,7.42
2025-10-06 00:00:00,21.7,91,0.0,20.78,11.3,7.46
2025-10-06 01:00:00,22.2,90,0.0,20.91,11.25,7.46
2025-10-06 02:00:00,23.6,84,0.0,21.42,11.02,7.41
2025-10-06 03:00:00,25.4,74,0.0,22.31,10.62,7.58
2025-10-06 04:00:00,27.1,62,0.0,23.45,10.15,7.55
2025-10-06 05:00:00,28.7,54,0.0,24.72,9.73,7.87
2025-10-06 06:00:00,29.4,50,0.0,25.83,9.43,7.69
2025-10-06 07:00:00,30.0,48,0.0,26.78,9.21,7.65
2025-10-06 08:00:00,30.6,45,0.0,27.62,8.98,7.73
2025-10-06 09:00:00,31.0,43,0.2,28.34,8.81,7.46
2025-10-06 10:00:00,30.3,45,0.3,28.63,8.79,7.43
2025-10-06 11:00:00,28.5,54,0.1,28.29,9.01,7.45
2025-10-06 12:00:00,27.6,61,0.0,27.78,9.24,7.49
2025-10-06 13:00:00,26.5,62,0.0,27.1,9.4,7.36
2025-10-06 14:00:00,26.4,61,0.0,26.59,9.49,7.27
2025-10-06 15:00:00,25.9,64,0.0,26.08,9.65,7.19
2025-10-06 16:00:00,25.2,68,0.0,25.52,9.84,7.19
2025-10-06 17:00:00,24.2,76,0.0,24.82,10.14,7.14
2025-10-06 18:00:00,23.4,91,0.0,24.1,10.58,7.02
2025-10-06 19:00:00,22.8,91,0.0,23.41,10.73,7.14
2025-10-06 20:00:00,22.2,92,0.0,22.74,10.9,7.07
2025-10-06 21:00:00,21.9,89,0.0,22.19,10.95,7.23
2025-10-06 22:00:00,21.9,86,0.0,21.8,10.98,7.24
2025-10-06 23:00:00,21.9,84,0.0,21.53,10.99,7.62
2025-10-07 00:00:00,21.7,84,0.0,21.28,11.05,7.44
2025-10-07 01:00:00,21.5,86,0.0,21.05,11.14,7.39
2025-10-07 02:00:00,23.1,80,0.0,21.36,10.95,7.58
2025-10-07 03:00:00,25.0,73,0.0,22.15,10.64,7.7
2025-10-07 04:00:00,26.9,67,0.0,23.28,10.28,7.85
2025-10-07 05:00:00,28.5,59,0.0,24.54,9.87,7.65
2025-10-07 06:00:00,29.0,53,0.1,25.58,9.54,7.54
2025-10-07 07:00:00,29.7,51,0.1,26.52,9.32,7.76
2025-10-07 08:00:00,30.0,52,0.1,27.26,9.18,7.5
2025-10-07 09:00:00,30.1,51,0.0,27.81,9.06,7.55
2025-10-07 10:00:00,29.6,51,0.1,28.05,9.01,7.5
2025-10-07 11:00:00,29.2,53,0.0,28.09,9.03,7.45
2025-10-07 12:00:00,26.8,71,0.1,27.41,9.5,7.45
2025-10-07 13:00:00,25.2,79,0.0,26.44,9.85,7.25
2025-10-07 14:00:00,24.3,86,0.0,25.5,10.18,7.23
2025-10-07 15:00:00,24.1,88,0.0,24.78,10.38,7.2
2025-10-07 16:00:00,23.7,89,0.0,24.16,10.53,7.17
2025-10-07 17:00:00,23.1,89,0.0,23.54,10.66,7.14
2025-10-07 18:00:00,23.4,94,0.0,23.2,10.84,7.17
2025-10-07 19:00:00,21.2,97,2.2,22.3,11.09,7.14
2025-10-07 20:00:00,22.0,94,0.1,21.91,11.12,7.21
2025-10-07 21:00:00,21.6,96,0.0,21.52,11.24,7.28
2025-10-07 22:00:00,21.9,96,0.0,21.33,11.28,7.14
2025-10-07 23:00:00,21.2,98,1.6,20.99,11.4,7.3
2025-10-08 00:00:00,22.8,98,1.5,21.23,11.35,7.42
2025-10-08 01:00:00,23.0,97,0.0,21.46,11.28,7.6
2025-10-08 02:00:00,24.0,92,0.0,21.92,11.07,7.52
2025-10-08 03:00:00,25.5,84,0.2,22.7,10.74,7.56
2025-10-08 04:00:00,26.6,77,0.5,23.57,10.42,7.59
2025-10-08 05:00:00,27.9,70,0.2,24.57,10.07,7.74
2025-10-08 06:00:00,28.8,65,0.1,25.54,9.78,7.8
2025-10-08 07:00:00,29.5,59,0.0,26.43,9.48,7.64
2025-10-08 08:00:00,28.0,67,2.5,26.6,9.6,7.64
2025-10-08 09:00:00,25.8,79,1.3,26.06,9.93,7.56
2025-10-08 10:00:00,27.1,71,0.0,26.07,9.78,7.54
2025-10-08 11:00:00,27.1,71,0.0,26.08,9.78,7.46
2025-10-08 12:00:00,26.4,77,0.0,25.88,9.93,7.48
2025-10-08 13:00:00,25.3,84,0.0,25.4,10.17,7.36
2025-10-08 14:00:00,24.3,89,3.4,24.77,10.4,7.37
2025-10-08 15:00:00,22.9,92,0.0,23.91,10.64,7.12
2025-10-08 16:00:00,22.4,93,0.0,23.16,10.83,7.22
2025-10-08 17:00:00,21.9,97,0.0,22.48,11.05,7.09
2025-10-08 18:00:00,23.2,94,5.3,22.4,11.01,6.9
2025-10-08 19:00:00,22.6,97,0.3,22.16,11.12,7.13
2025-10-08 20:00:00,22.0,97,0.5,21.81,11.2,7.16
2025-10-08 21:00:00,22.1,96,0.2,21.6,11.23,7.51
2025-10-08 22:00:00,21.7,98,0.0,21.33,11.33,7.28
2025-10-08 23:00:00,21.4,98,0.0,21.05,11.39,7.26
2025-10-09 00:00:00,21.2,95,0.0,20.79,11.38,7.48
2025-10-09 01:00:00,21.2,95,0.1,20.62,11.42,7.32
2025-10-09 02:00:00,22.4,92,0.0,20.85,11.31,7.59
2025-10-09 03:00:00,24.5,79,0.0,21.65,10.87,7.66
2025-10-09 04:00:00,26.4,72,0.0,22.77,10.49,7.77
2025-10-09 05:00:00,27.7,67,0.0,23.95,10.14,7.81
2025-10-09 06:00:00,28.9,66,0.0,25.14,9.88,7.66
2025-10-09 07:00:00,30.0,61,0.0,26.29,9.55,7.67
2025-10-09 08:00:00,30.3,58,0.1,27.2,9.31,7.56
2025-10-09 09:00:00,30.2,58,0.1,27.8,9.19,7.47
2025-10-09 10:00:00,27.6,70,0.7,27.44,9.48,7.52
2025-10-09 11:00:00,28.0,69,0.0,27.31,9.49,7.34
2025-10-09 12:00:00,26.6,72,0.2,26.79,9.65,7.34
2025-10-09 13:00:00,25.0,81,1.1,25.96,9.99,7.16
2025-10-09 14:00:00,22.9,94,10.2,24.74,10.5,7.12
2025-10-09 15:00:00,22.5,95,3.2,23.77,10.73,7.28
2025-10-09 16:00:00,22.0,96,1.4,22.94,10.93,6.97
2025-10-09 17:00:00,21.9,96,3.7,22.33,11.07,6.84
2025-10-09 18:00:00,21.0,98,1.6,21.63,11.26,7.05
2025-10-09 19:00:00,21.5,96,3.7,21.29,11.29,7.04
2025-10-09 20:00:00,21.7,98,3.0,21.11,11.37,7.1
2025-10-09 21:00:00,21.7,96,1.4,20.99,11.36,7.12
2025-10-09 22:00:00,21.6,96,0.3,20.87,11.38,7.26
2025-10-09 23:00:00,21.5,95,0.0,20.76,11.39,7.41
2025-10-10 00:00:00,22.1,96,0.0,20.86,11.39,7.56
2025-10-10 01:00:00,22.5,97,0.4,21.05,11.37,7.3
2025-10-10 02:00:00,23.1,92,0.1,21.37,11.19,7.55
2025-10-10 03:00:00,24.0,88,0.1,21.86,11.01,7.67
2025-10-10 04:00:00,26.1,76,0.2,22.83,10.56,7.59
2025-10-10 05:00:00,27.5,68,0.1,23.93,10.17,7.88
2025-10-10 06:00:00,28.7,61,0.1,25.06,9.8,7.64
2025-10-10 07:00:00,29.6,57,0.0,26.12,9.51,7.68
2025-10-10 08:00:00,29.8,56,0.0,26.93,9.33,7.71
2025-10-10 09:00:00,29.8,56,0.0,27.49,9.21,7.54
2025-10-10 10:00:00,28.9,61,0.6,27.61,9.28,7.31
2025-10-10 11:00:00,26.2,76,0.4,26.89,9.7,7.4
2025-10-10 12:00:00,27.2,78,0.4,26.68,9.78,7.47
2025-10-10 13:00:00,25.9,79,0.3,26.15,9.91,7.27
2025-10-10 14:00:00,24.5,89,0.9,25.35,10.27,7.12
2025-10-10 15:00:00,22.9,95,6.1,24.32,10.61,7.14
2025-10-10 16:00:00,22.7,95,1.5,23.53,10.78,7.06
2025-10-10 17:00:00,22.1,94,1.8,22.8,10.92,7.01
2025-10-10 18:00:00,22.3,98,0.2,22.35,11.1,7.14
2025-10-10 19:00:00,22.0,95,0.0,21.95,11.13,7.23
2025-10-10 20:00:00,21.4,95,0.0,21.48,11.23,7.42
2025-10-10 21:00:00,21.1,96,0.0,21.07,11.34,7.32
2025-10-10 22:00:00,21.2,96,0.0,20.81,11.4,7.42
2025-10-10 23:00:00,20.9,97,0.0,20.54,11.48,7.33
2025-10-11 00:00:00,21.5,97,0.0,20.52,11.48,7.35
2025-10-11 01:00:00,22.0,94,0.0,20.67,11.39,7.54
2025-10-11 02:00:00,23.0,91,0.0,21.07,11.24,7.61
2025-10-11 03:00:00,24.6,82,0.0,21.83,10.89,7.55
2025-10-11 04:00:00,26.2,74,0.0,22.84,10.51,7.67
2025-10-11 05:00:00,27.5,69,0.0,23.94,10.19,7.75
2025-10-11 06:00:00,28.7,62,0.0,25.07,9.82,7.75
2025-10-11 07:00:00,29.4,60,0.1,26.07,9.57,7.73
2025-10-11 08:00:00,29.8,56,0.0,26.89,9.33,7.68
2025-10-11 09:00:00,28.8,60,0.4,27.16,9.35,7.52
2025-10-11 10:00:00,27.5,67,0.0,26.96,9.52,7.49
2025-10-11 11:00:00,26.6,69,0.1,26.55,9.64,7.34
2025-10-11 12:00:00,26.9,76,1.8,26.36,9.81,7.49
2025-10-11 13:00:00,25.5,80,0.0,25.8,10.01,7.33
2025-10-11 14:00:00,24.1,84,0.0,24.99,10.25,7.24
2025-10-11 15:00:00,23.4,89,0.0,24.21,10.52,7.11
2025-10-11 16:00:00,22.9,92,0.0,23.52,10.73,7.46
2025-10-11 17:00:00,22.4,95,0.0,22.88,10.93,7.03
2025-10-11 18:00:00,22.2,96,0.0,22.38,11.06,7.09
2025-10-11 19:00:00,22.2,96,0.0,22.02,11.13,7.19
2025-10-11 20:00:00,22.2,96,0.0,21.78,11.19,7.24
2025-10-11 21:00:00,21.9,96,0.0,21.51,11.24,7.33
2025-10-11 22:00:00,21.5,97,0.0,21.21,11.33,7.48
2025-10-11 23:00:00,21.0,99,0.0,20.85,11.45,7.42
2025-10-12 00:00:00,20.0,98,0.0,20.29,11.55,7.35
2025-10-12 01:00:00,20.8,92,0.0,20.15,11.46,7.51
2025-10-12 02:00:00,22.9,86,0.0,20.67,11.22,7.63
2025-10-12 03:00:00,25.0,82,0.0,21.67,10.92,7.86
2025-10-12 04:00:00,27.0,71,0.0,22.97,10.43,7.55
2025-10-12 05:00:00,28.6,61,0.0,24.36,9.94,7.83
2025-10-12 06:00:00,29.5,55,0.0,25.6,9.57,7.72
2025-10-12 07:00:00,30.2,51,0.0,26.68,9.28,7.77
2025-10-12 08:00:00,30.7,48,0.0,27.59,9.05,7.63
2025-10-12 09:00:00,30.9,46,0.0,28.28,8.87,7.51
2025-10-12 10:00:00,30.5,47,0.0,28.65,8.82,7.6
2025-10-12 11:00:00,30.0,50,0.0,28.75,8.85,7.52
2025-10-12 12:00:00,28.0,68,0.0,28.23,9.28,7.47
2025-10-12 13:00:00,26.1,71,0.0,27.29,9.53,7.31
2025-10-12 14:00:00,25.0,76,0.0,26.3,9.83,7.19
2025-10-12 15:00:00,24.0,80,0.0,25.31,10.11,7.04
2025-10-12 16:00:00,23.3,85,0.0,24.41,10.4,7.24
2025-10-12 17:00:00,22.2,87,0.0,23.45,10.64,7.18
2025-10-12 18:00:00,22.6,87,0.0,22.89,10.76,7.03
2025-10-12 19:00:00,22.8,88,0.0,22.56,10.85,7.09
2025-10-12 20:00:00,22.3,93,0.0,22.19,11.04,7.13
2025-10-12 21:00:00,22.0,95,0.0,21.83,11.16,7.08
2025-10-12 22:00:00,21.6,96,0.0,21.46,11.26,7.21
2025-10-12 23:00:00,21.0,98,0.0,21.02,11.39,7.26
2025-10-13 00:00:00,21.3,94,0.0,20.81,11.36,7.41
2025-10-13 01:00:00,22.2,90,0.0,20.92,11.25,7.45
2025-10-13 02:00:00,23.8,86,0.0,21.49,11.04,7.43
2025-10-13 03:00:00,25.7,77,0.0,22.45,10.66,7.85
2025-10-13 04:00:00,27.0,70,0.0,23.52,10.29,7.81
2025-10-13 05:00:00,28.6,58,0.0,24.74,9.81,7.62
2025-10-13 06:00:00,30.0,51,0.0,26.02,9.42,7.73
2025-10-13 07:00:00,30.9,47,0.0,27.18,9.11,7.72
2025-10-13 08:00:00,31.2,45,0.0,28.09,8.89,7.76
2025-10-13 09:00:00,31.2,45,0.0,28.72,8.77,7.5
2025-10-13 10:00:00,31.0,45,0.0,29.11,8.69,7.63
2025-10-13 11:00:00,30.5,49,0.0,29.22,8.74,7.39
2025-10-13 12:00:00,28.4,61,0.0,28.68,9.06,7.24
2025-10-13 13:00:00,26.0,73,0.1,27.57,9.5,7.37
2025-10-13 14:00:00,25.4,77,0.0,26.62,9.78,7.37
2025-10-13 15:00:00,24.6,82,0.0,25.72,10.06,7.45
2025-10-13 16:00:00,23.6,87,0.0,24.78,10.36,7.03
2025-10-13 17:00:00,23.3,90,0.0,24.04,10.58,7.2
2025-10-13 18:00:00,22.1,99,0.1,23.16,10.95,7.08
2025-10-13 19:00:00,22.3,97,0.9,22.6,11.03,7.17
2025-10-13 20:00:00,22.0,95,1.0,22.12,11.09,6.98
2025-10-13 21:00:00,21.8,96,0.2,21.72,11.2,7.09
2025-10-13 22:00:00,21.8,96,0.0,21.45,11.26,7.22
2025-10-13 23:00:00,21.4,98,0.0,21.13,11.37,7.38
2025-10-14 00:00:00,22.3,96,0.0,21.18,11.32,7.38
2025-10-14 01:00:00,22.5,97,0.0,21.28,11.32,7.59
2025-10-14 02:00:00,23.6,91,0.0,21.67,11.11,7.7
2025-10-14 03:00:00,25.0,82,0.0,22.37,10.77,7.71
2025-10-14 04:00:00,26.6,71,0.0,23.34,10.35,7.85
2025-10-14 05:00:00,28.1,63,0.0,24.47,9.96,7.75
2025-10-14 06:00:00,28.8,60,0.1,25.47,9.7,7.58
2025-10-14 07:00:00,29.1,59,0.3,26.26,9.52,7.8
2025-10-14 08:00:00,29.5,58,0.2,26.93,9.36,7.58
2025-10-14 09:00:00,29.2,60,0.0,27.31,9.32,7.69
2025-10-14 10:00:00,27.9,68,0.6,27.19,9.49,7.66
2025-10-14 11:00:00,26.8,71,0.0,26.77,9.63,7.52
2025-10-14 12:00:00,26.3,75,0.4,26.33,9.8,7.22
2025-10-14 13:00:00,25.1,81,0.0,25.66,10.05,7.23
2025-10-14 14:00:00,24.2,87,0.0,24.92,10.33,7.39
2025-10-14 15:00:00,22.9,95,2.6,24.02,10.68,7.09
2025-10-14 16:00:00,22.9,94,0.0,23.38,10.8,7.17
2025-10-14 17:00:00,22.4,96,0.0,22.79,10.97,7.22
2025-10-14 18:00:00,22.5,97,0.9,22.4,11.07,7.15
2025-10-14 19:00:00,22.5,96,0.3,22.13,11.11,7.16
2025-10-14 20:00:00,22.1,97,0.2,21.82,11.2,7.15
2025-10-14 21:00:00,22.3,92,0.7,21.66,11.13,7.16
2025-10-14 22:00:00,22.1,88,0.5,21.5,11.08,7.35
2025-10-14 23:00:00,21.9,91,0.4,21.32,11.18,7.4
2025-10-15 00:00:00,22.0,100,2.5,21.22,11.39,7.32
2025-10-15 01:00:00,22.4,99,0.0,21.28,11.36,7.63
2025-10-15 02:00:00,23.2,97,0.1,21.55,11.26,7.57
2025-10-15 03:00:00,24.2,89,0.1,22.05,10.99,7.56
2025-10-15 04:00:00,25.8,79,0.0,22.87,10.61,7.62
2025-10-15 05:00:00,26.9,74,0.0,23.78,10.32,7.61
2025-10-15 06:00:00,27.6,68,0.0,24.63,10.02,7.69
2025-10-15 07:00:00,27.4,69,0.2,25.16,9.93,7.81
2025-10-15 08:00:00,26.4,71,0.5,25.23,9.96,7.55
2025-10-15 09:00:00,25.5,81,1.0,25.01,10.19,7.59
2025-10-15 10:00:00,26.2,77,0.1,25.07,10.1,7.49
2025-10-15 11:00:00,25.2,79,0.2,24.81,10.2,7.45
2025-10-15 12:00:00,23.9,89,0.2,24.24,10.51,7.25
2025-10-15 13:00:00,23.4,91,0.0,23.68,10.67,7.32
2025-10-15 14:00:00,23.0,93,0.0,23.18,10.82,7.26
2025-10-15 15:00:00,22.8,93,0.0,22.77,10.91,7.27
2025-10-15 16:00:00,22.6,94,0.0,22.42,11.01,7.2
2025-10-15 17:00:00,22.0,96,0.0,21.99,11.14,7.03
2025-10-15 18:00:00,22.9,95,0.0,21.96,11.13,7.25
2025-10-15 19:00:00,22.6,96,0.0,21.85,11.17,7.17
2025-10-15 20:00:00,22.2,96,1.0,21.66,11.21,7.15
2025-10-15 21:00:00,22.2,97,0.0,21.52,11.26,7.23
2025-10-15 22:00:00,22.0,96,0.0,21.36,11.28,7.24
2025-10-15 23:00:00,21.9,96,0.0,21.23,11.31,7.39
2025-10-16 00:00:00,22.2,96,0.0,21.22,11.31,7.5
2025-10-16 01:00:00,22.6,95,0.0,21.33,11.26,7.35
2025-10-16 02:00:00,23.8,88,0.0,21.77,11.02,7.54
2025-10-16 03:00:00,24.9,81,0.0,22.41,10.75,7.62
2025-10-16 04:00:00,26.3,73,0.0,23.28,10.4,7.71
2025-10-16 05:00:00,27.3,69,0.1,24.18,10.13,7.82
2025-10-16 06:00:00,28.2,65,0.1,25.09,9.87,7.62
2025-10-16 07:00:00,29.0,65,0.0,25.96,9.69,7.64
2025-10-16 08:00:00,29.3,63,0.0,26.66,9.51,7.6
2025-10-16 09:00:00,27.4,72,0.2,26.58,9.69,7.51
2025-10-16 10:00:00,27.6,72,0.0,26.59,9.69,7.51
2025-10-16 11:00:00,25.1,82,0.3,25.84,10.04,7.54
2025-10-16 12:00:00,25.5,84,0.0,25.44,10.16,7.3
2025-10-16 13:00:00,24.1,89,0.0,24.74,10.41,7.38
2025-10-16 14:00:00,23.0,94,0.3,23.92,10.68,7.08
2025-10-16 15:00:00,22.8,96,0.8,23.28,10.86,7.11
2025-10-16 16:00:00,22.5,97,0.1,22.75,11.0,7.13
2025-10-16 17:00:00,22.8,96,0.0,22.46,11.04,7.31
2025-10-16 18:00:00,22.1,98,0.1,22.05,11.17,7.1
2025-10-16 19:00:00,22.5,97,0.0,21.89,11.18,6.93
2025-10-16 20:00:00,21.9,97,0.9,21.59,11.25,6.93
2025-10-16 21:00:00,22.1,97,0.3,21.44,11.28,7.22
2025-10-16 22:00:00,21.8,98,0.0,21.25,11.34,7.36
2025-10-16 23:00:00,21.8,98,0.0,21.12,11.37,7.41
2025-10-17 00:00:00,22.1,98,0.0,21.11,11.37,7.47
2025-10-17 01:00:00,22.5,95,0.1,21.23,11.29,7.63
2025-10-17 02:00:00,22.8,92,1.3,21.4,11.19,7.48
2025-10-17 03:00:00,24.0,86,0.0,21.88,10.96,7.74
2025-10-17 04:00:00,25.5,82,0.0,22.67,10.71,7.53
2025-10-17 05:00:00,26.5,76,0.0,23.52,10.41,7.62
2025-10-17 06:00:00,26.5,78,0.0,24.11,10.33,7.54
2025-10-17 07:00:00,28.4,68,0.1,25.1,9.93,7.66
2025-10-17 08:00:00,25.9,77,0.7,25.04,10.11,7.62
2025-10-17 09:00:00,25.4,80,0.2,24.85,10.21,7.62
2025-10-17 10:00:00,26.5,78,0.0,25.04,10.13,7.57
2025-10-17 11:00:00,24.9,81,2.3,24.7,10.26,7.3
2025-10-17 12:00:00,25.1,82,0.1,24.52,10.32,7.39
2025-10-17 13:00:00,23.6,89,1.6,23.94,10.58,7.12
2025-10-17 14:00:00,23.1,92,0.0,23.39,10.76,7.41
2025-10-17 15:00:00,22.9,92,0.0,22.94,10.85,7.19
2025-10-17 16:00:00,22.6,94,0.0,22.54,10.98,7.13
2025-10-17 17:00:00,22.5,95,0.0,22.23,11.07,7.31
2025-10-17 18:00:00,22.6,96,0.0,22.04,11.13,7.02
2025-10-17 19:00:00,22.8,96,0.1,21.97,11.15,7.03
2025-10-17 20:00:00,22.6,96,0.0,21.86,11.17,7.07
2025-10-17 21:00:00,22.0,98,0.0,21.6,11.27,7.23
2025-10-17 22:00:00,21.8,98,0.0,21.36,11.32,7.34
2025-10-17 23:00:00,22.3,97,0.0,21.34,11.3,7.44
2025-10-18 00:00:00,21.9,99,0.0,21.21,11.37,7.71
2025-10-18 01:00:00,22.1,94,2.0,21.18,11.28,7.21
2025-10-18 02:00:00,22.4,94,1.8,21.24,11.26,7.58
2025-10-18 03:00:00,23.3,89,1.1,21.56,11.09,7.54
2025-10-18 04:00:00,24.7,83,0.1,22.2,10.83,7.63
2025-10-18 05:00:00,25.0,81,0.2,22.74,10.67,7.65
2025-10-18 06:00:00,27.4,71,0.2,23.84,10.25,7.62
2025-10-18 07:00:00,28.5,69,0.1,24.94,9.98,7.86
2025-10-18 08:00:00,26.8,73,2.2,25.2,10.0,7.66
2025-10-18 09:00:00,25.5,82,0.9,24.99,10.22,7.57
2025-10-18 10:00:00,25.6,83,0.7,24.87,10.26,7.65
2025-10-18 11:00:00,24.2,86,4.0,24.37,10.43,7.21
2025-10-18 12:00:00,25.4,81,0.0,24.38,10.33,7.28
2025-10-18 13:00:00,23.4,92,2.4,23.79,10.67,7.03
2025-10-18 14:00:00,23.5,94,0.2,23.4,10.79,7.19
2025-10-18 15:00:00,23.1,96,0.0,23.01,10.92,7.23
2025-10-18 16:00:00,22.9,92,2.0,22.68,10.91,7.1
2025-10-18 17:00:00,22.5,95,0.4,22.32,11.05,7.14
2025-10-18 18:00:00,21.7,97,0.1,21.84,11.19,6.99
2025-10-18 19:00:00,22.0,95,0.9,21.59,11.21,7.18
2025-10-18 20:00:00,22.0,96,0.3,21.41,11.27,7.19
2025-10-18 21:00:00,22.1,95,0.2,21.32,11.27,7.29
2025-10-18 22:00:00,22.0,96,0.1,21.22,11.31,7.1
2025-10-18 23:00:00,21.6,97,0.0,21.04,11.37,7.4
2025-10-19 00:00:00,21.7,97,0.0,20.93,11.39,7.33
2025-10-19 01:00:00,22.1,98,0.0,20.98,11.4,7.49
2025-10-19 02:00:00,22.9,94,0.0,21.26,11.26,7.65
2025-10-19 03:00:00,23.9,87,0.2,21.75,11.01,7.65
2025-10-19 04:00:00,25.0,81,0.1,22.43,10.74,7.6
2025-10-19 05:00:00,26.1,81,0.1,23.23,10.57,7.71
2025-10-19 06:00:00,27.6,74,0.1,24.24,10.22,7.56
2025-10-19 07:00:00,28.1,70,0.0,25.1,9.96,7.81
2025-10-19 08:00:00,28.9,67,0.0,25.94,9.73,7.64
2025-10-19 09:00:00,28.4,67,0.0,26.38,9.64,7.72
2025-10-19 10:00:00,25.6,78,0.3,25.84,9.96,7.48
2025-10-19 11:00:00,24.6,83,0.0,25.17,10.2,7.43
2025-10-19 12:00:00,25.0,88,0.1,24.82,10.37,7.33
2025-10-19 13:00:00,23.6,92,0.1,24.15,10.59,7.42
2025-10-19 14:00:00,23.2,94,0.0,23.57,10.76,7.2
2025-10-19 15:00:00,22.9,94,0.0,23.07,10.87,7.28
2025-10-19 16:00:00,22.5,95,0.0,22.6,10.99,7.14
2025-10-19 17:00:00,22.4,94,0.4,22.24,11.05,6.92
2025-10-19 18:00:00,21.9,100,0.6,21.84,11.26,7.05
2025-10-19 19:00:00,22.0,99,0.5,21.59,11.29,7.0
2025-10-19 20:00:00,22.1,96,0.2,21.44,11.26,7.17
2025-10-19 21:00:00,22.1,94,0.8,21.34,11.24,7.07
2025-10-19 22:00:00,21.9,97,0.1,21.21,11.33,7.38
2025-10-19 23:00:00,21.6,98,0.0,21.02,11.39,7.36
2025-10-20 00:00:00,21.6,96,0.0,20.9,11.38,7.43
2025-10-20 01:00:00,22.2,95,0.3,20.99,11.34,7.57
2025-10-20 02:00:00,22.6,93,0.2,21.17,11.26,7.68
2025-10-20 03:00:00,24.1,84,0.0,21.75,10.95,7.65
2025-10-20 04:00:00,25.7,73,0.0,22.64,10.54,7.62
2025-10-20 05:00:00,26.6,68,0.0,23.52,10.25,7.54
2025-10-20 06:00:00,27.2,66,0.2,24.33,10.05,7.63
2025-10-20 07:00:00,27.5,69,0.1,24.98,9.97,7.63
2025-10-20 08:00:00,26.5,71,0.3,25.14,9.97,7.66
2025-10-20 09:00:00,26.4,74,0.1,25.21,10.02,7.58
2025-10-20 10:00:00,26.6,72,0.0,25.33,9.95,7.63
2025-10-20 11:00:00,25.5,77,0.4,25.08,10.1,7.4
2025-10-20 12:00:00,24.0,88,0.1,24.46,10.45,7.4
2025-10-20 13:00:00,23.1,92,0.0,23.75,10.68,7.46
2025-10-20 14:00:00,22.9,94,0.0,23.19,10.84,7.31
2025-10-20 15:00:00,22.7,92,0.3,22.75,10.89,7.19
2025-10-20 16:00:00,22.4,95,0.0,22.34,11.04,7.12
2025-10-20 17:00:00,21.9,96,0.0,21.91,11.16,7.09
2025-10-20 18:00:00,22.2,97,0.0,21.7,11.23,7.06
2025-10-20 19:00:00,22.2,94,0.4,21.55,11.2,7.07
2025-10-20 20:00:00,22.2,96,0.1,21.44,11.26,7.25
2025-10-20 21:00:00,21.6,97,0.0,21.19,11.34,7.21
2025-10-20 22:00:00,21.1,98,0.0,20.86,11.43,7.17
2025-10-20 23:00:00,21.0,98,0.0,20.6,11.49,7.55
2025-10-21 00:00:00,22.0,95,0.0,20.72,11.4,7.48
2025-10-21 01:00:00,22.2,94,0.0,20.87,11.34,7.39
2025-10-21 02:00:00,23.0,91,0.2,21.21,11.21,7.54
2025-10-21 03:00:00,24.0,88,0.1,21.74,11.03,7.66
2025-10-21 04:00:00,25.8,77,0.1,22.66,10.61,7.86
2025-10-21 05:00:00,26.2,74,0.1,23.42,10.39,7.6
2025-10-21 06:00:00,23.7,83,0.3,23.21,10.62,7.8
2025-10-21 07:00:00,22.5,94,1.7,22.69,10.95,7.78
2025-10-21 08:00:00,22.9,92,0.9,22.46,10.96,7.58
2025-10-21 09:00:00,23.4,88,0.7,22.44,10.88,7.58
2025-10-21 10:00:00,23.5,89,0.5,22.46,10.9,7.45
2025-10-21 11:00:00,23.4,90,0.3,22.44,10.92,7.47
2025-10-21 12:00:00,23.1,94,0.2,22.34,11.02,7.42
2025-10-21 13:00:00,22.8,96,0.3,22.18,11.1,7.41
2025-10-21 14:00:00,22.5,95,0.0,21.97,11.12,7.4
2025-10-21 15:00:00,22.2,96,0.0,21.74,11.19,7.16
2025-10-21 16:00:00,22.0,96,0.0,21.52,11.24,6.99
2025-10-21 17:00:00,21.8,96,0.0,21.3,11.29,7.16
2025-10-21 18:00:00,22.2,96,0.0,21.27,11.3,7.18
2025-10-21 19:00:00,22.2,96,0.1,21.25,11.3,7.18
2025-10-21 20:00:00,22.1,96,0.7,21.21,11.31,7.11
2025-10-21 21:00:00,22.1,96,1.5,21.17,11.32,7.18
2025-10-21 22:00:00,22.0,96,4.8,21.12,11.33,7.31
2025-10-21 23:00:00,21.9,96,6.6,21.06,11.34,7.25
2025-10-22 00:00:00,22.0,95,10.0,21.04,11.33,7.22
2025-10-22 01:00:00,22.1,95,1.1,21.06,11.32,7.42
2025-10-22 02:00:00,22.1,94,0.6,21.07,11.3,7.54
2025-10-22 03:00:00,23.4,89,0.1,21.47,11.11,7.81
2025-10-22 04:00:00,24.4,85,0.1,22.05,10.9,7.67
2025-10-22 05:00:00,25.8,77,0.1,22.87,10.57,7.71
2025-10-22 06:00:00,25.0,86,6.6,23.21,10.67,7.52
2025-10-22 07:00:00,23.8,90,9.1,23.09,10.78,7.64
2025-10-22 08:00:00,24.8,91,0.5,23.3,10.75,7.85
2025-10-22 09:00:00,23.8,87,6.6,23.15,10.71,7.52
2025-10-22 10:00:00,24.6,82,0.2,23.29,10.58,7.57
2025-10-22 11:00:00,23.8,86,0.6,23.14,10.69,7.47
2025-10-22 12:00:00,23.0,92,0.4,22.8,10.88,7.17
2025-10-22 13:00:00,23.0,94,0.1,22.56,10.98,7.42
2025-10-22 14:00:00,22.5,95,0.1,22.24,11.07,7.29
2025-10-22 15:00:00,22.5,96,0.1,22.02,11.13,7.26
2025-10-22 16:00:00,22.4,96,0.0,21.83,11.17,7.11
2025-10-22 17:00:00,22.3,96,0.0,21.67,11.21,7.12
2025-10-22 18:00:00,21.9,98,0.0,21.44,11.3,7.1
2025-10-22 19:00:00,22.0,98,0.1,21.31,11.33,7.25
2025-10-22 20:00:00,21.8,98,0.1,21.16,11.36,7.14
2025-10-22 21:00:00,21.6,97,0.1,20.99,11.38,7.44
2025-10-22 22:00:00,21.8,98,0.3,20.93,11.41,7.32
2025-10-22 23:00:00,21.6,98,0.0,20.83,11.44,7.25
2025-10-23 00:00:00,22.3,98,0.0,20.97,11.4,7.44
2025-10-23 01:00:00,22.5,98,0.0,21.13,11.37,7.46
2025-10-23 02:00:00,23.0,95,0.0,21.39,11.25,7.38
2025-10-23 03:00:00,24.0,88,0.0,21.87,11.0,7.81
2025-10-23 04:00:00,25.0,82,0.0,22.51,10.74,7.77
2025-10-23 05:00:00,26.4,77,0.1,23.38,10.46,7.76
2025-10-23 06:00:00,27.7,71,0.2,24.37,10.13,7.72
2025-10-23 07:00:00,28.5,65,0.2,25.31,9.82,7.54
2025-10-23 08:00:00,25.0,83,4.6,24.92,10.25,7.48
2025-10-23 09:00:00,26.4,77,0.2,25.06,10.11,7.69
2025-10-23 10:00:00,25.5,76,3.4,24.89,10.12,7.34
2025-10-23 11:00:00,24.9,81,0.1,24.6,10.28,7.23
2025-10-23 12:00:00,24.4,85,0.0,24.24,10.44,7.39
2025-10-23 13:00:00,23.5,87,0.0,23.72,10.59,7.33
2025-10-23 14:00:00,23.0,91,0.0,23.2,10.78,7.29
2025-10-23 15:00:00,22.6,95,0.0,22.72,10.96,7.29
2025-10-23 16:00:00,22.6,95,0.0,22.38,11.03,7.24
2025-10-23 17:00:00,22.6,95,0.0,22.15,11.09,7.17
2025-10-23 18:00:00,22.1,96,0.0,21.83,11.17,7.26
2025-10-23 19:00:00,21.9,98,0.0,21.55,11.28,7.0
2025-10-23 20:00:00,22.0,98,0.0,21.39,11.31,7.24
2025-10-23 21:00:00,21.7,98,0.0,21.18,11.36,7.3
2025-10-23 22:00:00,21.7,93,0.0,21.04,11.29,7.18
2025-10-23 23:00:00,21.3,91,0.0,20.82,11.29,7.22
2025-10-24 00:00:00,21.7,88,0.0,20.78,11.24,7.38
2025-10-24 01:00:00,21.8,89,0.0,20.79,11.26,7.46
2025-10-24 02:00:00,22.6,84,0.0,21.03,11.1,7.68
2025-10-24 03:00:00,23.6,80,0.0,21.5,10.92,7.6
2025-10-24 04:00:00,24.5,76,0.0,22.1,10.71,7.61
2025-10-24 05:00:00,25.3,72,0.0,22.76,10.49,7.66
2025-10-24 06:00:00,26.5,68,0.0,23.58,10.24,7.84
2025-10-24 07:00:00,26.8,65,0.0,24.25,10.04,7.71
2025-10-24 08:00:00,27.0,64,0.1,24.77,9.92,7.65
2025-10-24 09:00:00,27.8,62,0.2,25.38,9.75,7.59
2025-10-24 10:00:00,27.4,63,0.1,25.69,9.71,7.67
2025-10-24 11:00:00,25.5,75,0.0,25.33,10.01,7.41
2025-10-24 12:00:00,25.4,75,0.0,25.05,10.07,7.54
2025-10-24 13:00:00,24.0,82,0.0,24.44,10.33,7.36
2025-10-24 14:00:00,24.0,84,0.0,24.01,10.47,7.25
2025-10-24 15:00:00,23.9,85,0.0,23.67,10.56,7.46
2025-10-24 16:00:00,23.6,86,0.1,23.35,10.64,7.05
2025-10-24 17:00:00,23.1,89,0.0,22.98,10.79,7.11
2025-10-24 18:00:00,22.7,92,0.0,22.59,10.93,7.01
2025-10-24 19:00:00,22.5,93,0.0,22.27,11.02,7.24
2025-10-24 20:00:00,22.4,94,0.0,22.01,11.1,7.35
2025-10-24 21:00:00,22.1,95,0.0,21.73,11.18,7.4
2025-10-24 22:00:00,21.8,96,0.0,21.45,11.26,7.42
2025-10-24 23:00:00,21.5,98,0.0,21.17,11.36,7.35
2025-10-25 00:00:00,21.2,95,0.0,20.88,11.36,7.41
2025-10-25 01:00:00,21.6,92,0.0,20.79,11.32,7.36
2025-10-25 02:00:00,23.2,85,0.0,21.22,11.08,7.8
2025-10-25 03:00:00,25.0,74,0.0,22.05,10.68,7.7
2025-10-25 04:00:00,26.2,69,0.0,23.0,10.38,7.64
2025-10-25 05:00:00,27.6,65,0.0,24.08,10.08,7.84
2025-10-25 06:00:00,28.4,64,0.0,25.07,9.85,7.61
2025-10-25 07:00:00,29.0,62,0.0,25.95,9.64,7.73
2025-10-25 08:00:00,29.0,63,0.1,26.57,9.53,7.63
2025-10-25 09:00:00,29.0,63,0.2,27.0,9.44,7.65
2025-10-25 10:00:00,28.5,64,0.3,27.15,9.43,7.51
2025-10-25 11:00:00,23.7,85,4.5,25.81,10.1,7.2
2025-10-25 12:00:00,26.9,73,4.0,25.84,9.87,7.28
2025-10-25 13:00:00,25.5,80,0.0,25.44,10.08,7.43
2025-10-25 14:00:00,24.2,86,0.1,24.77,10.34,7.25
2025-10-25 15:00:00,23.6,87,0.1,24.12,10.5,7.28
2025-10-25 16:00:00,23.1,90,0.0,23.51,10.69,7.06
2025-10-25 17:00:00,22.8,91,0.0,23.0,10.82,7.14
2025-10-25 18:00:00,23.0,95,0.0,22.7,10.97,7.07
2025-10-25 19:00:00,23.0,95,0.0,22.49,11.01,7.22
2025-10-25 20:00:00,22.6,96,0.0,22.22,11.09,7.18
2025-10-25 21:00:00,22.5,96,0.0,22.01,11.14,7.3
2025-10-25 22:00:00,22.0,97,0.0,21.7,11.22,7.4
2025-10-25 23:00:00,21.8,99,0.0,21.43,11.32,7.44
2025-10-26 00:00:00,21.6,100,0.0,21.18,11.4,7.48
2025-10-26 01:00:00,21.5,100,0.0,20.98,11.44,7.43
2025-10-26 02:00:00,22.9,94,0.0,21.25,11.26,7.6
2025-10-26 03:00:00,24.4,85,0.0,21.9,10.94,7.6
2025-10-26 04:00:00,25.9,75,0.0,22.8,10.54,7.66
2025-10-26 05:00:00,27.4,68,0.0,23.88,10.18,7.67
2025-10-26 06:00:00,28.4,61,0.0,24.94,9.82,7.61
2025-10-26 07:00:00,29.1,56,0.0,25.88,9.54,7.5
2025-10-26 08:00:00,29.6,52,0.1,26.7,9.3,7.58
2025-10-26 09:00:00,29.8,50,0.1,27.33,9.13,7.61
2025-10-26 10:00:00,29.1,55,0.0,27.56,9.18,7.4
2025-10-26 11:00:00,28.0,63,0.0,27.39,9.36,7.47
2025-10-26 12:00:00,26.5,73,0.0,26.82,9.66,7.58
2025-10-26 13:00:00,25.5,77,0.0,26.13,9.88,7.42
2025-10-26 14:00:00,24.8,78,0.0,25.43,10.05,7.42
2025-10-26 15:00:00,24.8,78,0.0,24.94,10.15,7.24
2025-10-26 16:00:00,24.0,81,0.0,24.36,10.33,7.27
2025-10-26 17:00:00,23.4,87,0.0,23.77,10.57,7.06
2025-10-26 18:00:00,22.9,90,0.0,23.21,10.75,7.06
2025-10-26 19:00:00,22.4,93,0.0,22.67,10.93,6.87
2025-10-26 20:00:00,22.1,93,0.0,22.2,11.03,7.3
2025-10-26 21:00:00,22.2,90,0.0,21.9,11.04,7.38
2025-10-26 22:00:00,22.0,88,0.0,21.63,11.06,7.24
2025-10-26 23:00:00,21.6,89,0.0,21.32,11.14,7.34
2025-10-27 00:00:00,21.6,90,0.0,21.1,11.21,7.37
2025-10-27 01:00:00,21.9,89,0.0,21.04,11.2,7.57
2025-10-27 02:00:00,22.7,87,0.0,21.24,11.12,7.71
2025-10-27 03:00:00,23.8,82,0.0,21.71,10.91,7.48
2025-10-27 04:00:00,25.0,76,0.0,22.4,10.65,7.74
2025-10-27 05:00:00,26.1,73,0.0,23.21,10.42,7.69
2025-10-27 06:00:00,25.4,73,0.0,23.56,10.34,7.74
2025-10-27 07:00:00,24.5,77,2.1,23.55,10.43,7.67
2025-10-27 08:00:00,23.5,85,2.3,23.23,10.65,7.57
2025-10-27 09:00:00,23.7,87,0.9,23.07,10.72,7.58
2025-10-27 10:00:00,25.5,78,0.1,23.5,10.45,7.55
2025-10-27 11:00:00,25.5,72,0.1,23.8,10.27,7.59
2025-10-27 12:00:00,24.0,83,0.0,23.56,10.54,7.47
2025-10-27 13:00:00,24.0,82,0.0,23.39,10.56,7.37
2025-10-27 14:00:00,23.6,84,0.1,23.15,10.65,7.14
2025-10-27 15:00:00,23.4,86,0.2,22.93,10.74,7.17
2025-10-27 16:00:00,23.3,87,0.0,22.74,10.8,7.26
2025-10-27 17:00:00,23.1,88,0.3,22.55,10.86,7.13
2025-10-27 18:00:00,23.2,90,0.4,22.44,10.92,7.17
2025-10-27 19:00:00,23.0,93,0.5,22.31,11.01,7.29
2025-10-27 20:00:00,22.8,93,0.9,22.16,11.04,7.23
2025-10-27 21:00:00,22.5,94,0.8,21.96,11.11,7.19
2025-10-27 22:00:00,22.3,94,0.4,21.76,11.15,7.21
2025-10-27 23:00:00,22.5,91,0.1,21.68,11.1,7.1
2025-10-28 00:00:00,22.1,91,0.1,21.51,11.14,7.42
2025-10-28 01:00:00,22.4,89,0.0,21.48,11.11,7.49
2025-10-28 02:00:00,22.6,88,0.1,21.51,11.08,7.63
2025-10-28 03:00:00,22.9,89,0.2,21.63,11.08,7.63
2025-10-28 04:00:00,23.6,86,0.1,21.92,10.95,7.66
2025-10-28 05:00:00,24.7,81,0.1,22.45,10.74,7.54
2025-10-28 06:00:00,25.6,74,0.0,23.1,10.46,7.64
2025-10-28 07:00:00,26.2,70,0.0,23.73,10.25,7.76
2025-10-28 08:00:00,26.5,68,0.0,24.26,10.1,7.85
2025-10-28 09:00:00,26.4,69,0.0,24.6,10.05,7.62
2025-10-28 10:00:00,26.4,69,0.0,24.84,10.0,7.59
2025-10-28 11:00:00,25.9,69,0.0,24.86,9.99,7.58
2025-10-28 12:00:00,25.2,70,0.0,24.66,10.05,7.33
2025-10-28 13:00:00,25.0,70,0.0,24.46,10.1,7.37
2025-10-28 14:00:00,24.7,71,0.0,24.23,10.16,7.19
2025-10-28 15:00:00,24.5,72,0.0,24.01,10.23,7.29
2025-10-28 16:00:00,23.7,75,0.0,23.62,10.37,7.18
2025-10-28 17:00:00,23.2,76,0.0,23.19,10.48,7.17
2025-10-28 18:00:00,23.0,79,0.0,22.84,10.61,7.05
2025-10-28 19:00:00,23.1,79,0.0,22.61,10.66,7.21
2025-10-28 20:00:00,23.1,81,0.0,22.46,10.73,7.38
2025-10-28 21:00:00,23.1,81,0.0,22.35,10.76,7.12
2025-10-28 22:00:00,23.0,79,0.0,22.25,10.74,7.25
2025-10-28 23:00:00,22.4,82,0.0,21.99,10.85,7.39
2025-10-29 00:00:00,22.2,85,0.0,21.75,10.97,7.52
2025-10-29 01:00:00,22.5,84,0.0,21.68,10.96,7.46
2025-10-29 02:00:00,24.1,79,0.0,22.1,10.77,7.31
2025-10-29 03:00:00,25.5,74,0.0,22.82,10.52,7.78
2025-10-29 04:00:00,26.7,68,0.0,23.69,10.22,7.76
2025-10-29 05:00:00,28.2,61,0.0,24.74,9.86,7.53
2025-10-29 06:00:00,29.1,54,0.0,25.75,9.53,7.64
2025-10-29 07:00:00,29.5,52,0.0,26.57,9.32,7.84
2025-10-29 08:00:00,29.8,50,0.0,27.24,9.15,7.79
2025-10-29 09:00:00,29.9,50,0.0,27.74,9.05,7.69
2025-10-29 10:00:00,29.1,52,0.0,27.85,9.07,7.51
2025-10-29 11:00:00,28.5,55,0.0,27.74,9.14,7.47
2025-10-29 12:00:00,26.5,57,0.0,27.07,9.31,7.38
2025-10-29 13:00:00,24.5,62,0.0,26.0,9.63,7.44
2025-10-29 14:00:00,23.7,64,0.0,25.01,9.87,7.17
2025-10-29 15:00:00,22.5,71,0.0,23.96,10.22,7.13
2025-10-29 16:00:00,21.7,75,0.0,22.98,10.5,7.27
2025-10-29 17:00:00,21.0,78,0.0,22.09,10.75,7.14
2025-10-29 18:00:00,20.9,80,0.0,21.43,10.93,7.28
2025-10-29 19:00:00,21.4,79,0.0,21.12,10.98,7.09
2025-10-29 20:00:00,21.1,80,0.0,20.81,11.06,7.19
2025-10-29 21:00:00,21.0,81,0.0,20.57,11.14,7.15
2025-10-29 22:00:00,20.8,83,0.0,20.34,11.23,7.31
2025-10-29 23:00:00,20.0,86,0.0,19.94,11.38,7.24
2025-10-30 00:00:00,20.0,85,0.0,19.66,11.42,7.41
2025-10-30 01:00:00,20.6,84,0.0,19.64,11.4,7.4
2025-10-30 02:00:00,22.7,76,0.0,20.26,11.1,7.68
2025-10-30 03:00:00,24.5,69,0.0,21.23,10.75,7.73
2025-10-30 04:00:00,26.1,65,0.0,22.39,10.43,7.52
2025-10-30 05:00:00,27.9,59,0.0,23.74,10.03,7.85
2025-10-30 06:00:00,29.5,54,0.0,25.17,9.64,7.96
2025-10-30 07:00:00,30.5,48,0.0,26.47,9.27,7.69
2025-10-30 08:00:00,31.1,43,0.0,27.56,8.96,7.58
2025-10-30 09:00:00,31.2,40,0.0,28.35,8.75,7.87
2025-10-30 10:00:00,30.8,41,0.0,28.79,8.68,7.39
2025-10-30 11:00:00,29.5,47,0.0,28.7,8.81,7.45
2025-10-30 12:00:00,27.4,49,0.0,28.01,8.98,7.4
2025-10-30 13:00:00,26.4,52,0.0,27.23,9.19,7.44
2025-10-30 14:00:00,24.6,60,0.0,26.14,9.56,7.28
2025-10-30 15:00:00,23.8,63,0.0,25.14,9.82,7.15
2025-10-30 16:00:00,23.1,67,0.0,24.23,10.09,7.06
2025-10-30 17:00:00,22.1,73,0.0,23.29,10.4,7.1
2025-10-30 18:00:00,21.4,78,0.0,22.42,10.68,7.04
2025-10-30 19:00:00,21.3,78,0.0,21.79,10.82,7.16
2025-10-30 20:00:00,21.0,80,0.0,21.25,10.97,7.13
2025-10-30 21:00:00,20.6,81,0.0,20.75,11.1,7.09
2025-10-30 22:00:00,20.0,84,0.0,20.23,11.27,7.43
2025-10-30 23:00:00,19.7,85,0.0,19.77,11.39,7.33
2025-10-31 00:00:00,19.6,86,0.0,19.42,11.49,7.34
2025-10-31 01:00:00,20.1,83,0.0,19.32,11.44,7.53
2025-10-31 02:00:00,22.1,76,0.0,19.86,11.18,7.62
2025-10-31 03:00:00,24.5,67,0.0,20.95,10.76,7.49
2025-10-31 04:00:00,26.6,60,0.0,22.34,10.33,7.73
2025-10-31 05:00:00,28.1,56,0.0,23.77,9.96,7.61
2025-10-31 06:00:00,29.2,50,0.0,25.1,9.58,7.88
2025-10-31 07:00:00,30.5,42,0.0,26.42,9.17,7.74
2025-10-31 08:00:00,31.4,37,0.0,27.61,8.84,7.6
2025-10-31 09:00:00,31.5,37,0.0,28.48,8.67,7.51
2025-10-31 10:00:00,30.8,40,0.0,28.88,8.65,7.51
2025-10-31 11:00:00,29.8,44,0.0,28.85,8.72,7.51
2025-10-31 12:00:00,27.7,49,0.0,28.21,8.94,7.38
2025-10-31 13:00:00,26.0,53,0.0,27.25,9.21,7.29
2025-10-31 14:00:00,24.4,58,0.0,26.09,9.53,7.25
2025-10-31 15:00:00,23.1,65,0.0,24.89,9.91,7.14
2025-10-31 16:00:00,22.1,69,0.0,23.76,10.22,7.13
2025-10-31 17:00:00,21.2,72,0.0,22.69,10.5,6.93
2025-10-31 18:00:00,20.7,77,0.0,21.79,10.79,7.24
2025-10-31 19:00:00,21.2,74,0.0,21.31,10.83,7.19
2025-10-31 20:00:00,21.0,76,0.0,20.92,10.96,7.11
2025-10-31 21:00:00,20.5,81,0.0,20.49,11.15,7.43
2025-10-31 22:00:00,19.8,86,0.0,19.99,11.37,7.32
2025-10-31 23:00:00,19.2,89,0.0,19.45,11.55,7.28
2025-11-01 00:00:00,19.5,88,0.0,19.17,11.59,7.55
2025-11-01 01:00:00,20.4,84,0.0,19.24,11.48,7.59
2025-11-01 02:00:00,22.4,78,0.0,19.88,11.22,7.65
2025-11-01 03:00:00,25.0,70,0.0,21.12,10.79,7.62
2025-11-01 04:00:00,27.5,57,0.0,22.73,10.19,7.74
2025-11-01 05:00:00,28.9,50,0.0,24.28,9.74,7.68
2025-11-01 06:00:00,29.3,48,0.0,25.49,9.46,7.76
2025-11-01 07:00:00,30.3,45,0.0,26.63,9.18,7.49
2025-11-01 08:00:00,30.8,42,0.0,27.58,8.94,7.6
2025-11-01 09:00:00,30.9,41,0.0,28.28,8.78,7.76
2025-11-01 10:00:00,30.9,40,0.0,28.76,8.67,7.45
2025-11-01 11:00:00,30.8,40,0.0,29.08,8.61,7.39
2025-11-01 12:00:00,28.5,58,0.0,28.6,9.02,7.33
2025-11-01 13:00:00,26.6,64,0.0,27.7,9.31,7.18
2025-11-01 14:00:00,25.8,68,0.0,26.83,9.57,7.02
2025-11-01 15:00:00,24.6,73,0.0,25.86,9.86,7.17
2025-11-01 16:00:00,23.5,78,0.0,24.85,10.17,7.17
2025-11-01 17:00:00,22.8,78,0.0,23.94,10.36,7.13
2025-11-01 18:00:00,21.5,82,0.0,22.91,10.66,7.12
2025-11-01 19:00:00,21.2,82,0.0,22.09,10.83,7.15
2025-11-01 20:00:00,21.0,79,0.0,21.47,10.9,7.29
2025-11-01 21:00:00,20.5,78,0.0,20.88,11.01,7.22
2025-11-01 22:00:00,20.1,80,0.0,20.34,11.16,7.25
2025-11-01 23:00:00,19.8,82,0.0,19.88,11.3,7.36
2025-11-02 00:00:00,19.8,83,0.0,19.56,11.39,7.52
2025-11-02 01:00:00,20.2,82,0.0,19.45,11.4,7.68
2025-11-02 02:00:00,22.3,81,0.0,20.0,11.26,7.55
2025-11-02 03:00:00,24.6,75,0.0,21.08,10.9,7.67
2025-11-02 04:00:00,27.3,65,0.0,22.65,10.37,7.73
2025-11-02 05:00:00,29.4,54,0.0,24.37,9.8,7.61
2025-11-02 06:00:00,29.5,51,0.0,25.61,9.5,7.71
2025-11-02 07:00:00,30.2,49,0.0,26.69,9.24,7.54
2025-11-02 08:00:00,30.7,46,0.0,27.59,9.01,7.47
2025-11-02 09:00:00,30.8,46,0.0,28.25,8.88,7.63
2025-11-02 10:00:00,31.0,44,0.0,28.78,8.74,7.48
2025-11-02 11:00:00,30.4,45,0.0,28.96,8.72,7.47
2025-11-02 12:00:00,28.5,53,0.0,28.53,8.95,7.37
2025-11-02 13:00:00,27.0,56,0.0,27.77,9.16,7.21
2025-11-02 14:00:00,26.0,60,0.0,26.94,9.4,7.24
2025-11-02 15:00:00,25.2,62,0.0,26.12,9.6,7.06
2025-11-02 16:00:00,24.2,68,0.0,25.24,9.9,7.29
2025-11-02 17:00:00,22.9,75,0.0,24.24,10.24,6.99
2025-11-02 18:00:00,23.1,77,0.0,23.6,10.41,7.1
2025-11-02 19:00:00,22.9,79,0.0,23.09,10.56,7.04
2025-11-02 20:00:00,22.3,81,0.0,22.55,10.72,7.23
2025-11-02 21:00:00,21.8,84,0.0,22.03,10.89,7.19
2025-11-02 22:00:00,21.4,86,0.0,21.54,11.03,7.24
2025-11-02 23:00:00,20.9,88,0.0,21.05,11.18,7.46
2025-11-03 00:00:00,20.2,92,0.0,20.49,11.38,7.46
2025-11-03 01:00:00,20.9,87,0.0,20.31,11.32,7.59
2025-11-03 02:00:00,22.9,77,0.0,20.79,11.01,7.5
2025-11-03 03:00:00,25.3,69,0.0,21.84,10.62,7.51
2025-11-03 04:00:00,27.9,60,0.0,23.36,10.13,7.7
2025-11-03 05:00:00,29.8,49,0.0,24.99,9.58,7.67
2025-11-03 06:00:00,30.4,46,0.0,26.31,9.26,7.76
2025-11-03 07:00:00,31.2,44,0.0,27.48,8.99,7.67
2025-11-03 08:00:00,31.6,41,0.0,28.42,8.76,7.66
2025-11-03 09:00:00,31.8,39,0.0,29.13,8.58,7.42
2025-11-03 10:00:00,31.5,39,0.0,29.54,8.5,7.7
2025-11-03 11:00:00,30.8,41,0.0,29.62,8.52,7.43
2025-11-03 12:00:00,28.5,51,0.0,28.98,8.82,7.44
2025-11-03 13:00:00,26.3,54,0.0,27.88,9.1,7.22
2025-11-03 14:00:00,25.6,53,0.0,26.89,9.28,7.27
2025-11-03 15:00:00,24.9,56,0.0,26.0,9.51,7.06
2025-11-03 16:00:00,24.4,60,0.0,25.22,9.75,7.19
2025-11-03 17:00:00,23.6,66,0.0,24.43,10.02,7.09
2025-11-03 18:00:00,22.5,72,0.0,23.55,10.32,7.13
2025-11-03 19:00:00,22.9,72,0.0,23.06,10.43,7.21
2025-11-03 20:00:00,22.6,72,0.0,22.62,10.52,7.05
2025-11-03 21:00:00,22.4,71,0.0,22.25,10.58,7.16
2025-11-03 22:00:00,22.2,72,0.0,21.94,10.66,7.34
2025-11-03 23:00:00,22.0,77,0.0,21.66,10.82,7.58
2025-11-04 00:00:00,21.6,84,0.0,21.34,11.03,7.43
2025-11-04 01:00:00,21.8,85,0.0,21.18,11.09,7.58
2025-11-04 02:00:00,23.0,80,0.0,21.42,10.93,7.59
2025-11-04 03:00:00,24.6,75,0.0,22.08,10.69,7.85
2025-11-04 04:00:00,26.4,68,0.0,23.07,10.34,7.51
2025-11-04 05:00:00,28.1,58,0.0,24.28,9.9,7.72
2025-11-04 06:00:00,28.5,55,0.0,25.25,9.65,7.54
2025-11-04 07:00:00,28.8,53,0.0,26.01,9.45,7.44
2025-11-04 08:00:00,29.6,48,0.0,26.79,9.21,7.68
2025-11-04 09:00:00,29.8,47,0.0,27.39,9.07,7.61
2025-11-04 10:00:00,29.8,47,0.0,27.81,8.98,7.5
2025-11-04 11:00:00,29.0,50,0.0,27.87,9.03,7.45
2025-11-04 12:00:00,28.4,53,0.0,27.73,9.11,7.69
2025-11-04 13:00:00,26.4,60,0.0,27.03,9.38,7.29
2025-11-04 14:00:00,25.8,63,0.0,26.36,9.57,7.3
2025-11-04 15:00:00,25.0,70,0.0,25.65,9.85,7.13
2025-11-04 16:00:00,24.0,76,0.0,24.86,10.13,7.18
2025-11-04 17:00:00,23.2,80,0.0,24.06,10.38,7.11
2025-11-04 18:00:00,23.0,84,0.0,23.44,10.59,7.08
2025-11-04 19:00:00,22.8,85,0.0,22.95,10.71,7.32
2025-11-04 20:00:00,22.6,86,0.0,22.54,10.82,7.29
2025-11-04 21:00:00,22.8,84,0.0,22.32,10.82,7.24
2025-11-04 22:00:00,22.5,85,0.0,22.07,10.9,7.06
2025-11-04 23:00:00,22.2,86,0.0,21.81,10.97,7.33
2025-11-05 00:00:00,22.0,88,0.0,21.57,11.07,7.71
2025-11-05 01:00:00,22.5,85,0.0,21.55,11.01,7.5
2025-11-05 02:00:00,24.0,80,0.0,21.98,10.82,7.7
2025-11-05 03:00:00,26.4,71,0.0,23.01,10.42,7.79
2025-11-05 04:00:00,28.4,59,0.1,24.33,9.91,7.69
2025-11-05 05:00:00,29.6,53,0.1,25.61,9.54,7.6
2025-11-05 06:00:00,30.1,51,0.0,26.66,9.29,7.45
2025-11-05 07:00:00,30.6,50,0.1,27.54,9.09,7.74
2025-11-05 08:00:00,31.3,47,0.0,28.37,8.87,7.55
2025-11-05 09:00:00,31.6,45,0.1,29.04,8.7,7.59
2025-11-05 10:00:00,23.2,89,7.0,26.99,9.92,7.25
2025-11-05 11:00:00,25.2,81,0.1,26.15,9.95,7.44
2025-11-05 12:00:00,24.0,85,0.0,25.21,10.23,7.41
2025-11-05 13:00:00,23.3,94,0.0,24.33,10.59,7.37
2025-11-05 14:00:00,23.0,90,0.0,23.63,10.66,7.16
2025-11-05 15:00:00,23.0,86,0.0,23.14,10.69,7.34
2025-11-05 16:00:00,22.8,88,0.0,22.74,10.82,7.11
2025-11-05 17:00:00,22.1,90,0.0,22.25,10.96,6.98
2025-11-05 18:00:00,21.9,96,0.1,21.84,11.17,7.12
2025-11-05 19:00:00,21.9,96,0.1,21.56,11.23,7.15
2025-11-05 20:00:00,21.8,96,0.1,21.33,11.28,7.2
2025-11-05 21:00:00,20.8,95,1.1,20.87,11.36,7.32
2025-11-05 22:00:00,20.6,96,0.8,20.49,11.47,7.23
2025-11-05 23:00:00,20.4,98,2.3,20.16,11.58,7.27
2025-11-06 00:00:00,21.8,91,0.3,20.35,11.39,7.33
2025-11-06 01:00:00,22.0,91,0.0,20.55,11.35,7.61
2025-11-06 02:00:00,22.1,90,1.3,20.71,11.29,7.55
2025-11-06 03:00:00,22.6,90,0.6,20.98,11.24,7.58
2025-11-06 04:00:00,24.6,83,0.1,21.77,10.92,7.5
2025-11-06 05:00:00,26.9,68,0.0,23.01,10.36,7.86
2025-11-06 06:00:00,28.6,59,0.1,24.38,9.9,7.59
2025-11-06 07:00:00,30.5,50,0.0,25.92,9.42,7.63
2025-11-06 08:00:00,29.6,51,0.0,26.72,9.27,7.69
2025-11-06 09:00:00,25.9,73,1.9,26.18,9.8,7.41
2025-11-06 10:00:00,22.8,91,1.5,24.86,10.42,7.34
2025-11-06 11:00:00,21.6,93,10.8,23.58,10.73,7.09
2025-11-06 12:00:00,23.5,85,3.2,23.26,10.64,7.38
2025-11-06 13:00:00,22.6,94,0.1,22.76,10.93,7.29
2025-11-06 14:00:00,22.1,94,0.0,22.26,11.04,7.58
2025-11-06 15:00:00,21.2,93,1.9,21.64,11.15,7.05
2025-11-06 16:00:00,20.9,94,1.9,21.12,11.29,7.01
2025-11-06 17:00:00,20.5,95,1.5,20.63,11.42,7.03
2025-11-06 18:00:00,21.8,94,2.3,20.68,11.38,7.08
2025-11-06 19:00:00,22.0,95,0.0,20.78,11.38,7.12
2025-11-06 20:00:00,22.0,95,0.0,20.85,11.37,7.25
2025-11-06 21:00:00,22.0,94,0.0,20.89,11.34,7.14
2025-11-06 22:00:00,21.9,94,0.0,20.89,11.34,7.16
2025-11-06 23:00:00,21.4,95,0.0,20.75,11.39,7.2
2025-11-07 00:00:00,21.2,97,0.0,20.58,11.47,7.23
2025-11-07 01:00:00,21.5,96,0.0,20.56,11.45,7.48
2025-11-07 02:00:00,22.5,94,0.0,20.84,11.35,7.57
2025-11-07 03:00:00,24.2,85,0.0,21.55,11.01,7.59
2025-11-07 04:00:00,26.6,65,0.0,22.76,10.35,7.82
2025-11-07 05:00:00,28.5,53,0.0,24.18,9.82,7.83
2025-11-07 06:00:00,28.8,52,0.1,25.27,9.58,7.67
2025-11-07 07:00:00,29.4,49,0.0,26.21,9.34,7.51
2025-11-07 08:00:00,29.9,46,0.1,27.02,9.12,7.59
2025-11-07 09:00:00,29.6,46,0.0,27.49,9.03,7.54
2025-11-07 10:00:00,29.4,47,0.2,27.76,8.99,7.45
2025-11-07 11:00:00,28.6,50,0.1,27.71,9.06,7.38
2025-11-07 12:00:00,26.2,66,0.0,26.96,9.5,7.33
2025-11-07 13:00:00,24.6,71,0.0,25.95,9.8,7.28
2025-11-07 14:00:00,23.5,76,0.0,24.92,10.12,7.2
2025-11-07 15:00:00,23.2,80,0.0,24.1,10.37,7.23
2025-11-07 16:00:00,22.4,85,0.2,23.29,10.64,7.19
2025-11-07 17:00:00,22.0,86,0.1,22.6,10.8,7.05
2025-11-07 18:00:00,21.9,85,0.0,22.09,10.89,7.27
2025-11-07 19:00:00,21.4,88,0.0,21.58,11.06,7.06
2025-11-07 20:00:00,20.9,91,0.0,21.08,11.24,7.03
2025-11-07 21:00:00,20.2,94,0.0,20.52,11.42,7.28
2025-11-07 22:00:00,19.9,95,0.0,20.03,11.55,7.23
2025-11-07 23:00:00,19.5,95,0.0,19.57,11.65,7.42
2025-11-08 00:00:00,19.7,97,0.0,19.31,11.75,7.23
2025-11-08 01:00:00,19.9,97,0.0,19.19,11.77,7.69
2025-11-08 02:00:00,21.7,90,0.0,19.64,11.53,7.68
2025-11-08 03:00:00,24.5,77,0.0,20.8,11.0,7.51
2025-11-08 04:00:00,26.9,58,0.0,22.33,10.3,7.55
2025-11-08 05:00:00,28.5,49,0.0,23.88,9.8,7.88
2025-11-08 06:00:00,28.9,45,0.0,25.09,9.49,7.64
2025-11-08 07:00:00,29.1,43,0.0,25.99,9.27,7.61
2025-11-08 08:00:00,29.2,43,0.0,26.65,9.14,7.43
2025-11-08 09:00:00,29.4,43,0.0,27.18,9.04,7.57
2025-11-08 10:00:00,29.5,41,0.0,27.57,8.92,7.51
2025-11-08 11:00:00,28.9,45,0.0,27.67,8.97,7.53
2025-11-08 12:00:00,26.5,55,0.0,27.02,9.29,7.25
2025-11-08 13:00:00,25.1,55,0.0,26.14,9.46,7.17
2025-11-08 14:00:00,24.3,53,0.0,25.29,9.6,7.3
2025-11-08 15:00:00,23.2,55,0.0,24.36,9.82,7.3
2025-11-08 16:00:00,22.2,57,0.0,23.41,10.06,7.01
2025-11-08 17:00:00,21.5,58,0.0,22.54,10.25,7.25
2025-11-08 18:00:00,20.6,67,0.0,21.66,10.62,7.15
2025-11-08 19:00:00,20.4,67,0.0,20.98,10.76,7.27
2025-11-08 20:00:00,19.5,70,0.0,20.24,10.97,7.19
2025-11-08 21:00:00,18.8,72,0.0,19.51,11.17,7.0
2025-11-08 22:00:00,18.2,73,0.0,18.81,11.34,7.31
2025-11-08 23:00:00,17.8,74,0.0,18.21,11.48,7.51
2025-11-09 00:00:00,17.4,83,0.0,17.67,11.8,7.39
2025-11-09 01:00:00,17.8,80,0.0,17.41,11.79,7.52
2025-11-09 02:00:00,20.0,73,0.0,17.88,11.53,7.61
2025-11-09 03:00:00,22.9,63,0.0,19.09,11.06,7.39
2025-11-09 04:00:00,26.0,52,0.0,20.86,10.47,7.88
2025-11-09 05:00:00,27.6,39,0.0,22.58,9.86,7.63
2025-11-09 06:00:00,28.1,36,0.0,23.94,9.54,7.77
2025-11-09 07:00:00,29.0,34,0.0,25.16,9.26,7.69
2025-11-09 08:00:00,29.3,32,0.0,26.1,9.04,7.78
2025-11-09 09:00:00,29.4,33,0.0,26.79,8.93,7.64
2025-11-09 10:00:00,29.3,34,0.0,27.24,8.86,7.51
2025-11-09 11:00:00,28.8,38,0.0,27.41,8.9,7.37
2025-11-09 12:00:00,25.8,53,0.0,26.63,9.33,7.47
2025-11-09 13:00:00,23.6,63,0.0,25.42,9.76,7.14
2025-11-09 14:00:00,22.6,67,0.0,24.27,10.08,7.33
2025-11-09 15:00:00,21.9,70,0.0,23.26,10.35,7.11
2025-11-09 16:00:00,21.3,72,0.0,22.37,10.57,7.3
2025-11-09 17:00:00,20.7,76,0.0,21.57,10.82,7.17
2025-11-09 18:00:00,20.3,79,0.0,20.89,11.03,7.22
2025-11-09 19:00:00,20.0,81,0.0,20.32,11.19,7.18
2025-11-09 20:00:00,18.9,87,0.0,19.6,11.47,7.03
2025-11-09 21:00:00,18.0,91,0.0,18.82,11.73,7.17
2025-11-09 22:00:00,17.6,92,0.0,18.15,11.89,7.4
2025-11-09 23:00:00,17.1,94,0.0,17.54,12.07,7.42
2025-11-10 00:00:00,17.1,95,0.0,17.11,12.19,7.61
2025-11-10 01:00:00,17.7,92,0.0,16.98,12.14,7.61
2025-11-10 02:00:00,19.9,83,0.0,17.56,11.82,7.54
2025-11-10 03:00:00,23.0,71,0.0,18.89,11.28,7.6
2025-11-10 04:00:00,25.7,57,0.0,20.63,10.62,7.72
2025-11-10 05:00:00,27.3,50,0.0,22.33,10.13,7.5
2025-11-10 06:00:00,27.6,47,0.0,23.61,9.82,7.89
2025-11-10 07:00:00,28.7,45,0.0,24.84,9.54,7.75
2025-11-10 08:00:00,29.2,42,0.0,25.85,9.28,7.78
2025-11-10 09:00:00,29.5,39,0.0,26.64,9.07,7.45
2025-11-10 10:00:00,29.6,37,0.0,27.23,8.92,7.66
2025-11-10 11:00:00,29.0,40,0.0,27.46,8.93,7.69
2025-11-10 12:00:00,26.4,55,0.0,26.84,9.32,7.26
2025-11-10 13:00:00,24.2,62,0.0,25.75,9.68,7.4
2025-11-10 14:00:00,22.9,65,0.0,24.6,9.97,7.26
2025-11-10 15:00:00,22.0,68,0.0,23.52,10.25,7.06
2025-11-10 16:00:00,22.0,68,0.0,22.76,10.41,7.22
2025-11-10 17:00:00,21.5,70,0.0,22.08,10.59,7.23
2025-11-10 18:00:00,21.3,78,0.0,21.55,10.87,7.08
2025-11-10 19:00:00,21.1,81,0.0,21.11,11.02,7.28
2025-11-10 20:00:00,20.8,85,0.0,20.72,11.19,7.03
2025-11-10 21:00:00,20.1,92,0.0,20.23,11.44,7.1
2025-11-10 22:00:00,19.8,95,0.0,19.8,11.6,7.33
2025-11-10 23:00:00,19.2,97,0.0,19.32,11.74,7.39
2025-11-11 00:00:00,19.3,98,0.0,19.02,11.83,7.4
2025-11-11 01:00:00,19.8,98,0.0,18.95,11.85,7.63
2025-11-11 02:00:00,21.9,89,0.0,19.54,11.53,7.67
2025-11-11 03:00:00,24.4,74,0.0,20.7,10.96,7.75
2025-11-11 04:00:00,26.5,60,0.0,22.14,10.38,7.69
2025-11-11 05:00:00,28.0,53,0.0,23.6,9.94,7.77
2025-11-11 06:00:00,28.8,48,0.0,24.86,9.59,7.67
2025-11-11 07:00:00,29.5,46,0.0,25.95,9.33,7.9
2025-11-11 08:00:00,29.7,46,0.0,26.77,9.17,7.57
2025-11-11 09:00:00,30.1,45,0.0,27.47,9.01,7.81
2025-11-11 10:00:00,30.1,43,0.0,27.96,8.88,7.53
2025-11-11 11:00:00,29.5,47,0.0,28.12,8.92,7.32
2025-11-11 12:00:00,27.5,58,0.0,27.64,9.22,7.52
2025-11-11 13:00:00,26.0,61,0.0,26.85,9.43,7.33
2025-11-11 14:00:00,25.4,61,0.0,26.11,9.58,7.33
2025-11-11 15:00:00,24.2,65,0.0,25.24,9.84,7.32
2025-11-11 16:00:00,23.5,75,0.0,24.42,10.2,7.19
2025-11-11 17:00:00,22.3,86,0.0,23.48,10.62,7.08
2025-11-11 18:00:00,22.0,91,0.0,22.74,10.88,7.23
2025-11-11 19:00:00,21.6,93,0.0,22.1,11.06,7.15
2025-11-11 20:00:00,21.3,94,0.0,21.56,11.19,7.25
2025-11-11 21:00:00,20.9,95,0.0,21.06,11.32,7.02
2025-11-11 22:00:00,20.4,98,0.0,20.56,11.49,7.35
2025-11-11 23:00:00,20.0,98,0.0,20.09,11.6,7.32
2025-11-12 00:00:00,19.9,99,0.0,19.74,11.7,7.63
2025-11-12 01:00:00,20.2,98,0.0,19.57,11.71,7.6
2025-11-12 02:00:00,22.3,89,0.0,20.09,11.41,7.63
2025-11-12 03:00:00,24.8,76,0.0,21.2,10.9,7.71
2025-11-12 04:00:00,26.4,66,0.1,22.46,10.43,7.59
2025-11-12 05:00:00,27.6,61,0.0,23.7,10.08,7.88
2025-11-12 06:00:00,28.5,54,0.0,24.84,9.71,7.91
2025-11-12 07:00:00,29.2,51,0.1,25.85,9.45,7.72
2025-11-12 08:00:00,29.9,48,0.3,26.77,9.21,7.79
2025-11-12 09:00:00,29.7,49,0.5,27.35,9.11,7.51
2025-11-12 10:00:00,29.5,49,0.2,27.69,9.04,7.44
2025-11-12 11:00:00,28.2,54,0.0,27.54,9.16,7.47
2025-11-12 12:00:00,26.5,62,0.0,26.93,9.43,7.43
2025-11-12 13:00:00,25.7,65,0.0,26.26,9.63,7.28
2025-11-12 14:00:00,24.6,69,0.0,25.46,9.87,7.31
2025-11-12 15:00:00,23.8,75,0.0,24.66,10.15,7.23
2025-11-12 16:00:00,23.0,80,0.0,23.86,10.42,7.06
2025-11-12 17:00:00,22.2,85,0.0,23.07,10.69,7.19
2025-11-12 18:00:00,22.3,88,0.0,22.54,10.86,7.22
2025-11-12 19:00:00,22.6,88,0.0,22.26,10.92,7.16
2025-11-12 20:00:00,22.2,92,0.1,21.94,11.07,7.29
2025-11-12 21:00:00,21.7,96,0.0,21.57,11.23,7.11
2025-11-12 22:00:00,21.6,96,0.0,21.28,11.3,7.34
2025-11-12 23:00:00,21.5,96,0.0,21.04,11.35,7.25
2025-11-13 00:00:00,21.4,96,0.0,20.85,11.39,7.34
2025-11-13 01:00:00,21.5,96,0.0,20.75,11.41,7.47
2025-11-13 02:00:00,22.8,88,0.0,21.06,11.18,7.51
2025-11-13 03:00:00,24.3,79,0.0,21.73,10.85,7.6
2025-11-13 04:00:00,26.1,65,0.1,22.74,10.35,7.66
2025-11-13 05:00:00,27.1,59,0.1,23.75,10.03,7.79
2025-11-13 06:00:00,27.5,58,0.3,24.58,9.84,7.66
2025-11-13 07:00:00,28.5,54,0.1,25.45,9.59,7.53
2025-11-13 08:00:00,29.4,50,0.1,26.34,9.33,7.76
2025-11-13 09:00:00,30.0,47,0.1,27.14,9.12,7.51
2025-11-13 10:00:00,30.0,46,0.0,27.7,8.99,7.53
2025-11-13 11:00:00,29.5,46,0.0,27.94,8.94,7.5
2025-11-13 12:00:00,27.2,58,0.0,27.42,9.26,7.41
2025-11-13 13:00:00,26.1,59,0.0,26.72,9.42,7.42
2025-11-13 14:00:00,24.8,69,0.0,25.84,9.79,7.3
2025-11-13 15:00:00,23.5,79,0.0,24.84,10.19,7.11
2025-11-13 16:00:00,23.3,81,0.0,24.08,10.39,7.38
2025-11-13 17:00:00,22.5,87,0.0,23.31,10.67,7.16
2025-11-13 18:00:00,22.0,94,0.1,22.61,10.96,7.11
2025-11-13 19:00:00,22.0,90,0.1,22.13,10.99,7.24
2025-11-13 20:00:00,21.6,92,0.0,21.67,11.13,7.21
2025-11-13 21:00:00,21.2,93,0.0,21.23,11.24,7.28
2025-11-13 22:00:00,20.9,94,0.0,20.83,11.35,7.55
2025-11-13 23:00:00,20.5,95,0.0,20.43,11.46,7.35
2025-11-14 00:00:00,20.8,96,0.0,20.24,11.52,7.43
2025-11-14 01:00:00,21.2,93,0.0,20.23,11.46,7.55
2025-11-14 02:00:00,22.1,87,0.0,20.49,11.28,7.71
2025-11-14 03:00:00,23.7,77,0.0,21.15,10.93,7.51
2025-11-14 04:00:00,25.4,66,0.0,22.13,10.5,7.5
2025-11-14 05:00:00,27.0,58,0.0,23.29,10.1,7.66
2025-11-14 06:00:00,27.6,54,0.0,24.28,9.82,7.55
2025-11-14 07:00:00,28.5,50,0.0,25.25,9.55,7.65
2025-11-14 08:00:00,29.1,47,0.0,26.1,9.32,7.71
2025-11-14 09:00:00,29.5,45,0.0,26.82,9.14,7.51
2025-11-14 10:00:00,29.4,43,0.0,27.3,9.01,7.39
2025-11-14 11:00:00,28.7,43,0.0,27.42,8.99,7.47
2025-11-14 12:00:00,26.3,54,0.0,26.78,9.32,7.48
2025-11-14 13:00:00,24.6,60,0.0,25.83,9.62,7.15
2025-11-14 14:00:00,23.2,66,0.0,24.74,9.96,7.34
2025-11-14 15:00:00,22.0,71,0.0,23.62,10.29,7.29
2025-11-14 16:00:00,21.3,73,0.0,22.62,10.54,7.27
2025-11-14 17:00:00,21.3,72,0.0,21.93,10.66,7.27
2025-11-14 18:00:00,20.4,83,0.0,21.17,11.05,7.37
2025-11-14 19:00:00,19.9,86,0.0,20.49,11.26,7.13
2025-11-14 20:00:00,19.1,90,0.0,19.77,11.5,7.21
2025-11-14 21:00:00,18.6,93,0.0,19.12,11.7,7.22
2025-11-14 22:00:00,18.1,95,0.0,18.51,11.88,7.33
2025-11-14 23:00:00,17.8,96,0.0,18.0,12.01,7.56
2025-11-15 00:00:00,17.8,97,0.0,17.64,12.11,7.35
2025-11-15 01:00:00,18.5,92,0.0,17.6,12.01,7.48
2025-11-15 02:00:00,20.1,79,0.0,18.05,11.63,7.77
2025-11-15 03:00:00,22.4,66,0.0,19.05,11.13,7.78
2025-11-15 04:00:00,24.5,56,0.0,20.39,10.65,7.68
2025-11-15 05:00:00,26.1,49,0.0,21.8,10.22,7.82
2025-11-15 06:00:00,27.0,47,0.0,23.06,9.93,7.76
2025-11-15 07:00:00,27.9,44,0.0,24.21,9.64,7.86
2025-11-15 08:00:00,28.4,41,0.0,25.17,9.39,7.68
2025-11-15 09:00:00,28.5,40,0.0,25.87,9.24,7.72
2025-11-15 10:00:00,28.4,39,0.0,26.33,9.13,7.81
2025-11-15 11:00:00,28.1,39,0.0,26.56,9.08,7.53
2025-11-15 12:00:00,26.5,48,0.0,26.24,9.31,7.4
2025-11-15 13:00:00,24.6,60,0.0,25.45,9.7,7.4
2025-11-15 14:00:00,23.5,66,0.0,24.56,10.0,7.23
2025-11-15 15:00:00,23.0,70,0.0,23.8,10.23,7.45
2025-11-15 16:00:00,22.4,73,0.0,23.08,10.44,7.19
2025-11-15 17:00:00,22.0,77,0.0,22.45,10.66,7.12
2025-11-15 18:00:00,21.6,88,0.0,21.9,11.0,7.06
2025-11-15 19:00:00,21.4,89,0.0,21.45,11.11,7.27
2025-11-15 20:00:00,20.9,91,0.0,20.98,11.26,7.28
2025-11-15 21:00:00,20.2,93,0.0,20.45,11.41,7.19
2025-11-15 22:00:00,19.8,95,0.0,19.95,11.56,7.37
2025-11-15 23:00:00,19.2,96,0.0,19.43,11.7,7.24
2025-11-16 00:00:00,19.2,95,0.0,19.06,11.76,7.49
2025-11-16 01:00:00,19.8,91,0.0,18.98,11.69,7.59
2025-11-16 02:00:00,21.4,82,0.0,19.41,11.4,7.79
2025-11-16 03:00:00,23.7,71,0.0,20.4,10.96,7.59
2025-11-16 04:00:00,26.1,59,0.0,21.81,10.42,7.57
2025-11-16 05:00:00,27.8,52,0.0,23.3,9.98,7.63
2025-11-16 06:00:00,28.0,50,0.0,24.41,9.72,7.58
2025-11-16 07:00:00,29.1,46,0.0,25.52,9.42,7.83
2025-11-16 08:00:00,28.8,47,0.0,26.2,9.3,7.81
2025-11-16 09:00:00,29.1,46,0.0,26.77,9.17,7.64
2025-11-16 10:00:00,29.1,46,0.0,27.17,9.09,7.66
2025-11-16 11:00:00,28.4,48,0.0,27.24,9.12,7.48
2025-11-16 12:00:00,26.8,55,0.0,26.81,9.33,7.38
2025-11-16 13:00:00,26.3,56,0.0,26.36,9.44,7.29
2025-11-16 14:00:00,25.4,60,0.0,25.77,9.64,7.22
2025-11-16 15:00:00,24.0,64,0.0,24.94,9.88,7.04
2025-11-16 16:00:00,23.0,67,0.0,24.06,10.12,7.19
2025-11-16 17:00:00,22.1,71,0.0,23.17,10.38,7.13
2025-11-16 18:00:00,21.7,79,0.0,22.43,10.7,7.21
2025-11-16 19:00:00,21.2,81,0.0,21.76,10.88,7.16
2025-11-16 20:00:00,20.9,81,0.0,21.2,11.0,7.17
2025-11-16 21:00:00,20.6,79,0.0,20.72,11.06,7.15
2025-11-16 22:00:00,20.4,76,0.0,20.33,11.08,7.31
2025-11-16 23:00:00,20.1,72,0.0,19.96,11.08,7.46
2025-11-17 00:00:00,20.5,70,0.0,19.82,11.06,7.35
2025-11-17 01:00:00,20.8,67,0.0,19.81,11.0,7.55
2025-11-17 02:00:00,21.6,64,0.0,20.05,10.89,7.63
2025-11-17 03:00:00,22.9,62,0.0,20.6,10.73,7.59
2025-11-17 04:00:00,24.1,60,0.0,21.35,10.54,7.65
2025-11-17 05:00:00,24.5,60,0.0,22.0,10.4,7.75
2025-11-17 06:00:00,26.1,57,0.0,22.93,10.15,7.62
2025-11-17 07:00:00,27.5,53,0.0,24.0,9.86,7.74
2025-11-17 08:00:00,27.7,52,0.0,24.81,9.68,7.58
2025-11-17 09:00:00,28.0,50,0.0,25.47,9.51,7.72
2025-11-17 10:00:00,27.9,49,0.0,25.9,9.4,7.78
2025-11-17 11:00:00,27.0,53,0.0,25.93,9.47,7.39
2025-11-17 12:00:00,24.6,71,0.0,25.23,9.96,7.46
2025-11-17 13:00:00,24.0,73,0.0,24.56,10.13,7.26
2025-11-17 14:00:00,23.2,76,0.0,23.85,10.34,7.38
2025-11-17 15:00:00,22.6,80,0.0,23.18,10.56,7.09
2025-11-17 16:00:00,22.3,80,0.0,22.61,10.68,7.22
2025-11-17 17:00:00,21.7,82,0.0,22.04,10.84,7.06
2025-11-17 18:00:00,21.9,82,0.0,21.7,10.92,7.12
2025-11-17 19:00:00,22.1,77,0.0,21.52,10.85,7.05
2025-11-17 20:00:00,22.2,71,0.0,21.42,10.75,7.27
2025-11-17 21:00:00,21.6,70,0.0,21.18,10.78,7.15
2025-11-17 22:00:00,21.3,72,0.0,20.91,10.88,7.36
2025-11-17 23:00:00,21.0,75,0.0,20.64,11.0,7.34
2025-11-18 00:00:00,20.0,88,0.6,20.15,11.37,7.41
2025-11-18 01:00:00,20.1,91,5.1,19.83,11.51,7.41
2025-11-18 02:00:00,20.6,89,1.0,19.76,11.48,7.48
2025-11-18 03:00:00,22.4,79,0.0,20.25,11.16,7.69
2025-11-18 04:00:00,23.5,73,0.1,20.93,10.89,7.86
2025-11-18 05:00:00,23.6,74,0.2,21.43,10.81,7.64
2025-11-18 06:00:00,24.6,69,0.1,22.08,10.57,7.85
2025-11-18 07:00:00,25.3,67,0.2,22.75,10.39,7.86
2025-11-18 08:00:00,26.5,65,0.0,23.57,10.18,7.6
2025-11-18 09:00:00,27.2,62,0.1,24.36,9.96,7.48
2025-11-18 10:00:00,25.2,72,1.0,24.31,10.17,7.54
2025-11-18 11:00:00,24.4,79,0.7,24.04,10.36,7.4
2025-11-18 12:00:00,22.7,84,5.1,23.34,10.61,7.47
2025-11-18 13:00:00,22.5,89,0.2,22.79,10.83,7.34
2025-11-18 14:00:00,22.2,90,0.0,22.31,10.95,7.21
2025-11-18 15:00:00,21.6,93,0.0,21.8,11.12,7.12
2025-11-18 16:00:00,21.4,94,0.0,21.38,11.23,7.3
2025-11-18 17:00:00,21.1,95,0.2,20.99,11.34,7.09
2025-11-18 18:00:00,21.4,94,0.0,20.82,11.36,7.16
2025-11-18 19:00:00,21.1,95,0.0,20.6,11.42,7.26
2025-11-18 20:00:00,21.0,96,0.0,20.42,11.48,7.15
2025-11-18 21:00:00,20.8,96,0.0,20.23,11.52,7.24
2025-11-18 22:00:00,20.1,97,0.0,19.89,11.62,7.31
2025-11-18 23:00:00,19.8,97,0.0,19.57,11.69,7.46
2025-11-19 00:00:00,19.5,97,0.0,19.25,11.76,7.53
2025-11-19 01:00:00,19.7,97,0.0,19.08,11.8,7.52
2025-11-19 02:00:00,21.2,91,0.1,19.42,11.6,7.61
2025-11-19 03:00:00,22.4,84,0.2,20.01,11.32,7.62
2025-11-19 04:00:00,24.5,72,0.1,21.06,10.85,7.55
2025-11-19 05:00:00,25.8,67,0.1,22.18,10.51,7.75
2025-11-19 06:00:00,27.2,58,0.1,23.39,10.08,7.91
2025-11-19 07:00:00,28.0,54,0.0,24.47,9.78,7.62
2025-11-19 08:00:00,28.6,52,0.0,25.41,9.56,7.59
2025-11-19 09:00:00,29.2,49,0.0,26.25,9.33,7.52
2025-11-19 10:00:00,29.1,48,0.0,26.8,9.2,7.61
2025-11-19 11:00:00,28.5,50,0.0,27.01,9.2,7.51
2025-11-19 12:00:00,25.9,62,0.0,26.38,9.55,7.38
2025-11-19 13:00:00,24.4,68,0.0,25.48,9.85,7.24
2025-11-19 14:00:00,23.4,71,0.0,24.56,10.1,7.27
2025-11-19 15:00:00,22.6,75,0.0,23.67,10.36,7.05
2025-11-19 16:00:00,22.2,81,0.0,22.93,10.63,7.19
2025-11-19 17:00:00,21.8,85,0.0,22.29,10.85,7.23
2025-11-19 18:00:00,21.5,93,0.0,21.75,11.13,7.02
2025-11-19 19:00:00,21.2,95,0.0,21.29,11.27,7.0
2025-11-19 20:00:00,21.1,95,0.0,20.93,11.35,7.35
2025-11-19 21:00:00,21.4,92,0.0,20.77,11.32,7.18
2025-11-19 22:00:00,21.1,93,0.0,20.57,11.39,7.42
2025-11-19 23:00:00,20.2,97,0.0,20.16,11.56,7.37
2025-11-20 00:00:00,21.3,92,0.0,20.2,11.45,7.44
2025-11-20 01:00:00,21.4,91,0.0,20.26,11.41,7.58
2025-11-20 02:00:00,22.2,85,0.0,20.54,11.23,7.52
2025-11-20 03:00:00,24.0,72,0.0,21.28,10.8,7.67
2025-11-20 04:00:00,26.1,59,0.0,22.43,10.3,7.66
2025-11-20 05:00:00,27.9,52,0.0,23.77,9.89,7.58
2025-11-20 06:00:00,29.6,47,0.0,25.22,9.5,7.74
2025-11-20 07:00:00,30.6,44,0.0,26.53,9.18,7.66
2025-11-20 08:00:00,30.8,41,0.0,27.51,8.93,7.63
2025-11-20 09:00:00,30.9,41,0.0,28.23,8.79,7.47
2025-11-20 10:00:00,29.9,45,0.0,28.43,8.82,7.68
2025-11-20 11:00:00,28.0,49,0.0,28.0,8.98,7.55
2025-11-20 12:00:00,26.5,54,0.0,27.25,9.22,7.48
2025-11-20 13:00:00,25.0,56,0.0,26.28,9.46,7.29
2025-11-20 14:00:00,23.9,61,0.0,25.26,9.76,7.08
2025-11-20 15:00:00,23.1,68,0.0,24.31,10.09,7.4
2025-11-20 16:00:00,22.3,75,0.0,23.41,10.41,7.16
2025-11-20 17:00:00,22.0,77,0.0,22.69,10.61,7.07
2025-11-20 18:00:00,21.8,82,0.0,22.12,10.83,7.18
2025-11-20 19:00:00,21.5,85,0.0,21.63,10.99,7.27
2025-11-20 20:00:00,21.0,89,0.0,21.14,11.18,7.19
2025-11-20 21:00:00,20.4,92,0.0,20.62,11.36,7.37
2025-11-20 22:00:00,19.8,94,0.0,20.07,11.52,7.42
2025-11-20 23:00:00,19.4,95,0.0,19.57,11.65,7.28
2025-11-21 00:00:00,19.6,95,0.0,19.28,11.71,7.4
2025-11-21 01:00:00,20.2,93,0.0,19.26,11.67,7.64
2025-11-21 02:00:00,22.1,83,0.0,19.81,11.34,7.34
2025-11-21 03:00:00,24.6,73,0.0,20.95,10.89,7.65
2025-11-21 04:00:00,26.5,66,0.1,22.31,10.46,7.55
2025-11-21 05:00:00,27.7,61,0.3,23.63,10.09,7.64
2025-11-21 06:00:00,28.2,58,0.3,24.7,9.81,7.66
2025-11-21 07:00:00,29.0,57,0.1,25.69,9.59,7.65
2025-11-21 08:00:00,28.7,60,0.1,26.29,9.53,7.59
2025-11-21 09:00:00,27.0,67,0.9,26.21,9.68,7.45
2025-11-21 10:00:00,27.7,66,0.0,26.35,9.63,7.78
2025-11-21 11:00:00,24.8,79,1.9,25.59,10.03,7.58
2025-11-21 12:00:00,24.4,84,0.1,24.93,10.27,7.29
2025-11-21 13:00:00,23.9,88,0.0,24.32,10.48,7.5
2025-11-21 14:00:00,23.0,90,0.0,23.63,10.66,7.23
2025-11-21 15:00:00,22.5,91,0.0,22.99,10.82,7.23
2025-11-21 16:00:00,22.2,92,0.0,22.45,10.96,7.17
2025-11-21 17:00:00,21.9,93,0.0,21.99,11.08,7.08
2025-11-21 18:00:00,22.0,97,0.0,21.69,11.23,7.24
2025-11-21 19:00:00,22.2,96,0.0,21.54,11.24,7.17
2025-11-21 20:00:00,21.9,93,0.3,21.35,11.22,7.12
2025-11-21 21:00:00,21.8,94,0.2,21.19,11.27,7.09
2025-11-21 22:00:00,21.7,94,0.5,21.04,11.31,7.18
2025-11-21 23:00:00,21.4,96,0.0,20.85,11.39,7.21
2025-11-22 00:00:00,21.9,96,0.0,20.86,11.39,7.45
2025-11-22 01:00:00,22.0,96,0.0,20.9,11.38,7.41
2025-11-22 02:00:00,22.6,93,0.4,21.11,11.27,7.55
2025-11-22 03:00:00,23.2,88,0.0,21.44,11.1,7.79
2025-11-22 04:00:00,25.2,76,0.0,22.27,10.67,7.82
2025-11-22 05:00:00,26.5,69,0.0,23.24,10.33,7.71
2025-11-22 06:00:00,27.2,64,0.0,24.13,10.05,7.71
2025-11-22 07:00:00,28.0,60,0.0,24.99,9.79,7.89
2025-11-22 08:00:00,28.5,58,0.1,25.74,9.6,7.71
2025-11-22 09:00:00,28.2,58,0.0,26.18,9.51,7.58
2025-11-22 10:00:00,27.5,61,0.0,26.28,9.55,7.4
2025-11-22 11:00:00,26.4,67,0.2,26.01,9.72,7.5
2025-11-22 12:00:00,24.4,80,0.0,25.23,10.13,7.49
2025-11-22 13:00:00,22.5,91,0.6,24.11,10.58,7.24
2025-11-22 14:00:00,22.4,93,0.1,23.3,10.8,7.3
2025-11-22 15:00:00,22.0,92,0.8,22.61,10.92,7.14
2025-11-22 16:00:00,22.1,93,0.1,22.16,11.04,7.15
2025-11-22 17:00:00,21.6,96,0.0,21.69,11.21,6.9
2025-11-22 18:00:00,21.6,94,0.0,21.36,11.24,7.12
2025-11-22 19:00:00,22.0,94,0.0,21.25,11.26,7.25
2025-11-22 20:00:00,21.8,95,0.1,21.12,11.31,7.12
2025-11-22 21:00:00,21.1,93,1.3,20.81,11.34,7.18
2025-11-22 22:00:00,21.2,95,0.1,20.63,11.42,7.22
2025-11-22 23:00:00,21.4,94,0.1,20.56,11.41,7.41
2025-11-23 00:00:00,21.5,96,0.0,20.54,11.46,7.43
2025-11-23 01:00:00,21.7,96,0.0,20.59,11.45,7.44
2025-11-23 02:00:00,22.6,91,0.2,20.89,11.28,7.72
2025-11-23 03:00:00,23.7,86,0.1,21.43,11.06,7.74
2025-11-23 04:00:00,25.1,78,0.0,22.23,10.72,7.64
2025-11-23 05:00:00,26.5,72,0.2,23.21,10.4,7.75
2025-11-23 06:00:00,25.9,70,0.5,23.72,10.25,7.74
2025-11-23 07:00:00,26.3,69,0.0,24.19,10.13,7.77
2025-11-23 08:00:00,26.8,66,0.0,24.68,9.97,7.5
2025-11-23 09:00:00,27.5,63,0.0,25.22,9.8,7.72
2025-11-23 10:00:00,27.1,64,0.0,25.49,9.77,7.5
2025-11-23 11:00:00,26.0,69,0.2,25.34,9.89,7.43
2025-11-23 12:00:00,25.2,72,0.0,25.0,10.02,7.67
2025-11-23 13:00:00,24.1,78,0.0,24.43,10.26,7.37
2025-11-23 14:00:00,23.0,85,0.0,23.7,10.55,7.23
2025-11-23 15:00:00,22.5,89,0.0,23.04,10.77,7.0
2025-11-23 16:00:00,22.1,92,0.0,22.46,10.96,7.31
2025-11-23 17:00:00,21.6,95,0.0,21.9,11.14,7.02
2025-11-23 18:00:00,21.9,90,0.0,21.6,11.1,7.04
2025-11-23 19:00:00,21.5,93,0.0,21.27,11.24,7.12
2025-11-23 20:00:00,21.5,94,0.0,21.04,11.31,7.33
2025-11-23 21:00:00,21.4,95,0.0,20.85,11.37,7.32
2025-11-23 22:00:00,21.0,98,0.0,20.59,11.49,7.29
2025-11-23 23:00:00,21.5,94,0.0,20.57,11.41,7.41
2025-11-24 00:00:00,21.3,95,0.0,20.49,11.45,7.4
2025-11-24 01:00:00,21.3,95,0.0,20.43,11.46,7.55
2025-11-24 02:00:00,22.0,90,0.0,20.6,11.32,7.61
2025-11-24 03:00:00,23.2,83,0.0,21.08,11.07,7.76
2025-11-24 04:00:00,24.4,77,0.0,21.78,10.8,7.8
2025-11-24 05:00:00,25.3,71,0.0,22.53,10.52,7.77
2025-11-24 06:00:00,25.5,68,0.0,23.12,10.33,7.69
2025-11-24 07:00:00,26.1,66,0.0,23.72,10.17,7.79
2025-11-24 08:00:00,26.3,63,0.0,24.19,10.02,7.67
2025-11-24 09:00:00,26.4,63,0.0,24.55,9.94,7.52
2025-11-24 10:00:00,26.1,64,0.0,24.72,9.93,7.52
2025-11-24 11:00:00,25.4,67,0.0,24.62,10.0,7.5
2025-11-24 12:00:00,24.6,74,0.0,24.32,10.2,7.51
2025-11-24 13:00:00,23.6,80,0.0,23.8,10.43,7.33
2025-11-24 14:00:00,22.9,85,0.0,23.23,10.65,7.16
2025-11-24 15:00:00,22.4,88,0.0,22.68,10.83,7.23
2025-11-24 16:00:00,21.9,92,0.0,22.15,11.02,7.19
2025-11-24 17:00:00,21.5,93,0.0,21.65,11.15,7.17
2025-11-24 18:00:00,21.8,94,0.0,21.4,11.23,7.24
2025-11-24 19:00:00,21.5,93,0.0,21.13,11.27,7.26
2025-11-24 20:00:00,21.2,93,0.0,20.85,11.33,7.13
2025-11-24 21:00:00,20.9,93,0.0,20.56,11.39,7.18
2025-11-24 22:00:00,20.5,93,0.0,20.25,11.46,7.2
2025-11-24 23:00:00,20.2,93,0.0,19.93,11.53,7.45
2025-11-25 00:00:00,20.8,91,0.0,19.89,11.49,7.61
2025-11-25 01:00:00,20.6,90,0.0,19.8,11.49,7.51
2025-11-25 02:00:00,22.0,82,0.0,20.16,11.24,7.58
2025-11-25 03:00:00,23.5,73,0.0,20.86,10.91,7.81
2025-11-25 04:00:00,25.4,62,0.0,21.92,10.46,7.75
2025-11-25 05:00:00,27.1,55,0.0,23.18,10.06,7.76
2025-11-25 06:00:00,26.5,57,0.0,23.87,9.96,7.6
2025-11-25 07:00:00,27.6,54,0.2,24.69,9.74,7.76
2025-11-25 08:00:00,28.2,51,0.2,25.44,9.53,7.56
2025-11-25 09:00:00,28.5,50,0.1,26.06,9.39,7.49
2025-11-25 10:00:00,28.3,50,0.0,26.43,9.31,7.51
2025-11-25 11:00:00,27.4,54,0.0,26.42,9.39,7.41
2025-11-25 12:00:00,25.5,64,0.0,25.85,9.69,7.38
2025-11-25 13:00:00,24.3,70,0.0,25.08,9.97,7.19
2025-11-25 14:00:00,23.1,76,0.0,24.19,10.27,7.36
2025-11-25 15:00:00,22.5,79,0.0,23.38,10.5,7.33
2025-11-25 16:00:00,21.8,82,0.0,22.61,10.72,6.98
2025-11-25 17:00:00,21.0,85,0.0,21.82,10.95,7.25
2025-11-25 18:00:00,20.7,91,0.0,21.19,11.21,7.07
2025-11-25 19:00:00,20.3,93,0.0,20.62,11.38,7.25
2025-11-25 20:00:00,19.7,95,0.0,20.04,11.54,7.19
2025-11-25 21:00:00,19.2,96,0.0,19.49,11.69,7.26
2025-11-25 22:00:00,19.2,96,0.0,19.1,11.77,7.3
2025-11-25 23:00:00,19.8,94,0.0,19.01,11.75,7.51
2025-11-26 00:00:00,19.9,95,0.0,18.98,11.78,7.35
2025-11-26 01:00:00,20.3,90,0.0,19.08,11.65,7.61
2025-11-26 02:00:00,21.0,85,0.0,19.35,11.48,7.73
2025-11-26 03:00:00,22.5,75,0.0,20.0,11.13,7.74
2025-11-26 04:00:00,24.3,63,0.0,20.99,10.67,7.94
2025-11-26 05:00:00,26.0,54,0.0,22.19,10.24,7.67
2025-11-26 06:00:00,27.2,49,0.0,23.39,9.9,7.82
2025-11-26 07:00:00,28.9,43,0.0,24.75,9.52,7.69
2025-11-26 08:00:00,29.1,41,0.0,25.75,9.28,7.79
2025-11-26 09:00:00,29.4,40,0.0,26.55,9.1,7.61
2025-11-26 10:00:00,28.8,42,0.0,26.92,9.07,7.5
2025-11-26 11:00:00,27.9,45,0.0,26.92,9.12,7.6
2025-11-26 12:00:00,26.3,52,0.0,26.43,9.35,7.35
2025-11-26 13:00:00,24.1,61,0.0,25.43,9.72,7.19
2025-11-26 14:00:00,22.9,68,0.0,24.37,10.08,7.21
2025-11-26 15:00:00,21.9,74,0.0,23.33,10.41,7.28
2025-11-26 16:00:00,21.0,79,0.0,22.33,10.72,7.32
2025-11-26 17:00:00,20.2,83,0.0,21.39,11.0,7.17
2025-11-26 18:00:00,19.4,89,0.0,20.49,11.32,7.29
2025-11-26 19:00:00,19.4,89,0.0,19.87,11.46,7.04
2025-11-26 20:00:00,19.6,89,0.0,19.49,11.54,7.16
2025-11-26 21:00:00,20.0,87,0.0,19.34,11.53,7.23
2025-11-26 22:00:00,19.5,90,0.0,19.09,11.64,7.31
2025-11-26 23:00:00,18.7,94,0.0,18.67,11.82,7.4
2025-11-27 00:00:00,20.2,86,0.0,18.83,11.61,7.54
2025-11-27 01:00:00,19.9,88,0.0,18.85,11.65,7.5
2025-11-27 02:00:00,20.5,84,0.0,19.05,11.52,7.63
2025-11-27 03:00:00,22.2,74,0.0,19.69,11.17,7.67
2025-11-27 04:00:00,24.1,61,0.0,20.71,10.69,7.62
2025-11-27 05:00:00,25.1,54,0.0,21.73,10.34,7.72
2025-11-27 06:00:00,25.9,51,0.0,22.68,10.08,7.72
2025-11-27 07:00:00,26.7,47,0.0,23.59,9.82,7.7
2025-11-27 08:00:00,27.3,47,0.0,24.4,9.66,7.68
2025-11-27 09:00:00,28.0,43,0.0,25.18,9.43,7.63
2025-11-27 10:00:00,27.5,45,0.0,25.58,9.39,7.51
2025-11-27 11:00:00,26.7,47,0.0,25.61,9.42,7.61
2025-11-27 12:00:00,24.5,53,0.0,24.98,9.66,7.29
2025-11-27 13:00:00,23.0,60,0.0,24.09,9.98,7.27
2025-11-27 14:00:00,22.2,66,0.0,23.22,10.27,7.56
2025-11-27 15:00:00,21.6,70,0.0,22.43,10.52,7.12
2025-11-27 16:00:00,21.0,73,0.0,21.7,10.73,7.05
2025-11-27 17:00:00,20.2,78,0.0,20.95,10.99,7.23
2025-11-27 18:00:00,20.0,84,0.0,20.37,11.24,6.95
2025-11-27 19:00:00,19.0,92,0.0,19.66,11.56,7.15
2025-11-27 20:00:00,18.9,93,0.0,19.13,11.7,7.42
2025-11-27 21:00:00,19.8,88,0.0,19.03,11.61,7.1
2025-11-27 22:00:00,19.1,92,0.0,18.75,11.76,7.12
2025-11-27 23:00:00,18.1,95,0.0,18.26,11.93,7.25
2025-11-28 00:00:00,20.1,89,0.0,18.51,11.75,7.56
2025-11-28 01:00:00,20.4,86,0.1,18.78,11.63,7.65
2025-11-28 02:00:00,20.5,83,0.0,18.99,11.51,7.57
2025-11-28 03:00:00,21.9,75,0.0,19.57,11.22,7.74
2025-11-28 04:00:00,23.7,64,0.0,20.51,10.79,7.85
2025-11-28 05:00:00,25.2,54,0.0,21.61,10.36,7.91
2025-11-28 06:00:00,26.4,48,0.0,22.75,10.01,7.71
2025-11-28 07:00:00,27.1,43,0.0,23.75,9.71,7.48
2025-11-28 08:00:00,27.3,43,0.0,24.52,9.56,7.59
2025-11-28 09:00:00,28.0,41,0.0,25.26,9.38,7.58
2025-11-28 10:00:00,27.2,44,0.0,25.54,9.38,7.53
2025-11-28 11:00:00,26.5,47,0.0,25.53,9.44,7.46
2025-11-28 12:00:00,25.0,55,0.0,25.07,9.68,7.52
2025-11-28 13:00:00,24.1,58,0.0,24.48,9.86,7.46
2025-11-28 14:00:00,23.0,65,0.0,23.74,10.15,7.26
2025-11-28 15:00:00,22.5,70,0.0,23.07,10.39,7.33
2025-11-28 16:00:00,22.1,71,0.0,22.48,10.53,7.21
2025-11-28 17:00:00,21.3,73,0.0,21.82,10.71,7.16
2025-11-28 18:00:00,20.4,81,0.0,21.1,11.02,7.24
2025-11-28 19:00:00,20.2,80,0.0,20.53,11.12,7.17
2025-11-28 20:00:00,20.1,77,0.0,20.1,11.15,7.4
2025-11-28 21:00:00,19.7,76,0.0,19.68,11.22,7.11
2025-11-28 22:00:00,19.2,76,0.0,19.24,11.31,7.27
2025-11-28 23:00:00,19.1,77,0.0,18.89,11.41,7.38
2025-11-29 00:00:00,19.4,77,0.0,18.75,11.44,7.52
2025-11-29 01:00:00,19.6,74,0.0,18.7,11.38,7.68
2025-11-29 02:00:00,20.3,73,0.0,18.88,11.32,7.62
2025-11-29 03:00:00,21.6,70,0.0,19.4,11.15,7.54
2025-11-29 04:00:00,22.8,70,0.0,20.12,11.0,7.8
2025-11-29 05:00:00,24.5,65,0.1,21.13,10.68,7.81
2025-11-29 06:00:00,22.5,74,0.0,21.24,10.85,7.55
2025-11-29 07:00:00,22.9,73,0.5,21.44,10.79,7.7
2025-11-29 08:00:00,23.9,67,0.2,21.88,10.57,7.53
2025-11-29 09:00:00,24.8,62,0.0,22.45,10.35,7.58
2025-11-29 10:00:00,24.6,64,0.0,22.8,10.32,7.49
2025-11-29 11:00:00,24.7,63,0.0,23.07,10.25,7.59
2025-11-29 12:00:00,22.6,73,0.0,22.63,10.54,7.45
2025-11-29 13:00:00,22.4,75,0.0,22.26,10.66,7.23
2025-11-29 14:00:00,21.7,79,0.0,21.79,10.84,7.38
2025-11-29 15:00:00,21.5,81,0.0,21.4,10.96,7.09
2025-11-29 16:00:00,21.5,83,0.1,21.13,11.06,7.21
2025-11-29 17:00:00,21.5,85,0.1,20.94,11.14,7.07
2025-11-29 18:00:00,21.1,89,0.1,20.69,11.28,7.11
2025-11-29 19:00:00,20.6,93,1.2,20.36,11.43,7.15
2025-11-29 20:00:00,20.5,94,1.9,20.1,11.51,7.17
2025-11-29 21:00:00,20.4,95,0.9,19.89,11.58,7.33
2025-11-29 22:00:00,20.4,95,1.3,19.75,11.61,7.24
2025-11-29 23:00:00,20.5,94,0.4,19.67,11.6,7.39
2025-11-30 00:00:00,20.4,96,1.0,19.59,11.66,7.36
2025-11-30 01:00:00,20.6,95,0.1,19.59,11.64,7.55
2025-11-30 02:00:00,21.1,93,0.0,19.75,11.57,7.66
2025-11-30 03:00:00,22.1,88,0.1,20.15,11.37,7.65
2025-11-30 04:00:00,22.2,92,0.9,20.47,11.39,7.48
2025-11-30 05:00:00,23.5,85,1.1,21.08,11.11,7.71
2025-11-30 06:00:00,24.9,72,0.1,21.92,10.66,7.77
2025-11-30 07:00:00,25.6,66,0.0,22.73,10.38,7.65
2025-11-30 08:00:00,26.1,62,0.0,23.44,10.15,7.56
2025-11-30 09:00:00,26.3,62,0.0,24.0,10.04,7.78
2025-11-30 10:00:00,26.1,62,0.0,24.33,9.97,7.62
2025-11-30 11:00:00,25.0,68,0.0,24.23,10.11,7.47
2025-11-30 12:00:00,23.8,78,0.0,23.8,10.39,7.31
2025-11-30 13:00:00,23.5,77,0.0,23.41,10.45,7.27
2025-11-30 14:00:00,22.8,79,0.0,22.93,10.6,7.41
2025-11-30 15:00:00,22.4,81,0.0,22.47,10.73,7.24
2025-11-30 16:00:00,22.0,83,0.0,22.03,10.87,7.12
2025-11-30 17:00:00,21.6,84,0.0,21.6,10.98,7.21
2025-11-30 18:00:00,21.9,87,0.0,21.39,11.09,7.06
2025-11-30 19:00:00,21.5,89,0.0,21.12,11.18,7.31
2025-11-30 20:00:00,21.3,91,0.0,20.88,11.28,7.33
2025-11-30 21:00:00,21.2,91,0.1,20.67,11.32,7.19
2025-11-30 22:00:00,21.4,88,0.0,20.59,11.28,7.24
2025-11-30 23:00:00,21.5,85,0.0,20.56,11.22,7.11
2025-12-01 00:00:00,21.4,87,0.0,20.51,11.27,7.31
2025-12-01 01:00:00,21.5,85,0.0,20.51,11.23,7.4
2025-12-01 02:00:00,22.2,81,0.0,20.72,11.1,7.62
2025-12-01 03:00:00,23.8,73,0.0,21.34,10.81,7.63
2025-12-01 04:00:00,25.9,63,0.0,22.41,10.38,7.56
2025-12-01 05:00:00,26.9,57,0.0,23.46,10.05,7.69
2025-12-01 06:00:00,26.7,58,0.0,24.13,9.93,7.77
2025-12-01 07:00:00,26.8,58,0.0,24.63,9.83,7.76
2025-12-01 08:00:00,26.2,61,0.0,24.8,9.85,7.48
2025-12-01 09:00:00,26.5,59,0.0,25.01,9.77,7.61
2025-12-01 10:00:00,26.5,59,0.0,25.16,9.74,7.42
2025-12-01 11:00:00,26.1,62,0.0,25.14,9.8,7.58
2025-12-01 12:00:00,24.2,73,0.0,24.56,10.13,7.49
2025-12-01 13:00:00,23.6,75,0.0,23.97,10.3,7.25
2025-12-01 14:00:00,23.0,77,0.0,23.38,10.46,7.2
2025-12-01 15:00:00,22.3,79,0.0,22.76,10.63,7.17
2025-12-01 16:00:00,22.0,81,0.0,22.23,10.78,6.95
2025-12-01 17:00:00,21.4,84,0.0,21.68,10.96,7.19
2025-12-01 18:00:00,21.4,88,0.0,21.3,11.13,7.12
2025-12-01 19:00:00,21.5,87,0.0,21.06,11.16,7.26
2025-12-01 20:00:00,22.1,83,0.0,21.07,11.07,7.08
2025-12-01 21:00:00,22.5,81,0.0,21.2,11.0,7.17
2025-12-01 22:00:00,22.5,81,0.1,21.29,10.98,7.14
2025-12-01 23:00:00,22.1,83,0.0,21.23,11.04,7.27
2025-12-02 00:00:00,21.5,91,0.0,21.01,11.25,7.33
2025-12-02 01:00:00,21.9,89,0.0,20.98,11.22,7.63
2025-12-02 02:00:00,22.4,83,0.0,21.11,11.06,7.53
2025-12-02 03:00:00,23.7,75,0.0,21.58,10.8,7.67
2025-12-02 04:00:00,25.4,68,0.0,22.43,10.48,7.66
2025-12-02 05:00:00,25.6,66,0.0,23.08,10.3,7.59
2025-12-02 06:00:00,26.9,60,0.0,23.93,10.01,7.7
2025-12-02 07:00:00,27.8,57,0.1,24.79,9.78,7.75
2025-12-02 08:00:00,28.9,52,0.1,25.72,9.49,7.53
2025-12-02 09:00:00,28.2,55,0.1,26.17,9.46,7.68
2025-12-02 10:00:00,28.0,56,0.0,26.42,9.43,7.46
2025-12-02 11:00:00,27.7,57,0.0,26.5,9.43,7.42
2025-12-02 12:00:00,22.6,91,0.0,25.03,10.38,7.46
2025-12-02 13:00:00,22.5,91,0.4,23.97,10.61,7.25
2025-12-02 14:00:00,22.4,92,0.0,23.2,10.8,7.28
2025-12-02 15:00:00,22.2,92,0.0,22.6,10.93,7.19
2025-12-02 16:00:00,21.8,92,0.0,22.06,11.04,7.19
2025-12-02 17:00:00,21.5,91,0.1,21.59,11.12,6.91
2025-12-02 18:00:00,21.8,92,0.1,21.35,11.2,6.96
2025-12-02 19:00:00,21.6,92,1.2,21.13,11.25,7.16
2025-12-02 20:00:00,22.0,92,0.6,21.09,11.25,7.26
2025-12-02 21:00:00,21.8,92,0.0,21.0,11.27,7.15
2025-12-02 22:00:00,22.1,90,0.0,21.03,11.23,7.28
2025-12-02 23:00:00,22.0,90,0.0,21.02,11.23,7.4
2025-12-03 00:00:00,21.2,94,0.0,20.78,11.36,7.52
2025-12-03 01:00:00,21.6,92,0.1,20.72,11.33,7.32
2025-12-03 02:00:00,22.1,92,0.1,20.84,11.31,7.51
2025-12-03 03:00:00,23.9,82,0.0,21.46,10.97,7.62
2025-12-03 04:00:00,24.6,73,0.0,22.1,10.65,7.77
2025-12-03 05:00:00,27.5,59,0.0,23.42,10.09,7.97
2025-12-03 06:00:00,27.0,60,0.0,24.19,9.96,7.7
2025-12-03 07:00:00,26.5,64,0.0,24.59,9.95,7.56
2025-12-03 08:00:00,27.0,64,0.0,25.01,9.87,7.71
2025-12-03 09:00:00,27.0,65,0.1,25.31,9.82,7.74
2025-12-03 10:00:00,26.5,67,0.3,25.36,9.85,7.55
2025-12-03 11:00:00,26.0,69,0.1,25.26,9.91,7.39
2025-12-03 12:00:00,24.8,77,0.1,24.82,10.16,7.5
2025-12-03 13:00:00,23.0,87,0.9,23.97,10.53,7.36
2025-12-03 14:00:00,22.2,93,1.2,23.14,10.83,7.11
2025-12-03 15:00:00,21.1,95,2.1,22.23,11.07,7.17
2025-12-03 16:00:00,21.0,96,0.1,21.56,11.23,7.28
2025-12-03 17:00:00,21.0,97,0.0,21.09,11.36,7.28
2025-12-03 18:00:00,21.3,97,0.1,20.85,11.41,7.14
2025-12-03 19:00:00,21.3,97,0.0,20.69,11.45,7.13
2025-12-03 20:00:00,21.2,97,0.0,20.54,11.48,7.32
2025-12-03 21:00:00,21.2,96,0.0,20.44,11.48,7.12
2025-12-03 22:00:00,21.0,96,0.0,20.31,11.51,7.35
2025-12-03 23:00:00,20.0,98,0.0,19.92,11.64,7.25
2025-12-04 00:00:00,21.0,96,0.0,19.94,11.59,7.57
2025-12-04 01:00:00,21.2,95,0.1,20.02,11.55,7.5
2025-12-04 02:00:00,21.5,93,0.0,20.16,11.48,7.74
2025-12-04 03:00:00,22.9,86,0.0,20.68,11.22,7.71
2025-12-04 04:00:00,25.0,73,0.0,21.68,10.74,7.58
2025-12-04 05:00:00,25.9,68,0.1,22.65,10.43,7.86
2025-12-04 06:00:00,27.0,62,0.1,23.65,10.11,7.87
2025-12-04 07:00:00,28.0,58,0.1,24.66,9.82,7.78
2025-12-04 08:00:00,28.9,54,0.1,25.63,9.55,7.58
2025-12-04 09:00:00,28.2,55,0.1,26.1,9.47,7.57
2025-12-04 10:00:00,26.6,65,0.0,25.95,9.69,7.57
2025-12-04 11:00:00,24.7,76,2.0,25.28,10.04,7.33
2025-12-04 12:00:00,25.4,68,1.7,25.01,9.94,7.5
2025-12-04 13:00:00,23.8,78,0.0,24.35,10.28,7.35
2025-12-04 14:00:00,22.4,86,0.0,23.46,10.62,7.01
2025-12-04 15:00:00,21.7,91,0.0,22.63,10.9,7.26
2025-12-04 16:00:00,21.4,92,0.0,21.96,11.06,7.15
2025-12-04 17:00:00,20.9,95,0.0,21.35,11.26,7.15
2025-12-04 18:00:00,21.9,94,0.0,21.21,11.27,7.11
2025-12-04 19:00:00,21.6,92,0.6,21.03,11.27,7.2
2025-12-04 20:00:00,21.2,94,0.0,20.78,11.36,7.3
2025-12-04 21:00:00,21.0,96,0.0,20.55,11.46,7.27
2025-12-04 22:00:00,20.8,97,0.0,20.32,11.53,7.27
2025-12-04 23:00:00,21.0,95,0.0,20.23,11.5,7.38
2025-12-05 00:00:00,21.1,95,0.0,20.19,11.51,7.46
2025-12-05 01:00:00,21.4,93,0.0,20.25,11.46,7.45
2025-12-05 02:00:00,22.1,89,0.0,20.51,11.32,7.66
2025-12-05 03:00:00,23.3,82,0.0,21.04,11.06,7.71
2025-12-05 04:00:00,24.4,76,0.0,21.75,10.78,7.86
2025-12-05 05:00:00,25.8,69,0.0,22.67,10.45,7.85
2025-12-05 06:00:00,26.0,65,0.1,23.37,10.22,7.65
2025-12-05 07:00:00,26.6,63,0.2,24.04,10.05,7.78
2025-12-05 08:00:00,27.8,58,0.0,24.87,9.78,7.58
2025-12-05 09:00:00,27.9,56,0.0,25.48,9.62,7.69
2025-12-05 10:00:00,25.4,66,0.4,25.15,9.88,7.48
2025-12-05 11:00:00,25.2,68,0.0,24.87,9.97,7.39
2025-12-05 12:00:00,24.8,69,0.0,24.55,10.06,7.44
2025-12-05 13:00:00,23.6,74,0.0,23.96,10.28,7.08
2025-12-05 14:00:00,23.2,76,0.0,23.43,10.43,7.1
2025-12-05 15:00:00,22.5,79,0.0,22.85,10.61,7.2
2025-12-05 16:00:00,21.6,83,0.0,22.18,10.84,7.19
2025-12-05 17:00:00,20.9,88,0.0,21.49,11.08,7.12
2025-12-05 18:00:00,20.9,91,0.0,21.02,11.25,6.99
2025-12-05 19:00:00,20.7,92,0.0,20.62,11.36,7.08
2025-12-05 20:00:00,20.5,92,0.0,20.28,11.43,7.24
2025-12-05 21:00:00,20.1,93,0.0,19.93,11.53,7.31
2025-12-05 22:00:00,19.6,93,0.0,19.53,11.61,7.31
2025-12-05 23:00:00,19.2,92,0.0,19.13,11.68,7.51
2025-12-06 00:00:00,19.5,94,0.0,18.94,11.76,7.51
2025-12-06 01:00:00,19.6,90,0.0,18.84,11.7,7.47
2025-12-06 02:00:00,20.8,83,0.0,19.13,11.49,7.59
2025-12-06 03:00:00,22.4,73,0.0,19.81,11.13,7.53
2025-12-06 04:00:00,24.0,66,0.0,20.77,10.78,7.7
2025-12-06 05:00:00,26.1,56,0.0,22.07,10.31,7.84
2025-12-06 06:00:00,25.9,59,0.0,22.92,10.2,7.8
2025-12-06 07:00:00,26.8,56,0.0,23.78,9.96,7.85
2025-12-06 08:00:00,27.0,56,0.0,24.45,9.83,7.65
2025-12-06 09:00:00,27.6,53,0.0,25.09,9.64,7.76
2025-12-06 10:00:00,27.5,53,0.0,25.52,9.55,7.54
2025-12-06 11:00:00,27.1,53,0.0,25.69,9.52,7.63
2025-12-06 12:00:00,25.4,62,0.0,25.3,9.77,7.4
2025-12-06 13:00:00,24.0,67,0.0,24.61,10.01,7.41
2025-12-06 14:00:00,22.9,73,0.0,23.8,10.29,7.42
2025-12-06 15:00:00,22.0,81,0.0,22.96,10.63,7.2
2025-12-06 16:00:00,21.5,86,0.0,22.22,10.89,7.2
2025-12-06 17:00:00,20.9,89,0.0,21.52,11.1,7.28
2025-12-06 18:00:00,20.5,93,0.0,20.92,11.31,7.14
2025-12-06 19:00:00,20.2,95,0.0,20.4,11.47,7.03
2025-12-06 20:00:00,19.5,96,0.0,19.83,11.61,7.42
2025-12-06 21:00:00,19.1,97,0.0,19.31,11.75,7.21
2025-12-06 22:00:00,18.8,98,0.0,18.86,11.87,7.34
2025-12-06 23:00:00,19.1,98,0.0,18.63,11.92,7.51
2025-12-07 00:00:00,19.9,94,0.0,18.71,11.81,7.41
2025-12-07 01:00:00,19.7,93,0.0,18.71,11.79,7.45
2025-12-07 02:00:00,20.5,88,0.0,18.95,11.63,7.65
2025-12-07 03:00:00,22.2,77,0.0,19.62,11.25,7.5
2025-12-07 04:00:00,24.0,67,0.0,20.64,10.83,7.68
2025-12-07 05:00:00,25.8,61,0.0,21.88,10.45,7.76
2025-12-07 06:00:00,26.9,53,0.0,23.09,10.04,7.7
2025-12-07 07:00:00,27.6,50,0.0,24.14,9.77,7.55
2025-12-07 08:00:00,28.4,47,0.0,25.12,9.52,7.83
2025-12-07 09:00:00,28.5,46,0.0,25.83,9.36,7.62
2025-12-07 10:00:00,28.0,45,0.0,26.18,9.27,7.69
2025-12-07 11:00:00,27.4,46,0.0,26.25,9.28,7.45
2025-12-07 12:00:00,24.9,59,0.0,25.54,9.66,7.32
2025-12-07 13:00:00,23.2,67,0.0,24.54,10.02,7.36
2025-12-07 14:00:00,22.1,76,0.0,23.51,10.41,7.25
2025-12-07 15:00:00,21.3,81,0.0,22.55,10.72,7.1
2025-12-07 16:00:00,20.6,88,0.0,21.66,11.05,7.33
2025-12-07 17:00:00,20.0,93,0.0,20.86,11.32,7.1
2025-12-07 18:00:00,19.5,96,0.0,20.15,11.54,6.97
2025-12-07 19:00:00,19.2,96,0.0,19.57,11.67,7.31
2025-12-07 20:00:00,18.7,96,0.0,19.01,11.79,7.16
2025-12-07 21:00:00,17.9,98,0.0,18.38,11.97,7.2
2025-12-07 22:00:00,17.4,98,0.0,17.78,12.1,7.16
2025-12-07 23:00:00,17.4,98,0.0,17.37,12.19,7.58
2025-12-08 00:00:00,16.6,100,0.0,16.84,12.36,7.36
2025-12-08 01:00:00,17.0,99,0.0,16.59,12.39,7.58
2025-12-08 02:00:00,18.7,92,0.0,16.92,12.16,7.73
2025-12-08 03:00:00,20.8,80,0.0,17.78,11.71,7.74
2025-12-08 04:00:00,22.6,70,0.0,18.93,11.25,7.72
2025-12-08 05:00:00,24.5,61,0.0,20.3,10.77,7.58
2025-12-08 06:00:00,26.0,55,0.0,21.71,10.36,7.66
2025-12-08 07:00:00,27.5,47,0.0,23.15,9.91,7.74
2025-12-08 08:00:00,28.2,43,0.0,24.36,9.59,7.6
2025-12-08 09:00:00,28.2,44,0.0,25.21,9.44,7.64
2025-12-08 10:00:00,27.8,47,0.0,25.69,9.41,7.62
2025-12-08 11:00:00,27.0,49,0.0,25.78,9.42,7.58
2025-12-08 12:00:00,24.8,59,0.0,25.19,9.73,7.29
2025-12-08 13:00:00,22.9,67,0.0,24.2,10.09,7.56
2025-12-08 14:00:00,21.6,72,0.0,23.12,10.41,7.36
2025-12-08 15:00:00,20.8,76,0.0,22.12,10.7,7.23
2025-12-08 16:00:00,19.8,82,0.0,21.13,11.04,7.3
2025-12-08 17:00:00,18.7,86,0.0,20.1,11.34,7.41
2025-12-08 18:00:00,18.5,88,0.0,19.32,11.55,7.02
2025-12-08 19:00:00,18.4,88,0.0,18.74,11.68,7.16
2025-12-08 20:00:00,17.9,93,0.0,18.19,11.9,6.98
2025-12-08 21:00:00,17.5,94,0.0,17.68,12.04,7.29
2025-12-08 22:00:00,17.0,94,0.0,17.18,12.15,7.37
2025-12-08 23:00:00,16.6,93,0.0,16.7,12.23,7.41
2025-12-09 00:00:00,16.4,94,0.0,16.31,12.34,7.43
2025-12-09 01:00:00,16.9,93,0.0,16.19,12.34,7.37
2025-12-09 02:00:00,18.6,85,0.0,16.61,12.07,7.68
2025-12-09 03:00:00,21.2,76,0.0,17.69,11.64,7.84
2025-12-09 04:00:00,24.5,64,0.0,19.43,11.01,7.67
2025-12-09 05:00:00,25.8,59,0.0,21.04,10.58,7.78
2025-12-09 06:00:00,26.0,57,0.0,22.23,10.3,7.58
2025-12-09 07:00:00,27.2,52,0.0,23.42,9.96,7.76
2025-12-09 08:00:00,27.1,52,0.0,24.22,9.79,7.64
2025-12-09 09:00:00,27.4,52,0.0,24.88,9.66,7.55
2025-12-09 10:00:00,26.8,53,0.0,25.15,9.63,7.48
2025-12-09 11:00:00,26.6,54,0.0,25.29,9.62,7.45
2025-12-09 12:00:00,25.1,61,0.0,24.93,9.83,7.45
2025-12-09 13:00:00,24.0,67,0.0,24.35,10.06,7.21
2025-12-09 14:00:00,23.2,71,0.0,23.71,10.27,7.23
2025-12-09 15:00:00,22.9,73,0.0,23.16,10.43,7.21
2025-12-09 16:00:00,22.1,74,0.0,22.55,10.58,7.06
2025-12-09 17:00:00,21.2,78,0.0,21.84,10.8,7.33
2025-12-09 18:00:00,21.0,81,0.0,21.29,10.98,7.06
2025-12-09 19:00:00,20.6,83,0.0,20.78,11.13,7.1
2025-12-09 20:00:00,19.6,89,0.0,20.13,11.4,7.1
2025-12-09 21:00:00,18.6,93,0.0,19.37,11.65,7.43
2025-12-09 22:00:00,18.3,94,0.0,18.75,11.81,7.38
2025-12-09 23:00:00,17.7,92,0.0,18.13,11.89,7.31
2025-12-10 00:00:00,17.5,95,0.0,17.64,12.07,7.59
2025-12-10 01:00:00,18.0,88,0.0,17.45,11.95,7.58
2025-12-10 02:00:00,19.8,73,0.0,17.86,11.54,7.66
2025-12-10 03:00:00,21.9,57,0.0,18.77,11.0,7.65
2025-12-10 04:00:00,24.0,52,0.0,20.04,10.63,7.64
2025-12-10 05:00:00,26.2,38,0.0,21.59,10.04,7.77
2025-12-10 06:00:00,27.5,36,0.0,23.06,9.71,7.67
2025-12-10 07:00:00,28.5,32,0.0,24.39,9.37,7.89
2025-12-10 08:00:00,28.9,33,0.0,25.44,9.19,7.54
2025-12-10 09:00:00,28.8,31,0.0,26.15,9.01,7.76
2025-12-10 10:00:00,28.0,36,0.0,26.41,9.06,7.53
2025-12-10 11:00:00,26.6,45,0.0,26.16,9.27,7.51
2025-12-10 12:00:00,25.0,53,0.0,25.51,9.55,7.49
2025-12-10 13:00:00,23.0,65,0.0,24.46,10.0,7.27
2025-12-10 14:00:00,21.7,72,0.0,23.33,10.37,7.36
2025-12-10 15:00:00,20.8,77,0.0,22.27,10.69,6.95
2025-12-10 16:00:00,20.1,79,0.0,21.32,10.94,7.11
2025-12-10 17:00:00,19.5,82,0.0,20.47,11.18,7.07
2025-12-10 18:00:00,18.9,87,0.0,19.7,11.45,7.04
2025-12-10 19:00:00,18.4,89,0.0,19.01,11.64,7.16
2025-12-10 20:00:00,18.0,91,0.0,18.41,11.81,7.25
2025-12-10 21:00:00,17.3,92,0.0,17.78,11.97,7.34
2025-12-10 22:00:00,16.5,92,0.0,17.09,12.12,7.36
2025-12-10 23:00:00,15.9,93,0.0,16.44,12.29,7.35
2025-12-11 00:00:00,15.8,93,0.0,15.94,12.39,7.54
2025-12-11 01:00:00,16.0,92,0.0,15.66,12.43,7.59
2025-12-11 02:00:00,18.0,82,0.0,16.06,12.12,7.74
2025-12-11 03:00:00,21.1,65,0.0,17.27,11.48,7.78
2025-12-11 04:00:00,23.8,55,0.0,18.93,10.92,7.73
2025-12-11 05:00:00,25.5,47,0.0,20.6,10.42,7.65
2025-12-11 06:00:00,26.6,44,0.0,22.1,10.06,7.67
2025-12-11 07:00:00,27.8,40,0.0,23.51,9.7,7.66
2025-12-11 08:00:00,28.3,38,0.0,24.65,9.44,7.64
2025-12-11 09:00:00,28.4,37,0.0,25.47,9.26,7.64
2025-12-11 10:00:00,27.9,36,0.0,25.9,9.16,7.62
2025-12-11 11:00:00,27.0,37,0.0,25.93,9.17,7.47
2025-12-11 12:00:00,25.1,43,0.0,25.38,9.39,7.41
2025-12-11 13:00:00,23.0,52,0.0,24.37,9.77,7.35
2025-12-11 14:00:00,21.6,59,0.0,23.24,10.13,7.23
2025-12-11 15:00:00,20.0,67,0.0,21.97,10.55,7.14
2025-12-11 16:00:00,18.5,77,0.0,20.63,11.04,7.02
2025-12-11 17:00:00,17.9,82,0.0,19.51,11.38,7.11
2025-12-11 18:00:00,17.7,87,0.0,18.67,11.67,7.22
2025-12-11 19:00:00,17.1,92,0.0,17.9,11.95,7.12
2025-12-11 20:00:00,16.9,95,0.0,17.3,12.14,7.2
2025-12-11 21:00:00,17.0,97,0.0,16.91,12.27,7.33
2025-12-11 22:00:00,18.1,94,0.0,16.97,12.19,7.39
2025-12-11 23:00:00,17.8,95,0.0,16.92,12.23,7.31
2025-12-12 00:00:00,15.5,98,0.0,16.19,12.45,7.6
2025-12-12 01:00:00,16.8,93,0.0,16.07,12.36,7.69
2025-12-12 02:00:00,18.1,87,0.0,16.38,12.16,7.53
2025-12-12 03:00:00,20.2,77,0.0,17.23,11.76,7.62
2025-12-12 04:00:00,22.7,62,0.0,18.57,11.15,7.85
2025-12-12 05:00:00,24.8,52,0.0,20.14,10.61,7.73
2025-12-12 06:00:00,26.5,44,0.0,21.75,10.13,7.52
2025-12-12 07:00:00,28.0,36,0.0,23.32,9.66,7.58
2025-12-12 08:00:00,28.7,33,0.0,24.64,9.34,7.65
2025-12-12 09:00:00,28.9,32,0.0,25.62,9.14,7.5
2025-12-12 10:00:00,28.6,32,0.0,26.21,9.02,7.51
2025-12-12 11:00:00,27.6,34,0.0,26.33,9.04,7.48
2025-12-12 12:00:00,25.4,43,0.0,25.75,9.32,7.55
2025-12-12 13:00:00,23.2,52,0.0,24.68,9.7,7.31
2025-12-12 14:00:00,21.8,58,0.0,23.52,10.05,7.38
2025-12-12 15:00:00,20.4,66,0.0,22.28,10.47,7.37
2025-12-12 16:00:00,19.2,74,0.0,21.06,10.89,7.33
2025-12-12 17:00:00,18.7,81,0.0,20.05,11.25,7.2
2025-12-12 18:00:00,18.8,85,0.0,19.38,11.48,6.97
2025-12-12 19:00:00,18.2,88,0.0,18.72,11.68,7.23
2025-12-12 20:00:00,17.5,94,0.0,18.06,11.96,7.32
2025-12-12 21:00:00,17.0,95,0.0,17.44,12.11,7.27
2025-12-12 22:00:00,16.2,97,0.0,16.77,12.3,7.52
2025-12-12 23:00:00,15.9,98,0.0,16.21,12.45,7.51
2025-12-13 00:00:00,17.0,98,0.0,16.15,12.46,7.56
2025-12-13 01:00:00,17.3,94,0.0,16.19,12.36,7.68
2025-12-13 02:00:00,17.6,90,0.0,16.31,12.24,7.68
2025-12-13 03:00:00,19.0,79,0.0,16.82,11.89,7.45
2025-12-13 04:00:00,22.0,56,0.0,18.07,11.12,7.69
2025-12-13 05:00:00,25.0,37,0.0,19.85,10.35,7.87
2025-12-13 06:00:00,26.9,31,0.0,21.67,9.88,7.66
2025-12-13 07:00:00,28.5,26,0.0,23.42,9.44,7.69
2025-12-13 08:00:00,29.4,23,0.0,24.91,9.1,7.57
2025-12-13 09:00:00,29.7,22,0.0,26.05,8.86,7.79
2025-12-13 10:00:00,29.4,24,0.0,26.75,8.77,7.71
2025-12-13 11:00:00,28.0,28,0.0,26.83,8.83,7.38
2025-12-13 12:00:00,25.2,35,0.0,26.04,9.11,7.41
2025-12-13 13:00:00,23.0,41,0.0,24.83,9.46,7.27
2025-12-13 14:00:00,21.6,51,0.0,23.56,9.91,7.34
2025-12-13 15:00:00,20.1,63,0.0,22.22,10.42,7.28
2025-12-13 16:00:00,19.2,72,0.0,21.02,10.85,7.27
2025-12-13 17:00:00,18.4,79,0.0,19.93,11.23,7.2
2025-12-13 18:00:00,18.2,84,0.0,19.11,11.51,7.46
2025-12-13 19:00:00,18.2,87,0.0,18.54,11.7,7.08
2025-12-13 20:00:00,17.4,93,0.0,17.9,11.97,7.05
2025-12-13 21:00:00,16.6,96,0.0,17.21,12.19,7.24
2025-12-13 22:00:00,16.2,97,0.0,16.61,12.34,7.19
2025-12-13 23:00:00,16.0,97,0.0,16.12,12.44,7.27
2025-12-14 00:00:00,15.8,99,0.0,15.73,12.58,7.4
2025-12-14 01:00:00,15.7,98,0.0,15.42,12.62,7.49
2025-12-14 02:00:00,17.0,92,0.0,15.59,12.45,7.56
2025-12-14 03:00:00,18.8,82,0.0,16.26,12.08,7.76
2025-12-14 04:00:00,21.6,64,0.0,17.56,11.4,7.69
2025-12-14 05:00:00,24.1,53,0.0,19.22,10.82,7.74
2025-12-14 06:00:00,25.8,45,0.0,20.89,10.32,7.84
2025-12-14 07:00:00,27.0,40,0.0,22.43,9.91,7.65
2025-12-14 08:00:00,28.0,36,0.0,23.8,9.56,7.66
2025-12-14 09:00:00,28.1,34,0.0,24.79,9.33,7.66
2025-12-14 10:00:00,27.7,36,0.0,25.36,9.26,7.36
2025-12-14 11:00:00,26.5,40,0.0,25.4,9.33,7.25
2025-12-14 12:00:00,25.1,43,0.0,25.01,9.46,7.44
2025-12-14 13:00:00,23.0,52,0.0,24.11,9.82,7.39
2025-12-14 14:00:00,21.9,59,0.0,23.15,10.15,7.48
2025-12-14 15:00:00,21.0,64,0.0,22.2,10.44,7.24
2025-12-14 16:00:00,20.0,70,0.0,21.24,10.77,7.27
2025-12-14 17:00:00,19.1,75,0.0,20.3,11.07,7.15
2025-12-14 18:00:00,18.9,79,0.0,19.58,11.3,7.19
2025-12-14 19:00:00,18.5,84,0.0,18.96,11.54,7.35
2025-12-14 20:00:00,17.6,91,0.0,18.25,11.85,7.01
2025-12-14 21:00:00,16.8,96,0.0,17.51,12.12,7.31
2025-12-14 22:00:00,16.0,97,0.0,16.76,12.31,7.56
2025-12-14 23:00:00,16.0,98,0.0,16.23,12.44,7.45
2025-12-15 00:00:00,17.5,94,0.0,16.31,12.34,7.66
2025-12-15 01:00:00,17.9,87,0.0,16.49,12.14,7.51
2025-12-15 02:00:00,18.1,83,0.0,16.67,12.01,7.64
2025-12-15 03:00:00,19.7,72,0.0,17.28,11.63,7.7
2025-12-15 04:00:00,22.2,56,0.0,18.46,11.04,7.51
2025-12-15 05:00:00,24.9,40,0.0,20.09,10.37,7.63
2025-12-15 06:00:00,26.6,35,0.0,21.74,9.94,7.63
2025-12-15 07:00:00,28.0,31,0.0,23.32,9.56,7.8
2025-12-15 08:00:00,28.5,29,0.0,24.57,9.28,7.76
2025-12-15 09:00:00,28.5,28,0.0,25.45,9.09,7.65
2025-12-15 10:00:00,28.1,31,0.0,25.95,9.05,7.63
2025-12-15 11:00:00,27.1,36,0.0,25.99,9.14,7.46
2025-12-15 12:00:00,25.3,41,0.0,25.48,9.33,7.53
2025-12-15 13:00:00,23.4,49,0.0,24.56,9.67,7.34
2025-12-15 14:00:00,22.4,56,0.0,23.61,10.0,7.28
2025-12-15 15:00:00,21.6,61,0.0,22.71,10.28,7.19
2025-12-15 16:00:00,20.5,66,0.0,21.75,10.58,7.25
2025-12-15 17:00:00,20.0,70,0.0,20.92,10.83,7.12
2025-12-15 18:00:00,19.6,77,0.0,20.23,11.12,7.26
2025-12-15 19:00:00,19.3,83,0.0,19.65,11.37,7.06
2025-12-15 20:00:00,19.0,87,0.0,19.15,11.57,7.1
2025-12-15 21:00:00,18.5,91,0.0,18.66,11.76,7.33
2025-12-15 22:00:00,18.2,93,0.0,18.22,11.9,7.32
2025-12-15 23:00:00,17.7,94,0.0,17.76,12.02,7.36
2025-12-16 00:00:00,18.0,98,0.0,17.53,12.16,7.57
2025-12-16 01:00:00,18.5,96,0.0,17.52,12.12,7.5
2025-12-16 02:00:00,20.2,80,0.0,18.03,11.65,7.61
2025-12-16 03:00:00,22.5,64,0.0,19.07,11.09,7.82
2025-12-16 04:00:00,24.6,61,0.0,20.43,10.75,7.87
2025-12-16 05:00:00,26.0,61,0.0,21.8,10.47,7.89
2025-12-16 06:00:00,25.0,65,0.0,22.46,10.41,7.71
2025-12-16 07:00:00,24.9,66,0.0,22.89,10.34,7.84
2025-12-16 08:00:00,25.9,63,0.0,23.49,10.16,7.59
2025-12-16 09:00:00,25.8,63,0.0,23.89,10.08,7.54
2025-12-16 10:00:00,26.0,62,0.0,24.22,9.99,7.33
2025-12-16 11:00:00,25.6,64,0.0,24.33,10.01,7.66
2025-12-16 12:00:00,23.1,78,0.0,23.66,10.42,7.34
2025-12-16 13:00:00,22.8,81,0.1,23.1,10.6,7.33
2025-12-16 14:00:00,22.3,83,0.0,22.56,10.75,7.19
2025-12-16 15:00:00,22.3,82,0.0,22.18,10.81,7.3
2025-12-16 16:00:00,22.0,83,0.0,21.83,10.91,7.14
2025-12-16 17:00:00,21.8,84,0.0,21.52,11.0,7.02
2025-12-16 18:00:00,21.7,90,0.0,21.27,11.17,7.19
2025-12-16 19:00:00,21.1,93,0.0,20.92,11.31,7.02
2025-12-16 20:00:00,21.6,89,0.0,20.83,11.25,7.11
2025-12-16 21:00:00,21.7,88,0.0,20.79,11.24,7.03
2025-12-16 22:00:00,21.6,87,0.0,20.73,11.23,7.16
2025-12-16 23:00:00,21.4,87,0.0,20.63,11.25,7.39
2025-12-17 00:00:00,21.8,86,0.0,20.68,11.22,7.26
2025-12-17 01:00:00,21.9,84,0.0,20.75,11.16,7.38
2025-12-17 02:00:00,22.1,82,0.0,20.85,11.1,7.6
2025-12-17 03:00:00,23.7,73,0.2,21.41,10.79,7.59
2025-12-17 04:00:00,25.6,61,0.0,22.37,10.35,7.9
2025-12-17 05:00:00,27.2,53,0.0,23.52,9.96,7.9
2025-12-17 06:00:00,28.5,47,0.0,24.71,9.6,7.63
2025-12-17 07:00:00,29.0,43,0.0,25.7,9.33,7.75
2025-12-17 08:00:00,29.7,40,0.0,26.6,9.09,7.73
2025-12-17 09:00:00,30.0,38,0.0,27.32,8.92,7.54
2025-12-17 10:00:00,29.8,36,0.0,27.76,8.79,7.38
2025-12-17 11:00:00,28.7,39,0.0,27.74,8.85,7.46
2025-12-17 12:00:00,26.8,44,0.0,27.16,9.06,7.37
2025-12-17 13:00:00,24.4,53,0.0,26.03,9.45,7.28
2025-12-17 14:00:00,23.0,62,0.0,24.82,9.87,7.31
2025-12-17 15:00:00,21.9,69,0.0,23.65,10.25,7.14
2025-12-17 16:00:00,20.9,74,0.0,22.52,10.58,7.06
2025-12-17 17:00:00,19.8,79,0.0,21.41,10.92,7.17
2025-12-17 18:00:00,19.1,88,0.0,20.41,11.32,7.19
2025-12-17 19:00:00,18.3,93,0.0,19.48,11.62,7.06
2025-12-17 20:00:00,17.5,95,0.0,18.59,11.86,7.31
2025-12-17 21:00:00,16.8,97,0.0,17.75,12.09,7.09
2025-12-17 22:00:00,15.9,99,0.0,16.9,12.32,7.28
2025-12-17 23:00:00,15.1,100,0.0,16.06,12.53,7.4
2025-12-18 00:00:00,14.9,100,0.0,15.41,12.67,7.44
2025-12-18 01:00:00,14.7,100,0.0,14.9,12.78,7.53
2025-12-18 02:00:00,16.5,91,0.0,15.08,12.53,7.85
2025-12-18 03:00:00,20.0,71,0.0,16.25,11.83,7.62
2025-12-18 04:00:00,22.6,60,0.0,17.86,11.25,7.99
2025-12-18 05:00:00,24.6,49,0.0,19.58,10.66,7.8
2025-12-18 06:00:00,25.9,43,0.0,21.18,10.22,7.76
2025-12-18 07:00:00,27.5,36,0.0,22.77,9.76,7.77
2025-12-18 08:00:00,28.2,32,0.0,24.1,9.43,7.93
2025-12-18 09:00:00,28.4,33,0.0,25.09,9.26,7.52
2025-12-18 10:00:00,27.9,35,0.0,25.63,9.19,7.44
2025-12-18 11:00:00,26.8,41,0.0,25.68,9.29,7.41
2025-12-18 12:00:00,25.0,48,0.0,25.18,9.53,7.41
2025-12-18 13:00:00,23.0,56,0.0,24.22,9.87,7.17
2025-12-18 14:00:00,22.0,61,0.0,23.26,10.17,7.28
2025-12-18 15:00:00,21.0,65,0.0,22.28,10.45,7.39
2025-12-18 16:00:00,20.0,69,0.0,21.3,10.73,7.2
2025-12-18 17:00:00,19.2,74,0.0,20.37,11.03,7.14
2025-12-18 18:00:00,19.1,77,0.0,19.69,11.24,7.1
2025-12-18 19:00:00,18.6,83,0.0,19.06,11.5,7.27
2025-12-18 20:00:00,18.1,90,0.0,18.47,11.78,7.13
2025-12-18 21:00:00,17.8,96,0.0,17.97,12.02,7.45
2025-12-18 22:00:00,18.5,96,0.0,17.83,12.05,7.53
2025-12-18 23:00:00,18.8,89,0.0,17.82,11.9,7.43
2025-12-19 00:00:00,18.6,93,0.0,17.75,12.0,7.48
2025-12-19 01:00:00,18.6,90,0.0,17.71,11.94,7.66
2025-12-19 02:00:00,18.8,86,0.0,17.74,11.85,7.74
2025-12-19 03:00:00,20.1,76,0.0,18.14,11.54,7.61
2025-12-19 04:00:00,22.5,61,0.0,19.15,11.01,7.68
2025-12-19 05:00:00,24.6,48,0.0,20.49,10.46,7.61
2025-12-19 06:00:00,25.9,40,0.0,21.81,10.03,7.78
2025-12-19 07:00:00,27.2,32,0.0,23.13,9.62,7.79
2025-12-19 08:00:00,28.0,29,0.0,24.29,9.33,7.54
2025-12-19 09:00:00,28.4,28,0.0,25.22,9.14,7.57
2025-12-19 10:00:00,28.2,29,0.0,25.82,9.04,7.42
2025-12-19 11:00:00,27.4,32,0.0,25.99,9.06,7.39
2025-12-19 12:00:00,25.6,35,0.0,25.57,9.2,7.46
2025-12-19 13:00:00,23.4,44,0.0,24.62,9.56,7.26
2025-12-19 14:00:00,21.7,51,0.0,23.45,9.93,7.25
2025-12-19 15:00:00,19.9,59,0.0,22.08,10.37,7.06
2025-12-19 16:00:00,18.9,67,0.0,20.83,10.79,7.21
2025-12-19 17:00:00,18.4,72,0.0,19.8,11.11,7.17
2025-12-19 18:00:00,17.8,79,0.0,18.9,11.45,7.1
2025-12-19 19:00:00,17.0,83,0.0,18.03,11.72,7.17
2025-12-19 20:00:00,16.2,86,0.0,17.18,11.97,7.25
2025-12-19 21:00:00,15.9,85,0.0,16.5,12.09,7.2
2025-12-19 22:00:00,15.6,87,0.0,15.93,12.26,7.2
2025-12-19 23:00:00,15.2,94,0.0,15.41,12.53,7.61
2025-12-20 00:00:00,15.1,97,0.0,15.02,12.69,7.45
2025-12-20 01:00:00,15.3,98,0.0,14.8,12.76,7.58
2025-12-20 02:00:00,16.1,97,0.0,14.89,12.71,7.76
2025-12-20 03:00:00,18.4,85,0.0,15.64,12.27,8.07
2025-12-20 04:00:00,21.2,67,0.0,17.01,11.58,7.63
2025-12-20 05:00:00,23.9,51,0.0,18.78,10.87,7.81
2025-12-20 06:00:00,25.4,45,0.0,20.46,10.4,7.68
2025-12-20 07:00:00,27.0,39,0.0,22.12,9.95,7.67
2025-12-20 08:00:00,27.9,36,0.0,23.56,9.61,7.61
2025-12-20 09:00:00,28.0,33,0.0,24.59,9.35,7.51
2025-12-20 10:00:00,27.6,32,0.0,25.19,9.22,7.55
2025-12-20 11:00:00,27.1,30,0.0,25.47,9.13,7.34
2025-12-20 12:00:00,25.7,32,0.0,25.24,9.21,7.5
2025-12-20 13:00:00,23.8,39,0.0,24.5,9.49,7.34
2025-12-20 14:00:00,22.0,48,0.0,23.45,9.87,7.32
2025-12-20 15:00:00,20.8,56,0.0,22.36,10.25,7.18
2025-12-20 16:00:00,19.5,63,0.0,21.2,10.63,7.15
2025-12-20 17:00:00,18.8,67,0.0,20.18,10.92,7.2
2025-12-20 18:00:00,18.2,72,0.0,19.29,11.22,7.05
2025-12-20 19:00:00,17.5,76,0.0,18.45,11.48,7.15
2025-12-20 20:00:00,16.8,81,0.0,17.66,11.76,7.14
2025-12-20 21:00:00,16.4,90,0.0,16.98,12.1,7.19
2025-12-20 22:00:00,16.0,94,0.0,16.39,12.32,7.14
2025-12-20 23:00:00,15.6,98,0.0,15.85,12.53,7.56
2025-12-21 00:00:00,15.6,97,0.0,15.47,12.59,7.44
2025-12-21 01:00:00,15.4,97,0.0,15.15,12.66,7.7
2025-12-21 02:00:00,17.2,91,0.0,15.47,12.45,7.76
2025-12-21 03:00:00,20.1,77,0.0,16.56,11.9,7.58
2025-12-21 04:00:00,23.2,53,0.0,18.25,11.02,7.63
2025-12-21 05:00:00,24.9,43,0.0,19.94,10.46,8.01
2025-12-21 06:00:00,26.0,37,0.0,21.46,10.04,7.92
2025-12-21 07:00:00,27.2,34,0.0,22.88,9.7,7.72
2025-12-21 08:00:00,28.0,33,0.0,24.12,9.44,7.7
2025-12-21 09:00:00,28.2,35,0.0,25.04,9.3,7.56
2025-12-21 10:00:00,28.2,36,0.0,25.69,9.2,7.6
2025-12-21 11:00:00,27.6,38,0.0,25.96,9.18,7.41
2025-12-21 12:00:00,25.6,43,0.0,25.55,9.36,7.2
2025-12-21 13:00:00,23.8,48,0.0,24.73,9.62,7.2
2025-12-21 14:00:00,22.5,53,0.0,23.76,9.91,7.27
2025-12-21 15:00:00,21.3,62,0.0,22.72,10.3,7.11
2025-12-21 16:00:00,20.1,72,0.0,21.64,10.72,7.18
2025-12-21 17:00:00,19.9,79,0.0,20.81,11.04,7.05
2025-12-21 18:00:00,19.5,89,0.0,20.12,11.4,7.08
2025-12-21 19:00:00,18.6,92,0.0,19.36,11.63,7.26
2025-12-21 20:00:00,17.9,92,0.0,18.62,11.79,7.24
2025-12-21 21:00:00,17.2,92,0.0,17.9,11.95,7.27
2025-12-21 22:00:00,16.8,92,0.0,17.27,12.08,7.43
2025-12-21 23:00:00,16.5,93,0.0,16.74,12.22,7.46
2025-12-22 00:00:00,15.9,97,0.0,16.19,12.43,7.64
2025-12-22 01:00:00,15.6,97,0.0,15.71,12.53,7.53
2025-12-22 02:00:00,17.2,90,0.0,15.86,12.34,7.61
2025-12-22 03:00:00,20.1,73,0.0,16.83,11.75,7.57
2025-12-22 04:00:00,22.3,57,0.0,18.17,11.12,7.7
2025-12-22 05:00:00,24.3,48,0.0,19.71,10.62,7.85
2025-12-22 06:00:00,25.5,45,0.0,21.15,10.27,7.88
2025-12-22 07:00:00,26.4,42,0.0,22.42,9.95,7.82
2025-12-22 08:00:00,27.0,40,0.0,23.5,9.7,7.51
2025-12-22 09:00:00,27.7,38,0.0,24.46,9.48,7.74
2025-12-22 10:00:00,27.1,40,0.0,24.95,9.42,7.38
2025-12-22 11:00:00,25.9,42,0.0,24.94,9.46,7.58
2025-12-22 12:00:00,24.8,50,0.0,24.59,9.68,7.38
2025-12-22 13:00:00,24.0,53,0.0,24.12,9.84,7.41
2025-12-22 14:00:00,22.7,63,0.0,23.39,10.18,7.14
2025-12-22 15:00:00,21.9,70,0.0,22.64,10.47,7.34
2025-12-22 16:00:00,20.9,76,0.0,21.82,10.77,7.04
2025-12-22 17:00:00,19.9,82,0.0,20.94,11.08,7.09
2025-12-22 18:00:00,19.6,87,0.0,20.24,11.33,7.06
2025-12-22 19:00:00,19.3,88,0.0,19.66,11.48,7.0
2025-12-22 20:00:00,18.5,92,0.0,19.01,11.7,7.22
2025-12-22 21:00:00,18.2,94,0.0,18.47,11.87,7.44
2025-12-22 22:00:00,17.8,94,0.0,17.97,11.98,7.6
2025-12-22 23:00:00,16.7,94,0.0,17.29,12.12,7.42
2025-12-23 00:00:00,17.8,95,0.0,17.14,12.18,7.6
2025-12-23 01:00:00,15.9,97,0.0,16.47,12.37,7.6
2025-12-23 02:00:00,17.4,93,0.0,16.45,12.28,7.7
2025-12-23 03:00:00,20.0,80,0.0,17.21,11.83,7.67
2025-12-23 04:00:00,22.9,56,0.0,18.62,11.01,7.75
2025-12-23 05:00:00,24.8,41,0.0,20.17,10.38,7.8
2025-12-23 06:00:00,25.9,38,0.0,21.59,10.03,7.69
2025-12-23 07:00:00,27.4,31,0.0,23.03,9.61,7.71
2025-12-23 08:00:00,28.1,28,0.0,24.25,9.32,7.67
2025-12-23 09:00:00,28.4,26,0.0,25.2,9.1,7.7
2025-12-23 10:00:00,28.1,27,0.0,25.77,9.01,7.45
2025-12-23 11:00:00,27.5,29,0.0,25.99,9.01,7.47
2025-12-23 12:00:00,25.8,43,0.0,25.63,9.34,7.59
2025-12-23 13:00:00,23.7,43,0.0,24.75,9.51,7.45
2025-12-23 14:00:00,22.0,50,0.0,23.63,9.87,7.41
2025-12-23 15:00:00,20.5,56,0.0,22.39,10.24,7.23
2025-12-23 16:00:00,19.6,59,0.0,21.25,10.54,7.22
2025-12-23 17:00:00,19.2,64,0.0,20.34,10.83,7.27
2025-12-23 18:00:00,19.1,72,0.0,19.67,11.14,7.32
2025-12-23 19:00:00,18.1,82,0.0,18.9,11.51,6.99
2025-12-23 20:00:00,17.5,89,0.0,18.18,11.82,7.09
2025-12-23 21:00:00,17.0,94,0.0,17.52,12.07,7.4
2025-12-23 22:00:00,16.5,97,0.0,16.92,12.27,7.31
2025-12-23 23:00:00,16.6,97,0.0,16.52,12.36,7.35
2025-12-24 00:00:00,18.0,97,0.0,16.67,12.33,7.37
2025-12-24 01:00:00,18.5,91,0.0,16.92,12.14,7.51
2025-12-24 02:00:00,18.8,88,0.0,17.18,12.01,7.5
2025-12-24 03:00:00,20.1,79,0.0,17.76,11.69,7.9
2025-12-24 04:00:00,22.2,63,0.0,18.79,11.12,7.73
2025-12-24 05:00:00,24.4,47,0.0,20.17,10.5,7.74
2025-12-24 06:00:00,25.2,42,0.0,21.38,10.16,7.8
2025-12-24 07:00:00,26.6,36,0.0,22.65,9.79,7.82
2025-12-24 08:00:00,27.5,33,0.0,23.8,9.5,7.78
2025-12-24 09:00:00,27.7,34,0.0,24.67,9.36,7.73
2025-12-24 10:00:00,27.5,35,0.0,25.22,9.27,7.49
2025-12-24 11:00:00,27.0,36,0.0,25.45,9.24,7.45
2025-12-24 12:00:00,25.6,46,0.0,25.2,9.48,7.48
2025-12-24 13:00:00,23.5,54,0.0,24.39,9.8,7.29
2025-12-24 14:00:00,22.5,65,0.0,23.52,10.19,7.27
2025-12-24 15:00:00,21.4,76,0.0,22.59,10.61,7.26
2025-12-24 16:00:00,20.5,80,0.0,21.66,10.88,7.26
2025-12-24 17:00:00,20.2,79,0.0,20.92,11.02,6.98
2025-12-24 18:00:00,19.4,81,0.0,20.17,11.22,7.23
2025-12-24 19:00:00,18.5,85,0.0,19.37,11.48,7.15
2025-12-24 20:00:00,17.5,89,0.0,18.51,11.75,7.29
2025-12-24 21:00:00,17.0,91,0.0,17.75,11.96,7.35
2025-12-24 22:00:00,16.6,93,0.0,17.11,12.14,7.5
2025-12-24 23:00:00,15.9,95,0.0,16.45,12.33,7.55
2025-12-25 00:00:00,15.6,96,0.0,15.89,12.47,7.64
2025-12-25 01:00:00,15.3,97,0.0,15.41,12.6,7.73
2025-12-25 02:00:00,16.6,91,0.0,15.47,12.45,7.68
2025-12-25 03:00:00,19.4,79,0.0,16.35,11.99,7.71
2025-12-25 04:00:00,22.2,62,0.0,17.8,11.3,7.83
2025-12-25 05:00:00,24.7,44,0.0,19.57,10.56,7.83
2025-12-25 06:00:00,26.2,34,0.0,21.26,10.02,7.72
2025-12-25 07:00:00,28.0,26,0.0,22.98,9.52,7.76
2025-12-25 08:00:00,28.8,25,0.0,24.43,9.23,7.67
2025-12-25 09:00:00,28.6,30,0.0,25.38,9.14,7.53
2025-12-25 10:00:00,28.0,38,0.0,25.87,9.2,7.68
2025-12-25 11:00:00,27.8,41,0.0,26.15,9.2,7.48
2025-12-25 12:00:00,26.7,45,0.0,26.01,9.3,7.6
2025-12-25 13:00:00,24.8,53,0.0,25.35,9.59,7.17
2025-12-25 14:00:00,23.6,60,0.0,24.52,9.89,7.21
2025-12-25 15:00:00,22.8,68,0.0,23.71,10.21,7.21
2025-12-25 16:00:00,21.5,76,0.0,22.74,10.57,7.29
2025-12-25 17:00:00,20.4,87,0.0,21.74,11.01,7.19
2025-12-25 18:00:00,20.4,93,0.0,21.04,11.29,7.18
2025-12-25 19:00:00,20.6,89,0.4,20.61,11.3,7.02
2025-12-25 20:00:00,20.0,92,0.3,20.13,11.46,7.06
2025-12-25 21:00:00,19.5,95,0.1,19.64,11.63,7.28
2025-12-25 22:00:00,19.2,95,0.0,19.21,11.73,7.18
2025-12-25 23:00:00,18.9,96,0.0,18.81,11.83,7.34
2025-12-26 00:00:00,18.6,96,0.0,18.45,11.91,7.53
2025-12-26 01:00:00,18.7,96,0.0,18.23,11.96,7.46
2025-12-26 02:00:00,19.6,91,0.0,18.34,11.83,7.79
2025-12-26 03:00:00,21.1,81,0.1,18.87,11.5,7.8
2025-12-26 04:00:00,23.0,68,0.1,19.81,11.02,7.56
2025-12-26 05:00:00,25.0,57,0.0,21.06,10.53,7.65
2025-12-26 06:00:00,25.8,54,0.0,22.19,10.24,7.51
2025-12-26 07:00:00,26.7,49,0.0,23.24,9.93,7.64
2025-12-26 08:00:00,27.4,45,0.0,24.19,9.66,7.75
2025-12-26 09:00:00,27.4,46,0.0,24.85,9.55,7.58
2025-12-26 10:00:00,27.2,46,0.0,25.26,9.47,7.6
2025-12-26 11:00:00,27.1,46,0.0,25.51,9.42,7.33
2025-12-26 12:00:00,25.5,51,0.0,25.21,9.58,7.49
2025-12-26 13:00:00,22.9,61,0.0,24.21,9.97,7.28
2025-12-26 14:00:00,21.9,62,0.0,23.22,10.19,7.28
2025-12-26 15:00:00,21.5,63,0.0,22.4,10.38,7.21
2025-12-26 16:00:00,20.9,67,0.0,21.65,10.62,7.06
2025-12-26 17:00:00,20.1,74,0.0,20.89,10.92,7.05
2025-12-26 18:00:00,19.4,86,0.0,20.14,11.33,7.26
2025-12-26 19:00:00,18.6,92,0.0,19.38,11.63,7.22
2025-12-26 20:00:00,18.8,92,0.0,18.91,11.73,7.32
2025-12-26 21:00:00,18.7,91,0.0,18.54,11.78,7.29
2025-12-26 22:00:00,18.6,89,0.0,18.26,11.8,7.34
2025-12-26 23:00:00,18.5,88,0.0,18.03,11.83,7.23
2025-12-27 00:00:00,17.6,92,0.0,17.6,12.01,7.46
2025-12-27 01:00:00,16.6,94,0.0,17.0,12.19,7.56
2025-12-27 02:00:00,17.4,89,0.0,16.82,12.11,7.84
2025-12-27 03:00:00,19.5,76,0.0,17.32,11.71,7.77
2025-12-27 04:00:00,22.0,58,0.0,18.43,11.09,7.89
2025-12-27 05:00:00,24.2,42,0.0,19.86,10.46,7.81
2025-12-27 06:00:00,25.5,40,0.0,21.25,10.14,7.68
2025-12-27 07:00:00,26.5,39,0.0,22.53,9.87,7.74
2025-12-27 08:00:00,27.0,38,0.0,23.57,9.65,7.71
2025-12-27 09:00:00,27.2,36,0.0,24.36,9.46,7.53
2025-12-27 10:00:00,26.9,38,0.0,24.82,9.4,7.52
2025-12-27 11:00:00,26.2,42,0.0,24.93,9.46,7.47
2025-12-27 12:00:00,25.2,47,0.0,24.71,9.6,7.57
2025-12-27 13:00:00,23.1,54,0.0,23.93,9.89,7.13
2025-12-27 14:00:00,21.6,60,0.0,22.93,10.21,7.4
2025-12-27 15:00:00,21.8,60,0.0,22.29,10.34,7.13
2025-12-27 16:00:00,21.0,63,0.0,21.6,10.55,7.05
2025-12-27 17:00:00,20.4,70,0.0,20.94,10.83,7.28
2025-12-27 18:00:00,19.8,82,0.1,20.3,11.21,7.22
2025-12-27 19:00:00,19.2,84,0.0,19.67,11.39,7.3
2025-12-27 20:00:00,17.9,91,0.0,18.84,11.72,7.29
2025-12-27 21:00:00,17.0,94,0.0,17.99,11.97,7.47
2025-12-27 22:00:00,16.5,95,0.0,17.24,12.16,7.39
2025-12-27 23:00:00,15.9,97,0.0,16.54,12.35,7.4
2025-12-28 00:00:00,16.6,97,0.0,16.26,12.42,7.53
2025-12-28 01:00:00,16.7,96,0.0,16.09,12.43,7.7
2025-12-28 02:00:00,18.0,92,0.0,16.36,12.28,7.57
2025-12-28 03:00:00,20.4,77,0.0,17.27,11.75,7.63
2025-12-28 04:00:00,22.7,62,0.0,18.6,11.14,7.7
2025-12-28 05:00:00,24.6,53,0.0,20.1,10.64,7.54
2025-12-28 06:00:00,25.7,50,0.0,21.48,10.3,7.76
2025-12-28 07:00:00,27.0,46,0.0,22.84,9.95,7.53
2025-12-28 08:00:00,27.8,42,0.0,24.03,9.64,7.68
2025-12-28 09:00:00,28.2,39,0.0,24.98,9.39,7.71
2025-12-28 10:00:00,28.3,38,0.0,25.67,9.24,7.51
2025-12-28 11:00:00,28.5,36,0.0,26.22,9.09,7.64
2025-12-28 12:00:00,25.9,46,0.0,25.83,9.36,7.26
2025-12-28 13:00:00,24.0,54,0.0,24.98,9.68,7.45
2025-12-28 14:00:00,23.1,56,0.0,24.11,9.89,7.34
2025-12-28 15:00:00,22.0,61,0.0,23.18,10.18,7.04
2025-12-28 16:00:00,21.0,67,0.0,22.23,10.5,7.45
2025-12-28 17:00:00,20.5,70,0.0,21.41,10.73,7.15
2025-12-28 18:00:00,19.8,79,0.0,20.63,11.08,7.07
2025-12-28 19:00:00,19.4,84,0.0,19.96,11.33,7.03
2025-12-28 20:00:00,18.5,88,0.0,19.22,11.57,7.19
2025-12-28 21:00:00,18.1,90,0.0,18.58,11.75,7.25
2025-12-28 22:00:00,17.9,92,0.0,18.08,11.91,7.34
2025-12-28 23:00:00,17.3,94,0.0,17.55,12.07,7.38
2025-12-29 00:00:00,17.0,97,0.0,17.08,12.23,7.55
2025-12-29 01:00:00,17.3,96,0.0,16.85,12.26,7.53
2025-12-29 02:00:00,18.4,90,0.0,17.01,12.09,7.45
2025-12-29 03:00:00,20.5,76,0.0,17.76,11.62,7.68
2025-12-29 04:00:00,22.5,66,0.0,18.88,11.17,7.49
2025-12-29 05:00:00,24.3,59,0.0,20.21,10.75,7.78
2025-12-29 06:00:00,26.0,50,0.0,21.64,10.27,7.65
2025-12-29 07:00:00,27.1,47,0.0,22.98,9.94,7.74
2025-12-29 08:00:00,28.0,44,0.0,24.19,9.65,7.81
2025-12-29 09:00:00,28.5,40,0.0,25.18,9.37,7.53
2025-12-29 10:00:00,28.5,39,0.0,25.88,9.22,7.66
2025-12-29 11:00:00,28.0,40,0.0,26.21,9.17,7.43
2025-12-29 12:00:00,26.5,46,0.0,26.0,9.32,7.58
2025-12-29 13:00:00,24.5,53,0.0,25.25,9.61,7.29
2025-12-29 14:00:00,23.5,57,0.0,24.42,9.85,7.18
2025-12-29 15:00:00,22.2,62,0.0,23.46,10.15,7.28
2025-12-29 16:00:00,21.0,68,0.0,22.42,10.48,7.13
2025-12-29 17:00:00,20.5,78,0.0,21.54,10.87,7.07
2025-12-29 18:00:00,19.9,89,0.0,20.75,11.26,7.1
2025-12-29 19:00:00,19.5,91,0.0,20.08,11.45,7.17
2025-12-29 20:00:00,19.0,92,0.0,19.45,11.61,7.34
2025-12-29 21:00:00,19.2,90,0.0,19.08,11.65,7.06
2025-12-29 22:00:00,19.5,87,0.0,18.9,11.62,7.32
2025-12-29 23:00:00,19.6,84,0.0,18.81,11.57,7.46
2025-12-30 00:00:00,19.4,91,0.0,18.69,11.75,7.49
2025-12-30 01:00:00,19.8,87,0.0,18.72,11.66,7.68
2025-12-30 02:00:00,20.0,84,0.0,18.81,11.58,7.61
2025-12-30 03:00:00,21.2,77,0.0,19.22,11.34,7.66
2025-12-30 04:00:00,23.2,66,0.0,20.12,10.92,7.78
2025-12-30 05:00:00,25.2,57,0.0,21.34,10.48,7.75
2025-12-30 06:00:00,26.6,53,0.0,22.62,10.14,7.69
2025-12-30 07:00:00,28.4,46,0.0,24.05,9.71,7.76
2025-12-30 08:00:00,29.4,43,0.0,25.36,9.4,7.6
2025-12-30 09:00:00,30.0,40,0.0,26.45,9.12,7.55
2025-12-30 10:00:00,30.2,38,0.0,27.28,8.93,7.48
2025-12-30 11:00:00,29.4,41,0.0,27.61,8.91,7.6
2025-12-30 12:00:00,27.5,47,0.0,27.28,9.09,7.07
2025-12-30 13:00:00,25.2,51,0.0,26.36,9.35,7.36
2025-12-30 14:00:00,23.9,56,0.0,25.32,9.65,7.26
2025-12-30 15:00:00,23.2,57,0.0,24.38,9.86,7.04
2025-12-30 16:00:00,22.4,62,0.0,23.49,10.14,7.2
2025-12-30 17:00:00,21.8,71,0.0,22.68,10.49,7.19
2025-12-30 18:00:00,20.7,86,0.0,21.79,10.98,7.2
2025-12-30 19:00:00,20.1,93,0.0,20.98,11.3,6.9
2025-12-30 20:00:00,20.0,94,0.0,20.39,11.45,7.33
2025-12-30 21:00:00,20.3,92,0.0,20.06,11.48,7.17
2025-12-30 22:00:00,20.2,91,0.0,19.8,11.51,7.38
2025-12-30 23:00:00,20.2,91,0.0,19.62,11.55,7.46
2025-12-31 00:00:00,19.9,94,0.0,19.41,11.66,7.38
2025-12-31 01:00:00,19.9,93,0.0,19.25,11.67,7.61
2025-12-31 02:00:00,20.5,89,0.0,19.33,11.57,7.58
2025-12-31 03:00:00,22.5,77,0.0,19.98,11.18,7.47
2025-12-31 04:00:00,24.4,68,0.0,21.01,10.77,7.83
2025-12-31 05:00:00,26.0,62,0.0,22.2,10.4,7.65
2025-12-31 06:00:00,27.7,51,0.0,23.55,9.91,7.64
2025-12-31 07:00:00,29.5,44,0.0,25.04,9.48,7.66
2025-12-31 08:00:00,30.0,41,0.0,26.23,9.19,7.68
2025-12-31 09:00:00,29.9,42,0.0,27.03,9.05,7.6
2025-12-31 10:00:00,29.5,42,0.0,27.47,8.96,7.59
2025-12-31 11:00:00,29.5,42,0.0,27.78,8.9,7.33
2025-12-31 12:00:00,28.6,45,0.0,27.73,8.96,7.31
2025-12-31 13:00:00,26.2,55,0.0,26.97,9.3,7.3
2025-12-31 14:00:00,24.8,62,0.0,26.02,9.62,7.44
2025-12-31 15:00:00,23.9,70,0.0,25.08,9.97,7.19
2025-12-31 16:00:00,22.2,86,0.0,23.92,10.52,7.27
2025-12-31 17:00:00,21.4,94,0.0,22.86,10.91,7.15
2025-12-31 18:00:00,21.4,98,0.0,22.12,11.15,7.09
2025-12-31 19:00:00,21.2,94,0.4,21.55,11.2,7.1
2025-12-31 20:00:00,21.2,95,0.1,21.14,11.3,7.16
2025-12-31 21:00:00,21.3,91,0.6,20.89,11.28,7.26
2025-12-31 22:00:00,21.1,93,0.4,20.65,11.37,7.41
2025-12-31 23:00:00,21.0,95,0.9,20.46,11.45,7.36
2026-01-01 00:00:00,21.0,96,1.5,20.32,11.51,7.5
2026-01-01 01:00:00,20.8,98,0.0,20.16,11.58,7.44
2026-01-01 02:00:00,21.5,93,0.0,20.26,11.45,7.57
2026-01-01 03:00:00,22.4,87,0.1,20.61,11.25,7.59
2026-01-01 04:00:00,24.1,75,0.1,21.35,10.85,7.73
2026-01-01 05:00:00,26.0,65,0.0,22.45,10.41,7.69
2026-01-01 06:00:00,26.5,61,0.1,23.36,10.15,7.79
2026-01-01 07:00:00,27.0,60,0.3,24.15,9.96,7.59
2026-01-01 08:00:00,28.0,56,0.2,25.01,9.71,7.66
2026-01-01 09:00:00,28.5,53,0.1,25.76,9.51,7.68
2026-01-01 10:00:00,28.4,53,0.1,26.25,9.41,7.33
2026-01-01 11:00:00,27.6,53,0.0,26.35,9.39,7.69
2026-01-01 12:00:00,26.0,60,0.3,25.95,9.6,7.35
2026-01-01 13:00:00,24.8,64,0.0,25.3,9.81,7.13
2026-01-01 14:00:00,23.7,71,0.0,24.52,10.1,7.28
2026-01-01 15:00:00,22.8,77,0.0,23.71,10.39,7.21
2026-01-01 16:00:00,22.2,81,0.0,22.95,10.63,7.16
2026-01-01 17:00:00,21.6,85,0.0,22.25,10.86,7.25
2026-01-01 18:00:00,20.8,93,0.0,21.51,11.18,7.22
2026-01-01 19:00:00,20.5,96,0.0,20.91,11.38,7.19
2026-01-01 20:00:00,20.4,96,0.0,20.46,11.48,7.24
2026-01-01 21:00:00,19.7,97,0.0,19.93,11.61,7.24
2026-01-01 22:00:00,19.3,98,0.0,19.44,11.74,7.49
2026-01-01 23:00:00,18.8,98,0.0,18.95,11.85,7.24
2026-01-02 00:00:00,20.1,97,0.0,18.99,11.82,7.48
2026-01-02 01:00:00,20.1,96,0.0,19.03,11.79,7.55
2026-01-02 02:00:00,20.6,91,0.0,19.2,11.64,7.7
2026-01-02 03:00:00,22.1,82,0.0,19.77,11.33,7.59
2026-01-02 04:00:00,24.0,70,0.0,20.74,10.87,7.54
2026-01-02 05:00:00,25.9,60,0.0,21.99,10.41,7.75
2026-01-02 06:00:00,26.5,55,0.0,23.04,10.09,7.76
2026-01-02 07:00:00,27.6,50,0.1,24.11,9.78,7.85
2026-01-02 08:00:00,28.0,47,0.2,24.98,9.55,7.53
2026-01-02 09:00:00,28.9,45,0.0,25.85,9.34,7.73
2026-01-02 10:00:00,28.8,44,0.0,26.44,9.2,7.78
2026-01-02 11:00:00,28.5,44,0.0,26.76,9.14,7.43
2026-01-02 12:00:00,26.4,51,0.0,26.35,9.35,7.27
2026-01-02 13:00:00,25.0,56,0.0,25.64,9.58,7.29
2026-01-02 14:00:00,24.0,61,0.0,24.85,9.84,7.26
2026-01-02 15:00:00,23.0,67,0.0,24.0,10.13,7.26
2026-01-02 16:00:00,22.0,72,0.0,23.1,10.42,7.11
2026-01-02 17:00:00,21.5,76,0.0,22.32,10.66,7.3
2026-01-02 18:00:00,21.1,82,0.0,21.65,10.93,7.03
2026-01-02 19:00:00,20.9,85,0.0,21.13,11.1,6.99
2026-01-02 20:00:00,20.2,89,0.0,20.55,11.31,7.31
2026-01-02 21:00:00,19.5,95,0.0,19.93,11.57,7.02
2026-01-02 22:00:00,18.9,95,0.0,19.32,11.7,7.3
2026-01-02 23:00:00,18.2,95,0.0,18.69,11.84,7.71
2026-01-03 00:00:00,19.0,97,0.0,18.48,11.93,7.47
2026-01-03 01:00:00,19.0,97,0.0,18.34,11.96,7.44
2026-01-03 02:00:00,19.8,90,0.0,18.48,11.78,7.62
2026-01-03 03:00:00,21.2,80,0.0,18.99,11.45,7.68
2026-01-03 04:00:00,23.4,67,0.0,20.02,10.96,7.74
2026-01-03 05:00:00,25.1,57,0.0,21.24,10.5,7.8
2026-01-03 06:00:00,26.6,50,0.0,22.55,10.09,7.63
2026-01-03 07:00:00,27.4,46,0.0,23.7,9.78,7.88
2026-01-03 08:00:00,28.1,43,0.0,24.72,9.52,7.7
2026-01-03 09:00:00,28.3,42,0.0,25.5,9.35,7.69
2026-01-03 10:00:00,28.1,41,0.0,25.98,9.24,7.49
2026-01-03 11:00:00,27.5,42,0.0,26.13,9.22,7.6
2026-01-03 12:00:00,26.3,44,0.0,25.88,9.31,7.38
2026-01-03 13:00:00,25.5,47,0.0,25.47,9.45,7.36
2026-01-03 14:00:00,23.6,54,0.0,24.61,9.76,7.17
2026-01-03 15:00:00,22.5,58,0.0,23.68,10.02,7.11
2026-01-03 16:00:00,22.0,61,0.0,22.87,10.25,7.24
2026-01-03 17:00:00,21.1,66,0.0,22.04,10.52,7.11
2026-01-03 18:00:00,20.2,75,0.0,21.19,10.88,7.06
2026-01-03 19:00:00,19.5,79,0.0,20.38,11.13,7.1
2026-01-03 20:00:00,18.6,86,0.0,19.55,11.46,7.27
2026-01-03 21:00:00,17.8,92,0.0,18.72,11.77,7.2
2026-01-03 22:00:00,17.0,94,0.0,17.91,11.99,7.32
2026-01-03 23:00:00,16.8,94,0.0,17.27,12.13,7.41
2026-01-04 00:00:00,17.8,97,0.0,17.13,12.22,7.3
2026-01-04 01:00:00,18.0,96,0.0,17.09,12.21,7.42
2026-01-04 02:00:00,18.6,91,0.0,17.24,12.07,7.67
2026-01-04 03:00:00,20.6,79,0.0,17.95,11.65,7.62
2026-01-04 04:00:00,22.8,63,0.0,19.11,11.06,7.83
2026-01-04 05:00:00,25.0,46,0.0,20.57,10.4,7.84
2026-01-04 06:00:00,26.4,40,0.0,22.02,9.99,7.81
2026-01-04 07:00:00,27.5,36,0.0,23.37,9.65,7.9
2026-01-04 08:00:00,28.0,34,0.0,24.46,9.4,7.67
2026-01-04 09:00:00,28.1,32,0.0,25.25,9.21,7.68
2026-01-04 10:00:00,27.8,31,0.0,25.71,9.1,7.49
2026-01-04 11:00:00,26.7,34,0.0,25.71,9.16,7.73
2026-01-04 12:00:00,25.1,42,0.0,25.23,9.4,7.61
2026-01-04 13:00:00,23.4,47,0.0,24.38,9.67,7.34
2026-01-04 14:00:00,22.6,50,0.0,23.55,9.89,7.31
2026-01-04 15:00:00,21.9,56,0.0,22.75,10.17,7.36
2026-01-04 16:00:00,21.1,61,0.0,21.96,10.43,7.17
2026-01-04 17:00:00,20.1,66,0.0,21.1,10.71,7.09
2026-01-04 18:00:00,19.3,73,0.0,20.26,11.03,7.24
2026-01-04 19:00:00,18.6,79,0.0,19.46,11.33,7.18
2026-01-04 20:00:00,17.5,88,0.0,18.57,11.71,7.23
2026-01-04 21:00:00,16.6,93,0.0,17.68,12.02,7.19
2026-01-04 22:00:00,16.0,96,0.0,16.88,12.26,7.17
2026-01-04 23:00:00,15.6,97,0.0,16.19,12.43,7.44
2026-01-05 00:00:00,16.8,97,0.0,16.08,12.46,7.59
2026-01-05 01:00:00,17.4,96,0.0,16.17,12.41,7.55
2026-01-05 02:00:00,18.0,91,0.0,16.42,12.24,7.79
2026-01-05 03:00:00,20.1,77,0.0,17.22,11.76,7.63
2026-01-05 04:00:00,22.5,61,0.0,18.51,11.14,7.63
2026-01-05 05:00:00,24.6,47,0.0,20.04,10.53,7.74
2026-01-05 06:00:00,25.8,45,0.0,21.46,10.2,7.74
2026-01-05 07:00:00,27.2,40,0.0,22.89,9.82,7.8
2026-01-05 08:00:00,27.9,38,0.0,24.09,9.55,7.6
2026-01-05 09:00:00,28.2,37,0.0,25.02,9.35,7.76
2026-01-05 10:00:00,28.0,37,0.0,25.62,9.23,7.75
2026-01-05 11:00:00,27.4,38,0.0,25.85,9.2,7.48
2026-01-05 12:00:00,25.1,44,0.0,25.33,9.42,7.53
2026-01-05 13:00:00,23.5,49,0.0,24.48,9.68,7.23
2026-01-05 14:00:00,22.8,54,0.0,23.67,9.94,7.38
2026-01-05 15:00:00,21.8,63,0.0,22.81,10.3,7.32
2026-01-05 16:00:00,20.9,69,0.0,21.94,10.6,7.27
2026-01-05 17:00:00,20.1,74,0.0,21.09,10.88,7.16
2026-01-05 18:00:00,19.8,84,0.0,20.4,11.24,6.86
2026-01-05 19:00:00,20.0,85,0.0,19.98,11.35,7.11
2026-01-05 20:00:00,19.4,89,0.0,19.51,11.53,7.14
2026-01-05 21:00:00,18.8,92,0.0,18.99,11.71,7.16
2026-01-05 22:00:00,18.2,94,0.0,18.46,11.87,7.34
2026-01-05 23:00:00,17.9,94,0.0,17.99,11.97,7.36
2026-01-06 00:00:00,19.1,89,0.0,18.02,11.85,7.4
2026-01-06 01:00:00,19.5,85,0.0,18.17,11.73,7.45
2026-01-06 02:00:00,19.5,84,0.0,18.27,11.69,7.56
2026-01-06 03:00:00,21.0,72,0.0,18.79,11.32,7.8
2026-01-06 04:00:00,23.2,59,0.0,19.81,10.83,7.66
2026-01-06 05:00:00,25.1,50,0.0,21.1,10.38,7.69
2026-01-06 06:00:00,25.9,47,0.0,22.24,10.09,7.69
2026-01-06 07:00:00,26.4,45,0.0,23.19,9.86,7.75
2026-01-06 08:00:00,26.1,47,0.0,23.76,9.79,7.73
2026-01-06 09:00:00,26.4,46,0.0,24.25,9.67,7.33
2026-01-06 10:00:00,26.4,46,0.0,24.6,9.6,7.67
2026-01-06 11:00:00,26.1,46,0.0,24.75,9.57,7.63
2026-01-06 12:00:00,23.9,57,0.0,24.19,9.9,7.31
2026-01-06 13:00:00,22.5,63,0.0,23.39,10.18,7.25
2026-01-06 14:00:00,22.2,66,0.0,22.73,10.38,7.24
2026-01-06 15:00:00,22.5,66,0.0,22.36,10.45,7.15
2026-01-06 16:00:00,21.8,72,0.0,21.89,10.67,7.2
2026-01-06 17:00:00,20.6,77,0.0,21.2,10.92,6.96
2026-01-06 18:00:00,20.3,82,0.0,20.63,11.14,7.04
2026-01-06 19:00:00,20.3,83,0.0,20.23,11.25,7.32
2026-01-06 20:00:00,19.9,86,0.0,19.83,11.4,7.11
2026-01-06 21:00:00,19.3,89,0.0,19.37,11.56,7.38
2026-01-06 22:00:00,18.5,93,0.0,18.81,11.77,7.36
2026-01-06 23:00:00,18.6,92,0.0,18.45,11.83,7.22
2026-01-07 00:00:00,19.1,91,0.0,18.34,11.83,7.54
2026-01-07 01:00:00,18.9,92,0.0,18.21,11.88,7.54
2026-01-07 02:00:00,19.5,86,0.0,18.3,11.73,7.58
2026-01-07 03:00:00,21.1,74,0.0,18.84,11.35,7.71
2026-01-07 04:00:00,23.1,53,0.0,19.82,10.7,7.77
2026-01-07 05:00:00,24.8,40,0.0,21.01,10.19,7.81
2026-01-07 06:00:00,25.3,44,0.0,22.0,10.08,7.86
2026-01-07 07:00:00,26.5,39,0.0,23.05,9.77,7.76
2026-01-07 08:00:00,27.2,35,0.0,23.99,9.51,7.54
2026-01-07 09:00:00,27.5,33,0.0,24.75,9.32,7.58
2026-01-07 10:00:00,27.0,35,0.0,25.12,9.29,7.85
2026-01-07 11:00:00,26.1,38,0.0,25.12,9.35,7.56
2026-01-07 12:00:00,24.4,45,0.0,24.6,9.58,7.65
2026-01-07 13:00:00,22.9,50,0.0,23.79,9.84,7.48
2026-01-07 14:00:00,21.8,55,0.0,22.89,10.12,7.31
2026-01-07 15:00:00,20.6,61,0.0,21.91,10.44,7.26
2026-01-07 16:00:00,19.5,67,0.0,20.88,10.78,7.19
2026-01-07 17:00:00,18.4,73,0.0,19.84,11.12,7.0
2026-01-07 18:00:00,17.2,80,0.0,18.75,11.5,7.17
2026-01-07 19:00:00,17.0,82,0.0,17.92,11.72,7.31
2026-01-07 20:00:00,16.5,85,0.0,17.2,11.94,7.17
2026-01-07 21:00:00,16.0,88,0.0,16.54,12.15,7.32
2026-01-07 22:00:00,15.4,93,0.0,15.9,12.4,7.44
2026-01-07 23:00:00,15.1,94,0.0,15.36,12.54,7.34
2026-01-08 00:00:00,15.5,97,0.0,15.1,12.67,7.46
2026-01-08 01:00:00,15.8,97,0.0,15.01,12.69,7.49
2026-01-08 02:00:00,17.5,90,0.0,15.46,12.43,7.57
2026-01-08 03:00:00,19.9,75,0.1,16.49,11.87,7.57
2026-01-08 04:00:00,22.0,61,0.0,17.84,11.27,7.65
2026-01-08 05:00:00,23.8,51,0.0,19.33,10.76,7.9
2026-01-08 06:00:00,24.9,44,0.0,20.7,10.33,7.66
2026-01-08 07:00:00,26.0,39,0.0,21.99,9.98,7.74
2026-01-08 08:00:00,26.6,34,0.0,23.07,9.67,7.64
2026-01-08 09:00:00,26.8,33,0.0,23.89,9.49,7.75
2026-01-08 10:00:00,26.5,36,0.0,24.37,9.45,7.7
2026-01-08 11:00:00,26.0,39,0.0,24.56,9.47,7.58
2026-01-08 12:00:00,24.2,44,0.0,24.15,9.65,7.45
2026-01-08 13:00:00,23.0,48,0.0,23.51,9.86,7.32
2026-01-08 14:00:00,22.1,50,0.0,22.79,10.04,7.16
2026-01-08 15:00:00,21.3,54,0.0,22.04,10.27,7.42
2026-01-08 16:00:00,20.2,60,0.0,21.19,10.57,7.11
2026-01-08 17:00:00,19.1,68,0.0,20.26,10.93,7.23
2026-01-08 18:00:00,18.5,74,0.0,19.43,11.23,7.27
2026-01-08 19:00:00,18.0,78,0.0,18.7,11.47,7.13
2026-01-08 20:00:00,17.6,81,0.0,18.07,11.67,7.32
2026-01-08 21:00:00,17.5,83,0.0,17.6,11.81,7.35
2026-01-08 22:00:00,17.3,86,0.0,17.21,11.96,7.51
2026-01-08 23:00:00,16.9,88,0.0,16.82,12.09,7.37
2026-01-09 00:00:00,15.9,96,0.0,16.24,12.4,7.37
2026-01-09 01:00:00,16.6,94,0.0,16.05,12.39,7.53
2026-01-09 02:00:00,18.0,86,0.0,16.33,12.15,7.67
2026-01-09 03:00:00,19.9,73,0.0,17.1,11.69,7.71
2026-01-09 04:00:00,22.1,60,0.0,18.3,11.16,7.7
2026-01-09 05:00:00,23.7,53,0.0,19.62,10.74,7.56
2026-01-09 06:00:00,25.0,48,0.0,20.94,10.37,7.8
2026-01-09 07:00:00,26.5,43,0.0,22.3,10.0,7.92
2026-01-09 08:00:00,26.9,42,0.0,23.38,9.76,7.73
2026-01-09 09:00:00,26.3,45,0.0,23.96,9.71,7.69
2026-01-09 10:00:00,26.4,45,0.0,24.39,9.62,7.62
2026-01-09 11:00:00,25.7,48,0.0,24.48,9.66,7.53
2026-01-09 12:00:00,24.4,52,0.0,24.16,9.81,7.51
2026-01-09 13:00:00,22.5,59,0.0,23.36,10.11,7.39
2026-01-09 14:00:00,21.6,63,0.0,22.53,10.36,7.25
2026-01-09 15:00:00,20.7,68,0.0,21.68,10.63,7.15
2026-01-09 16:00:00,20.0,72,0.0,20.88,10.88,7.17
2026-01-09 17:00:00,19.6,74,0.0,20.19,11.07,7.2
2026-01-09 18:00:00,19.6,78,0.0,19.72,11.25,7.13
2026-01-09 19:00:00,19.4,81,0.0,19.32,11.4,7.21
2026-01-09 20:00:00,18.9,84,0.0,18.89,11.56,7.26
2026-01-09 21:00:00,18.5,86,0.0,18.48,11.69,7.35
2026-01-09 22:00:00,18.2,87,0.0,18.09,11.79,7.46
2026-01-09 23:00:00,18.1,87,0.0,17.8,11.86,7.41
2026-01-10 00:00:00,19.2,80,0.0,17.92,11.68,7.35
2026-01-10 01:00:00,18.7,82,1.2,17.85,11.74,7.46
2026-01-10 02:00:00,18.6,82,2.4,17.78,11.75,7.54
2026-01-10 03:00:00,19.6,74,0.1,18.02,11.52,7.5
2026-01-10 04:00:00,22.1,58,0.0,18.95,10.98,7.87
2026-01-10 05:00:00,24.0,50,0.0,20.16,10.57,7.76
2026-01-10 06:00:00,22.1,63,0.0,20.44,10.78,7.79
2026-01-10 07:00:00,25.6,55,0.1,21.69,10.36,7.86
2026-01-10 08:00:00,26.2,52,0.0,22.74,10.09,7.63
2026-01-10 09:00:00,25.0,55,0.0,23.12,10.08,7.7
2026-01-10 10:00:00,24.3,60,0.2,23.17,10.16,7.55
2026-01-10 11:00:00,24.8,58,0.0,23.36,10.09,7.49
2026-01-10 12:00:00,22.8,67,0.0,22.89,10.36,7.35
2026-01-10 13:00:00,22.1,69,0.0,22.36,10.51,7.53
2026-01-10 14:00:00,21.8,71,0.0,21.89,10.65,7.25
2026-01-10 15:00:00,21.1,75,0.1,21.35,10.85,7.3
2026-01-10 16:00:00,20.8,75,0.0,20.89,10.94,7.0
2026-01-10 17:00:00,20.5,75,0.0,20.47,11.03,7.28
2026-01-10 18:00:00,19.8,84,0.0,19.97,11.33,7.27
2026-01-10 19:00:00,19.4,88,0.0,19.5,11.51,7.18
2026-01-10 20:00:00,19.1,90,0.0,19.08,11.65,7.19
2026-01-10 21:00:00,19.1,89,0.0,18.79,11.69,7.3
2026-01-10 22:00:00,19.3,86,0.0,18.64,11.65,7.55
2026-01-10 23:00:00,19.2,84,0.0,18.51,11.64,7.22
2026-01-11 00:00:00,19.1,83,0.0,18.39,11.64,7.55
2026-01-11 01:00:00,19.2,83,0.0,18.33,11.66,7.46
2026-01-11 02:00:00,19.5,82,0.0,18.38,11.62,7.62
2026-01-11 03:00:00,20.5,77,0.0,18.72,11.44,7.66
2026-01-11 04:00:00,21.2,74,0.0,19.16,11.28,7.69
2026-01-11 05:00:00,21.6,73,0.0,19.59,11.17,7.75
2026-01-11 06:00:00,20.8,78,0.0,19.66,11.27,7.65
2026-01-11 07:00:00,22.3,72,0.0,20.15,11.04,7.85
2026-01-11 08:00:00,23.1,69,0.0,20.73,10.85,7.53
2026-01-11 09:00:00,23.8,67,0.0,21.35,10.68,7.71
2026-01-11 10:00:00,23.8,67,0.0,21.79,10.59,7.56
2026-01-11 11:00:00,23.5,68,0.0,22.0,10.57,7.4
2026-01-11 12:00:00,22.0,73,0.0,21.7,10.73,7.46
2026-01-11 13:00:00,20.9,76,0.0,21.16,10.91,7.22
2026-01-11 14:00:00,20.6,76,0.0,20.69,11.01,7.31
2026-01-11 15:00:00,20.1,79,0.0,20.21,11.17,7.1
2026-01-11 16:00:00,19.7,81,0.0,19.76,11.31,7.25
2026-01-11 17:00:00,19.5,82,0.0,19.38,11.41,7.08
2026-01-11 18:00:00,20.0,83,0.0,19.27,11.46,7.12
2026-01-11 19:00:00,20.1,82,0.0,19.22,11.44,7.21
2026-01-11 20:00:00,20.0,83,0.0,19.15,11.48,7.13
2026-01-11 21:00:00,19.9,84,0.1,19.08,11.52,7.24
2026-01-11 22:00:00,19.9,84,0.0,19.02,11.53,7.17
2026-01-11 23:00:00,20.0,83,0.0,19.02,11.51,7.46
2026-01-12 00:00:00,19.8,85,0.0,18.95,11.57,7.65
2026-01-12 01:00:00,20.1,83,0.0,19.0,11.51,7.83
2026-01-12 02:00:00,20.3,82,0.0,19.09,11.47,7.63
2026-01-12 03:00:00,21.6,76,0.0,19.54,11.25,7.76
2026-01-12 04:00:00,23.0,69,0.0,20.28,10.94,7.54
2026-01-12 05:00:00,23.8,67,0.0,21.04,10.75,7.89
2026-01-12 06:00:00,21.6,77,0.0,20.9,10.98,7.83
2026-01-12 07:00:00,22.3,75,0.3,21.02,10.92,7.67
2026-01-12 08:00:00,22.8,72,0.1,21.26,10.8,7.82
2026-01-12 09:00:00,23.5,69,0.0,21.63,10.66,7.63
2026-01-12 10:00:00,24.6,64,0.0,22.22,10.44,7.54
2026-01-12 11:00:00,23.2,70,0.1,22.21,10.56,7.56
2026-01-12 12:00:00,24.0,65,1.0,22.45,10.41,7.27
2026-01-12 13:00:00,23.1,69,0.0,22.35,10.52,7.46
2026-01-12 14:00:00,22.8,70,0.0,22.18,10.57,7.18
2026-01-12 15:00:00,22.4,71,0.0,21.95,10.64,7.12
2026-01-12 16:00:00,22.0,70,0.0,21.66,10.68,7.09
2026-01-12 17:00:00,21.4,71,0.0,21.28,10.78,7.23
2026-01-12 18:00:00,21.5,76,0.0,21.05,10.93,7.09
2026-01-12 19:00:00,21.2,78,0.0,20.79,11.03,7.03
2026-01-12 20:00:00,20.8,82,0.0,20.5,11.17,7.13
2026-01-12 21:00:00,20.5,83,0.0,20.2,11.26,7.24
2026-01-12 22:00:00,20.1,78,0.0,19.87,11.22,7.19
2026-01-12 23:00:00,19.1,79,0.0,19.34,11.35,7.27
2026-01-13 00:00:00,18.9,95,0.0,18.91,11.79,7.68
2026-01-13 01:00:00,19.2,96,0.0,18.69,11.86,7.46
2026-01-13 02:00:00,20.1,90,0.0,18.82,11.7,7.59
2026-01-13 03:00:00,21.8,80,0.0,19.41,11.36,7.64
2026-01-13 04:00:00,23.8,67,0.0,20.43,10.87,7.67
2026-01-13 05:00:00,25.8,56,0.0,21.74,10.38,7.79
2026-01-13 06:00:00,26.4,54,0.0,22.84,10.11,7.83
2026-01-13 07:00:00,26.5,54,0.0,23.64,9.95,7.68
2026-01-13 08:00:00,26.7,53,0.0,24.26,9.81,7.55
2026-01-13 09:00:00,27.0,53,0.3,24.78,9.7,7.73
2026-01-13 10:00:00,27.5,51,0.2,25.3,9.56,7.53
2026-01-13 11:00:00,27.1,52,0.2,25.54,9.53,7.64
2026-01-13 12:00:00,26.5,54,0.0,25.53,9.57,7.18
2026-01-13 13:00:00,25.0,61,0.1,25.07,9.8,7.34
2026-01-13 14:00:00,23.5,69,0.0,24.3,10.11,7.46
2026-01-13 15:00:00,22.5,74,0.0,23.46,10.38,7.18
2026-01-13 16:00:00,22.4,75,0.0,22.84,10.53,7.15
2026-01-13 17:00:00,22.0,75,0.0,22.29,10.65,7.18
2026-01-13 18:00:00,21.1,79,0.0,21.63,10.87,7.09
2026-01-13 19:00:00,20.5,81,0.0,20.99,11.05,7.13
2026-01-13 20:00:00,19.7,85,0.0,20.3,11.28,7.16
2026-01-13 21:00:00,19.2,88,0.0,19.67,11.48,7.19
2026-01-13 22:00:00,18.5,92,0.0,19.02,11.7,7.44
2026-01-13 23:00:00,18.0,94,0.0,18.41,11.88,7.44
2026-01-14 00:00:00,17.9,96,0.0,17.96,12.02,7.51
2026-01-14 01:00:00,18.0,97,0.0,17.67,12.11,7.64
2026-01-14 02:00:00,19.0,92,0.0,17.77,11.97,7.61
2026-01-14 03:00:00,21.2,82,0.0,18.5,11.6,7.61
2026-01-14 04:00:00,22.9,74,0.0,19.52,11.21,7.66
2026-01-14 05:00:00,25.0,66,0.0,20.86,10.76,7.74
2026-01-14 06:00:00,26.4,58,0.0,22.22,10.32,7.63
2026-01-14 07:00:00,28.0,50,0.0,23.66,9.87,7.66
2026-01-14 08:00:00,28.8,47,0.0,24.9,9.56,7.62
2026-01-14 09:00:00,29.1,45,0.0,25.86,9.33,7.83
2026-01-14 10:00:00,29.0,45,0.0,26.5,9.21,7.27
2026-01-14 11:00:00,28.5,44,0.0,26.8,9.13,7.45
2026-01-14 12:00:00,27.2,49,0.0,26.62,9.26,7.57
2026-01-14 13:00:00,25.1,60,0.0,25.86,9.62,7.34
2026-01-14 14:00:00,24.0,66,0.0,25.01,9.91,7.34
2026-01-14 15:00:00,23.2,68,0.0,24.16,10.12,7.22
2026-01-14 16:00:00,22.3,73,0.0,23.3,10.4,7.1
2026-01-14 17:00:00,21.5,81,0.0,22.46,10.73,6.92
2026-01-14 18:00:00,20.6,94,0.0,21.6,11.18,7.16
2026-01-14 19:00:00,20.1,98,0.0,20.85,11.43,7.08
2026-01-14 20:00:00,19.5,100,0.0,20.15,11.63,7.12
2026-01-14 21:00:00,19.2,100,0.0,19.56,11.76,7.2
2026-01-14 22:00:00,19.1,100,0.0,19.12,11.85,7.49
2026-01-14 23:00:00,19.4,100,0.0,18.91,11.9,7.63
2026-01-15 00:00:00,19.5,95,0.0,18.78,11.82,7.49
2026-01-15 01:00:00,19.7,92,0.0,18.76,11.76,7.5
2026-01-15 02:00:00,19.9,91,0.0,18.8,11.73,7.5
2026-01-15 03:00:00,20.9,85,0.0,19.13,11.53,7.73
2026-01-15 04:00:00,23.0,75,0.0,19.99,11.13,7.9
2026-01-15 05:00:00,25.2,66,0.0,21.25,10.68,7.71
2026-01-15 06:00:00,26.6,57,0.0,22.56,10.23,7.5
2026-01-15 07:00:00,28.6,46,0.0,24.07,9.71,7.78
2026-01-15 08:00:00,29.7,40,0.0,25.46,9.32,7.76
2026-01-15 09:00:00,30.2,37,0.0,26.58,9.04,7.45
2026-01-15 10:00:00,30.3,35,0.0,27.4,8.85,7.55
2026-01-15 11:00:00,29.5,36,0.0,27.73,8.8,7.51
2026-01-15 12:00:00,28.0,42,0.0,27.51,8.95,7.38
2026-01-15 13:00:00,25.4,54,0.0,26.58,9.36,7.24
2026-01-15 14:00:00,23.5,63,0.0,25.35,9.78,7.36
2026-01-15 15:00:00,22.6,66,0.0,24.23,10.07,7.17
2026-01-15 16:00:00,21.6,72,0.0,23.14,10.41,7.02
2026-01-15 17:00:00,21.2,74,0.0,22.26,10.64,6.94
2026-01-15 18:00:00,20.5,79,0.0,21.43,10.91,7.27
2026-01-15 19:00:00,20.0,82,0.0,20.7,11.13,7.22
2026-01-15 20:00:00,19.7,86,0.0,20.1,11.34,7.21
2026-01-15 21:00:00,19.9,87,0.0,19.74,11.44,7.21
2026-01-15 22:00:00,19.7,90,0.0,19.43,11.57,7.26
2026-01-15 23:00:00,20.0,90,0.0,19.3,11.6,7.28
2026-01-16 00:00:00,19.2,91,0.0,18.97,11.69,7.43
2026-01-16 01:00:00,19.5,90,0.0,18.83,11.7,7.34
2026-01-16 02:00:00,19.7,90,0.0,18.79,11.71,7.55
2026-01-16 03:00:00,21.0,79,0.0,19.15,11.39,7.65
2026-01-16 04:00:00,23.0,66,0.0,20.01,10.94,7.78
2026-01-16 05:00:00,25.1,54,0.0,21.24,10.44,7.73
2026-01-16 06:00:00,26.4,49,0.0,22.48,10.08,7.81
2026-01-16 07:00:00,28.2,41,0.0,23.9,9.64,7.85
2026-01-16 08:00:00,29.2,36,0.0,25.19,9.29,7.77
2026-01-16 09:00:00,30.0,32,0.0,26.33,9.0,7.66
2026-01-16 10:00:00,29.9,31,0.0,27.1,8.83,7.54
2026-01-16 11:00:00,28.8,34,0.0,27.31,8.85,7.37
2026-01-16 12:00:00,27.1,39,0.0,26.95,9.01,7.46
2026-01-16 13:00:00,24.6,43,0.0,25.94,9.28,7.49
2026-01-16 14:00:00,23.5,45,0.0,24.91,9.52,7.3
2026-01-16 15:00:00,22.6,47,0.0,23.92,9.76,7.4
2026-01-16 16:00:00,21.5,54,0.0,22.89,10.1,7.02
2026-01-16 17:00:00,19.9,64,0.0,21.69,10.55,7.04
2026-01-16 18:00:00,18.7,73,0.0,20.5,10.98,7.24
2026-01-16 19:00:00,18.1,81,0.0,19.48,11.37,7.2
2026-01-16 20:00:00,17.8,86,0.0,18.67,11.65,7.34
2026-01-16 21:00:00,17.8,87,0.0,18.11,11.79,7.27
2026-01-16 22:00:00,17.5,86,0.0,17.63,11.87,7.25
2026-01-16 23:00:00,16.4,91,0.0,16.96,12.13,7.39
2026-01-17 00:00:00,16.6,92,0.0,16.55,12.24,7.34
2026-01-17 01:00:00,17.5,94,0.0,16.54,12.29,7.46
2026-01-17 02:00:00,18.0,90,0.0,16.68,12.17,7.74
2026-01-17 03:00:00,19.2,81,0.0,17.13,11.87,7.79
2026-01-17 04:00:00,21.5,68,0.0,18.14,11.37,7.77
2026-01-17 05:00:00,23.7,55,0.0,19.51,10.8,7.58
2026-01-17 06:00:00,25.0,43,0.0,20.86,10.28,7.72
2026-01-17 07:00:00,26.9,33,0.0,22.37,9.78,7.6
2026-01-17 08:00:00,28.0,25,0.0,23.76,9.36,7.8
2026-01-17 09:00:00,28.5,21,0.0,24.88,9.07,7.56
2026-01-17 10:00:00,28.3,21,0.0,25.61,8.93,7.45
2026-01-17 11:00:00,27.5,25,0.0,25.87,8.95,7.48
2026-01-17 12:00:00,25.9,31,0.0,25.58,9.12,7.34
2026-01-17 13:00:00,23.5,36,0.0,24.66,9.4,7.48
2026-01-17 14:00:00,22.4,38,0.0,23.68,9.63,7.2
2026-01-17 15:00:00,20.6,46,0.0,22.46,10.03,7.08
2026-01-17 16:00:00,19.2,54,0.0,21.18,10.45,6.97
2026-01-17 17:00:00,18.5,60,0.0,20.08,10.8,7.17
2026-01-17 18:00:00,18.0,66,0.0,19.15,11.11,7.11
2026-01-17 19:00:00,17.3,71,0.0,18.3,11.4,7.04
2026-01-17 20:00:00,16.6,75,0.0,17.49,11.66,7.34
2026-01-17 21:00:00,15.6,80,0.0,16.62,11.95,7.35
2026-01-17 22:00:00,14.9,84,0.0,15.81,12.22,7.35
2026-01-17 23:00:00,14.4,88,0.0,15.08,12.46,7.57
2026-01-18 00:00:00,14.2,91,0.0,14.52,12.66,7.58
2026-01-18 01:00:00,14.2,93,0.0,14.12,12.79,7.51
2026-01-18 02:00:00,15.4,90,0.0,14.21,12.7,7.56
2026-01-18 03:00:00,18.8,79,0.0,15.28,12.21,7.8
2026-01-18 04:00:00,21.7,68,0.0,16.91,11.62,7.79
2026-01-18 05:00:00,24.3,53,0.0,18.83,10.9,7.78
2026-01-18 06:00:00,25.8,41,0.0,20.62,10.29,7.67
2026-01-18 07:00:00,27.7,31,0.0,22.44,9.73,7.79
2026-01-18 08:00:00,28.8,24,0.0,24.05,9.28,7.6
2026-01-18 09:00:00,29.1,23,0.0,25.27,9.03,7.61
2026-01-18 10:00:00,29.0,24,0.0,26.09,8.89,7.69
2026-01-18 11:00:00,28.4,26,0.0,26.48,8.86,7.41
2026-01-18 12:00:00,26.9,32,0.0,26.31,9.0,7.24
2026-01-18 13:00:00,23.8,42,0.0,25.25,9.4,7.22
2026-01-18 14:00:00,21.9,47,0.0,23.95,9.75,7.37
2026-01-18 15:00:00,20.8,53,0.0,22.7,10.12,7.25
2026-01-18 16:00:00,19.6,56,0.0,21.47,10.43,7.17
2026-01-18 17:00:00,18.8,60,0.0,20.37,10.74,7.12
2026-01-18 18:00:00,18.1,66,0.0,19.39,11.07,7.21
2026-01-18 19:00:00,17.4,77,0.0,18.49,11.49,7.1
2026-01-18 20:00:00,16.5,89,0.0,17.59,11.95,7.25
2026-01-18 21:00:00,15.8,98,0.0,16.76,12.33,7.21
2026-01-18 22:00:00,15.4,100,0.0,16.05,12.53,7.26
2026-01-18 23:00:00,15.6,99,0.0,15.61,12.6,7.36
2026-01-19 00:00:00,16.4,100,0.0,15.55,12.64,7.47
2026-01-19 01:00:00,16.9,98,0.0,15.66,12.57,7.58
2026-01-19 02:00:00,16.8,97,0.0,15.7,12.54,7.68
2026-01-19 03:00:00,17.7,92,0.0,16.0,12.36,7.34
2026-01-19 04:00:00,20.9,73,0.0,17.17,11.68,7.67
2026-01-19 05:00:00,23.8,57,0.0,18.86,10.98,7.72
2026-01-19 06:00:00,25.5,48,0.0,20.55,10.45,7.9
2026-01-19 07:00:00,27.5,39,0.0,22.34,9.91,7.62
2026-01-19 08:00:00,28.5,35,0.0,23.88,9.53,7.7
2026-01-19 09:00:00,29.0,35,0.0,25.12,9.29,7.77
2026-01-19 10:00:00,29.0,35,0.0,25.98,9.12,7.42
2026-01-19 11:00:00,28.5,33,0.0,26.44,9.0,7.51
2026-01-19 12:00:00,27.2,27,0.0,26.37,8.9,7.32
2026-01-19 13:00:00,24.6,31,0.0,25.54,9.13,7.28
2026-01-19 14:00:00,23.4,35,0.0,24.6,9.39,7.18
2026-01-19 15:00:00,21.9,40,0.0,23.49,9.7,7.14
2026-01-19 16:00:00,20.4,46,0.0,22.26,10.07,7.45
2026-01-19 17:00:00,19.6,55,0.0,21.16,10.47,7.24
2026-01-19 18:00:00,19.1,70,0.0,20.24,10.97,7.27
2026-01-19 19:00:00,18.6,79,0.0,19.45,11.33,7.22
2026-01-19 20:00:00,17.7,84,0.0,18.63,11.61,7.05
2026-01-19 21:00:00,16.5,88,0.0,17.69,11.9,7.31
2026-01-19 22:00:00,15.6,88,0.0,16.76,12.1,7.45
2026-01-19 23:00:00,14.7,90,0.0,15.84,12.35,7.34
2026-01-20 00:00:00,14.8,88,0.0,15.23,12.43,7.6
2026-01-20 01:00:00,14.7,87,0.0,14.77,12.51,7.66
2026-01-20 02:00:00,16.5,77,0.0,14.99,12.23,7.85
2026-01-20 03:00:00,19.0,71,0.0,15.89,11.9,7.67
2026-01-20 04:00:00,21.5,62,0.0,17.27,11.41,7.64
2026-01-20 05:00:00,24.2,46,0.0,19.05,10.7,7.72
2026-01-20 06:00:00,26.0,36,0.0,20.84,10.14,7.9
2026-01-20 07:00:00,28.0,27,0.0,22.69,9.6,7.54
2026-01-20 08:00:00,29.0,25,0.0,24.28,9.26,7.47
2026-01-20 09:00:00,29.5,23,0.0,25.55,8.98,7.63
2026-01-20 10:00:00,29.6,22,0.0,26.46,8.79,7.5
2026-01-20 11:00:00,29.1,23,0.0,26.95,8.71,7.47
2026-01-20 12:00:00,27.1,26,0.0,26.7,8.82,7.49
2026-01-20 13:00:00,24.8,31,0.0,25.83,9.08,7.27
2026-01-20 14:00:00,23.6,34,0.0,24.86,9.32,7.07
2026-01-20 15:00:00,22.4,38,0.0,23.82,9.6,7.41
2026-01-20 16:00:00,21.3,47,0.0,22.77,9.99,7.07
2026-01-20 17:00:00,20.0,55,0.0,21.64,10.38,7.05
2026-01-20 18:00:00,18.7,65,0.0,20.45,10.82,7.27
2026-01-20 19:00:00,18.1,71,0.0,19.45,11.16,7.14
2026-01-20 20:00:00,17.1,83,0.0,18.44,11.63,7.21
2026-01-20 21:00:00,16.4,93,0.0,17.53,12.05,7.32
2026-01-20 22:00:00,16.1,97,0.0,16.8,12.3,7.45
2026-01-20 23:00:00,15.9,98,0.0,16.23,12.44,7.39
2026-01-21 00:00:00,15.9,98,0.0,15.83,12.53,7.65
2026-01-21 01:00:00,17.1,90,0.0,15.91,12.33,7.36
2026-01-21 02:00:00,17.4,86,0.0,16.06,12.21,7.73
2026-01-21 03:00:00,18.9,77,0.0,16.61,11.89,7.62
2026-01-21 04:00:00,21.2,63,0.0,17.69,11.35,7.88
2026-01-21 05:00:00,23.5,51,0.0,19.13,10.8,7.77
2026-01-21 06:00:00,25.0,45,0.0,20.59,10.38,7.69
2026-01-21 07:00:00,26.7,35,0.0,22.12,9.87,7.79
2026-01-21 08:00:00,27.6,29,0.0,23.47,9.49,7.77
2026-01-21 09:00:00,28.0,27,0.0,24.53,9.25,7.69
2026-01-21 10:00:00,28.0,26,0.0,25.27,9.09,7.45
2026-01-21 11:00:00,27.5,27,0.0,25.64,9.04,7.43
2026-01-21 12:00:00,26.1,33,0.0,25.48,9.18,7.4
2026-01-21 13:00:00,23.6,42,0.0,24.61,9.52,7.33
2026-01-21 14:00:00,22.5,46,0.0,23.68,9.79,7.35
2026-01-21 15:00:00,21.5,49,0.0,22.73,10.03,7.02
2026-01-21 16:00:00,20.5,54,0.0,21.76,10.33,7.22
2026-01-21 17:00:00,19.8,57,0.0,20.87,10.57,7.13
2026-01-21 18:00:00,19.0,61,0.0,20.01,10.83,7.08
2026-01-21 19:00:00,17.9,70,0.0,19.08,11.22,7.11
2026-01-21 20:00:00,17.2,77,0.0,18.21,11.55,7.2
2026-01-21 21:00:00,16.5,82,0.0,17.4,11.83,6.91
2026-01-21 22:00:00,15.9,85,0.0,16.65,12.06,7.27
2026-01-21 23:00:00,15.1,87,0.0,15.88,12.27,7.34
2026-01-22 00:00:00,14.1,92,0.0,15.05,12.56,7.56
2026-01-22 01:00:00,14.2,91,0.0,14.49,12.66,7.51
2026-01-22 02:00:00,15.4,83,0.0,14.47,12.48,7.64
2026-01-22 03:00:00,18.2,76,0.0,15.29,12.14,7.87
2026-01-22 04:00:00,20.9,61,0.0,16.67,11.51,7.85
2026-01-22 05:00:00,22.8,54,0.0,18.21,11.05,7.86
2026-01-22 06:00:00,24.1,48,0.0,19.68,10.62,7.71
2026-01-22 07:00:00,25.5,42,0.0,21.12,10.21,7.79
2026-01-22 08:00:00,26.6,37,0.0,22.47,9.84,7.67
2026-01-22 09:00:00,27.2,34,0.0,23.59,9.57,7.62
2026-01-22 10:00:00,27.3,32,0.0,24.4,9.37,7.61
2026-01-22 11:00:00,26.9,33,0.0,24.85,9.3,7.43
2026-01-22 12:00:00,25.5,35,0.0,24.75,9.36,7.56
2026-01-22 13:00:00,23.2,43,0.0,23.98,9.67,7.33
2026-01-22 14:00:00,22.4,46,0.0,23.21,9.88,7.34
2026-01-22 15:00:00,21.6,43,0.0,22.43,9.97,7.37
2026-01-22 16:00:00,20.4,45,0.0,21.52,10.19,7.29
2026-01-22 17:00:00,19.2,50,0.0,20.52,10.5,7.02
2026-01-22 18:00:00,18.6,59,0.0,19.65,10.86,7.21
2026-01-22 19:00:00,17.9,68,0.0,18.82,11.23,7.27
2026-01-22 20:00:00,16.8,80,0.0,17.92,11.68,7.31
2026-01-22 21:00:00,16.4,85,0.0,17.16,11.95,7.16
2026-01-22 22:00:00,15.7,89,0.0,16.42,12.2,7.28
2026-01-22 23:00:00,15.0,92,0.0,15.7,12.42,7.52
2026-01-23 00:00:00,15.6,96,0.0,15.37,12.59,7.43
2026-01-23 01:00:00,16.8,94,0.0,15.5,12.51,7.55
2026-01-23 02:00:00,17.5,88,0.0,15.8,12.31,7.81
2026-01-23 03:00:00,19.4,77,0.0,16.58,11.89,7.7
2026-01-23 04:00:00,21.7,63,0.0,17.81,11.32,7.67
2026-01-23 05:00:00,24.3,46,0.0,19.46,10.62,7.67
2026-01-23 06:00:00,25.9,40,0.0,21.09,10.17,7.78
2026-01-23 07:00:00,27.0,36,0.0,22.56,9.8,7.59
2026-01-23 08:00:00,27.9,33,0.0,23.87,9.49,7.66
2026-01-23 09:00:00,28.1,33,0.0,24.84,9.31,7.66
2026-01-23 10:00:00,28.8,31,0.0,25.72,9.1,7.68
2026-01-23 11:00:00,29.0,30,0.0,26.41,8.95,7.54
2026-01-23 12:00:00,27.0,42,0.0,26.29,9.19,7.33
2026-01-23 13:00:00,25.2,50,0.0,25.66,9.47,7.44
2026-01-23 14:00:00,24.0,57,0.0,24.86,9.76,7.23
2026-01-23 15:00:00,22.8,63,0.0,23.94,10.07,7.08
2026-01-23 16:00:00,20.7,80,0.0,22.67,10.67,7.16
2026-01-23 17:00:00,19.5,89,0.0,21.42,11.12,7.3
2026-01-23 18:00:00,19.5,92,0.0,20.54,11.37,7.17
2026-01-23 19:00:00,19.1,93,0.0,19.81,11.55,7.17
2026-01-23 20:00:00,18.5,95,0.0,19.12,11.75,7.37
2026-01-23 21:00:00,18.1,96,0.0,18.51,11.9,7.12
2026-01-23 22:00:00,17.9,97,0.0,18.03,12.03,7.2
2026-01-23 23:00:00,18.1,94,0.0,17.75,12.02,7.24
2026-01-24 00:00:00,18.6,92,0.0,17.7,11.99,7.52
2026-01-24 01:00:00,19.1,88,0.0,17.82,11.87,7.58
2026-01-24 02:00:00,19.2,86,0.0,17.94,11.81,7.78
2026-01-24 03:00:00,21.5,75,0.0,18.71,11.4,7.71
2026-01-24 04:00:00,23.6,63,0.0,19.87,10.9,7.68
2026-01-24 05:00:00,26.0,52,0.0,21.41,10.36,7.74
2026-01-24 06:00:00,25.5,54,0.0,22.34,10.21,7.75
2026-01-24 07:00:00,25.2,56,0.0,22.9,10.14,7.55
2026-01-24 08:00:00,25.2,56,0.0,23.29,10.06,7.96
2026-01-24 09:00:00,25.1,59,0.0,23.53,10.07,7.69
2026-01-24 10:00:00,25.2,59,0.0,23.73,10.03,7.59
2026-01-24 11:00:00,25.0,59,0.0,23.81,10.01,7.56
2026-01-24 12:00:00,24.6,62,0.0,23.75,10.09,7.49
2026-01-24 13:00:00,23.8,65,0.0,23.46,10.2,7.33
2026-01-24 14:00:00,22.8,70,0.0,22.96,10.41,7.22
2026-01-24 15:00:00,22.2,73,0.0,22.44,10.58,7.28
2026-01-24 16:00:00,21.9,74,0.0,21.97,10.69,7.22
2026-01-24 17:00:00,21.5,76,0.0,21.53,10.83,7.07
2026-01-24 18:00:00,21.3,76,0.0,21.16,10.91,7.29
2026-01-24 19:00:00,21.1,76,0.0,20.84,10.97,7.19
2026-01-24 20:00:00,21.0,74,0.0,20.59,10.98,7.27
2026-01-24 21:00:00,21.0,72,0.0,20.41,10.98,7.38
2026-01-24 22:00:00,20.9,71,0.0,20.26,10.99,7.31
2026-01-24 23:00:00,20.6,71,0.0,20.06,11.03,7.41
2026-01-25 00:00:00,21.0,74,0.0,20.04,11.1,7.54
2026-01-25 01:00:00,21.2,72,0.0,20.09,11.05,7.46
2026-01-25 02:00:00,21.4,70,0.0,20.18,10.99,7.61
2026-01-25 03:00:00,22.0,66,0.0,20.43,10.85,7.68
2026-01-25 04:00:00,23.9,58,0.0,21.17,10.53,7.61
2026-01-25 05:00:00,26.1,52,0.0,22.35,10.17,7.96
2026-01-25 06:00:00,25.2,57,0.0,22.9,10.16,7.59
2026-01-25 07:00:00,24.0,63,0.0,22.93,10.27,7.59
2026-01-25 08:00:00,24.1,64,0.0,22.98,10.28,7.82
2026-01-25 09:00:00,24.5,63,0.0,23.14,10.23,7.71
2026-01-25 10:00:00,24.5,63,0.0,23.25,10.21,7.47
2026-01-25 11:00:00,24.6,63,0.0,23.35,10.19,7.56
2026-01-25 12:00:00,23.6,71,0.0,23.13,10.39,7.58
2026-01-25 13:00:00,22.5,80,0.2,22.64,10.68,7.34
2026-01-25 14:00:00,22.0,85,0.2,22.15,10.88,7.53
2026-01-25 15:00:00,21.6,87,0.0,21.68,11.02,7.06
2026-01-25 16:00:00,21.1,87,0.0,21.21,11.12,7.26
2026-01-25 17:00:00,21.0,87,0.0,20.85,11.2,7.28
2026-01-25 18:00:00,20.4,88,0.0,20.41,11.32,7.25
2026-01-25 19:00:00,20.6,85,0.0,20.17,11.31,7.15
2026-01-25 20:00:00,20.6,85,0.0,20.0,11.34,7.17
2026-01-25 21:00:00,20.6,86,0.0,19.88,11.39,7.29
2026-01-25 22:00:00,20.5,88,0.0,19.76,11.46,7.39
2026-01-25 23:00:00,20.5,88,0.0,19.69,11.47,7.45
2026-01-26 00:00:00,19.0,93,0.0,19.18,11.69,7.57
2026-01-26 01:00:00,19.3,91,0.0,18.92,11.7,7.45
2026-01-26 02:00:00,20.0,87,0.0,18.94,11.61,7.6
2026-01-26 03:00:00,21.5,78,0.0,19.41,11.32,7.58
2026-01-26 04:00:00,22.5,71,0.0,20.04,11.04,7.68
2026-01-26 05:00:00,23.8,64,0.0,20.87,10.72,7.84
2026-01-26 06:00:00,24.9,63,0.0,21.78,10.51,7.75
2026-01-26 07:00:00,26.1,58,0.1,22.77,10.21,7.98
2026-01-26 08:00:00,27.5,52,0.1,23.89,9.86,7.69
2026-01-26 09:00:00,28.0,50,0.4,24.82,9.64,7.6
2026-01-26 10:00:00,27.2,54,0.3,25.24,9.63,7.55
2026-01-26 11:00:00,24.5,69,0.1,24.72,10.02,7.42
2026-01-26 12:00:00,23.3,75,0.2,23.99,10.29,7.4
2026-01-26 13:00:00,22.5,79,0.0,23.24,10.53,7.46
2026-01-26 14:00:00,22.0,83,0.1,22.57,10.75,7.29
2026-01-26 15:00:00,21.6,85,0.1,21.98,10.92,7.14
2026-01-26 16:00:00,21.5,85,0.0,21.54,11.01,7.09
2026-01-26 17:00:00,21.6,85,0.0,21.25,11.07,7.11
2026-01-26 18:00:00,20.5,91,0.0,20.73,11.31,7.16
2026-01-26 19:00:00,20.8,87,0.0,20.45,11.29,7.29
2026-01-26 20:00:00,20.8,85,0.0,20.25,11.29,7.06
2026-01-26 21:00:00,20.4,87,0.0,20.0,11.38,7.22
2026-01-26 22:00:00,20.0,89,0.0,19.7,11.49,7.33
2026-01-26 23:00:00,19.0,94,0.0,19.19,11.71,7.21
2026-01-27 00:00:00,20.0,92,0.0,19.13,11.68,7.39
2026-01-27 01:00:00,20.1,91,0.0,19.12,11.66,7.48
2026-01-27 02:00:00,20.5,88,0.0,19.24,11.57,7.54
2026-01-27 03:00:00,22.2,72,0.0,19.83,11.1,7.69
2026-01-27 04:00:00,24.3,54,0.0,20.87,10.51,7.7
2026-01-27 05:00:00,25.8,45,0.0,22.05,10.09,7.67
2026-01-27 06:00:00,26.6,44,0.0,23.11,9.86,7.77
2026-01-27 07:00:00,27.6,44,0.0,24.16,9.65,7.88
2026-01-27 08:00:00,29.8,38,0.0,25.55,9.26,7.83
2026-01-27 09:00:00,29.0,40,0.0,26.29,9.16,7.42
2026-01-27 10:00:00,28.3,43,0.0,26.59,9.15,7.6
2026-01-27 11:00:00,28.1,43,0.0,26.74,9.12,7.45
2026-01-27 12:00:00,27.2,47,0.0,26.58,9.23,7.41
2026-01-27 13:00:00,26.4,50,0.0,26.23,9.35,7.28
2026-01-27 14:00:00,25.2,56,0.0,25.62,9.59,7.27
2026-01-27 15:00:00,24.4,60,0.0,24.95,9.8,7.21
2026-01-27 16:00:00,22.9,67,0.0,24.04,10.13,7.1
2026-01-27 17:00:00,21.6,73,0.0,23.01,10.46,7.05
2026-01-27 18:00:00,20.2,82,0.0,21.86,10.88,7.1
2026-01-27 19:00:00,19.8,82,0.0,20.94,11.08,7.18
2026-01-27 20:00:00,19.0,83,0.0,20.06,11.29,7.26
2026-01-27 21:00:00,18.3,87,0.0,19.23,11.55,7.34
2026-01-27 22:00:00,17.7,91,0.0,18.47,11.8,7.28
2026-01-27 23:00:00,17.2,94,0.0,17.79,12.01,7.43
2026-01-28 00:00:00,17.0,95,0.0,17.25,12.15,7.58
2026-01-28 01:00:00,16.9,96,0.0,16.85,12.26,7.69
2026-01-28 02:00:00,17.9,92,0.0,16.86,12.17,7.64
2026-01-28 03:00:00,20.5,77,0.0,17.65,11.67,7.67
2026-01-28 04:00:00,23.2,61,0.0,19.02,11.03,7.75
2026-01-28 05:00:00,25.4,48,0.0,20.63,10.43,7.63
2026-01-28 06:00:00,26.7,42,0.0,22.15,10.01,7.72
2026-01-28 07:00:00,28.0,40,0.0,23.61,9.68,7.79
2026-01-28 08:00:00,28.8,40,0.0,24.86,9.43,7.74
2026-01-28 09:00:00,29.5,38,0.0,25.96,9.18,7.59
2026-01-28 10:00:00,30.0,35,0.0,26.87,8.95,7.56
2026-01-28 11:00:00,29.3,35,0.0,27.3,8.87,7.38
2026-01-28 12:00:00,27.1,46,0.0,26.94,9.14,7.46
2026-01-28 13:00:00,25.9,50,0.0,26.33,9.33,7.31
2026-01-28 14:00:00,24.5,54,0.0,25.48,9.58,7.23
2026-01-28 15:00:00,23.4,60,0.0,24.56,9.88,7.17
2026-01-28 16:00:00,22.5,65,0.0,23.64,10.17,7.16
2026-01-28 17:00:00,21.3,72,0.0,22.64,10.52,7.1
2026-01-28 18:00:00,20.4,82,0.0,21.67,10.92,7.21
2026-01-28 19:00:00,19.6,87,0.0,20.75,11.22,7.12
2026-01-28 20:00:00,18.8,93,0.0,19.86,11.54,7.36
2026-01-28 21:00:00,17.9,97,0.0,18.97,11.82,7.4
2026-01-28 22:00:00,17.4,98,0.0,18.2,12.01,7.24
2026-01-28 23:00:00,17.6,98,0.0,17.72,12.12,7.41
2026-01-29 00:00:00,17.6,97,0.0,17.38,12.17,7.42
2026-01-29 01:00:00,17.8,93,0.0,17.21,12.12,7.53
2026-01-29 02:00:00,18.0,90,0.0,17.15,12.06,7.84
2026-01-29 03:00:00,19.6,80,0.0,17.58,11.75,7.67
2026-01-29 04:00:00,21.9,67,0.0,18.58,11.25,7.77
2026-01-29 05:00:00,24.3,54,0.0,19.99,10.69,7.8
2026-01-29 06:00:00,26.0,45,0.0,21.5,10.2,7.64
2026-01-29 07:00:00,27.2,43,0.0,22.91,9.88,7.64
2026-01-29 08:00:00,27.8,42,0.0,24.08,9.63,7.56
2026-01-29 09:00:00,28.3,39,0.0,25.04,9.38,7.53
2026-01-29 10:00:00,28.4,36,0.0,25.75,9.19,7.27
2026-01-29 11:00:00,28.0,35,0.0,26.12,9.09,7.53
2026-01-29 12:00:00,27.0,38,0.0,26.09,9.16,7.6
2026-01-29 13:00:00,24.1,48,0.0,25.19,9.52,7.35
2026-01-29 14:00:00,24.0,50,0.0,24.53,9.69,7.12
2026-01-29 15:00:00,22.9,56,0.0,23.74,9.97,7.15
2026-01-29 16:00:00,21.5,62,0.0,22.77,10.29,7.13
2026-01-29 17:00:00,20.1,69,0.0,21.67,10.66,7.05
2026-01-29 18:00:00,19.1,73,0.0,20.6,10.96,7.24
2026-01-29 19:00:00,18.5,79,0.0,19.67,11.28,7.25
2026-01-29 20:00:00,17.8,88,0.0,18.81,11.66,7.1
2026-01-29 21:00:00,17.5,91,0.0,18.12,11.88,7.34
2026-01-29 22:00:00,17.1,93,0.0,17.51,12.05,7.49
2026-01-29 23:00:00,16.8,94,0.0,17.0,12.19,7.6
2026-01-30 00:00:00,16.8,96,0.0,16.64,12.31,7.78
2026-01-30 01:00:00,16.5,96,0.0,16.3,12.38,7.48
2026-01-30 02:00:00,17.4,93,0.0,16.33,12.31,7.93
2026-01-30 03:00:00,20.0,77,0.0,17.13,11.78,7.67
2026-01-30 04:00:00,22.4,63,0.0,18.41,11.2,7.68
2026-01-30 05:00:00,25.0,46,0.0,20.09,10.5,7.78
2026-01-30 06:00:00,26.8,34,0.0,21.8,9.91,7.68
2026-01-30 07:00:00,28.1,29,0.0,23.39,9.51,7.76
2026-01-30 08:00:00,28.9,25,0.0,24.74,9.17,7.54
2026-01-30 09:00:00,29.1,24,0.0,25.75,8.96,7.59
2026-01-30 10:00:00,29.0,24,0.0,26.43,8.83,7.67
2026-01-30 11:00:00,28.5,24,0.0,26.75,8.77,7.46
2026-01-30 12:00:00,26.8,29,0.0,26.46,8.92,7.41
2026-01-30 13:00:00,24.0,37,0.0,25.42,9.27,7.38
2026-01-30 14:00:00,22.9,42,0.0,24.37,9.57,7.38
2026-01-30 15:00:00,21.9,48,0.0,23.33,9.89,7.05
2026-01-30 16:00:00,21.0,54,0.0,22.33,10.22,7.24
2026-01-30 17:00:00,20.2,53,0.0,21.39,10.38,7.13
2026-01-30 18:00:00,19.4,59,0.0,20.49,10.69,7.17
2026-01-30 19:00:00,18.0,71,0.0,19.45,11.16,7.28
2026-01-30 20:00:00,16.8,84,0.0,18.35,11.67,7.1
2026-01-30 21:00:00,16.1,89,0.0,17.38,11.99,7.17
2026-01-30 22:00:00,15.4,92,0.0,16.48,12.25,7.15
2026-01-30 23:00:00,14.9,93,0.0,15.71,12.44,7.37
2026-01-31 00:00:00,14.4,96,0.0,15.02,12.66,7.64
2026-01-31 01:00:00,14.1,95,0.0,14.44,12.77,7.58
2026-01-31 02:00:00,15.2,90,0.0,14.37,12.66,7.53
2026-01-31 03:00:00,18.0,79,0.0,15.16,12.24,7.67
2026-01-31 04:00:00,20.8,64,0.0,16.55,11.61,7.61
2026-01-31 05:00:00,23.8,48,0.0,18.43,10.87,7.65
2026-01-31 06:00:00,26.2,34,0.0,20.46,10.17,7.79
2026-01-31 07:00:00,27.6,28,0.0,22.3,9.69,7.61
2026-01-31 08:00:00,28.1,28,0.0,23.74,9.42,7.79
2026-01-31 09:00:00,28.1,31,0.0,24.75,9.28,7.62
2026-01-31 10:00:00,27.9,35,0.0,25.39,9.24,7.56
2026-01-31 11:00:00,27.3,39,0.0,25.67,9.26,7.45
2026-01-31 12:00:00,26.4,42,0.0,25.59,9.33,7.48
2026-01-31 13:00:00,24.4,49,0.0,24.93,9.59,7.41
2026-01-31 14:00:00,23.9,50,0.0,24.32,9.74,7.3
2026-01-31 15:00:00,22.7,52,0.0,23.53,9.93,7.27
2026-01-31 16:00:00,21.9,53,0.0,22.74,10.11,7.15
2026-01-31 17:00:00,21.1,52,0.0,21.95,10.25,7.2
2026-01-31 18:00:00,20.3,60,0.0,21.16,10.58,7.11
2026-01-31 19:00:00,19.9,63,0.0,20.48,10.78,7.17
2026-01-31 20:00:00,19.0,70,0.0,19.74,11.08,7.18
2026-01-31 21:00:00,17.9,80,0.0,18.88,11.47,7.21
2026-01-31 22:00:00,17.0,87,0.0,18.02,11.81,7.26
2026-01-31 23:00:00,16.9,90,0.0,17.38,12.01,7.46
2026-02-01 00:00:00,19.0,87,0.0,17.57,11.91,7.62
2026-02-01 01:00:00,19.4,84,0.0,17.82,11.79,7.68
2026-02-01 02:00:00,19.6,83,0.0,18.05,11.71,7.5
2026-02-01 03:00:00,20.7,76,0.0,18.55,11.46,7.82
2026-02-01 04:00:00,22.1,67,0.0,19.31,11.1,7.69
2026-02-01 05:00:00,24.4,57,0.0,20.54,10.64,7.8
2026-02-01 06:00:00,26.2,47,0.0,21.94,10.15,7.65
2026-02-01 07:00:00,27.2,45,0.0,23.22,9.86,7.73
2026-02-01 08:00:00,29.0,42,0.0,24.65,9.52,7.7
2026-02-01 09:00:00,28.0,45,0.0,25.36,9.43,7.47
2026-02-01 10:00:00,28.5,44,0.0,26.0,9.29,7.61
2026-02-01 11:00:00,28.0,45,0.0,26.3,9.25,7.61
2026-02-01 12:00:00,27.5,46,0.0,26.36,9.25,7.38
2026-02-01 13:00:00,25.4,52,0.0,25.77,9.48,7.46
2026-02-01 14:00:00,24.1,54,0.0,24.97,9.68,7.24
2026-02-01 15:00:00,23.4,56,0.0,24.2,9.88,7.29
2026-02-01 16:00:00,22.7,59,0.0,23.45,10.09,6.94
2026-02-01 17:00:00,21.5,64,0.0,22.56,10.37,7.39
2026-02-01 18:00:00,20.9,71,0.0,21.77,10.68,7.29
2026-02-01 19:00:00,20.2,77,0.0,21.0,10.96,7.13
2026-02-01 20:00:00,19.6,83,0.0,20.28,11.24,7.0
2026-02-01 21:00:00,19.0,89,0.0,19.59,11.51,7.28
2026-02-01 22:00:00,18.4,94,0.0,18.94,11.76,7.18
2026-02-01 23:00:00,17.9,96,0.0,18.32,11.94,7.44
2026-02-02 00:00:00,17.8,95,0.0,17.87,12.02,7.52
2026-02-02 01:00:00,18.0,93,0.0,17.61,12.03,7.47
2026-02-02 02:00:00,18.8,88,0.0,17.67,11.91,7.75
2026-02-02 03:00:00,20.5,76,0.0,18.22,11.53,7.77
2026-02-02 04:00:00,22.5,66,0.0,19.2,11.1,7.83
2026-02-02 05:00:00,24.5,55,0.0,20.49,10.61,7.75
2026-02-02 06:00:00,26.0,50,0.0,21.84,10.23,7.6
2026-02-02 07:00:00,27.5,43,0.0,23.24,9.81,7.82
2026-02-02 08:00:00,28.2,39,0.0,24.43,9.5,7.65
2026-02-02 09:00:00,28.6,38,0.0,25.38,9.3,7.48
2026-02-02 10:00:00,29.1,37,0.0,26.2,9.12,7.68
2026-02-02 11:00:00,28.6,38,0.0,26.62,9.05,7.68
2026-02-02 12:00:00,28.4,37,0.0,26.85,8.99,7.39
2026-02-02 13:00:00,25.3,47,0.0,26.09,9.33,7.54
2026-02-02 14:00:00,24.4,51,0.0,25.28,9.56,7.27
2026-02-02 15:00:00,23.5,56,0.0,24.45,9.83,7.17
2026-02-02 16:00:00,22.3,69,0.0,23.5,10.28,7.1
2026-02-02 17:00:00,21.3,78,0.0,22.54,10.66,7.31
2026-02-02 18:00:00,20.7,83,0.0,21.69,10.94,7.07
2026-02-02 19:00:00,20.2,87,0.0,20.94,11.18,7.23
2026-02-02 20:00:00,19.6,90,0.0,20.24,11.4,7.14
2026-02-02 21:00:00,19.1,94,0.0,19.6,11.62,7.21
2026-02-02 22:00:00,18.3,97,0.0,18.91,11.84,7.42
2026-02-02 23:00:00,17.8,98,0.0,18.28,12.0,7.36
2026-02-03 00:00:00,19.4,90,0.0,18.31,11.81,7.44
2026-02-03 01:00:00,19.2,89,0.0,18.28,11.8,7.67
2026-02-03 02:00:00,19.4,88,0.0,18.32,11.77,7.79
2026-02-03 03:00:00,20.6,80,0.0,18.7,11.51,7.75
2026-02-03 04:00:00,22.4,66,0.0,19.51,11.04,7.66
2026-02-03 05:00:00,24.3,55,0.0,20.65,10.58,7.69
2026-02-03 06:00:00,25.5,47,0.0,21.8,10.18,7.75
2026-02-03 07:00:00,27.3,39,0.0,23.15,9.75,7.75
2026-02-03 08:00:00,28.3,34,0.0,24.4,9.41,7.58
2026-02-03 09:00:00,29.0,31,0.0,25.48,9.14,7.69
2026-02-03 10:00:00,29.0,28,0.0,26.23,8.94,7.56
2026-02-03 11:00:00,28.2,28,0.0,26.52,8.89,7.3
2026-02-03 12:00:00,26.5,34,0.0,26.22,9.06,7.3
2026-02-03 13:00:00,24.5,42,0.0,25.4,9.37,7.28
2026-02-03 14:00:00,23.5,49,0.0,24.53,9.67,7.26
2026-02-03 15:00:00,22.5,54,0.0,23.62,9.95,7.4
2026-02-03 16:00:00,21.5,58,0.0,22.69,10.22,7.2
2026-02-03 17:00:00,20.6,64,0.0,21.76,10.54,7.07
2026-02-03 18:00:00,19.8,73,0.0,20.87,10.91,7.17
2026-02-03 19:00:00,19.1,79,0.0,20.04,11.21,7.13
2026-02-03 20:00:00,18.2,86,0.0,19.19,11.54,7.24
2026-02-03 21:00:00,17.0,92,0.0,18.23,11.87,7.32
2026-02-03 22:00:00,16.2,94,0.0,17.32,12.12,7.46
2026-02-03 23:00:00,16.2,94,0.0,16.69,12.25,7.41
2026-02-04 00:00:00,17.9,92,0.0,16.75,12.2,7.66
2026-02-04 01:00:00,18.0,90,0.0,16.82,12.13,7.66
2026-02-04 02:00:00,18.4,86,0.0,17.0,12.01,7.57
2026-02-04 03:00:00,19.8,77,0.0,17.54,11.69,7.92
2026-02-04 04:00:00,21.9,64,0.0,18.55,11.2,7.77
2026-02-04 05:00:00,24.0,51,0.0,19.88,10.64,7.67
2026-02-04 06:00:00,25.5,44,0.0,21.27,10.22,7.91
2026-02-04 07:00:00,27.1,37,0.0,22.72,9.8,7.93
2026-02-04 08:00:00,28.0,35,0.0,24.0,9.51,7.68
2026-02-04 09:00:00,28.4,37,0.0,25.02,9.35,7.57
2026-02-04 10:00:00,28.6,37,0.0,25.8,9.2,7.53
2026-02-04 11:00:00,28.4,37,0.0,26.28,9.1,7.55
2026-02-04 12:00:00,27.3,41,0.0,26.28,9.18,7.52
2026-02-04 13:00:00,25.5,45,0.0,25.75,9.36,7.38
2026-02-04 14:00:00,24.2,48,0.0,24.98,9.56,7.27
2026-02-04 15:00:00,23.6,51,0.0,24.27,9.77,7.35
2026-02-04 16:00:00,22.1,56,0.0,23.32,10.06,7.14
2026-02-04 17:00:00,20.8,59,0.0,22.26,10.33,7.25
2026-02-04 18:00:00,19.8,68,0.0,21.22,10.73,7.12
2026-02-04 19:00:00,18.7,76,0.0,20.17,11.12,7.21
2026-02-04 20:00:00,17.5,85,0.0,19.07,11.54,7.2
2026-02-04 21:00:00,16.4,92,0.0,17.97,11.93,7.26
2026-02-04 22:00:00,15.4,94,0.0,16.9,12.21,7.3
2026-02-04 23:00:00,15.1,94,0.0,16.06,12.39,7.56
2026-02-05 00:00:00,16.1,96,0.0,15.77,12.5,7.43
2026-02-05 01:00:00,16.6,95,0.0,15.72,12.49,7.51
2026-02-05 02:00:00,17.2,91,0.0,15.86,12.36,7.86
2026-02-05 03:00:00,18.9,79,0.0,16.47,11.96,7.81
2026-02-05 04:00:00,21.2,67,0.0,17.59,11.46,7.51
2026-02-05 05:00:00,23.8,55,0.0,19.15,10.88,7.7
2026-02-05 06:00:00,25.2,48,0.0,20.67,10.42,7.57
2026-02-05 07:00:00,27.1,38,0.0,22.3,9.9,7.63
2026-02-05 08:00:00,28.4,30,0.0,23.83,9.44,7.37
2026-02-05 09:00:00,28.9,26,0.0,25.05,9.13,7.61
2026-02-05 10:00:00,28.9,25,0.0,25.9,8.95,7.44
2026-02-05 11:00:00,28.3,28,0.0,26.32,8.92,7.48
2026-02-05 12:00:00,27.0,34,0.0,26.23,9.06,7.24
2026-02-05 13:00:00,24.5,43,0.0,25.41,9.39,7.34
2026-02-05 14:00:00,23.6,47,0.0,24.57,9.63,7.22
2026-02-05 15:00:00,22.9,52,0.0,23.77,9.89,7.36
2026-02-05 16:00:00,22.0,57,0.0,22.94,10.15,7.31
2026-02-05 17:00:00,20.9,62,0.0,22.03,10.44,7.23
2026-02-05 18:00:00,19.9,70,0.0,21.09,10.8,7.12
2026-02-05 19:00:00,19.1,76,0.0,20.19,11.11,7.37
2026-02-05 20:00:00,17.5,87,0.0,19.08,11.58,7.05
2026-02-05 21:00:00,16.9,90,0.0,18.13,11.85,7.13
2026-02-05 22:00:00,16.2,93,0.0,17.25,12.11,7.33
2026-02-05 23:00:00,15.4,96,0.0,16.4,12.36,7.64
2026-02-06 00:00:00,16.4,98,0.0,16.1,12.47,7.48
2026-02-06 01:00:00,17.9,92,0.0,16.34,12.28,7.56
2026-02-06 02:00:00,18.6,86,0.0,16.72,12.07,7.5
2026-02-06 03:00:00,20.0,77,0.0,17.4,11.72,7.79
2026-02-06 04:00:00,22.1,66,0.0,18.51,11.25,7.83
2026-02-06 05:00:00,24.5,52,0.0,20.01,10.64,7.83
2026-02-06 06:00:00,26.9,35,0.0,21.78,9.94,7.68
2026-02-06 07:00:00,28.4,28,0.0,23.46,9.47,7.64
2026-02-06 08:00:00,29.1,28,0.0,24.85,9.21,7.54
2026-02-06 09:00:00,29.5,26,0.0,25.95,8.96,7.62
2026-02-06 10:00:00,29.1,28,0.0,26.59,8.87,7.44
2026-02-06 11:00:00,28.4,32,0.0,26.84,8.9,7.35
2026-02-06 12:00:00,27.0,36,0.0,26.58,9.02,7.35
2026-02-06 13:00:00,25.0,44,0.0,25.81,9.32,7.28
2026-02-06 14:00:00,24.0,51,0.0,24.97,9.63,7.21
2026-02-06 15:00:00,23.3,53,0.0,24.17,9.83,7.25
2026-02-06 16:00:00,22.0,56,0.0,23.22,10.08,7.18
2026-02-06 17:00:00,20.7,59,0.0,22.16,10.35,7.12
2026-02-06 18:00:00,19.8,65,0.0,21.15,10.68,7.17
2026-02-06 19:00:00,19.1,73,0.0,20.24,11.04,7.07
2026-02-06 20:00:00,18.0,84,0.0,19.27,11.48,7.22
2026-02-06 21:00:00,16.6,93,0.0,18.17,11.91,7.28
2026-02-06 22:00:00,15.8,95,0.0,17.16,12.17,7.19
2026-02-06 23:00:00,15.3,96,0.0,16.3,12.38,7.52
2026-02-07 00:00:00,14.7,96,0.0,15.52,12.55,7.42
2026-02-07 01:00:00,14.8,94,0.0,15.0,12.62,7.6
2026-02-07 02:00:00,16.3,82,0.0,15.09,12.32,7.78
2026-02-07 03:00:00,20.0,60,0.0,16.26,11.57,7.8
2026-02-07 04:00:00,23.3,46,0.0,18.08,10.9,7.74
2026-02-07 05:00:00,25.5,36,0.0,20.0,10.3,7.71
2026-02-07 06:00:00,27.1,30,0.0,21.83,9.82,7.84
2026-02-07 07:00:00,28.2,30,0.0,23.44,9.52,7.78
2026-02-07 08:00:00,29.1,29,0.0,24.84,9.23,7.61
2026-02-07 09:00:00,29.6,26,0.0,25.97,8.95,7.53
2026-02-07 10:00:00,29.8,25,0.0,26.82,8.77,7.33
2026-02-07 11:00:00,29.2,26,0.0,27.23,8.71,7.48
2026-02-07 12:00:00,28.2,30,0.0,27.22,8.79,7.38
2026-02-07 13:00:00,24.8,40,0.0,26.2,9.17,7.43
2026-02-07 14:00:00,22.9,48,0.0,24.91,9.58,7.3
2026-02-07 15:00:00,22.2,57,0.0,23.79,9.98,7.34
2026-02-07 16:00:00,21.6,65,0.0,22.84,10.33,7.1
2026-02-07 17:00:00,20.6,80,0.0,21.87,10.84,7.27
2026-02-07 18:00:00,19.2,92,0.0,20.77,11.32,7.1
2026-02-07 19:00:00,19.0,93,0.0,19.94,11.53,7.25
2026-02-07 20:00:00,18.2,95,0.0,19.12,11.75,7.06
2026-02-07 21:00:00,17.5,95,0.0,18.33,11.92,7.29
2026-02-07 22:00:00,16.6,95,0.0,17.51,12.1,7.14
2026-02-07 23:00:00,15.9,95,0.0,16.73,12.27,7.39
2026-02-08 00:00:00,16.5,100,0.0,16.36,12.46,7.54
2026-02-08 01:00:00,16.4,99,0.0,16.07,12.5,7.52
2026-02-08 02:00:00,16.9,94,0.0,16.02,12.4,7.54
2026-02-08 03:00:00,19.8,79,0.0,16.85,11.88,7.79
2026-02-08 04:00:00,23.6,58,0.0,18.58,11.06,7.72
2026-02-08 05:00:00,26.5,40,0.0,20.65,10.26,7.69
2026-02-08 06:00:00,28.2,33,0.0,22.62,9.73,7.74
2026-02-08 07:00:00,29.4,31,0.0,24.35,9.36,7.97
2026-02-08 08:00:00,30.1,29,0.0,25.78,9.05,7.78
2026-02-08 09:00:00,30.5,29,0.0,26.89,8.83,7.72
2026-02-08 10:00:00,30.3,28,0.0,27.62,8.68,7.58
2026-02-08 11:00:00,29.7,27,0.0,27.94,8.6,7.47
2026-02-08 12:00:00,28.5,27,0.0,27.81,8.62,7.14
2026-02-08 13:00:00,25.6,35,0.0,26.85,8.95,7.25
2026-02-08 14:00:00,23.8,42,0.0,25.63,9.32,7.21
2026-02-08 15:00:00,22.7,52,0.0,24.45,9.75,7.02
2026-02-08 16:00:00,21.5,64,0.0,23.27,10.23,7.05
2026-02-08 17:00:00,20.3,81,0.0,22.08,10.82,6.95
2026-02-08 18:00:00,19.1,93,0.0,20.88,11.32,7.15
2026-02-08 19:00:00,18.6,95,0.0,19.9,11.58,7.25
2026-02-08 20:00:00,17.8,98,0.0,18.97,11.84,7.32
2026-02-08 21:00:00,17.0,100,0.0,18.08,12.08,7.31
2026-02-08 22:00:00,16.5,100,0.0,17.3,12.25,7.24
2026-02-08 23:00:00,16.0,100,0.0,16.61,12.41,7.22
2026-02-09 00:00:00,16.5,100,0.0,16.28,12.48,7.32
2026-02-09 01:00:00,17.0,100,0.0,16.2,12.5,7.45
2026-02-09 02:00:00,17.5,96,0.0,16.29,12.39,7.56
2026-02-09 03:00:00,19.3,85,0.0,16.89,12.01,7.69
2026-02-09 04:00:00,22.0,71,0.0,18.12,11.44,7.64
2026-02-09 05:00:00,24.3,58,0.0,19.68,10.84,7.79
2026-02-09 06:00:00,25.9,49,0.0,21.24,10.33,7.72
2026-02-09 07:00:00,27.5,40,0.0,22.82,9.84,7.72
2026-02-09 08:00:00,28.5,36,0.0,24.22,9.48,7.79
2026-02-09 09:00:00,29.0,34,0.0,25.36,9.22,7.5
2026-02-09 10:00:00,29.3,33,0.0,26.24,9.03,7.59
2026-02-09 11:00:00,29.3,31,0.0,26.86,8.88,7.47
2026-02-09 12:00:00,28.6,29,0.0,27.08,8.8,7.36
2026-02-09 13:00:00,25.8,34,0.0,26.4,9.02,7.41
2026-02-09 14:00:00,23.5,41,0.0,25.23,9.38,7.35
2026-02-09 15:00:00,22.4,47,0.0,24.08,9.73,7.11
2026-02-09 16:00:00,21.6,58,0.0,23.04,10.15,7.15
2026-02-09 17:00:00,20.5,75,0.0,21.97,10.72,7.18
2026-02-09 18:00:00,19.1,88,0.0,20.81,11.23,7.12
2026-02-09 19:00:00,18.9,90,0.0,19.94,11.46,7.23
2026-02-09 20:00:00,18.0,93,0.0,19.06,11.72,7.24
2026-02-09 21:00:00,17.5,93,0.0,18.29,11.88,7.45
2026-02-09 22:00:00,16.7,96,0.0,17.51,12.12,7.18
2026-02-09 23:00:00,16.0,99,0.0,16.76,12.35,7.4
2026-02-10 00:00:00,17.2,99,0.0,16.59,12.39,7.4
2026-02-10 01:00:00,17.3,97,0.0,16.5,12.36,7.63
2026-02-10 02:00:00,17.5,94,0.0,16.5,12.29,7.48
2026-02-10 03:00:00,18.5,88,0.0,16.8,12.09,7.74
2026-02-10 04:00:00,20.9,72,0.0,17.73,11.54,7.68
2026-02-10 05:00:00,23.8,59,0.0,19.25,10.94,7.68
2026-02-10 06:00:00,25.5,52,0.0,20.83,10.48,7.61
2026-02-10 07:00:00,28.0,43,0.0,22.68,9.92,7.68
2026-02-10 08:00:00,29.7,34,0.0,24.48,9.39,7.78
2026-02-10 09:00:00,30.5,29,0.0,25.99,9.01,7.61
2026-02-10 10:00:00,30.5,29,0.0,27.04,8.81,7.6
2026-02-10 11:00:00,30.1,29,0.0,27.66,8.69,7.63
2026-02-10 12:00:00,28.5,33,0.0,27.61,8.77,7.41
2026-02-10 13:00:00,26.2,38,0.0,26.89,9.0,7.26
2026-02-10 14:00:00,25.0,41,0.0,26.02,9.23,7.3
2026-02-10 15:00:00,24.0,43,0.0,25.12,9.44,7.14
2026-02-10 16:00:00,22.5,50,0.0,24.03,9.79,7.11
2026-02-10 17:00:00,20.5,62,0.0,22.67,10.31,6.99
2026-02-10 18:00:00,19.4,74,0.0,21.39,10.82,7.24
2026-02-10 19:00:00,19.0,79,0.0,20.37,11.14,7.13
2026-02-10 20:00:00,18.4,80,0.0,19.48,11.35,7.22
2026-02-10 21:00:00,17.5,81,0.0,18.59,11.56,7.16
2026-02-10 22:00:00,16.9,88,0.0,17.78,11.88,7.38
2026-02-10 23:00:00,16.1,96,0.0,16.98,12.24,7.34
2026-02-11 00:00:00,16.8,98,0.0,16.62,12.36,7.48
2026-02-11 01:00:00,17.2,92,0.0,16.5,12.25,7.66
2026-02-11 02:00:00,17.7,86,0.0,16.56,12.1,7.72
2026-02-11 03:00:00,19.5,74,0.0,17.14,11.71,7.7
2026-02-11 04:00:00,22.1,57,0.0,18.33,11.09,7.56
2026-02-11 05:00:00,24.7,38,0.0,19.94,10.36,8.05
2026-02-11 06:00:00,26.0,33,0.0,21.46,9.96,7.92
2026-02-11 07:00:00,27.1,29,0.0,22.85,9.61,7.79
2026-02-11 08:00:00,28.0,28,0.0,24.1,9.35,7.6
2026-02-11 09:00:00,28.2,29,0.0,25.03,9.19,7.61
2026-02-11 10:00:00,28.0,30,0.0,25.62,9.1,7.5
2026-02-11 11:00:00,27.5,31,0.0,25.88,9.07,7.61
2026-02-11 12:00:00,26.5,35,0.0,25.77,9.16,7.43
2026-02-11 13:00:00,24.8,40,0.0,25.18,9.37,7.25
2026-02-11 14:00:00,23.7,43,0.0,24.43,9.58,7.22
2026-02-11 15:00:00,22.6,47,0.0,23.58,9.82,7.32
2026-02-11 16:00:00,21.3,50,0.0,22.6,10.08,7.33
2026-02-11 17:00:00,20.2,54,0.0,21.58,10.37,7.31
2026-02-11 18:00:00,19.3,65,0.0,20.6,10.8,7.23
2026-02-11 19:00:00,18.2,72,0.0,19.58,11.15,7.15
2026-02-11 20:00:00,17.2,80,0.0,18.56,11.54,6.89
2026-02-11 21:00:00,16.1,89,0.0,17.52,11.96,7.3
2026-02-11 22:00:00,15.6,93,0.0,16.65,12.24,7.34
2026-02-11 23:00:00,15.1,95,0.0,15.88,12.45,7.44
2026-02-12 00:00:00,14.8,98,0.0,15.26,12.66,7.51
2026-02-12 01:00:00,14.9,97,0.0,14.85,12.72,7.46
2026-02-12 02:00:00,16.5,91,0.0,15.05,12.54,7.72
2026-02-12 03:00:00,19.4,77,0.0,16.05,12.0,7.77
2026-02-12 04:00:00,22.1,65,0.0,17.57,11.42,7.81
2026-02-12 05:00:00,24.0,53,0.0,19.2,10.83,7.85
2026-02-12 06:00:00,24.6,53,0.0,20.52,10.56,7.82
2026-02-12 07:00:00,26.6,44,0.0,22.04,10.07,7.69
2026-02-12 08:00:00,28.1,38,0.0,23.56,9.65,7.68
2026-02-12 09:00:00,29.2,34,0.0,24.95,9.3,7.63
2026-02-12 10:00:00,29.2,33,0.0,25.93,9.09,7.56
2026-02-12 11:00:00,29.0,34,0.0,26.55,8.99,7.57
2026-02-12 12:00:00,28.3,39,0.0,26.77,9.04,7.46
2026-02-12 13:00:00,26.5,45,0.0,26.39,9.23,7.53
2026-02-12 14:00:00,24.7,53,0.0,25.58,9.54,7.47
2026-02-12 15:00:00,23.7,60,0.0,24.72,9.85,7.21
2026-02-12 16:00:00,22.4,68,0.0,23.72,10.21,6.78
2026-02-12 17:00:00,21.4,74,0.0,22.73,10.54,7.27
2026-02-12 18:00:00,21.6,71,0.0,22.09,10.61,7.09
2026-02-12 19:00:00,20.6,78,0.0,21.34,10.91,7.08
2026-02-12 20:00:00,19.5,84,0.0,20.49,11.22,7.16
2026-02-12 21:00:00,18.8,88,0.0,19.68,11.47,7.21
2026-02-12 22:00:00,18.0,91,0.0,18.88,11.71,7.38
2026-02-12 23:00:00,17.3,94,0.0,18.1,11.95,7.25
2026-02-13 00:00:00,16.6,96,0.0,17.35,12.15,7.38
2026-02-13 01:00:00,16.6,94,0.0,16.83,12.22,7.6
2026-02-13 02:00:00,17.8,84,0.0,16.82,12.0,7.7
2026-02-13 03:00:00,21.2,66,0.0,17.83,11.39,7.76
2026-02-13 04:00:00,24.2,48,0.0,19.44,10.67,7.65
2026-02-13 05:00:00,27.0,33,0.0,21.41,9.97,7.64
2026-02-13 06:00:00,28.2,33,0.0,23.15,9.63,7.68
2026-02-13 07:00:00,29.8,30,0.0,24.84,9.25,7.73
2026-02-13 08:00:00,30.5,30,0.0,26.24,8.98,7.81
2026-02-13 09:00:00,30.9,30,0.0,27.34,8.77,7.39
2026-02-13 10:00:00,31.0,30,0.0,28.14,8.61,7.51
2026-02-13 11:00:00,30.8,31,0.0,28.64,8.54,7.32
2026-02-13 12:00:00,29.6,33,0.0,28.62,8.57,7.21
2026-02-13 13:00:00,27.1,41,0.0,27.87,8.86,7.4
2026-02-13 14:00:00,25.5,47,0.0,26.86,9.17,7.3
2026-02-13 15:00:00,24.2,51,0.0,25.76,9.47,7.24
2026-02-13 16:00:00,23.4,54,0.0,24.75,9.73,7.24
2026-02-13 17:00:00,22.1,60,0.0,23.66,10.07,7.09
2026-02-13 18:00:00,22.1,64,0.0,22.89,10.3,7.09
2026-02-13 19:00:00,21.4,69,0.0,22.14,10.56,7.37
2026-02-13 20:00:00,20.5,81,0.0,21.35,10.97,7.16
2026-02-13 21:00:00,20.0,92,0.0,20.64,11.35,7.31
2026-02-13 22:00:00,20.4,91,0.0,20.27,11.41,7.31
2026-02-13 23:00:00,20.5,87,0.0,20.04,11.38,7.2
2026-02-14 00:00:00,19.4,93,0.0,19.55,11.61,7.26
2026-02-14 01:00:00,19.5,89,0.0,19.23,11.59,7.49
2026-02-14 02:00:00,19.9,85,0.0,19.13,11.53,7.72
2026-02-14 03:00:00,21.0,78,0.0,19.39,11.32,7.76
2026-02-14 04:00:00,23.5,64,0.0,20.33,10.83,7.81
2026-02-14 05:00:00,26.4,48,0.0,21.85,10.19,7.63
2026-02-14 06:00:00,28.0,42,0.0,23.39,9.76,7.89
2026-02-14 07:00:00,29.8,35,0.0,25.02,9.31,7.6
2026-02-14 08:00:00,30.6,33,0.0,26.39,9.0,7.68
2026-02-14 09:00:00,31.0,33,0.0,27.47,8.8,7.6
2026-02-14 10:00:00,31.1,32,0.0,28.26,8.63,7.51
2026-02-14 11:00:00,31.0,31,0.0,28.78,8.51,7.58
2026-02-14 12:00:00,29.9,32,0.0,28.82,8.52,7.3
2026-02-14 13:00:00,27.8,38,0.0,28.21,8.74,7.17
2026-02-14 14:00:00,26.0,44,0.0,27.25,9.04,7.24
2026-02-14 15:00:00,24.5,52,0.0,26.12,9.41,7.15
2026-02-14 16:00:00,23.3,57,0.0,24.98,9.74,7.49
2026-02-14 17:00:00,21.9,62,0.0,23.75,10.09,7.2
2026-02-14 18:00:00,20.9,71,0.0,22.6,10.5,7.09
2026-02-14 19:00:00,20.1,78,0.0,21.55,10.87,7.05
2026-02-14 20:00:00,19.2,83,0.0,20.54,11.18,7.01
2026-02-14 21:00:00,18.4,87,0.0,19.6,11.47,7.15
2026-02-14 22:00:00,17.7,90,0.0,18.73,11.72,7.33
2026-02-14 23:00:00,17.1,91,0.0,17.94,11.91,7.55
2026-02-15 00:00:00,17.0,94,0.0,17.36,12.11,7.6
2026-02-15 01:00:00,17.1,93,0.0,16.98,12.17,7.59
2026-02-15 02:00:00,18.4,85,0.0,17.11,11.96,7.61
2026-02-15 03:00:00,21.9,66,0.0,18.24,11.3,7.72
2026-02-15 04:00:00,25.1,46,0.0,20.0,10.51,7.67
2026-02-15 05:00:00,27.6,36,0.0,21.98,9.92,7.9
2026-02-15 06:00:00,28.8,33,0.0,23.73,9.52,7.7
2026-02-15 07:00:00,30.6,29,0.0,25.49,9.1,7.69
2026-02-15 08:00:00,31.6,25,0.0,27.02,8.74,7.43
2026-02-15 09:00:00,32.3,23,0.0,28.31,8.46,7.57
2026-02-15 10:00:00,32.5,21,0.0,29.26,8.24,7.6
2026-02-15 11:00:00,32.0,21,0.0,29.78,8.14,7.33
2026-02-15 12:00:00,31.1,24,0.0,29.88,8.18,7.29
2026-02-15 13:00:00,27.5,32,0.0,28.87,8.51,7.37
2026-02-15 14:00:00,25.8,33,0.0,27.65,8.76,7.09
2026-02-15 15:00:00,24.8,35,0.0,26.49,9.02,7.29
2026-02-15 16:00:00,23.5,54,0.0,25.29,9.62,7.09
2026-02-15 17:00:00,22.0,72,0.0,24.01,10.23,7.09
2026-02-15 18:00:00,21.2,65,0.0,22.86,10.33,7.02
2026-02-15 19:00:00,20.3,70,0.0,21.8,10.65,7.19
2026-02-15 20:00:00,19.7,72,0.0,20.87,10.89,7.44
2026-02-15 21:00:00,19.0,74,0.0,20.01,11.11,7.33
2026-02-15 22:00:00,18.0,76,0.0,19.1,11.34,7.23
2026-02-15 23:00:00,17.2,78,0.0,18.23,11.57,7.51
2026-02-16 00:00:00,17.6,83,0.0,17.74,11.78,7.45
2026-02-16 01:00:00,17.6,82,0.0,17.4,11.83,7.7
2026-02-16 02:00:00,18.9,74,0.0,17.55,11.62,7.72
2026-02-16 03:00:00,21.6,60,0.0,18.47,11.13,7.39
2026-02-16 04:00:00,24.6,46,0.0,20.01,10.51,7.62
2026-02-16 05:00:00,27.4,33,0.0,21.92,9.87,7.82
2026-02-16 06:00:00,28.7,30,0.0,23.66,9.47,7.74
2026-02-16 07:00:00,30.2,27,0.0,25.32,9.1,7.59
2026-02-16 08:00:00,31.0,24,0.0,26.72,8.77,7.59
2026-02-16 09:00:00,31.4,23,0.0,27.83,8.55,7.4
2026-02-16 10:00:00,31.2,22,0.0,28.54,8.39,7.52
2026-02-16 11:00:00,30.6,24,0.0,28.86,8.37,7.67
2026-02-16 12:00:00,29.2,28,0.0,28.66,8.48,7.45
2026-02-16 13:00:00,27.1,34,0.0,27.89,8.73,7.52
2026-02-16 14:00:00,25.4,40,0.0,26.84,9.05,7.33
2026-02-16 15:00:00,24.0,47,0.0,25.69,9.41,7.29
2026-02-16 16:00:00,22.9,56,0.0,24.55,9.81,7.35
2026-02-16 17:00:00,21.5,62,0.0,23.34,10.17,7.17
2026-02-16 18:00:00,20.7,67,0.0,22.25,10.5,7.12
2026-02-16 19:00:00,20.0,64,0.0,21.27,10.64,7.26
2026-02-16 20:00:00,19.3,65,0.0,20.38,10.84,7.34
2026-02-16 21:00:00,18.4,71,0.0,19.49,11.15,7.21
2026-02-16 22:00:00,17.6,77,0.0,18.62,11.46,7.25
2026-02-16 23:00:00,17.0,81,0.0,17.83,11.72,7.42
2026-02-17 00:00:00,17.0,85,0.0,17.28,11.92,7.57
2026-02-17 01:00:00,16.1,88,0.0,16.63,12.13,7.65
2026-02-17 02:00:00,17.5,80,0.0,16.59,11.96,7.5
2026-02-17 03:00:00,20.9,64,0.0,17.58,11.39,7.89
2026-02-17 04:00:00,24.0,48,0.0,19.21,10.72,7.66
2026-02-17 05:00:00,26.5,33,0.0,21.1,10.03,7.71
2026-02-17 06:00:00,28.0,28,0.0,22.87,9.59,7.64
2026-02-17 07:00:00,29.5,24,0.0,24.56,9.18,7.97
2026-02-17 08:00:00,30.5,22,0.0,26.04,8.87,7.68
2026-02-17 09:00:00,30.8,20,0.0,27.17,8.62,7.52
2026-02-17 10:00:00,30.8,20,0.0,27.96,8.47,7.62
2026-02-17 11:00:00,30.3,23,0.0,28.36,8.45,7.53
2026-02-17 12:00:00,29.0,28,0.0,28.25,8.56,7.36
2026-02-17 13:00:00,26.8,36,0.0,27.52,8.84,7.39
2026-02-17 14:00:00,25.5,42,0.0,26.61,9.13,7.16
2026-02-17 15:00:00,24.4,46,0.0,25.65,9.39,7.14
2026-02-17 16:00:00,23.3,48,0.0,24.64,9.63,6.95
2026-02-17 17:00:00,22.2,50,0.0,23.61,9.88,7.0
2026-02-17 18:00:00,21.4,57,0.0,22.65,10.21,7.31
2026-02-17 19:00:00,20.4,63,0.0,21.67,10.53,7.32
2026-02-17 20:00:00,19.2,71,0.0,20.63,10.91,7.2
2026-02-17 21:00:00,18.3,79,0.0,19.63,11.29,7.42
2026-02-17 22:00:00,18.4,80,0.0,18.96,11.46,7.3
2026-02-17 23:00:00,18.6,80,0.0,18.55,11.54,7.37
2026-02-18 00:00:00,18.4,86,0.0,18.21,11.75,7.48
2026-02-18 01:00:00,18.8,85,0.0,18.09,11.75,7.54
2026-02-18 02:00:00,19.4,83,0.0,18.18,11.69,7.61
2026-02-18 03:00:00,20.5,78,0.0,18.58,11.49,7.8
2026-02-18 04:00:00,21.9,69,0.0,19.27,11.15,7.74
2026-02-18 05:00:00,23.9,53,0.0,20.36,10.59,7.82
2026-02-18 06:00:00,26.1,43,0.0,21.78,10.1,7.85
2026-02-18 07:00:00,27.4,40,0.0,23.17,9.77,7.76
2026-02-18 08:00:00,27.9,39,0.0,24.29,9.53,7.58
2026-02-18 09:00:00,27.5,39,0.0,24.95,9.4,7.49
2026-02-18 10:00:00,28.1,36,0.0,25.6,9.22,7.57
2026-02-18 11:00:00,27.8,36,0.0,25.96,9.15,7.46
2026-02-18 12:00:00,28.9,33,0.0,26.54,8.98,7.4
2026-02-18 13:00:00,26.0,45,0.0,26.08,9.29,7.32
2026-02-18 14:00:00,24.3,54,0.0,25.24,9.63,7.52
2026-02-18 15:00:00,23.2,59,0.0,24.33,9.91,7.07
2026-02-18 16:00:00,22.2,64,0.0,23.39,10.2,6.97
2026-02-18 17:00:00,21.3,67,0.0,22.46,10.45,7.18
2026-02-18 18:00:00,20.8,72,0.0,21.67,10.72,7.11
2026-02-18 19:00:00,20.2,76,0.0,20.93,10.96,7.19
2026-02-18 20:00:00,19.8,81,0.0,20.29,11.2,7.26
2026-02-18 21:00:00,19.0,89,0.0,19.6,11.51,7.38
2026-02-18 22:00:00,18.4,94,0.0,18.94,11.76,7.17
2026-02-18 23:00:00,18.0,96,0.0,18.36,11.93,7.34
2026-02-19 00:00:00,18.5,94,0.0,18.1,11.95,7.52
2026-02-19 01:00:00,19.0,89,0.0,18.07,11.84,7.63
2026-02-19 02:00:00,19.3,85,0.0,18.14,11.74,7.85
2026-02-19 03:00:00,21.0,75,0.0,18.7,11.4,7.78
2026-02-19 04:00:00,23.5,62,0.0,19.84,10.89,7.72
2026-02-19 05:00:00,25.9,49,0.0,21.36,10.31,7.65
2026-02-19 06:00:00,27.5,43,0.0,22.9,9.88,7.67
2026-02-19 07:00:00,29.5,38,0.0,24.58,9.45,7.64
2026-02-19 08:00:00,30.5,36,0.0,26.06,9.13,7.72
2026-02-19 09:00:00,31.0,35,0.0,27.24,8.88,7.63
2026-02-19 10:00:00,31.6,33,0.0,28.25,8.65,7.4
2026-02-19 11:00:00,31.3,32,0.0,28.86,8.51,7.41
2026-02-19 12:00:00,30.9,32,0.0,29.17,8.45,7.46
2026-02-19 13:00:00,28.6,38,0.0,28.7,8.65,7.33
2026-02-19 14:00:00,27.1,44,0.0,27.92,8.91,7.29
2026-02-19 15:00:00,25.7,53,0.0,26.95,9.26,7.22
2026-02-19 16:00:00,25.2,58,0.0,26.13,9.52,7.3
2026-02-19 17:00:00,24.4,62,0.0,25.31,9.77,7.14
2026-02-19 18:00:00,22.7,72,0.0,24.23,10.18,7.08
2026-02-19 19:00:00,21.7,79,0.0,23.17,10.54,7.05
2026-02-19 20:00:00,20.7,85,0.0,22.13,10.89,7.2
2026-02-19 21:00:00,20.1,88,0.0,21.22,11.14,6.99
2026-02-19 22:00:00,19.4,90,0.0,20.37,11.37,7.29
2026-02-19 23:00:00,18.6,92,0.0,19.54,11.59,7.37
2026-02-20 00:00:00,18.7,91,0.0,18.99,11.69,7.33
2026-02-20 01:00:00,19.0,90,0.0,18.69,11.73,7.46
2026-02-20 02:00:00,20.5,85,0.0,18.93,11.57,7.7
2026-02-20 03:00:00,22.7,76,0.0,19.76,11.2,7.7
2026-02-20 04:00:00,25.5,61,0.0,21.19,10.59,7.72
2026-02-20 05:00:00,28.0,46,0.0,22.93,9.93,7.75
2026-02-20 06:00:00,30.2,41,0.0,24.81,9.46,7.72
2026-02-20 07:00:00,30.9,39,0.0,26.34,9.13,7.81
2026-02-20 08:00:00,30.5,39,0.0,27.29,8.94,7.66
2026-02-20 09:00:00,30.6,39,0.0,27.98,8.81,7.45
2026-02-20 10:00:00,30.1,41,0.0,28.32,8.78,7.69
2026-02-20 11:00:00,29.5,44,0.0,28.37,8.82,7.49
2026-02-20 12:00:00,29.0,46,0.0,28.26,8.88,7.32
2026-02-20 13:00:00,27.3,53,0.0,27.67,9.12,7.18
2026-02-20 14:00:00,25.8,61,0.1,26.81,9.44,7.27
2026-02-20 15:00:00,25.9,60,0.0,26.24,9.54,7.17
2026-02-20 16:00:00,25.9,57,0.0,25.84,9.56,7.3
2026-02-20 17:00:00,24.7,60,0.0,25.2,9.75,7.08
2026-02-20 18:00:00,23.8,67,0.0,24.48,10.03,7.03
2026-02-20 19:00:00,22.8,71,0.0,23.67,10.28,7.22
2026-02-20 20:00:00,21.9,76,0.0,22.84,10.55,7.26
2026-02-20 21:00:00,21.1,80,0.0,22.02,10.81,7.24
2026-02-20 22:00:00,20.5,84,0.0,21.26,11.05,7.37
2026-02-20 23:00:00,20.0,87,0.0,20.58,11.26,7.37
2026-02-21 00:00:00,19.9,89,0.0,20.08,11.41,7.48
2026-02-21 01:00:00,20.1,86,0.0,19.79,11.41,7.66
2026-02-21 02:00:00,21.3,79,0.0,19.94,11.23,7.67
2026-02-21 03:00:00,24.0,65,0.0,20.86,10.74,7.65
2026-02-21 04:00:00,26.6,53,0.0,22.28,10.2,7.83
2026-02-21 05:00:00,28.6,46,0.0,23.88,9.75,7.47
2026-02-21 06:00:00,29.8,42,0.0,25.35,9.38,7.91
2026-02-21 07:00:00,31.0,38,0.0,26.75,9.03,7.51
2026-02-21 08:00:00,31.2,36,0.0,27.78,8.79,7.58
2026-02-21 09:00:00,30.8,37,0.0,28.39,8.69,7.58
2026-02-21 10:00:00,31.2,36,0.0,28.93,8.57,7.51
2026-02-21 11:00:00,31.0,37,0.0,29.25,8.52,7.55
2026-02-21 12:00:00,29.9,39,0.0,29.15,8.58,7.26
2026-02-21 13:00:00,28.5,42,0.0,28.65,8.73,7.32
2026-02-21 14:00:00,27.1,48,0.0,27.89,8.99,7.17
2026-02-21 15:00:00,26.4,51,0.0,27.14,9.19,7.21
2026-02-21 16:00:00,25.6,54,0.0,26.38,9.4,7.13
2026-02-21 17:00:00,24.7,58,0.0,25.57,9.64,7.12
2026-02-21 18:00:00,23.8,69,0.0,24.74,10.02,7.06
2026-02-21 19:00:00,23.0,77,0.0,23.92,10.35,7.08
2026-02-21 20:00:00,21.9,84,0.0,23.01,10.68,7.2
2026-02-21 21:00:00,21.0,89,0.0,22.11,10.97,7.32
2026-02-21 22:00:00,20.4,91,0.0,21.3,11.19,7.24
2026-02-21 23:00:00,19.7,93,0.0,20.52,11.4,7.29
2026-02-22 00:00:00,19.6,94,0.0,19.94,11.55,7.52
2026-02-22 01:00:00,20.0,93,0.0,19.66,11.59,7.54
2026-02-22 02:00:00,21.2,86,0.0,19.82,11.4,7.69
2026-02-22 03:00:00,23.5,76,0.0,20.63,11.02,7.58
2026-02-22 04:00:00,26.2,64,0.0,22.0,10.49,7.52
2026-02-22 05:00:00,28.8,51,0.0,23.74,9.87,7.66
2026-02-22 06:00:00,30.4,42,0.0,25.44,9.36,7.63
2026-02-22 07:00:00,31.8,37,0.0,27.05,8.95,7.67
2026-02-22 08:00:00,32.8,32,0.0,28.47,8.58,7.57
2026-02-22 09:00:00,32.8,31,0.0,29.47,8.38,7.65
2026-02-22 10:00:00,33.1,29,0.0,30.26,8.19,7.48
2026-02-22 11:00:00,32.8,28,0.0,30.72,8.08,7.45
2026-02-22 12:00:00,30.9,33,0.0,30.48,8.22,7.37
2026-02-22 13:00:00,29.9,34,0.0,30.0,8.32,7.3
2026-02-22 14:00:00,28.8,38,0.0,29.34,8.52,7.21
2026-02-22 15:00:00,27.5,41,0.0,28.49,8.74,7.21
2026-02-22 16:00:00,26.6,46,0.0,27.62,9.0,7.04
2026-02-22 17:00:00,24.6,66,0.0,26.42,9.61,7.25
2026-02-22 18:00:00,23.6,80,0.0,25.27,10.12,7.08
2026-02-22 19:00:00,23.2,82,0.0,24.35,10.35,7.0
2026-02-22 20:00:00,22.2,87,0.0,23.4,10.65,7.18
2026-02-22 21:00:00,21.6,91,0.0,22.56,10.91,7.14
2026-02-22 22:00:00,20.6,96,0.0,21.67,11.21,7.36
2026-02-22 23:00:00,20.0,98,0.0,20.87,11.43,7.59
2026-02-23 00:00:00,20.6,98,0.0,20.49,11.51,7.38
2026-02-23 01:00:00,21.2,91,0.0,20.4,11.38,7.57
2026-02-23 02:00:00,21.5,88,0.0,20.43,11.31,7.43
2026-02-23 03:00:00,23.3,77,0.0,20.99,10.96,7.71
2026-02-23 04:00:00,25.5,65,0.0,22.04,10.5,7.61
2026-02-23 05:00:00,28.1,51,0.0,23.56,9.91,7.65
2026-02-23 06:00:00,29.9,40,0.0,25.16,9.38,7.6
2026-02-23 07:00:00,31.8,32,0.0,26.85,8.9,7.75
2026-02-23 08:00:00,33.0,28,0.0,28.4,8.53,7.74
2026-02-23 09:00:00,34.2,24,0.0,29.84,8.18,7.58
2026-02-23 10:00:00,34.5,22,0.0,30.94,7.94,7.41
2026-02-23 11:00:00,34.0,22,0.0,31.56,7.82,7.58
2026-02-23 12:00:00,32.9,23,0.0,31.66,7.82,7.27
2026-02-23 13:00:00,31.5,25,0.0,31.31,7.92,7.05
2026-02-23 14:00:00,29.5,31,0.0,30.47,8.18,7.25
2026-02-23 15:00:00,28.0,38,0.0,29.43,8.51,7.04
2026-02-23 16:00:00,26.6,45,0.0,28.28,8.85,7.22
2026-02-23 17:00:00,25.4,51,0.0,27.12,9.2,7.06
2026-02-23 18:00:00,24.0,62,0.0,25.88,9.65,7.16
2026-02-23 19:00:00,23.0,70,0.0,24.72,10.04,7.26
2026-02-23 20:00:00,22.1,78,0.0,23.63,10.43,7.04
2026-02-23 21:00:00,22.0,85,0.0,22.84,10.73,7.16
2026-02-23 22:00:00,21.0,95,0.0,21.99,11.12,7.28
2026-02-23 23:00:00,20.6,99,0.0,21.27,11.36,7.52
2026-02-24 00:00:00,20.6,98,0.0,20.77,11.45,7.39
2026-02-24 01:00:00,20.5,97,0.0,20.39,11.51,7.47
2026-02-24 02:00:00,20.9,94,0.0,20.24,11.48,7.66
2026-02-24 03:00:00,22.9,82,0.0,20.74,11.12,7.61
2026-02-24 04:00:00,25.6,66,0.0,21.9,10.55,7.72
2026-02-24 05:00:00,28.2,51,0.0,23.49,9.92,7.56
2026-02-24 06:00:00,29.2,43,0.0,24.9,9.48,7.93
2026-02-24 07:00:00,30.6,37,0.1,26.31,9.09,7.54
2026-02-24 08:00:00,32.0,32,0.0,27.72,8.73,7.61
2026-02-24 09:00:00,32.3,31,0.0,28.79,8.51,7.58
2026-02-24 10:00:00,32.5,30,0.0,29.6,8.33,7.71
2026-02-24 11:00:00,32.2,30,0.0,30.08,8.24,7.3
2026-02-24 12:00:00,30.4,33,0.0,29.88,8.33,7.56
2026-02-24 13:00:00,29.1,35,0.0,29.34,8.47,7.36
2026-02-24 14:00:00,27.8,39,0.0,28.58,8.69,7.27
2026-02-24 15:00:00,26.4,50,0.0,27.63,9.07,7.07
2026-02-24 16:00:00,25.5,54,0.0,26.69,9.34,7.19
2026-02-24 17:00:00,24.4,59,0.0,25.7,9.63,7.04
2026-02-24 18:00:00,23.7,63,0.0,24.8,9.89,7.24
2026-02-24 19:00:00,22.9,71,0.0,23.93,10.23,7.03
2026-02-24 20:00:00,22.1,82,0.0,23.08,10.62,7.16
2026-02-24 21:00:00,21.6,89,0.0,22.34,10.92,7.17
2026-02-24 22:00:00,21.0,95,0.0,21.64,11.2,7.19
2026-02-24 23:00:00,21.2,96,0.0,21.21,11.31,7.44
2026-02-25 00:00:00,21.1,98,0.1,20.87,11.43,7.5
2026-02-25 01:00:00,21.6,95,0.0,20.79,11.38,7.65
2026-02-25 02:00:00,22.2,90,0.0,20.91,11.25,7.42
2026-02-25 03:00:00,24.0,77,0.0,21.54,10.85,7.76
2026-02-25 04:00:00,26.2,62,0.0,22.64,10.31,7.94
2026-02-25 05:00:00,28.5,50,0.0,24.1,9.78,7.66
2026-02-25 06:00:00,29.2,46,0.0,25.33,9.46,7.9
2026-02-25 07:00:00,31.2,39,0.0,26.79,9.04,7.66
2026-02-25 08:00:00,32.0,34,0.0,28.05,8.7,7.5
2026-02-25 09:00:00,31.6,31,0.0,28.82,8.5,7.55
2026-02-25 10:00:00,32.5,26,0.0,29.62,8.26,7.62
2026-02-25 11:00:00,33.3,23,0.0,30.43,8.06,7.35
2026-02-25 12:00:00,31.2,26,0.0,30.36,8.12,7.3
2026-02-25 13:00:00,29.8,28,0.0,29.89,8.24,7.34
2026-02-25 14:00:00,28.6,31,0.0,29.2,8.43,7.22
2026-02-25 15:00:00,27.3,35,0.0,28.33,8.67,7.22
2026-02-25 16:00:00,26.8,38,0.0,27.57,8.87,7.15
2026-02-25 17:00:00,24.8,57,0.0,26.44,9.44,7.15
2026-02-25 18:00:00,23.5,75,0.0,25.26,10.03,7.06
2026-02-25 19:00:00,22.8,85,0.0,24.22,10.44,7.15
2026-02-25 20:00:00,22.1,90,0.0,23.28,10.74,7.07
2026-02-25 21:00:00,21.7,93,0.0,22.51,10.97,7.35
2026-02-25 22:00:00,21.2,96,0.0,21.82,11.18,7.23
2026-02-25 23:00:00,20.8,98,0.0,21.21,11.35,7.48
2026-02-26 00:00:00,21.0,95,0.0,20.85,11.37,7.43
2026-02-26 01:00:00,21.7,90,0.0,20.8,11.27,7.55
2026-02-26 02:00:00,22.4,86,0.0,20.98,11.15,7.55
2026-02-26 03:00:00,23.8,76,0.0,21.53,10.83,7.56
2026-02-26 04:00:00,26.7,60,0.0,22.78,10.24,7.52
2026-02-26 05:00:00,29.1,46,0.0,24.38,9.65,7.6
2026-02-26 06:00:00,29.3,42,0.1,25.55,9.34,7.66
2026-02-26 07:00:00,30.9,36,0.0,26.86,8.97,7.7
2026-02-26 08:00:00,31.7,30,0.0,28.01,8.64,7.74
2026-02-26 09:00:00,32.9,26,0.0,29.18,8.34,7.54
2026-02-26 10:00:00,33.2,24,0.0,30.08,8.14,7.42
2026-02-26 11:00:00,33.0,23,0.0,30.66,8.01,7.29
2026-02-26 12:00:00,32.1,25,0.0,30.79,8.02,7.4
2026-02-26 13:00:00,30.5,27,0.0,30.4,8.13,7.42
2026-02-26 14:00:00,29.5,29,0.0,29.83,8.27,7.34
2026-02-26 15:00:00,27.4,40,0.0,28.8,8.66,7.23
2026-02-26 16:00:00,26.8,43,0.0,27.9,8.89,7.19
2026-02-26 17:00:00,25.8,48,0.0,26.97,9.17,7.27
2026-02-26 18:00:00,24.5,57,0.0,25.93,9.55,7.13
2026-02-26 19:00:00,23.4,66,0.0,24.87,9.93,7.19
2026-02-26 20:00:00,22.6,70,0.0,23.89,10.21,7.13
2026-02-26 21:00:00,22.5,72,0.0,23.17,10.4,7.08
2026-02-26 22:00:00,22.4,73,0.0,22.64,10.54,7.22
2026-02-26 23:00:00,21.5,77,0.0,22.0,10.75,7.36
2026-02-27 00:00:00,20.5,91,0.0,21.25,11.2,7.45
2026-02-27 01:00:00,20.7,91,0.0,20.78,11.3,7.72
2026-02-27 02:00:00,22.0,82,0.0,20.85,11.1,7.61
2026-02-27 03:00:00,24.4,70,0.0,21.61,10.69,7.77
2026-02-27 04:00:00,26.5,60,0.0,22.78,10.24,7.65
2026-02-27 05:00:00,29.0,45,0.0,24.35,9.63,7.68
2026-02-27 06:00:00,29.6,41,0.0,25.62,9.3,7.57
2026-02-27 07:00:00,30.5,38,0.1,26.79,9.02,7.6
2026-02-27 08:00:00,31.3,35,0.0,27.84,8.76,7.69
2026-02-27 09:00:00,32.0,32,0.0,28.79,8.52,7.59
2026-02-27 10:00:00,32.5,29,0.0,29.6,8.32,7.61
2026-02-27 11:00:00,32.5,28,0.0,30.17,8.19,7.45
2026-02-27 12:00:00,32.1,27,0.0,30.45,8.12,7.32
2026-02-27 13:00:00,30.2,31,0.0,30.07,8.26,7.5
2026-02-27 14:00:00,29.1,32,0.0,29.48,8.39,7.21
2026-02-27 15:00:00,27.1,41,0.0,28.47,8.75,7.28
2026-02-27 16:00:00,25.6,49,0.0,27.31,9.12,7.09
2026-02-27 17:00:00,24.2,58,0.0,26.08,9.54,7.18
2026-02-27 18:00:00,23.4,61,0.0,24.97,9.82,7.2
2026-02-27 19:00:00,22.9,62,0.0,24.05,10.02,7.15
2026-02-27 20:00:00,22.0,65,0.0,23.14,10.27,6.93
2026-02-27 21:00:00,21.5,68,0.0,22.34,10.5,7.23
2026-02-27 22:00:00,21.0,69,0.0,21.64,10.66,7.42
2026-02-27 23:00:00,20.5,71,0.0,21.0,10.84,7.43
2026-02-28 00:00:00,20.4,77,0.0,20.52,11.06,7.5
2026-02-28 01:00:00,20.5,77,0.0,20.21,11.13,7.36
2026-02-28 02:00:00,22.0,71,0.0,20.45,10.95,7.53
2026-02-28 03:00:00,24.4,62,0.0,21.33,10.58,7.7
2026-02-28 04:00:00,26.9,54,0.0,22.7,10.14,7.73
2026-02-28 05:00:00,29.2,41,0.0,24.35,9.55,7.83
2026-02-28 06:00:00,30.0,36,0.0,25.75,9.19,7.69
2026-02-28 07:00:00,31.4,32,0.0,27.14,8.84,7.72
2026-02-28 08:00:00,32.3,29,0.0,28.39,8.55,7.64
2026-02-28 09:00:00,33.1,27,0.0,29.5,8.3,7.48
2026-02-28 10:00:00,33.1,25,0.0,30.28,8.12,7.28
2026-02-28 11:00:00,32.7,24,0.0,30.71,8.02,7.47
2026-02-28 12:00:00,31.1,24,0.0,30.53,8.05,7.37
2026-02-28 13:00:00,29.4,22,0.0,29.89,8.14,7.22
2026-02-28 14:00:00,27.9,25,0.0,28.99,8.36,7.06
2026-02-28 15:00:00,26.5,44,0.0,27.94,8.9,7.23
2026-02-28 16:00:00,25.5,49,0.0,26.91,9.2,7.1
2026-02-28 17:00:00,24.5,54,0.0,25.89,9.5,7.17
2026-02-28 18:00:00,23.9,60,0.0,24.99,9.79,7.3
2026-02-28 19:00:00,23.1,65,0.0,24.12,10.07,6.91
2026-02-28 20:00:00,22.1,72,0.0,23.22,10.39,7.1
2026-02-28 21:00:00,21.4,79,0.0,22.37,10.71,7.2
2026-02-28 22:00:00,21.0,82,0.0,21.66,10.93,7.44
2026-02-28 23:00:00,20.7,85,0.0,21.07,11.11,7.21
2026-03-01 00:00:00,20.6,88,0.0,20.63,11.27,7.65
2026-03-01 01:00:00,20.6,88,0.0,20.32,11.34,7.55
2026-03-01 02:00:00,22.0,79,0.0,20.52,11.1,7.6
2026-03-01 03:00:00,24.5,66,0.0,21.42,10.65,7.64
2026-03-01 04:00:00,27.4,49,0.0,22.91,10.0,7.65
2026-03-01 05:00:00,29.7,36,0.0,24.65,9.4,7.81
2026-03-01 06:00:00,30.9,33,0.0,26.22,9.04,7.59
2026-03-01 07:00:00,32.3,29,0.0,27.75,8.67,7.71
2026-03-01 08:00:00,33.3,26,0.0,29.11,8.36,7.59
2026-03-01 09:00:00,33.5,24,0.0,30.13,8.13,7.49
2026-03-01 10:00:00,33.5,24,0.0,30.84,7.99,7.76
2026-03-01 11:00:00,33.2,24,0.0,31.25,7.92,7.47
2026-03-01 12:00:00,32.3,25,0.0,31.26,7.93,7.41
2026-03-01 13:00:00,30.5,28,0.0,30.73,8.08,7.39
2026-03-01 14:00:00,28.6,35,0.0,29.79,8.38,7.07
2026-03-01 15:00:00,27.5,41,0.0,28.81,8.68,7.34
2026-03-01 16:00:00,25.6,50,0.0,27.54,9.09,6.87
2026-03-01 17:00:00,24.4,57,0.0,26.3,9.47,7.03
2026-03-01 18:00:00,23.5,65,0.0,25.16,9.85,7.06
2026-03-01 19:00:00,22.9,69,0.0,24.18,10.13,7.19
2026-03-01 20:00:00,22.0,73,0.0,23.23,10.41,7.19
2026-03-01 21:00:00,21.5,76,0.0,22.41,10.64,7.21
2026-03-01 22:00:00,21.0,77,0.0,21.69,10.82,7.29
2026-03-01 23:00:00,20.4,80,0.0,21.0,11.02,7.27
2026-03-02 00:00:00,20.4,81,0.0,20.52,11.15,7.31
2026-03-02 01:00:00,20.3,80,0.0,20.15,11.2,7.61
2026-03-02 02:00:00,22.0,71,0.0,20.41,10.96,7.68
2026-03-02 03:00:00,25.1,55,0.0,21.52,10.4,7.82
2026-03-02 04:00:00,28.0,44,0.0,23.16,9.85,7.61
2026-03-02 05:00:00,30.3,36,0.0,25.0,9.33,7.77
2026-03-02 06:00:00,31.7,32,0.0,26.71,8.92,7.66
2026-03-02 07:00:00,33.6,26,0.0,28.48,8.48,7.78
2026-03-02 08:00:00,34.3,23,0.0,29.92,8.15,7.72
2026-03-02 09:00:00,35.0,21,0.0,31.15,7.89,7.58
2026-03-02 10:00:00,35.4,19,0.0,32.12,7.67,7.45
2026-03-02 11:00:00,33.7,21,0.0,32.3,7.67,7.51
2026-03-02 12:00:00,32.0,24,0.0,31.91,7.79,7.41
2026-03-02 13:00:00,30.5,27,0.0,31.19,7.98,7.2
2026-03-02 14:00:00,29.2,29,0.0,30.29,8.18,7.07
2026-03-02 15:00:00,27.4,40,0.0,29.12,8.6,7.13
2026-03-02 16:00:00,25.9,52,0.0,27.86,9.06,7.27
2026-03-02 17:00:00,24.6,58,0.0,26.58,9.43,7.22
2026-03-02 18:00:00,23.5,66,0.0,25.36,9.83,7.0
2026-03-02 19:00:00,22.9,70,0.0,24.32,10.13,7.01
2026-03-02 20:00:00,21.8,72,0.0,23.26,10.39,7.3
2026-03-02 21:00:00,21.0,74,0.0,22.28,10.63,7.11
2026-03-02 22:00:00,20.2,76,0.0,21.36,10.87,7.35
2026-03-02 23:00:00,19.5,78,0.0,20.5,11.09,7.32
2026-03-03 00:00:00,19.4,77,0.0,19.87,11.2,7.62
2026-03-03 01:00:00,19.1,78,0.0,19.34,11.33,7.47
2026-03-03 02:00:00,21.0,69,0.0,19.54,11.1,7.73
2026-03-03 03:00:00,24.2,55,0.0,20.64,10.58,7.68
2026-03-03 04:00:00,27.5,43,0.0,22.4,9.98,7.72
2026-03-03 05:00:00,30.3,34,0.0,24.47,9.4,7.51
2026-03-03 06:00:00,32.2,28,0.0,26.49,8.89,7.47
2026-03-03 07:00:00,33.2,25,0.0,28.2,8.51,7.65
2026-03-03 08:00:00,33.8,23,0.0,29.58,8.21,7.65
2026-03-03 09:00:00,34.3,22,0.0,30.7,7.99,7.45
2026-03-03 10:00:00,34.1,21,0.0,31.42,7.83,7.39
2026-03-03 11:00:00,33.5,22,0.0,31.74,7.79,7.48
2026-03-03 12:00:00,32.5,23,0.0,31.67,7.82,7.4
2026-03-03 13:00:00,30.1,27,0.0,30.9,8.03,7.26
2026-03-03 14:00:00,28.6,30,0.0,29.91,8.27,7.29
2026-03-03 15:00:00,27.2,35,0.0,28.8,8.58,7.04
2026-03-03 16:00:00,25.8,43,0.0,27.6,8.95,7.09
2026-03-03 17:00:00,24.5,51,0.0,26.37,9.35,7.27
2026-03-03 18:00:00,23.4,59,0.0,25.18,9.74,7.12
2026-03-03 19:00:00,22.9,63,0.0,24.19,10.01,7.14
2026-03-03 20:00:00,22.0,65,0.0,23.24,10.25,7.4
2026-03-03 21:00:00,21.2,66,0.0,22.33,10.46,7.08
2026-03-03 22:00:00,20.2,68,0.0,21.39,10.69,7.38
2026-03-03 23:00:00,19.5,69,0.0,20.52,10.89,7.54
2026-03-04 00:00:00,18.9,77,0.0,19.73,11.23,7.43
2026-03-04 01:00:00,19.1,76,0.0,19.24,11.31,7.63
2026-03-04 02:00:00,21.1,68,0.0,19.5,11.08,7.52
2026-03-04 03:00:00,25.5,50,0.0,21.0,10.4,7.59
2026-03-04 04:00:00,29.2,31,0.0,23.16,9.59,7.73
2026-03-04 05:00:00,31.5,24,0.0,25.36,9.03,7.78
2026-03-04 06:00:00,32.2,24,0.0,27.11,8.7,7.8
2026-03-04 07:00:00,33.2,22,0.0,28.64,8.38,7.82
2026-03-04 08:00:00,34.2,20,0.0,30.01,8.08,7.61
2026-03-04 09:00:00,34.5,20,0.0,31.06,7.89,7.68
2026-03-04 10:00:00,34.0,21,0.0,31.64,7.79,7.46
2026-03-04 11:00:00,33.3,22,0.0,31.84,7.77,7.51
2026-03-04 12:00:00,32.0,24,0.0,31.59,7.85,7.36
2026-03-04 13:00:00,30.0,27,0.0,30.81,8.05,7.32
2026-03-04 14:00:00,28.3,31,0.0,29.76,8.32,7.25
2026-03-04 15:00:00,26.9,38,0.0,28.6,8.67,7.0
2026-03-04 16:00:00,25.6,45,0.0,27.4,9.03,7.01
2026-03-04 17:00:00,24.2,51,0.0,26.14,9.39,7.12
2026-03-04 18:00:00,23.0,57,0.0,24.9,9.76,6.94
2026-03-04 19:00:00,22.4,62,0.0,23.85,10.07,7.21
2026-03-04 20:00:00,21.8,65,0.0,22.93,10.31,7.26
2026-03-04 21:00:00,21.0,67,0.0,22.05,10.54,7.26
2026-03-04 22:00:00,20.2,68,0.0,21.2,10.73,7.19
2026-03-04 23:00:00,19.4,70,0.0,20.36,10.95,7.52
2026-03-05 00:00:00,19.4,72,0.0,19.77,11.11,7.67
2026-03-05 01:00:00,19.2,72,0.0,19.3,11.21,7.56
2026-03-05 02:00:00,21.2,64,0.0,19.57,10.99,7.67
2026-03-05 03:00:00,24.2,55,0.0,20.66,10.57,7.69
2026-03-05 04:00:00,27.5,44,0.0,22.41,10.0,7.75
2026-03-05 05:00:00,30.1,33,0.0,24.42,9.39,7.69
2026-03-05 06:00:00,31.6,27,0.0,26.27,8.92,7.69
2026-03-05 07:00:00,33.7,22,0.0,28.2,8.46,7.76
2026-03-05 08:00:00,34.6,20,0.0,29.82,8.12,7.86
2026-03-05 09:00:00,35.1,19,0.0,31.1,7.86,7.42
2026-03-05 10:00:00,35.2,19,0.0,32.03,7.69,7.48
2026-03-05 11:00:00,35.0,19,0.0,32.62,7.57,7.29
2026-03-05 12:00:00,33.9,20,0.0,32.71,7.58,7.49
2026-03-05 13:00:00,30.6,25,0.0,31.77,7.83,7.21
2026-03-05 14:00:00,29.0,26,0.0,30.64,8.06,7.06
2026-03-05 15:00:00,27.8,27,0.0,29.49,8.3,7.22
2026-03-05 16:00:00,26.4,41,0.0,28.26,8.79,7.29
2026-03-05 17:00:00,25.5,45,0.0,27.13,9.08,7.17
2026-03-05 18:00:00,23.9,53,0.0,25.86,9.48,7.12
2026-03-05 19:00:00,23.2,56,0.0,24.76,9.76,7.16
2026-03-05 20:00:00,22.8,59,0.0,23.88,10.0,7.3
2026-03-05 21:00:00,21.2,63,0.0,22.77,10.31,7.13
2026-03-05 22:00:00,20.1,66,0.0,21.67,10.59,7.28
2026-03-05 23:00:00,19.0,69,0.0,20.57,10.88,7.33
2026-03-06 00:00:00,19.2,73,0.0,19.86,11.12,7.34
2026-03-06 01:00:00,19.3,71,0.0,19.39,11.17,7.51
2026-03-06 02:00:00,21.3,62,0.0,19.66,10.92,7.72
2026-03-06 03:00:00,25.1,51,0.0,20.99,10.42,7.72
2026-03-06 04:00:00,28.1,43,0.0,22.83,9.89,7.76
2026-03-06 05:00:00,30.9,33,0.0,24.95,9.28,7.71
2026-03-06 06:00:00,32.0,29,0.0,26.76,8.86,7.74
2026-03-06 07:00:00,33.8,25,0.0,28.57,8.44,7.58
2026-03-06 08:00:00,35.0,22,0.0,30.2,8.08,7.59
2026-03-06 09:00:00,35.8,20,0.0,31.58,7.79,7.58
2026-03-06 10:00:00,35.7,20,0.0,32.52,7.61,7.51
2026-03-06 11:00:00,35.2,20,0.0,33.02,7.52,7.44
2026-03-06 12:00:00,34.3,20,0.0,33.11,7.5,7.32
2026-03-06 13:00:00,31.8,24,0.0,32.41,7.7,7.22
2026-03-06 14:00:00,30.7,34,0.0,31.6,8.02,7.51
2026-03-06 15:00:00,28.6,28,0.0,30.4,8.15,7.23
2026-03-06 16:00:00,27.7,38,0.0,29.29,8.53,7.15
2026-03-06 17:00:00,26.1,45,0.0,28.03,8.9,7.07
2026-03-06 18:00:00,24.9,54,0.0,26.79,9.32,7.05
2026-03-06 19:00:00,24.1,59,0.0,25.69,9.63,7.1
2026-03-06 20:00:00,23.5,64,0.0,24.73,9.92,7.18
2026-03-06 21:00:00,22.8,70,0.0,23.85,10.22,7.02
2026-03-06 22:00:00,22.0,73,0.0,23.0,10.46,7.12
2026-03-06 23:00:00,21.0,75,0.0,22.1,10.69,7.3
2026-03-07 00:00:00,20.7,78,0.0,21.38,10.9,7.47
2026-03-07 01:00:00,20.1,77,0.0,20.69,11.03,7.51
2026-03-07 02:00:00,22.4,65,0.0,20.91,10.73,7.75
2026-03-07 03:00:00,25.9,53,0.0,22.1,10.24,7.5
2026-03-07 04:00:00,28.8,44,0.0,23.81,9.72,7.61
2026-03-07 05:00:00,31.1,36,0.0,25.7,9.2,7.84
2026-03-07 06:00:00,32.2,31,0.0,27.35,8.78,7.7
2026-03-07 07:00:00,34.1,26,0.0,29.07,8.36,7.75
2026-03-07 08:00:00,35.5,21,0.0,30.7,7.97,7.82
2026-03-07 09:00:00,36.0,20,0.0,31.99,7.71,7.48
2026-03-07 10:00:00,36.0,19,0.0,32.89,7.52,7.47
2026-03-07 11:00:00,35.3,17,0.0,33.32,7.41,7.38
2026-03-07 12:00:00,35.0,16,0.0,33.52,7.36,7.13
2026-03-07 13:00:00,33.0,18,0.0,33.06,7.48,7.22
2026-03-07 14:00:00,30.4,24,0.0,31.97,7.78,7.28
2026-03-07 15:00:00,28.9,33,0.0,30.75,8.16,7.19
2026-03-07 16:00:00,27.1,50,0.0,29.35,8.73,7.17
2026-03-07 17:00:00,25.3,68,0.0,27.84,9.36,7.05
2026-03-07 18:00:00,24.3,78,0.0,26.48,9.83,7.03
2026-03-07 19:00:00,23.8,79,0.0,25.37,10.08,7.24
2026-03-07 20:00:00,23.2,78,0.0,24.42,10.26,7.11
2026-03-07 21:00:00,22.6,77,0.0,23.57,10.42,7.24
2026-03-07 22:00:00,22.0,80,0.0,22.8,10.64,7.3
2026-03-07 23:00:00,21.5,83,0.0,22.11,10.85,7.51
2026-03-08 00:00:00,21.1,86,0.0,21.51,11.04,7.54
2026-03-08 01:00:00,20.9,87,0.0,21.03,11.16,7.4
2026-03-08 02:00:00,22.5,79,0.0,21.17,10.97,7.48
2026-03-08 03:00:00,24.9,71,0.0,21.99,10.63,7.71
2026-03-08 04:00:00,27.6,58,0.0,23.37,10.08,7.68
2026-03-08 05:00:00,30.2,43,0.0,25.12,9.44,7.65
2026-03-08 06:00:00,32.2,32,0.0,26.94,8.88,7.79
2026-03-08 07:00:00,33.8,24,0.0,28.7,8.4,7.68
2026-03-08 08:00:00,35.0,20,0.0,30.29,8.03,7.62
2026-03-08 09:00:00,35.0,20,0.0,31.4,7.82,7.64
2026-03-08 10:00:00,35.3,19,0.0,32.27,7.64,7.45
2026-03-08 11:00:00,35.4,17,0.0,32.91,7.49,7.57
2026-03-08 12:00:00,33.9,19,0.0,32.91,7.52,7.25
2026-03-08 13:00:00,31.8,22,0.0,32.28,7.69,7.33
2026-03-08 14:00:00,29.9,25,0.0,31.26,7.93,7.34
2026-03-08 15:00:00,27.9,42,0.0,29.95,8.47,7.01
2026-03-08 16:00:00,26.2,53,0.0,28.53,8.95,7.08
2026-03-08 17:00:00,24.6,67,0.0,27.05,9.5,7.21
2026-03-08 18:00:00,23.4,74,0.0,25.65,9.92,7.22
2026-03-08 19:00:00,22.6,77,0.0,24.44,10.24,7.11
2026-03-08 20:00:00,22.0,79,0.0,23.41,10.49,7.09
2026-03-08 21:00:00,21.5,79,0.0,22.53,10.68,7.32
2026-03-08 22:00:00,20.9,80,0.0,21.74,10.87,7.41
2026-03-08 23:00:00,20.4,82,0.0,21.04,11.06,7.26
