datetime,air_temp,humidity,rain,water_temp,do,ph
2025-03-08 00:00:00,25.4,78,0.0,24.4,10.26,7.47
2025-03-08 01:00:00,26.0,83,0.0,24.58,10.32,7.48
2025-03-08 02:00:00,27.2,76,0.0,25.07,10.09,7.62
2025-03-08 03:00:00,29.4,67,0.0,26.07,9.71,7.76
2025-03-08 04:00:00,31.6,55,0.0,27.43,9.21,7.62
2025-03-08 05:00:00,32.7,48,0.0,28.71,8.82,7.64
2025-03-08 06:00:00,32.8,49,0.3,29.64,8.66,7.8
2025-03-08 07:00:00,31.7,58,2.3,29.96,8.75,7.63
2025-03-08 08:00:00,31.2,62,1.5,30.03,8.8,7.5
2025-03-08 09:00:00,31.1,64,0.9,30.05,8.83,7.57
2025-03-08 10:00:00,30.6,66,1.8,29.92,8.89,7.38
2025-03-08 11:00:00,29.8,66,0.3,29.58,8.96,7.37
2025-03-08 12:00:00,29.3,70,0.1,29.2,9.11,7.38
2025-03-08 13:00:00,28.4,76,0.0,28.66,9.33,7.1
2025-03-08 14:00:00,28.0,79,0.0,28.16,9.49,7.06
2025-03-08 15:00:00,27.6,82,0.0,27.69,9.64,7.11
2025-03-08 16:00:00,27.4,83,0.0,27.3,9.74,7.03
2025-03-08 17:00:00,27.1,83,0.0,26.94,9.82,7.13
2025-03-08 18:00:00,26.7,83,0.0,26.57,9.9,7.0
2025-03-08 19:00:00,26.3,84,0.0,26.19,10.0,6.97
2025-03-08 20:00:00,25.7,86,0.0,25.74,10.13,7.29
2025-03-08 21:00:00,25.2,89,0.0,25.28,10.29,7.17
2025-03-08 22:00:00,24.5,91,0.0,24.75,10.44,7.27
2025-03-08 23:00:00,24.4,91,0.0,24.34,10.53,7.2
2025-03-09 00:00:00,24.0,92,0.0,23.94,10.64,7.37
2025-03-09 01:00:00,25.0,92,0.0,23.96,10.63,7.51
2025-03-09 02:00:00,26.7,80,0.0,24.48,10.29,7.45
2025-03-09 03:00:00,29.3,66,0.0,25.63,9.78,7.65
2025-03-09 04:00:00,31.3,56,0.0,27.03,9.3,7.59
2025-03-09 05:00:00,32.1,52,0.0,28.25,8.99,7.64
2025-03-09 06:00:00,33.2,46,0.0,29.43,8.64,7.61
2025-03-09 07:00:00,34.0,41,0.0,30.5,8.35,7.83
2025-03-09 08:00:00,33.2,49,0.0,31.01,8.38,7.61
2025-03-09 09:00:00,31.8,56,0.0,30.95,8.51,7.46
2025-03-09 10:00:00,31.0,54,0.0,30.66,8.53,7.59
2025-03-09 11:00:00,30.2,55,0.0,30.23,8.64,7.31
2025-03-09 12:00:00,29.9,44,0.0,29.83,8.53,7.38
2025-03-09 13:00:00,29.5,40,0.0,29.43,8.54,7.09
2025-03-09 14:00:00,28.7,38,0.0,28.91,8.61,7.09
2025-03-09 15:00:00,27.6,44,0.0,28.22,8.85,7.19
2025-03-09 16:00:00,27.0,47,0.0,27.55,9.04,7.2
2025-03-09 17:00:00,26.5,49,0.0,26.94,9.19,7.12
2025-03-09 18:00:00,26.2,53,0.0,26.42,9.37,7.08
2025-03-09 19:00:00,26.4,54,0.0,26.11,9.45,7.08
2025-03-09 20:00:00,26.1,64,0.0,25.81,9.7,6.99
2025-03-09 21:00:00,26.2,69,0.0,25.63,9.83,7.12
2025-03-09 22:00:00,26.2,69,0.0,25.5,9.86,7.21
2025-03-09 23:00:00,25.9,71,0.0,25.32,9.94,7.43
2025-03-10 00:00:00,25.4,73,0.0,25.04,10.03,7.44
2025-03-10 01:00:00,25.7,72,0.0,24.94,10.03,7.31
2025-03-10 02:00:00,26.9,67,0.0,25.23,9.88,7.59
2025-03-10 03:00:00,28.6,61,0.0,25.94,9.62,7.57
2025-03-10 04:00:00,30.3,53,0.0,26.95,9.27,7.58
2025-03-10 05:00:00,31.7,49,0.0,28.07,8.97,7.73
2025-03-10 06:00:00,32.7,45,0.0,29.16,8.68,7.77
2025-03-10 07:00:00,33.7,41,0.0,30.22,8.4,7.74
2025-03-10 08:00:00,34.8,38,0.0,31.3,8.14,7.52
2025-03-10 09:00:00,35.2,37,0.0,32.17,7.95,7.52
2025-03-10 10:00:00,34.4,40,0.0,32.54,7.93,7.52
2025-03-10 11:00:00,33.0,48,0.0,32.38,8.09,7.51
2025-03-10 12:00:00,31.5,56,0.0,31.81,8.34,7.29
2025-03-10 13:00:00,30.3,61,0.0,31.06,8.57,7.25
2025-03-10 14:00:00,29.3,67,0.0,30.23,8.84,7.1
2025-03-10 15:00:00,29.2,67,0.0,29.62,8.97,7.03
2025-03-10 16:00:00,28.9,71,0.0,29.11,9.15,7.19
2025-03-10 17:00:00,28.7,74,0.0,28.68,9.29,7.22
2025-03-10 18:00:00,28.5,74,0.0,28.33,9.36,7.07
2025-03-10 19:00:00,27.7,77,0.0,27.84,9.52,7.19
2025-03-10 20:00:00,26.3,82,0.1,27.08,9.77,7.16
2025-03-10 21:00:00,25.5,86,0.2,26.3,10.01,7.11
2025-03-10 22:00:00,25.6,87,0.3,25.79,10.14,7.27
2025-03-10 23:00:00,24.5,92,0.5,25.11,10.38,7.45
2025-03-11 00:00:00,24.6,90,0.2,24.65,10.44,7.4
2025-03-11 01:00:00,25.1,88,0.3,24.49,10.44,7.63
2025-03-11 02:00:00,25.3,89,0.6,24.43,10.47,7.27
2025-03-11 03:00:00,26.8,81,0.1,24.84,10.23,7.7
2025-03-11 04:00:00,26.9,81,0.3,25.16,10.16,7.66
2025-03-11 05:00:00,27.5,79,0.3,25.56,10.04,7.64
2025-03-11 06:00:00,27.0,84,1.8,25.69,10.1,7.63
2025-03-11 07:00:00,27.4,80,0.2,25.91,9.98,7.48
2025-03-11 08:00:00,29.2,70,0.1,26.59,9.65,7.62
2025-03-11 09:00:00,28.7,70,0.0,26.93,9.58,7.64
2025-03-11 10:00:00,29.5,67,0.0,27.4,9.43,7.68
2025-03-11 11:00:00,29.1,69,0.0,27.61,9.42,7.41
2025-03-11 12:00:00,27.7,76,0.0,27.34,9.61,7.31
2025-03-11 13:00:00,26.0,88,0.6,26.64,9.98,7.23
2025-03-11 14:00:00,25.5,92,0.6,25.99,10.19,7.3
2025-03-11 15:00:00,24.9,91,0.2,25.37,10.31,7.21
2025-03-11 16:00:00,24.8,93,0.5,24.9,10.45,7.07
2025-03-11 17:00:00,24.7,93,1.7,24.54,10.53,7.1
2025-03-11 18:00:00,24.4,96,1.3,24.2,10.66,7.06
2025-03-11 19:00:00,24.4,94,0.2,23.96,10.67,7.21
2025-03-11 20:00:00,24.0,95,0.2,23.67,10.75,7.08
2025-03-11 21:00:00,24.0,94,0.1,23.47,10.78,7.17
2025-03-11 22:00:00,23.8,96,0.6,23.27,10.86,7.2
2025-03-11 23:00:00,23.4,96,1.1,23.01,10.92,7.15
2025-03-12 00:00:00,23.2,96,0.8,22.77,10.97,7.41
2025-03-12 01:00:00,23.6,95,0.6,22.72,10.96,7.5
2025-03-12 02:00:00,23.6,96,0.5,22.68,10.99,7.55
2025-03-12 03:00:00,23.9,92,0.4,22.75,10.89,7.59
2025-03-12 04:00:00,24.6,91,0.6,23.0,10.82,7.51
2025-03-12 05:00:00,25.3,89,0.3,23.39,10.7,7.65
2025-03-12 06:00:00,26.8,80,0.0,24.11,10.36,7.68
2025-03-12 07:00:00,27.1,76,0.0,24.71,10.16,7.62
2025-03-12 08:00:00,28.4,69,0.0,25.52,9.86,7.65
2025-03-12 09:00:00,29.2,65,0.0,26.32,9.62,7.65
2025-03-12 10:00:00,28.8,68,0.0,26.77,9.58,7.73
2025-03-12 11:00:00,28.3,72,0.0,26.93,9.62,7.49
2025-03-12 12:00:00,27.8,75,0.0,26.89,9.68,7.42
2025-03-12 13:00:00,27.4,76,0.0,26.74,9.73,7.31
2025-03-12 14:00:00,26.5,82,0.0,26.37,9.92,7.05
2025-03-12 15:00:00,26.2,85,0.0,26.02,10.05,7.19
2025-03-12 16:00:00,25.7,90,0.0,25.62,10.23,7.15
2025-03-12 17:00:00,25.5,90,0.0,25.29,10.31,7.36
2025-03-12 18:00:00,25.2,86,0.0,24.96,10.3,7.09
2025-03-12 19:00:00,24.8,80,0.0,24.61,10.26,7.15
2025-03-12 20:00:00,24.8,78,0.0,24.37,10.27,7.15
2025-03-12 21:00:00,24.8,77,0.0,24.2,10.29,7.09
2025-03-12 22:00:00,24.5,78,0.0,23.99,10.35,7.38
2025-03-12 23:00:00,24.4,78,0.0,23.81,10.39,7.42
2025-03-13 00:00:00,24.4,77,0.0,23.69,10.39,7.5
2025-03-13 01:00:00,25.0,77,0.0,23.78,10.38,7.41
2025-03-13 02:00:00,26.0,74,0.0,24.15,10.24,7.71
2025-03-13 03:00:00,28.3,68,0.0,25.09,9.93,7.48
2025-03-13 04:00:00,30.0,60,0.0,26.27,9.53,7.72
2025-03-13 05:00:00,31.4,55,0.0,27.51,9.19,7.89
2025-03-13 06:00:00,32.3,52,0.0,28.64,8.91,7.57
2025-03-13 07:00:00,32.6,54,0.1,29.53,8.76,7.59
2025-03-13 08:00:00,30.7,68,0.6,29.58,9.0,7.6
2025-03-13 09:00:00,30.7,65,0.1,29.62,8.94,7.52
2025-03-13 10:00:00,30.2,65,0.1,29.49,8.96,7.35
2025-03-13 11:00:00,29.9,66,0.0,29.31,9.02,7.45
2025-03-13 12:00:00,28.9,73,0.0,28.89,9.23,7.26
2025-03-13 13:00:00,28.2,81,0.0,28.38,9.48,7.35
2025-03-13 14:00:00,27.8,84,0.0,27.91,9.63,7.14
2025-03-13 15:00:00,27.5,85,0.0,27.49,9.74,7.33
2025-03-13 16:00:00,27.1,87,0.0,27.07,9.87,7.05
2025-03-13 17:00:00,26.8,88,0.0,26.69,9.97,7.07
2025-03-13 18:00:00,26.4,87,0.0,26.3,10.03,7.18
2025-03-13 19:00:00,26.0,87,0.0,25.91,10.11,6.99
2025-03-13 20:00:00,25.6,87,0.0,25.52,10.2,7.17
2025-03-13 21:00:00,25.1,89,0.0,25.09,10.33,7.33
2025-03-13 22:00:00,24.5,91,0.0,24.61,10.47,7.1
2025-03-13 23:00:00,24.6,87,0.0,24.31,10.46,7.36
2025-03-14 00:00:00,24.4,84,0.0,24.04,10.46,7.45
2025-03-14 01:00:00,24.7,88,0.0,23.94,10.56,7.58
2025-03-14 02:00:00,26.5,82,0.0,24.41,10.34,7.44
2025-03-14 03:00:00,28.3,72,0.0,25.27,9.97,7.49
2025-03-14 04:00:00,30.1,63,0.0,26.42,9.56,7.71
2025-03-14 05:00:00,30.9,60,0.2,27.47,9.29,7.69
2025-03-14 06:00:00,30.9,65,0.8,28.2,9.23,7.66
2025-03-14 07:00:00,31.2,64,0.5,28.8,9.09,7.66
2025-03-14 08:00:00,30.9,68,0.3,29.13,9.09,7.54
2025-03-14 09:00:00,30.5,70,0.9,29.24,9.1,7.55
2025-03-14 10:00:00,29.4,75,0.8,28.99,9.24,7.5
2025-03-14 11:00:00,29.1,74,0.0,28.72,9.28,7.38
2025-03-14 12:00:00,28.7,76,0.1,28.41,9.38,7.55
2025-03-14 13:00:00,27.9,84,0.0,27.96,9.62,7.35
2025-03-14 14:00:00,27.4,85,0.0,27.49,9.74,7.12
2025-03-14 15:00:00,26.6,87,0.0,26.92,9.9,7.24
2025-03-14 16:00:00,26.1,89,0.0,26.38,10.05,7.04
2025-03-14 17:00:00,25.5,90,0.0,25.81,10.19,7.19
2025-03-14 18:00:00,25.3,90,0.0,25.36,10.29,7.22
2025-03-14 19:00:00,25.0,91,0.0,24.95,10.4,7.04
2025-03-14 20:00:00,24.7,92,0.0,24.58,10.5,7.25
2025-03-14 21:00:00,24.4,94,0.0,24.22,10.61,7.25
2025-03-14 22:00:00,24.2,93,0.1,23.92,10.66,7.35
2025-03-14 23:00:00,24.1,94,0.2,23.67,10.73,7.52
2025-03-15 00:00:00,24.0,98,0.8,23.47,10.86,7.35
2025-03-15 01:00:00,25.8,82,0.0,23.87,10.46,7.42
2025-03-15 02:00:00,26.9,78,0.0,24.48,10.25,7.48
2025-03-15 03:00:00,28.4,70,0.0,25.35,9.91,7.54
2025-03-15 04:00:00,29.8,65,0.0,26.39,9.6,7.65
2025-03-15 05:00:00,31.2,59,0.0,27.53,9.26,7.71
2025-03-15 06:00:00,31.9,56,0.0,28.54,9.0,7.7
2025-03-15 07:00:00,31.3,64,0.3,29.07,9.03,7.72
2025-03-15 08:00:00,30.6,69,0.5,29.23,9.09,7.6
2025-03-15 09:00:00,30.5,67,0.1,29.31,9.04,7.72
2025-03-15 10:00:00,29.7,69,0.0,29.13,9.11,7.49
2025-03-15 11:00:00,29.4,70,0.2,28.91,9.17,7.71
2025-03-15 12:00:00,28.6,76,0.1,28.52,9.36,7.43
2025-03-15 13:00:00,28.5,77,0.0,28.21,9.44,7.21
2025-03-15 14:00:00,27.9,83,0.0,27.82,9.63,7.12
2025-03-15 15:00:00,27.7,86,0.0,27.48,9.76,7.22
2025-03-15 16:00:00,27.6,86,0.0,27.22,9.82,7.11
2025-03-15 17:00:00,27.3,87,0.0,26.94,9.89,7.17
2025-03-15 18:00:00,27.1,88,0.0,26.69,9.97,7.14
2025-03-15 19:00:00,26.8,88,0.0,26.42,10.02,7.1
2025-03-15 20:00:00,26.6,89,0.0,26.18,10.1,7.05
2025-03-15 21:00:00,26.4,88,0.0,25.94,10.13,7.04
2025-03-15 22:00:00,26.0,88,0.0,25.66,10.19,7.21
2025-03-15 23:00:00,25.5,89,1.1,25.31,10.28,7.36
2025-03-16 00:00:00,24.7,93,0.8,24.83,10.46,7.39
2025-03-16 01:00:00,26.6,84,0.0,25.06,10.24,7.36
2025-03-16 02:00:00,27.0,81,0.0,25.34,10.12,7.57
2025-03-16 03:00:00,28.0,77,0.0,25.84,9.94,7.65
2025-03-16 04:00:00,29.3,70,0.2,26.58,9.66,7.55
2025-03-16 05:00:00,30.1,67,0.2,27.33,9.44,7.68
2025-03-16 06:00:00,28.8,73,1.5,27.47,9.52,7.62
2025-03-16 07:00:00,28.2,80,0.8,27.39,9.67,7.51
2025-03-16 08:00:00,28.8,76,0.1,27.51,9.57,7.67
2025-03-16 09:00:00,29.7,71,0.1,27.87,9.41,7.64
2025-03-16 10:00:00,29.5,72,0.1,28.06,9.38,7.63
2025-03-16 11:00:00,28.7,75,0.0,27.95,9.46,7.56
2025-03-16 12:00:00,28.7,74,0.0,27.88,9.46,7.24
2025-03-16 13:00:00,29.2,72,0.0,27.97,9.4,7.21
2025-03-16 14:00:00,28.2,78,0.0,27.74,9.56,7.28
2025-03-16 15:00:00,27.4,85,0.0,27.34,9.77,7.23
2025-03-16 16:00:00,26.8,88,0.0,26.88,9.93,7.18
2025-03-16 17:00:00,26.4,89,0.0,26.43,10.04,7.49
2025-03-16 18:00:00,26.5,87,0.0,26.15,10.06,7.16
2025-03-16 19:00:00,26.3,86,0.0,25.9,10.1,7.22
2025-03-16 20:00:00,26.0,88,0.0,25.63,10.19,7.24
2025-03-16 21:00:00,26.0,88,0.0,25.44,10.23,7.26
2025-03-16 22:00:00,25.9,88,0.0,25.28,10.27,7.23
2025-03-16 23:00:00,25.6,89,0.0,25.07,10.33,7.41
2025-03-17 00:00:00,25.4,89,0.0,24.87,10.38,7.33
2025-03-17 01:00:00,26.2,80,0.0,24.97,10.18,7.46
2025-03-17 02:00:00,27.9,72,0.0,25.55,9.91,7.51
2025-03-17 03:00:00,29.8,63,0.0,26.52,9.54,7.62
2025-03-17 04:00:00,30.8,60,0.0,27.51,9.28,7.88
2025-03-17 05:00:00,31.5,59,0.0,28.41,9.08,7.48
2025-03-17 06:00:00,31.3,63,0.2,28.97,9.03,7.72
2025-03-17 07:00:00,30.2,71,0.2,29.04,9.16,7.48
2025-03-17 08:00:00,30.4,67,0.1,29.15,9.07,7.57
2025-03-17 09:00:00,31.0,64,0.0,29.4,8.96,7.69
2025-03-17 10:00:00,30.8,68,0.0,29.52,9.01,7.52
2025-03-17 11:00:00,30.0,72,0.0,29.37,9.11,7.34
2025-03-17 12:00:00,29.0,77,0.0,28.96,9.28,7.3
2025-03-17 13:00:00,28.1,76,0.0,28.4,9.38,7.37
2025-03-17 14:00:00,27.7,80,0.0,27.89,9.56,7.16
2025-03-17 15:00:00,27.4,83,0.0,27.44,9.71,7.2
2025-03-17 16:00:00,26.9,87,0.0,26.98,9.89,7.13
2025-03-17 17:00:00,26.5,90,0.0,26.54,10.04,7.04
2025-03-17 18:00:00,26.5,90,0.0,26.23,10.1,7.31
2025-03-17 19:00:00,26.2,91,0.0,25.92,10.19,7.17
2025-03-17 20:00:00,26.0,93,0.0,25.64,10.29,6.94
2025-03-17 21:00:00,25.8,94,0.0,25.39,10.36,7.21
2025-03-17 22:00:00,25.4,95,0.0,25.09,10.44,7.19
2025-03-17 23:00:00,25.0,95,0.0,24.76,10.52,7.42
2025-03-18 00:00:00,24.8,94,0.0,24.48,10.56,7.34
2025-03-18 01:00:00,25.5,91,0.0,24.48,10.5,7.48
2025-03-18 02:00:00,27.6,81,0.0,25.12,10.17,7.61
2025-03-18 03:00:00,29.5,74,0.0,26.13,9.82,7.7
2025-03-18 04:00:00,30.9,65,0.1,27.26,9.42,7.52
2025-03-18 05:00:00,31.4,63,0.3,28.2,9.19,7.61
2025-03-18 06:00:00,30.3,70,0.6,28.53,9.25,7.59
2025-03-18 07:00:00,30.5,68,0.3,28.82,9.15,7.58
2025-03-18 08:00:00,30.7,67,0.1,29.09,9.08,7.8
2025-03-18 09:00:00,30.5,69,0.4,29.21,9.09,7.59
2025-03-18 10:00:00,30.5,68,0.2,29.3,9.06,7.38
2025-03-18 11:00:00,29.9,69,0.1,29.18,9.1,7.53
2025-03-18 12:00:00,29.6,70,0.0,29.0,9.15,7.58
2025-03-18 13:00:00,29.1,71,0.0,28.73,9.23,7.4
2025-03-18 14:00:00,28.4,76,0.0,28.33,9.4,7.07
2025-03-18 15:00:00,27.8,80,0.0,27.87,9.57,7.12
2025-03-18 16:00:00,27.3,84,0.0,27.4,9.74,7.25
2025-03-18 17:00:00,26.6,88,0.0,26.86,9.93,7.03
2025-03-18 18:00:00,26.2,90,0.0,26.36,10.07,7.14
2025-03-18 19:00:00,25.7,91,0.0,25.86,10.2,7.19
2025-03-18 20:00:00,25.3,91,0.0,25.39,10.3,7.05
2025-03-18 21:00:00,25.0,91,0.0,24.98,10.39,7.19
2025-03-18 22:00:00,24.6,92,0.0,24.56,10.5,6.94
2025-03-18 23:00:00,24.2,94,0.0,24.15,10.63,7.24
2025-03-19 00:00:00,24.1,95,0.0,23.84,10.72,7.4
2025-03-19 01:00:00,25.1,96,0.0,23.92,10.72,7.37
2025-03-19 02:00:00,26.1,89,0.0,24.27,10.51,7.73
2025-03-19 03:00:00,27.2,83,0.0,24.85,10.27,7.48
2025-03-19 04:00:00,29.3,73,0.0,25.89,9.86,7.62
2025-03-19 05:00:00,30.9,64,0.1,27.09,9.44,7.68
2025-03-19 06:00:00,30.7,65,0.3,27.87,9.3,7.8
2025-03-19 07:00:00,30.9,66,0.0,28.48,9.19,7.52
2025-03-19 08:00:00,29.5,73,0.7,28.49,9.31,7.71
2025-03-19 09:00:00,30.6,67,0.0,28.82,9.14,7.58
2025-03-19 10:00:00,29.9,70,0.0,28.84,9.18,7.42
2025-03-19 11:00:00,29.9,70,0.0,28.86,9.18,7.5
2025-03-19 12:00:00,29.0,75,0.0,28.6,9.32,7.39
2025-03-19 13:00:00,29.1,79,0.0,28.45,9.43,7.24
2025-03-19 14:00:00,28.5,83,0.0,28.17,9.56,7.24
2025-03-19 15:00:00,28.2,85,0.0,27.88,9.66,7.13
2025-03-19 16:00:00,28.1,83,0.0,27.64,9.67,7.14
2025-03-19 17:00:00,28.1,82,0.0,27.48,9.69,7.16
2025-03-19 18:00:00,27.8,84,0.1,27.28,9.77,7.24
2025-03-19 19:00:00,27.5,83,0.1,27.04,9.8,6.97
2025-03-19 20:00:00,27.0,85,0.0,26.73,9.9,7.35
2025-03-19 21:00:00,26.6,85,0.0,26.39,9.97,6.99
2025-03-19 22:00:00,26.3,85,0.0,26.06,10.04,7.23
2025-03-19 23:00:00,26.0,84,0.1,25.74,10.09,7.38
2025-03-20 00:00:00,26.1,82,0.0,25.55,10.1,7.43
2025-03-20 01:00:00,26.5,81,0.0,25.54,10.08,7.42
2025-03-20 02:00:00,27.6,75,0.0,25.86,9.9,7.53
2025-03-20 03:00:00,29.2,68,0.0,26.56,9.62,7.56
2025-03-20 04:00:00,31.0,57,0.0,27.59,9.21,7.58
2025-03-20 05:00:00,32.2,51,0.0,28.67,8.88,7.75
2025-03-20 06:00:00,33.1,47,0.0,29.7,8.61,7.7
2025-03-20 07:00:00,33.4,47,0.0,30.51,8.45,7.58
2025-03-20 08:00:00,33.4,48,0.0,31.08,8.35,7.7
2025-03-20 09:00:00,33.4,48,0.0,31.47,8.27,7.59
2025-03-20 10:00:00,32.9,52,0.0,31.6,8.31,7.58
2025-03-20 11:00:00,32.1,55,0.0,31.45,8.39,7.49
2025-03-20 12:00:00,31.0,60,0.0,31.02,8.56,7.27
2025-03-20 13:00:00,31.1,52,0.0,30.74,8.49,7.22
2025-03-20 14:00:00,30.0,59,0.0,30.22,8.71,7.28
2025-03-20 15:00:00,29.3,63,0.0,29.64,8.9,7.21
2025-03-20 16:00:00,28.9,64,0.0,29.12,9.02,7.11
2025-03-20 17:00:00,28.4,65,0.0,28.6,9.15,7.1
2025-03-20 18:00:00,28.0,66,0.0,28.12,9.26,7.21
2025-03-20 19:00:00,27.8,68,0.0,27.73,9.38,7.03
2025-03-20 20:00:00,27.8,70,0.0,27.45,9.47,7.18
2025-03-20 21:00:00,27.8,72,0.0,27.25,9.55,7.16
2025-03-20 22:00:00,27.5,75,0.0,27.03,9.65,7.22
2025-03-20 23:00:00,26.6,79,0.0,26.6,9.82,7.43
2025-03-21 00:00:00,26.7,80,0.0,26.33,9.89,7.48
2025-03-21 01:00:00,27.1,79,0.0,26.26,9.89,7.56
2025-03-21 02:00:00,28.6,72,0.0,26.66,9.68,7.67
2025-03-21 03:00:00,30.1,65,0.0,27.39,9.39,7.6
2025-03-21 04:00:00,31.5,59,0.0,28.33,9.1,7.7
2025-03-21 05:00:00,32.7,54,0.0,29.34,8.8,7.63
2025-03-21 06:00:00,33.3,52,0.0,30.23,8.59,7.69
2025-03-21 07:00:00,34.2,49,0.0,31.12,8.36,7.63
2025-03-21 08:00:00,33.2,51,0.0,31.44,8.33,7.62
2025-03-21 09:00:00,34.3,47,0.0,32.0,8.15,7.61
2025-03-21 10:00:00,32.0,63,1.1,31.7,8.47,7.35
2025-03-21 11:00:00,32.5,58,0.0,31.64,8.4,7.63
2025-03-21 12:00:00,31.7,60,0.0,31.36,8.49,7.25
2025-03-21 13:00:00,29.5,65,0.0,30.5,8.75,7.16
2025-03-21 14:00:00,28.7,70,0.0,29.66,9.01,7.33
2025-03-21 15:00:00,28.2,72,0.0,28.92,9.2,7.24
2025-03-21 16:00:00,28.1,71,0.0,28.38,9.3,7.18
2025-03-21 17:00:00,27.7,72,0.0,27.87,9.42,7.15
2025-03-21 18:00:00,27.1,75,0.0,27.34,9.59,7.09
2025-03-21 19:00:00,26.9,76,0.0,26.91,9.7,7.01
2025-03-21 20:00:00,26.9,77,0.0,26.61,9.78,7.14
2025-03-21 21:00:00,25.9,87,0.1,26.09,10.08,7.11
2025-03-21 22:00:00,24.7,90,0.1,25.38,10.29,7.35
2025-03-21 23:00:00,24.9,89,0.1,24.93,10.36,7.31
2025-03-22 00:00:00,24.9,89,0.0,24.62,10.43,7.33
2025-03-22 01:00:00,26.0,83,0.2,24.74,10.29,7.44
2025-03-22 02:00:00,26.8,81,1.4,25.06,10.18,7.53
2025-03-22 03:00:00,28.7,72,0.0,25.85,9.85,7.56
2025-03-22 04:00:00,30.9,61,0.0,27.06,9.39,7.57
2025-03-22 05:00:00,32.0,57,0.2,28.24,9.08,7.68
2025-03-22 06:00:00,32.2,55,0.2,29.13,8.86,7.68
2025-03-22 07:00:00,32.7,56,0.0,29.9,8.72,7.6
2025-03-22 08:00:00,31.5,63,2.8,30.08,8.81,7.47
2025-03-22 09:00:00,30.7,66,0.1,29.97,8.88,7.59
2025-03-22 10:00:00,30.3,65,0.1,29.77,8.91,7.36
2025-03-22 11:00:00,30.4,66,0.1,29.66,8.95,7.29
2025-03-22 12:00:00,29.6,72,0.2,29.34,9.12,7.28
2025-03-22 13:00:00,28.7,78,0.0,28.85,9.32,7.27
2025-03-22 14:00:00,28.0,82,0.0,28.29,9.51,7.26
2025-03-22 15:00:00,27.1,87,0.0,27.64,9.74,7.32
2025-03-22 16:00:00,26.8,87,0.0,27.08,9.86,7.22
2025-03-22 17:00:00,26.1,88,0.0,26.49,10.01,7.09
2025-03-22 18:00:00,25.7,89,0.0,25.95,10.14,7.1
2025-03-22 19:00:00,25.6,90,0.0,25.55,10.25,7.01
2025-03-22 20:00:00,25.7,91,0.0,25.29,10.32,7.15
2025-03-22 21:00:00,25.7,91,0.0,25.11,10.36,7.17
2025-03-22 22:00:00,25.5,89,0.0,24.93,10.36,7.29
2025-03-22 23:00:00,24.4,91,0.2,24.47,10.5,7.24
2025-03-23 00:00:00,24.3,89,0.2,24.12,10.54,7.46
2025-03-23 01:00:00,24.9,86,0.0,24.05,10.49,7.65
2025-03-23 02:00:00,26.0,82,0.0,24.34,10.36,7.56
2025-03-23 03:00:00,28.8,70,0.0,25.38,9.91,7.66
2025-03-23 04:00:00,30.4,63,0.0,26.58,9.52,7.72
2025-03-23 05:00:00,31.2,60,0.0,27.67,9.25,7.63
2025-03-23 06:00:00,32.2,55,0.0,28.73,8.94,7.7
2025-03-23 07:00:00,32.0,59,0.0,29.41,8.88,7.66
2025-03-23 08:00:00,31.4,65,0.1,29.71,8.92,7.62
2025-03-23 09:00:00,31.0,68,0.0,29.79,8.95,7.5
2025-03-23 10:00:00,31.0,68,0.0,29.86,8.94,7.51
2025-03-23 11:00:00,30.5,70,0.0,29.75,9.0,7.49
2025-03-23 12:00:00,30.0,71,0.0,29.52,9.06,7.51
2025-03-23 13:00:00,29.4,75,0.0,29.19,9.2,7.39
2025-03-23 14:00:00,28.4,79,0.0,28.65,9.38,7.44
2025-03-23 15:00:00,27.7,81,0.0,28.07,9.54,7.09
2025-03-23 16:00:00,26.9,85,0.0,27.42,9.75,7.21
2025-03-23 17:00:00,26.5,85,0.0,26.84,9.88,7.12
2025-03-23 18:00:00,26.4,83,0.0,26.41,9.93,7.31
2025-03-23 19:00:00,26.8,79,0.0,26.23,9.9,7.03
2025-03-23 20:00:00,26.8,78,0.0,26.1,9.91,7.06
2025-03-23 21:00:00,26.8,75,0.0,26.01,9.87,7.13
2025-03-23 22:00:00,26.8,76,0.0,25.95,9.9,7.04
2025-03-23 23:00:00,26.1,81,0.0,25.69,10.05,7.27
2025-03-24 00:00:00,24.9,85,0.1,25.15,10.24,7.32
2025-03-24 01:00:00,25.7,82,0.0,25.02,10.21,7.5
2025-03-24 02:00:00,27.5,75,0.0,25.46,9.98,7.59
2025-03-24 03:00:00,29.5,67,0.0,26.37,9.64,7.8
2025-03-24 04:00:00,31.2,60,0.0,27.52,9.28,7.74
2025-03-24 05:00:00,32.8,52,0.0,28.81,8.87,7.6
2025-03-24 06:00:00,33.8,47,0.0,30.0,8.55,7.57
2025-03-24 07:00:00,34.0,46,0.0,30.9,8.35,7.69
2025-03-24 08:00:00,33.8,50,0.0,31.47,8.31,7.47
2025-03-24 09:00:00,33.2,58,0.0,31.69,8.39,7.74
2025-03-24 10:00:00,32.3,62,0.0,31.57,8.48,7.61
2025-03-24 11:00:00,31.5,65,0.1,31.25,8.6,7.37
2025-03-24 12:00:00,30.3,69,0.2,30.67,8.79,7.17
2025-03-24 13:00:00,30.4,70,0.0,30.29,8.88,7.41
2025-03-24 14:00:00,29.1,70,0.0,29.63,9.02,7.2
2025-03-24 15:00:00,28.8,66,0.0,29.08,9.06,7.28
2025-03-24 16:00:00,28.6,68,0.0,28.64,9.19,6.95
2025-03-24 17:00:00,28.0,71,0.0,28.15,9.35,7.03
2025-03-24 18:00:00,27.1,74,0.0,27.53,9.53,7.09
2025-03-24 19:00:00,26.6,75,0.0,26.95,9.67,7.11
2025-03-24 20:00:00,26.3,75,0.0,26.46,9.77,7.09
2025-03-24 21:00:00,26.2,74,0.0,26.08,9.83,7.25
2025-03-24 22:00:00,26.0,75,0.0,25.76,9.92,7.15
2025-03-24 23:00:00,25.7,87,0.1,25.44,10.22,7.31
2025-03-25 00:00:00,25.7,83,0.0,25.22,10.19,7.42
2025-03-25 01:00:00,27.3,75,0.0,25.54,9.97,7.53
2025-03-25 02:00:00,28.7,69,0.0,26.19,9.72,7.62
2025-03-25 03:00:00,30.4,64,0.0,27.15,9.43,7.49
2025-03-25 04:00:00,31.8,57,0.0,28.25,9.08,7.48
2025-03-25 05:00:00,33.1,50,0.0,29.4,8.72,7.78
2025-03-25 06:00:00,34.1,46,0.0,30.51,8.43,7.69
2025-03-25 07:00:00,34.8,44,0.0,31.5,8.2,7.56
2025-03-25 08:00:00,33.4,56,0.2,31.77,8.35,7.74
2025-03-25 09:00:00,31.4,63,1.1,31.36,8.54,7.51
2025-03-25 10:00:00,30.8,63,0.8,30.89,8.64,7.57
2025-03-25 11:00:00,32.0,56,0.1,30.92,8.52,7.43
2025-03-25 12:00:00,30.4,65,0.1,30.47,8.76,7.55
2025-03-25 13:00:00,29.7,69,0.0,29.94,8.94,7.46
2025-03-25 14:00:00,28.9,76,0.0,29.33,9.19,7.19
2025-03-25 15:00:00,28.1,80,0.0,28.66,9.4,7.26
2025-03-25 16:00:00,27.6,82,0.0,28.04,9.57,7.18
2025-03-25 17:00:00,27.4,78,0.0,27.55,9.6,7.23
2025-03-25 18:00:00,27.2,78,0.0,27.14,9.68,6.99
2025-03-25 19:00:00,26.9,80,0.0,26.77,9.8,7.17
2025-03-25 20:00:00,26.6,81,0.0,26.42,9.89,7.24
2025-03-25 21:00:00,26.3,83,0.0,26.08,10.0,7.01
2025-03-25 22:00:00,26.1,84,0.0,25.79,10.08,7.13
2025-03-25 23:00:00,25.6,87,0.0,25.43,10.22,7.12
2025-03-26 00:00:00,25.1,90,0.0,25.03,10.36,7.38
2025-03-26 01:00:00,25.4,87,0.0,24.84,10.34,7.56
2025-03-26 02:00:00,27.5,77,0.0,25.34,10.05,7.71
2025-03-26 03:00:00,30.2,64,0.0,26.5,9.56,7.61
2025-03-26 04:00:00,32.1,53,0.0,27.88,9.08,7.8
2025-03-26 05:00:00,33.1,49,0.0,29.14,8.75,7.52
2025-03-26 06:00:00,32.5,56,0.1,29.85,8.73,7.48
2025-03-26 07:00:00,32.1,60,0.2,30.23,8.73,7.63
2025-03-26 08:00:00,32.5,56,0.1,30.61,8.58,7.64
2025-03-26 09:00:00,32.4,57,0.0,30.85,8.55,7.56
2025-03-26 10:00:00,31.5,62,0.0,30.74,8.65,7.3
2025-03-26 11:00:00,30.5,65,0.7,30.37,8.78,7.38
2025-03-26 12:00:00,30.2,66,0.0,30.02,8.87,7.23
2025-03-26 13:00:00,29.9,64,0.0,29.68,8.91,7.35
2025-03-26 14:00:00,29.2,71,0.0,29.24,9.12,7.25
2025-03-26 15:00:00,28.5,76,0.0,28.72,9.32,7.07
2025-03-26 16:00:00,27.9,75,0.0,28.17,9.41,7.07
2025-03-26 17:00:00,27.7,74,0.0,27.73,9.49,6.99
2025-03-26 18:00:00,27.3,75,0.0,27.3,9.6,7.08
2025-03-26 19:00:00,27.0,76,0.0,26.91,9.7,7.2
2025-03-26 20:00:00,26.8,76,0.0,26.58,9.77,7.04
2025-03-26 21:00:00,26.4,77,0.0,26.22,9.86,7.24
2025-03-26 22:00:00,26.1,77,0.0,25.89,9.93,7.2
2025-03-26 23:00:00,26.0,77,0.0,25.62,9.99,7.25
2025-03-27 00:00:00,25.6,78,0.0,25.31,10.07,7.4
2025-03-27 01:00:00,26.3,75,0.0,25.31,10.01,7.38
2025-03-27 02:00:00,27.9,70,0.0,25.79,9.82,7.5
2025-03-27 03:00:00,30.2,62,0.0,26.81,9.46,7.48
2025-03-27 04:00:00,32.4,51,0.0,28.19,8.98,7.83
2025-03-27 05:00:00,34.1,43,0.0,29.66,8.55,7.66
2025-03-27 06:00:00,35.0,39,0.0,30.96,8.22,7.58
2025-03-27 07:00:00,34.3,44,0.0,31.66,8.17,7.65
2025-03-27 08:00:00,33.9,49,0.1,32.03,8.18,7.58
2025-03-27 09:00:00,31.3,62,0.7,31.51,8.5,7.49
2025-03-27 10:00:00,32.5,54,0.1,31.51,8.36,7.55
2025-03-27 11:00:00,31.6,61,0.0,31.24,8.54,7.5
2025-03-27 12:00:00,30.5,65,0.0,30.72,8.71,7.3
2025-03-27 13:00:00,30.0,68,0.0,30.2,8.87,7.22
2025-03-27 14:00:00,29.2,76,0.0,29.6,9.13,7.19
2025-03-27 15:00:00,29.0,78,0.0,29.12,9.27,6.93
2025-03-27 16:00:00,28.7,79,0.0,28.69,9.38,6.96
2025-03-27 17:00:00,28.3,80,0.0,28.28,9.48,7.22
2025-03-27 18:00:00,28.0,78,0.0,27.89,9.53,7.25
2025-03-27 19:00:00,27.7,76,0.0,27.54,9.57,7.07
2025-03-27 20:00:00,27.4,77,0.0,27.19,9.66,7.19
2025-03-27 21:00:00,27.2,79,0.0,26.9,9.76,7.21
2025-03-27 22:00:00,27.0,81,0.0,26.63,9.85,7.55
2025-03-27 23:00:00,26.9,82,0.0,26.41,9.91,7.43
2025-03-28 00:00:00,26.6,82,0.0,26.17,9.97,7.39
2025-03-28 01:00:00,27.0,80,0.0,26.12,9.94,7.38
2025-03-28 02:00:00,28.4,74,0.0,26.5,9.75,7.38
2025-03-28 03:00:00,30.7,64,0.0,27.46,9.36,7.62
2025-03-28 04:00:00,32.9,52,0.0,28.79,8.88,7.56
2025-03-28 05:00:00,34.5,45,0.0,30.2,8.47,7.51
2025-03-28 06:00:00,34.7,44,0.2,31.25,8.25,7.57
2025-03-28 07:00:00,33.7,54,0.4,31.69,8.33,7.5
2025-03-28 08:00:00,32.7,58,0.5,31.69,8.39,7.74
2025-03-28 09:00:00,33.2,53,0.2,31.84,8.28,7.63
2025-03-28 10:00:00,33.1,55,0.1,31.92,8.3,7.48
2025-03-28 11:00:00,31.8,65,0.9,31.58,8.53,7.52
2025-03-28 12:00:00,28.4,81,4.9,30.33,9.06,7.22
2025-03-28 13:00:00,29.1,73,0.0,29.66,9.07,7.2
2025-03-28 14:00:00,28.6,78,0.0,29.04,9.28,7.37
2025-03-28 15:00:00,27.9,80,0.0,28.4,9.46,7.22
2025-03-28 16:00:00,27.4,77,0.0,27.8,9.53,7.02
2025-03-28 17:00:00,27.1,78,0.0,27.29,9.65,7.08
2025-03-28 18:00:00,27.0,81,0.0,26.9,9.79,7.0
2025-03-28 19:00:00,26.4,80,0.0,26.45,9.87,6.97
2025-03-28 20:00:00,25.7,85,0.0,25.93,10.07,7.23
2025-03-28 21:00:00,25.5,87,0.0,25.5,10.2,7.38
2025-03-28 22:00:00,25.3,90,0.0,25.14,10.34,7.12
2025-03-28 23:00:00,25.1,91,0.0,24.83,10.42,7.39
2025-03-29 00:00:00,25.0,91,0.0,24.58,10.48,7.35
2025-03-29 01:00:00,26.1,86,0.0,24.74,10.35,7.44
2025-03-29 02:00:00,27.9,78,0.0,25.38,10.06,7.5
2025-03-29 03:00:00,30.5,66,0.0,26.62,9.57,7.52
2025-03-29 04:00:00,33.1,50,0.0,28.26,8.95,7.64
2025-03-29 05:00:00,35.1,37,0.0,30.01,8.37,7.57
2025-03-29 06:00:00,36.2,32,0.0,31.57,7.99,7.67
2025-03-29 07:00:00,34.6,52,0.0,32.18,8.2,7.62
2025-03-29 08:00:00,33.7,52,0.0,32.34,8.17,7.57
2025-03-29 09:00:00,33.6,43,0.0,32.41,8.0,7.46
2025-03-29 10:00:00,34.5,39,0.0,32.74,7.87,7.42
2025-03-29 11:00:00,32.6,53,0.0,32.4,8.17,7.49
2025-03-29 12:00:00,31.3,59,0.0,31.77,8.39,7.39
2025-03-29 13:00:00,29.8,70,0.0,30.88,8.76,7.18
2025-03-29 14:00:00,29.0,73,0.0,30.01,8.99,7.22
2025-03-29 15:00:00,28.5,76,0.0,29.26,9.2,7.23
2025-03-29 16:00:00,28.0,83,0.0,28.58,9.47,6.95
2025-03-29 17:00:00,27.8,86,0.0,28.05,9.64,7.14
2025-03-29 18:00:00,27.3,87,0.0,27.52,9.77,7.02
2025-03-29 19:00:00,26.5,88,0.0,26.92,9.92,7.16
2025-03-29 20:00:00,26.0,89,0.0,26.34,10.06,7.06
2025-03-29 21:00:00,25.5,90,0.0,25.79,10.2,7.01
2025-03-29 22:00:00,25.3,89,0.0,25.34,10.28,7.09
2025-03-29 23:00:00,25.0,89,0.0,24.94,10.36,7.34
2025-03-30 00:00:00,24.9,88,0.0,24.63,10.41,7.44
2025-03-30 01:00:00,25.7,86,0.0,24.65,10.37,7.4
2025-03-30 02:00:00,28.1,74,0.0,25.38,9.98,7.62
2025-03-30 03:00:00,30.7,63,0.0,26.68,9.51,7.44
2025-03-30 04:00:00,33.0,48,0.0,28.28,8.91,7.63
2025-03-30 05:00:00,34.4,41,0.0,29.81,8.48,7.53
2025-03-30 06:00:00,33.9,51,0.0,30.74,8.47,7.59
2025-03-30 07:00:00,33.0,59,0.0,31.12,8.53,7.64
2025-03-30 08:00:00,33.3,50,0.0,31.47,8.31,7.52
2025-03-30 09:00:00,32.9,51,0.0,31.6,8.3,7.52
2025-03-30 10:00:00,32.5,57,0.0,31.57,8.4,7.59
2025-03-30 11:00:00,31.1,65,0.2,31.13,8.63,7.35
2025-03-30 12:00:00,30.6,63,0.0,30.67,8.69,7.44
2025-03-30 13:00:00,29.0,74,0.0,29.87,9.04,7.17
2025-03-30 14:00:00,28.3,79,0.0,29.1,9.29,7.27
2025-03-30 15:00:00,27.6,83,0.0,28.35,9.52,7.31
2025-03-30 16:00:00,27.0,86,0.0,27.64,9.72,6.88
2025-03-30 17:00:00,26.5,85,0.0,27.0,9.84,7.02
2025-03-30 18:00:00,26.1,85,0.0,26.43,9.97,7.15
2025-03-30 19:00:00,25.5,87,0.0,25.85,10.13,7.09
2025-03-30 20:00:00,25.1,87,0.0,25.33,10.24,7.18
2025-03-30 21:00:00,24.8,88,0.0,24.87,10.36,7.14
2025-03-30 22:00:00,24.5,88,0.0,24.46,10.45,7.27
2025-03-30 23:00:00,24.2,89,0.0,24.08,10.55,7.33
2025-03-31 00:00:00,23.5,90,0.0,23.61,10.67,7.54
2025-03-31 01:00:00,24.9,81,0.0,23.69,10.47,7.53
2025-03-31 02:00:00,27.6,65,0.0,24.57,9.98,7.6
2025-03-31 03:00:00,30.6,45,0.0,26.08,9.29,7.57
2025-03-31 04:00:00,32.5,42,0.0,27.7,8.91,7.59
2025-03-31 05:00:00,34.0,37,0.0,29.29,8.51,7.61
2025-03-31 06:00:00,34.4,41,0.0,30.52,8.34,7.69
2025-03-31 07:00:00,33.5,50,0.0,31.12,8.38,7.6
2025-03-31 08:00:00,33.1,46,0.0,31.41,8.25,7.63
2025-03-31 09:00:00,32.7,49,0.0,31.5,8.28,7.76
2025-03-31 10:00:00,32.2,53,0.0,31.41,8.37,7.58
2025-03-31 11:00:00,30.3,65,0.8,30.78,8.7,7.35
2025-03-31 12:00:00,30.1,63,0.0,30.27,8.77,7.48
2025-03-31 13:00:00,30.2,57,0.1,29.95,8.73,7.23
2025-03-31 14:00:00,29.6,61,0.0,29.55,8.88,7.01
2025-03-31 15:00:00,29.3,63,0.0,29.17,8.99,7.06
2025-03-31 16:00:00,29.1,64,0.0,28.85,9.08,6.92
2025-03-31 17:00:00,27.7,71,0.0,28.21,9.34,7.05
2025-03-31 18:00:00,27.1,72,0.0,27.57,9.49,7.09
2025-03-31 19:00:00,26.6,74,0.0,26.98,9.65,7.27
2025-03-31 20:00:00,26.3,76,0.0,26.48,9.79,7.17
2025-03-31 21:00:00,26.0,79,0.0,26.03,9.94,7.17
2025-03-31 22:00:00,25.3,80,0.0,25.51,10.07,7.34
2025-03-31 23:00:00,24.8,81,0.0,25.0,10.2,7.11
2025-04-01 00:00:00,24.0,85,0.0,24.4,10.4,7.44
2025-04-01 01:00:00,25.7,76,0.0,24.49,10.21,7.57
2025-04-01 02:00:00,28.4,65,0.0,25.36,9.81,7.41
2025-04-01 03:00:00,30.8,55,0.0,26.69,9.35,7.72
2025-04-01 04:00:00,32.9,43,0.0,28.26,8.82,7.67
2025-04-01 05:00:00,33.7,42,0.0,29.59,8.54,7.61
2025-04-01 06:00:00,32.6,51,0.1,30.19,8.58,7.71
2025-04-01 07:00:00,32.4,48,0.1,30.55,8.46,7.86
2025-04-01 08:00:00,32.9,47,0.0,30.96,8.36,7.63
2025-04-01 09:00:00,32.4,52,0.6,31.09,8.42,7.55
2025-04-01 10:00:00,30.6,63,1.6,30.64,8.69,7.38
2025-04-01 11:00:00,30.6,60,0.2,30.33,8.7,7.33
2025-04-01 12:00:00,30.1,62,0.0,29.96,8.81,7.44
2025-04-01 13:00:00,29.7,64,0.0,29.58,8.93,7.2
2025-04-01 14:00:00,28.9,70,0.0,29.08,9.14,7.23
2025-04-01 15:00:00,28.2,75,0.0,28.51,9.34,7.11
2025-04-01 16:00:00,27.6,80,0.0,27.94,9.55,7.17
2025-04-01 17:00:00,27.0,82,0.0,27.36,9.71,7.13
2025-04-01 18:00:00,26.5,84,0.0,26.8,9.87,7.2
2025-04-01 19:00:00,26.3,84,0.0,26.35,9.96,7.06
2025-04-01 20:00:00,25.8,86,0.0,25.89,10.1,7.11
2025-04-01 21:00:00,25.5,88,0.0,25.47,10.23,7.1
2025-04-01 22:00:00,25.2,89,0.0,25.09,10.33,7.21
2025-04-01 23:00:00,25.1,90,0.0,24.79,10.41,7.37
2025-04-02 00:00:00,25.1,90,0.0,24.58,10.46,7.49
2025-04-02 01:00:00,26.4,81,0.0,24.83,10.23,7.4
2025-04-02 02:00:00,28.7,72,0.0,25.69,9.88,7.64
2025-04-02 03:00:00,29.6,66,0.1,26.56,9.58,7.73
2025-04-02 04:00:00,31.7,54,0.1,27.8,9.11,7.68
2025-04-02 05:00:00,33.0,49,0.0,29.06,8.77,7.85
2025-04-02 06:00:00,32.8,50,0.1,29.88,8.62,7.58
2025-04-02 07:00:00,32.5,54,0.0,30.37,8.59,7.52
2025-04-02 08:00:00,32.5,55,0.0,30.71,8.54,7.43
2025-04-02 09:00:00,32.1,56,0.0,30.83,8.54,7.71
2025-04-02 10:00:00,31.5,60,0.0,30.73,8.62,7.57
2025-04-02 11:00:00,30.9,63,0.0,30.48,8.73,7.43
2025-04-02 12:00:00,30.2,62,0.3,30.1,8.79,7.37
2025-04-02 13:00:00,29.7,69,0.0,29.68,8.99,7.17
2025-04-02 14:00:00,29.0,75,0.0,29.17,9.2,7.46
2025-04-02 15:00:00,28.4,79,0.0,28.64,9.39,7.17
2025-04-02 16:00:00,28.1,81,0.0,28.18,9.52,7.13
2025-04-02 17:00:00,27.8,82,0.0,27.77,9.63,7.17
2025-04-02 18:00:00,27.3,84,0.0,27.33,9.76,7.13
2025-04-02 19:00:00,27.0,85,0.0,26.93,9.86,7.12
2025-04-02 20:00:00,26.8,85,0.1,26.59,9.93,7.05
2025-04-02 21:00:00,25.7,87,0.2,26.02,10.09,7.22
2025-04-02 22:00:00,25.4,91,0.3,25.54,10.27,7.42
2025-04-02 23:00:00,25.0,95,0.1,25.08,10.45,7.46
2025-04-03 00:00:00,24.7,94,0.0,24.66,10.52,7.57
2025-04-03 01:00:00,25.8,87,0.0,24.7,10.37,7.44
2025-04-03 02:00:00,27.1,81,0.0,25.12,10.17,7.46
2025-04-03 03:00:00,26.6,80,0.5,25.27,10.12,7.57
2025-04-03 04:00:00,28.2,74,0.6,25.85,9.88,7.63
2025-04-03 05:00:00,29.9,66,0.2,26.76,9.54,7.78
2025-04-03 06:00:00,29.9,67,0.2,27.4,9.43,7.5
2025-04-03 07:00:00,31.3,60,0.1,28.27,9.12,7.81
2025-04-03 08:00:00,31.5,60,0.1,28.94,8.99,7.61
2025-04-03 09:00:00,29.2,67,0.0,28.72,9.16,7.54
2025-04-03 10:00:00,30.4,60,0.0,28.92,8.99,7.42
2025-04-03 11:00:00,29.9,64,0.0,28.92,9.06,7.28
2025-04-03 12:00:00,29.4,66,0.0,28.76,9.13,7.45
2025-04-03 13:00:00,29.1,70,0.0,28.56,9.24,7.3
2025-04-03 14:00:00,27.2,87,1.0,27.85,9.7,7.05
2025-04-03 15:00:00,26.8,88,0.8,27.24,9.85,7.0
2025-04-03 16:00:00,25.0,95,3.3,26.27,10.19,6.99
2025-04-03 17:00:00,24.8,96,0.9,25.53,10.37,7.23
2025-04-03 18:00:00,24.9,94,0.1,25.04,10.44,7.08
2025-04-03 19:00:00,24.8,96,0.0,24.67,10.56,6.97
2025-04-03 20:00:00,24.7,97,0.0,24.38,10.64,7.13
2025-04-03 21:00:00,24.4,98,0.1,24.08,10.72,7.17
2025-04-03 22:00:00,24.5,97,0.0,23.91,10.74,7.0
2025-04-03 23:00:00,24.3,97,0.0,23.73,10.78,7.34
2025-04-04 00:00:00,24.5,97,0.0,23.66,10.8,7.4
2025-04-04 01:00:00,25.4,94,0.0,23.88,10.69,7.57
2025-04-04 02:00:00,26.7,88,0.0,24.43,10.45,7.75
2025-04-04 03:00:00,28.8,72,0.0,25.44,9.93,7.73
2025-04-04 04:00:00,30.3,63,0.0,26.6,9.52,7.63
2025-04-04 05:00:00,30.9,61,0.0,27.59,9.28,7.56
2025-04-04 06:00:00,28.2,76,3.3,27.47,9.58,7.83
2025-04-04 07:00:00,27.6,80,3.6,27.21,9.71,7.56
2025-04-04 08:00:00,28.0,78,0.3,27.15,9.68,7.63
2025-04-04 09:00:00,28.0,76,0.7,27.1,9.66,7.56
2025-04-04 10:00:00,27.2,82,1.2,26.83,9.82,7.5
2025-04-04 11:00:00,27.7,80,0.2,26.79,9.8,7.44
2025-04-04 12:00:00,27.6,79,0.1,26.73,9.79,7.33
2025-04-04 13:00:00,27.6,80,0.0,26.69,9.82,7.26
2025-04-04 14:00:00,27.0,83,0.0,26.49,9.92,7.24
2025-04-04 15:00:00,26.2,84,0.0,26.1,10.02,7.13
2025-04-04 16:00:00,25.9,84,0.0,25.74,10.09,7.07
2025-04-04 17:00:00,25.7,85,0.0,25.43,10.18,7.13
2025-04-04 18:00:00,25.6,85,0.0,25.18,10.23,7.08
2025-04-04 19:00:00,25.3,85,0.0,24.92,10.29,7.27
2025-04-04 20:00:00,25.0,86,0.0,24.64,10.37,6.89
2025-04-04 21:00:00,25.1,86,0.0,24.48,10.4,7.31
2025-04-04 22:00:00,25.0,88,0.0,24.34,10.47,7.39
2025-04-04 23:00:00,25.1,86,0.0,24.26,10.45,7.13
2025-04-05 00:00:00,24.8,88,0.0,24.13,10.52,7.38
2025-04-05 01:00:00,25.6,92,0.0,24.27,10.57,7.46
2025-04-05 02:00:00,27.0,84,0.0,24.79,10.3,7.42
2025-04-05 03:00:00,28.5,75,0.0,25.6,9.95,7.54
2025-04-05 04:00:00,29.1,72,0.1,26.35,9.74,7.54
2025-04-05 05:00:00,29.7,71,0.1,27.06,9.57,7.85
2025-04-05 06:00:00,30.4,70,0.1,27.76,9.41,7.77
2025-04-05 07:00:00,28.9,77,0.1,27.8,9.53,7.79
2025-04-05 08:00:00,29.7,71,0.3,28.07,9.36,7.69
2025-04-05 09:00:00,29.1,72,0.4,28.08,9.38,7.45
2025-04-05 10:00:00,29.4,70,0.2,28.18,9.32,7.46
2025-04-05 11:00:00,29.2,72,0.1,28.18,9.36,7.5
2025-04-05 12:00:00,28.6,74,0.0,28.01,9.43,7.26
2025-04-05 13:00:00,28.4,76,0.0,27.83,9.5,7.38
2025-04-05 14:00:00,27.6,82,0.0,27.46,9.69,7.21
2025-04-05 15:00:00,27.0,84,0.0,27.02,9.82,7.14
2025-04-05 16:00:00,26.8,85,0.0,26.65,9.92,7.2
2025-04-05 17:00:00,26.5,85,0.0,26.31,9.99,7.15
2025-04-05 18:00:00,26.2,85,0.0,25.98,10.06,7.06
2025-04-05 19:00:00,26.1,86,0.0,25.71,10.14,7.23
2025-04-05 20:00:00,26.0,86,0.0,25.5,10.18,7.04
2025-04-05 21:00:00,26.0,86,0.0,25.35,10.22,7.26
2025-04-05 22:00:00,25.7,87,0.0,25.15,10.28,7.32
2025-04-05 23:00:00,25.9,87,0.0,25.08,10.29,7.3
2025-04-06 00:00:00,25.6,89,0.0,24.93,10.36,7.44
2025-04-06 01:00:00,26.2,88,0.0,25.01,10.33,7.36
2025-04-06 02:00:00,27.8,84,0.0,25.55,10.14,7.65
2025-04-06 03:00:00,29.7,74,0.0,26.5,9.75,7.59
2025-04-06 04:00:00,31.0,67,0.2,27.55,9.4,7.58
2025-04-06 05:00:00,31.7,65,0.2,28.49,9.17,7.76
2025-04-06 06:00:00,31.5,65,0.2,29.09,9.04,7.58
2025-04-06 07:00:00,29.5,73,6.2,28.92,9.22,7.36
2025-04-06 08:00:00,29.6,73,0.1,28.82,9.24,7.47
2025-04-06 09:00:00,28.6,78,0.1,28.46,9.41,7.64
2025-04-06 10:00:00,29.3,74,0.1,28.41,9.35,7.39
2025-04-06 11:00:00,29.1,74,0.0,28.32,9.37,7.63
2025-04-06 12:00:00,28.9,74,0.0,28.19,9.39,7.17
2025-04-06 13:00:00,29.6,73,0.0,28.31,9.35,7.47
2025-04-06 14:00:00,29.1,77,0.0,28.25,9.43,7.25
2025-04-06 15:00:00,28.6,78,0.0,28.05,9.49,7.16
2025-04-06 16:00:00,27.9,84,0.0,27.71,9.67,7.07
2025-04-06 17:00:00,27.6,88,0.0,27.38,9.82,7.14
2025-04-06 18:00:00,27.4,89,0.0,27.08,9.9,7.09
2025-04-06 19:00:00,27.3,86,0.0,26.85,9.89,7.21
2025-04-06 20:00:00,26.8,88,0.1,26.53,10.0,7.14
2025-04-06 21:00:00,26.4,90,0.1,26.19,10.11,7.19
2025-04-06 22:00:00,25.8,91,0.0,25.78,10.22,7.22
2025-04-06 23:00:00,24.9,92,0.0,25.21,10.36,7.32
2025-04-07 00:00:00,24.8,92,0.0,24.79,10.45,7.44
2025-04-07 01:00:00,25.8,88,0.0,24.79,10.37,7.32
2025-04-07 02:00:00,27.1,80,0.0,25.18,10.14,7.42
2025-04-07 03:00:00,28.3,75,0.0,25.82,9.91,7.69
2025-04-07 04:00:00,29.6,70,0.0,26.65,9.64,7.67
2025-04-07 05:00:00,31.5,62,0.0,27.81,9.26,7.65
2025-04-07 06:00:00,32.6,56,0.0,28.95,8.92,7.67
2025-04-07 07:00:00,33.1,55,0.1,29.89,8.71,7.68
2025-04-07 08:00:00,32.7,59,0.1,30.43,8.67,7.55
2025-04-07 09:00:00,31.7,65,0.2,30.51,8.75,7.47
2025-04-07 10:00:00,31.4,66,0.1,30.48,8.78,7.52
2025-04-07 11:00:00,31.5,64,0.0,30.49,8.74,7.33
2025-04-07 12:00:00,30.3,68,0.0,30.13,8.88,7.4
2025-04-07 13:00:00,29.9,71,0.0,29.76,9.01,7.11
2025-04-07 14:00:00,29.2,75,0.0,29.29,9.18,7.32
2025-04-07 15:00:00,28.9,78,0.0,28.87,9.32,7.21
2025-04-07 16:00:00,28.6,80,0.0,28.49,9.44,7.14
2025-04-07 17:00:00,28.0,83,0.0,28.04,9.58,7.19
2025-04-07 18:00:00,27.4,86,0.0,27.55,9.74,7.25
2025-04-07 19:00:00,26.9,88,0.0,27.06,9.89,7.2
2025-04-07 20:00:00,26.6,88,0.0,26.62,9.98,6.95
2025-04-07 21:00:00,26.5,86,0.0,26.28,10.02,7.06
2025-04-07 22:00:00,26.4,86,0.0,26.02,10.07,7.19
2025-04-07 23:00:00,26.3,85,0.0,25.8,10.1,7.33
2025-04-08 00:00:00,26.2,85,0.0,25.62,10.14,7.46
2025-04-08 01:00:00,26.9,83,0.0,25.71,10.08,7.41
2025-04-08 02:00:00,29.1,74,0.0,26.42,9.76,7.56
2025-04-08 03:00:00,31.1,63,0.0,27.53,9.33,7.52
2025-04-08 04:00:00,32.9,53,0.0,28.84,8.89,7.57
2025-04-08 05:00:00,34.0,47,0.0,30.09,8.53,7.51
2025-04-08 06:00:00,34.3,46,0.0,31.05,8.32,7.56
2025-04-08 07:00:00,33.4,52,0.4,31.46,8.34,7.47
2025-04-08 08:00:00,32.8,56,0.5,31.56,8.39,7.47
2025-04-08 09:00:00,32.4,57,0.3,31.51,8.41,7.64
2025-04-08 10:00:00,31.3,63,0.2,31.15,8.59,7.39
2025-04-08 11:00:00,30.9,66,0.1,30.77,8.72,7.69
2025-04-08 12:00:00,29.9,70,0.0,30.21,8.9,7.41
2025-04-08 13:00:00,29.9,68,0.0,29.82,8.95,7.3
2025-04-08 14:00:00,29.2,73,0.0,29.33,9.14,7.13
2025-04-08 15:00:00,28.4,77,0.0,28.75,9.33,7.23
2025-04-08 16:00:00,27.8,80,0.0,28.17,9.5,7.06
2025-04-08 17:00:00,27.6,78,0.0,27.7,9.57,7.11
2025-04-08 18:00:00,27.2,79,0.0,27.25,9.68,7.34
2025-04-08 19:00:00,27.2,78,0.0,26.93,9.73,7.09
2025-04-08 20:00:00,27.2,77,0.0,26.71,9.76,7.25
2025-04-08 21:00:00,26.9,79,0.0,26.47,9.85,7.11
2025-04-08 22:00:00,26.6,79,0.0,26.21,9.9,7.24
2025-04-08 23:00:00,26.0,82,0.0,25.85,10.03,7.5
2025-04-09 00:00:00,25.8,83,0.0,25.53,10.12,7.34
2025-04-09 01:00:00,26.7,80,0.0,25.58,10.05,7.66
2025-04-09 02:00:00,28.8,71,0.0,26.25,9.74,7.62
2025-04-09 03:00:00,31.3,59,0.0,27.46,9.27,7.54
2025-04-09 04:00:00,32.3,54,0.2,28.61,8.95,7.68
2025-04-09 05:00:00,33.0,51,0.1,29.63,8.69,7.74
2025-04-09 06:00:00,33.0,52,0.2,30.34,8.57,7.7
2025-04-09 07:00:00,32.4,58,0.8,30.66,8.6,7.44
2025-04-09 08:00:00,31.3,65,1.3,30.55,8.74,7.47
2025-04-09 09:00:00,31.0,66,0.2,30.39,8.8,7.53
2025-04-09 10:00:00,30.4,68,0.3,30.09,8.89,7.48
2025-04-09 11:00:00,30.5,68,0.1,29.91,8.93,7.49
2025-04-09 12:00:00,28.8,77,1.4,29.28,9.22,7.31
2025-04-09 13:00:00,29.2,70,0.0,28.96,9.16,7.16
2025-04-09 14:00:00,28.4,75,0.0,28.49,9.35,7.26
2025-04-09 15:00:00,27.7,78,0.0,27.95,9.51,7.23
2025-04-09 16:00:00,27.3,77,0.0,27.46,9.6,7.18
2025-04-09 17:00:00,27.2,76,0.0,27.08,9.66,7.21
2025-04-09 18:00:00,27.1,75,0.0,26.79,9.71,7.18
2025-04-09 19:00:00,27.1,74,0.0,26.58,9.73,7.15
2025-04-09 20:00:00,27.0,75,0.0,26.41,9.78,7.13
2025-04-09 21:00:00,26.5,84,0.0,26.13,10.01,7.02
2025-04-09 22:00:00,26.2,84,0.0,25.85,10.07,7.29
2025-04-09 23:00:00,26.0,84,0.0,25.6,10.13,7.35
2025-04-10 00:00:00,26.0,84,0.0,25.42,10.16,7.43
2025-04-10 01:00:00,27.3,79,0.0,25.68,10.01,7.35
2025-04-10 02:00:00,27.9,76,0.0,26.05,9.88,7.44
2025-04-10 03:00:00,28.5,73,0.0,26.48,9.73,7.71
2025-04-10 04:00:00,30.4,64,0.0,27.36,9.38,7.64
2025-04-10 05:00:00,30.7,64,0.0,28.06,9.24,7.74
2025-04-10 06:00:00,30.9,62,0.0,28.61,9.09,7.68
2025-04-10 07:00:00,30.2,66,0.0,28.79,9.13,7.66
2025-04-10 08:00:00,30.5,64,0.0,29.0,9.05,7.72
2025-04-10 09:00:00,30.7,62,0.0,29.21,8.97,7.53
2025-04-10 10:00:00,30.9,63,0.0,29.42,8.94,7.53
2025-04-10 11:00:00,30.1,65,0.0,29.32,9.0,7.4
2025-04-10 12:00:00,28.4,73,0.0,28.75,9.26,7.33
2025-04-10 13:00:00,28.5,74,0.0,28.37,9.35,7.27
2025-04-10 14:00:00,28.0,77,0.0,27.96,9.49,7.25
2025-04-10 15:00:00,27.7,78,0.0,27.58,9.59,7.12
2025-04-10 16:00:00,27.4,80,0.0,27.23,9.7,7.25
2025-04-10 17:00:00,27.3,82,0.0,26.95,9.8,7.01
2025-04-10 18:00:00,27.0,84,0.0,26.66,9.9,7.07
2025-04-10 19:00:00,26.7,84,0.0,26.38,9.96,7.06
2025-04-10 20:00:00,26.6,82,0.0,26.14,9.97,7.28
2025-04-10 21:00:00,26.4,85,0.0,25.92,10.08,7.21
2025-04-10 22:00:00,26.3,86,0.0,25.73,10.13,7.36
2025-04-10 23:00:00,26.3,85,0.0,25.6,10.14,7.18
2025-04-11 00:00:00,26.1,85,0.0,25.45,10.18,7.43
2025-04-11 01:00:00,26.6,82,0.0,25.5,10.11,7.57
2025-04-11 02:00:00,27.8,75,0.0,25.89,9.89,7.56
2025-04-11 03:00:00,29.7,66,0.0,26.73,9.55,7.71
2025-04-11 04:00:00,31.0,62,0.0,27.71,9.27,7.59
2025-04-11 05:00:00,31.6,61,0.0,28.58,9.08,7.8
2025-04-11 06:00:00,32.7,58,0.0,29.51,8.84,7.89
2025-04-11 07:00:00,33.1,56,0.0,30.29,8.64,7.61
2025-04-11 08:00:00,31.1,65,0.9,30.23,8.81,7.52
2025-04-11 09:00:00,30.4,66,1.1,29.98,8.88,7.66
2025-04-11 10:00:00,29.8,70,0.3,29.63,9.02,7.65
2025-04-11 11:00:00,29.3,68,0.0,29.23,9.07,7.39
2025-04-11 12:00:00,28.1,74,0.0,28.59,9.31,7.33
2025-04-11 13:00:00,28.7,76,0.0,28.32,9.4,7.27
2025-04-11 14:00:00,28.1,79,0.0,27.96,9.53,7.1
2025-04-11 15:00:00,28.1,79,0.0,27.7,9.59,7.08
2025-04-11 16:00:00,27.6,80,0.0,27.37,9.67,7.03
2025-04-11 17:00:00,26.7,84,0.1,26.87,9.85,7.02
2025-04-11 18:00:00,26.4,85,0.1,26.43,9.97,7.08
2025-04-11 19:00:00,26.3,88,0.2,26.09,10.1,7.12
2025-04-11 20:00:00,25.6,90,0.1,25.64,10.23,7.29
2025-04-11 21:00:00,24.9,88,0.0,25.12,10.3,7.1
2025-04-11 22:00:00,24.5,89,0.0,24.63,10.43,7.36
2025-04-11 23:00:00,24.6,89,0.0,24.32,10.49,7.32
2025-04-12 00:00:00,25.0,88,0.0,24.23,10.5,7.41
2025-04-12 01:00:00,25.3,88,0.0,24.25,10.49,7.56
2025-04-12 02:00:00,26.3,82,0.0,24.56,10.31,7.45
2025-04-12 03:00:00,27.9,74,0.0,25.26,10.01,7.66
2025-04-12 04:00:00,29.9,65,0.0,26.36,9.61,7.67
2025-04-12 05:00:00,31.1,59,0.0,27.48,9.27,7.72
2025-04-12 06:00:00,31.1,61,0.0,28.27,9.14,7.71
2025-04-12 07:00:00,31.6,59,0.0,28.97,8.97,7.91
2025-04-12 08:00:00,31.4,59,0.0,29.4,8.88,7.56
2025-04-12 09:00:00,31.6,58,0.0,29.76,8.79,7.52
2025-04-12 10:00:00,31.1,60,0.0,29.86,8.8,7.45
2025-04-12 11:00:00,30.6,61,0.0,29.78,8.83,7.38
2025-04-12 12:00:00,29.8,64,0.0,29.49,8.95,7.3
2025-04-12 13:00:00,29.1,72,0.0,29.07,9.17,7.41
2025-04-12 14:00:00,28.6,76,0.0,28.63,9.34,7.37
2025-04-12 15:00:00,28.4,78,0.0,28.26,9.45,7.11
2025-04-12 16:00:00,28.1,79,0.0,27.91,9.54,7.04
2025-04-12 17:00:00,27.9,80,0.0,27.61,9.62,7.14
2025-04-12 18:00:00,27.6,82,0.0,27.31,9.72,7.03
2025-04-12 19:00:00,27.1,84,0.0,26.94,9.84,7.16
2025-04-12 20:00:00,26.9,85,0.0,26.63,9.92,7.15
2025-04-12 21:00:00,26.7,85,0.0,26.35,9.98,7.03
2025-04-12 22:00:00,26.5,86,0.0,26.1,10.06,7.4
2025-04-12 23:00:00,26.0,88,0.0,25.77,10.16,7.5
2025-04-13 00:00:00,25.5,88,0.0,25.39,10.25,7.34
2025-04-13 01:00:00,26.3,82,0.0,25.36,10.14,7.45
2025-04-13 02:00:00,27.7,77,0.0,25.76,9.96,7.58
2025-04-13 03:00:00,29.7,67,0.0,26.64,9.59,7.64
2025-04-13 04:00:00,31.5,59,0.0,27.8,9.2,7.71
2025-04-13 05:00:00,32.4,57,0.0,28.88,8.95,7.86
2025-04-13 06:00:00,32.4,58,0.0,29.64,8.81,7.65
2025-04-13 07:00:00,32.8,58,0.0,30.29,8.68,7.57
2025-04-13 08:00:00,32.9,59,0.3,30.77,8.6,7.45
2025-04-13 09:00:00,32.3,59,0.0,30.93,8.57,7.49
2025-04-13 10:00:00,32.6,58,0.0,31.13,8.51,7.5
2025-04-13 11:00:00,31.7,61,0.0,31.0,8.58,7.61
2025-04-13 12:00:00,30.9,64,0.0,30.67,8.7,7.3
2025-04-13 13:00:00,30.3,71,0.0,30.26,8.91,7.3
2025-04-13 14:00:00,29.9,73,0.0,29.85,9.03,7.21
2025-04-13 15:00:00,29.5,75,0.0,29.45,9.15,7.27
2025-04-13 16:00:00,29.1,76,0.0,29.04,9.25,7.36
2025-04-13 17:00:00,28.8,77,0.0,28.67,9.34,7.03
2025-04-13 18:00:00,28.4,78,0.0,28.29,9.44,7.03
2025-04-13 19:00:00,27.9,79,0.0,27.87,9.55,7.2
2025-04-13 20:00:00,27.6,80,0.0,27.49,9.65,7.19
2025-04-13 21:00:00,27.4,79,0.0,27.16,9.7,7.36
2025-04-13 22:00:00,27.2,78,0.0,26.87,9.74,7.3
2025-04-13 23:00:00,27.2,79,0.0,26.67,9.8,7.28
2025-04-14 00:00:00,27.2,80,0.0,26.53,9.85,7.45
2025-04-14 01:00:00,27.5,76,0.0,26.52,9.78,7.58
2025-04-14 02:00:00,28.7,72,0.0,26.87,9.63,7.62
2025-04-14 03:00:00,31.1,63,0.0,27.84,9.27,7.64
2025-04-14 04:00:00,33.4,52,0.0,29.21,8.79,7.73
2025-04-14 05:00:00,35.4,40,0.0,30.77,8.28,7.76
2025-04-14 06:00:00,35.7,40,0.0,31.95,8.05,7.78
2025-04-14 07:00:00,33.0,57,1.0,31.96,8.32,7.64
2025-04-14 08:00:00,33.0,59,0.4,31.97,8.35,7.56
2025-04-14 09:00:00,32.2,63,1.0,31.74,8.47,7.51
2025-04-14 10:00:00,31.5,66,1.7,31.37,8.59,7.54
2025-04-14 11:00:00,31.2,66,0.0,31.02,8.66,7.35
2025-04-14 12:00:00,30.0,72,0.0,30.41,8.89,7.39
2025-04-14 13:00:00,29.5,75,0.0,29.84,9.06,7.24
2025-04-14 14:00:00,27.9,78,0.0,28.96,9.3,7.22
2025-04-14 15:00:00,27.8,80,0.0,28.31,9.47,7.29
2025-04-14 16:00:00,27.2,83,0.0,27.68,9.66,7.14
2025-04-14 17:00:00,26.5,83,0.0,27.02,9.8,7.1
2025-04-14 18:00:00,26.3,83,0.0,26.51,9.91,6.96
2025-04-14 19:00:00,26.1,86,0.0,26.08,10.06,7.18
2025-04-14 20:00:00,26.0,86,0.0,25.76,10.13,7.21
2025-04-14 21:00:00,25.9,86,0.0,25.5,10.18,7.41
2025-04-14 22:00:00,25.8,87,0.0,25.29,10.25,7.23
2025-04-14 23:00:00,25.4,88,0.0,25.02,10.32,7.35
2025-04-15 00:00:00,25.2,90,0.0,24.78,10.42,7.44
2025-04-15 01:00:00,25.9,80,0.0,24.81,10.22,7.65
2025-04-15 02:00:00,28.4,69,0.0,25.59,9.84,7.54
2025-04-15 03:00:00,30.9,57,0.0,26.88,9.35,7.63
2025-04-15 04:00:00,32.9,50,0.0,28.39,8.92,7.7
2025-04-15 05:00:00,34.0,48,0.0,29.77,8.61,7.67
2025-04-15 06:00:00,34.5,47,0.0,30.89,8.37,7.61
2025-04-15 07:00:00,33.1,57,0.3,31.25,8.47,7.64
2025-04-15 08:00:00,32.8,57,0.8,31.42,8.43,7.67
2025-04-15 09:00:00,32.9,60,0.0,31.56,8.45,7.45
2025-04-15 10:00:00,32.2,62,0.1,31.45,8.51,7.5
2025-04-15 11:00:00,30.5,67,0.1,30.87,8.71,7.35
2025-04-15 12:00:00,29.6,71,0.0,30.19,8.92,7.48
2025-04-15 13:00:00,30.8,62,0.0,30.07,8.79,7.13
2025-04-15 14:00:00,29.8,67,0.0,29.69,8.96,7.16
2025-04-15 15:00:00,29.1,71,0.0,29.21,9.13,7.19
2025-04-15 16:00:00,28.8,75,0.0,28.79,9.28,7.27
2025-04-15 17:00:00,28.2,80,0.0,28.31,9.47,7.08
2025-04-15 18:00:00,27.5,80,0.0,27.77,9.59,7.03
2025-04-15 19:00:00,26.9,80,0.0,27.21,9.71,7.29
2025-04-15 20:00:00,26.4,81,0.0,26.67,9.84,6.99
2025-04-15 21:00:00,26.2,81,0.0,26.23,9.93,6.97
2025-04-15 22:00:00,26.0,82,0.0,25.86,10.03,7.3
2025-04-15 23:00:00,25.7,83,0.0,25.51,10.12,7.28
2025-04-16 00:00:00,25.6,83,0.0,25.24,10.18,7.31
2025-04-16 01:00:00,26.7,80,0.0,25.38,10.1,7.55
2025-04-16 02:00:00,28.9,71,0.0,26.13,9.77,7.57
2025-04-16 03:00:00,31.6,60,0.0,27.47,9.29,7.54
2025-04-16 04:00:00,33.8,47,0.0,29.07,8.73,7.5
2025-04-16 05:00:00,34.8,43,0.0,30.49,8.38,7.73
2025-04-16 06:00:00,35.0,44,0.0,31.54,8.19,7.71
2025-04-16 07:00:00,34.7,47,0.0,32.19,8.11,7.62
2025-04-16 08:00:00,33.1,57,1.3,32.16,8.28,7.72
2025-04-16 09:00:00,32.3,61,1.1,31.9,8.4,7.39
2025-04-16 10:00:00,32.9,56,0.0,31.9,8.32,7.34
2025-04-16 11:00:00,31.8,61,0.0,31.57,8.47,7.35
2025-04-16 12:00:00,31.3,62,0.0,31.19,8.56,7.34
2025-04-16 13:00:00,30.1,70,0.0,30.56,8.83,7.3
2025-04-16 14:00:00,29.4,73,0.0,29.91,9.01,7.19
2025-04-16 15:00:00,28.1,74,0.0,29.07,9.21,7.19
2025-04-16 16:00:00,27.8,74,0.0,28.39,9.35,6.99
2025-04-16 17:00:00,27.7,74,0.0,27.88,9.46,7.24
2025-04-16 18:00:00,27.4,75,0.0,27.44,9.57,7.08
2025-04-16 19:00:00,27.0,76,0.0,27.01,9.68,7.21
2025-04-16 20:00:00,26.9,77,0.0,26.67,9.77,7.17
2025-04-16 21:00:00,26.5,79,0.0,26.32,9.88,7.23
2025-04-16 22:00:00,26.2,80,0.0,25.99,9.97,7.31
2025-04-16 23:00:00,25.8,82,0.0,25.63,10.08,7.37
2025-04-17 00:00:00,25.6,83,0.0,25.32,10.17,7.47
2025-04-17 01:00:00,26.7,81,0.0,25.43,10.1,7.62
2025-04-17 02:00:00,28.7,73,0.0,26.11,9.81,7.57
2025-04-17 03:00:00,31.2,62,0.0,27.34,9.35,7.67
2025-04-17 04:00:00,31.1,62,0.3,28.17,9.18,7.61
2025-04-17 05:00:00,32.7,56,0.0,29.23,8.86,7.8
2025-04-17 06:00:00,33.9,53,0.0,30.33,8.59,7.59
2025-04-17 07:00:00,34.0,55,0.0,31.13,8.46,7.82
2025-04-17 08:00:00,30.8,70,3.8,30.73,8.79,7.48
2025-04-17 09:00:00,32.1,58,1.1,30.84,8.57,7.36
2025-04-17 10:00:00,32.3,60,0.2,30.98,8.57,7.5
2025-04-17 11:00:00,31.3,64,0.8,30.78,8.68,7.31
2025-04-17 12:00:00,30.3,68,0.1,30.33,8.84,7.43
2025-04-17 13:00:00,28.4,76,0.0,29.45,9.16,7.22
2025-04-17 14:00:00,27.7,77,0.0,28.63,9.35,7.18
2025-04-17 15:00:00,27.6,77,0.0,28.02,9.48,6.98
2025-04-17 16:00:00,27.6,77,0.0,27.59,9.57,7.08
2025-04-17 17:00:00,27.3,81,0.0,27.21,9.73,6.86
2025-04-17 18:00:00,27.0,84,0.0,26.84,9.86,6.93
2025-04-17 19:00:00,26.7,86,0.0,26.5,9.97,7.18
2025-04-17 20:00:00,26.6,85,0.0,26.23,10.01,7.22
2025-04-17 21:00:00,26.3,85,0.0,25.95,10.07,7.23
2025-04-17 22:00:00,26.3,85,0.0,25.76,10.11,7.16
2025-04-17 23:00:00,26.2,85,0.0,25.59,10.15,7.32
2025-04-18 00:00:00,26.2,86,0.0,25.47,10.19,7.4
2025-04-18 01:00:00,26.9,87,0.0,25.6,10.18,7.37
2025-04-18 02:00:00,28.3,79,0.0,26.11,9.92,7.7
2025-04-18 03:00:00,30.5,69,0.0,27.13,9.52,7.69
2025-04-18 04:00:00,32.2,60,0.1,28.35,9.11,7.61
2025-04-18 05:00:00,33.0,57,0.3,29.44,8.83,7.64
2025-04-18 06:00:00,33.2,58,0.0,30.27,8.68,7.68
2025-04-18 07:00:00,33.1,56,0.0,30.82,8.54,7.44
2025-04-18 08:00:00,32.1,60,0.7,30.9,8.59,7.54
2025-04-18 09:00:00,32.2,63,0.1,30.99,8.62,7.49
2025-04-18 10:00:00,31.7,63,0.0,30.9,8.64,7.4
2025-04-18 11:00:00,31.2,63,0.0,30.69,8.68,7.4
2025-04-18 12:00:00,29.9,67,0.0,30.16,8.86,7.54
2025-04-18 13:00:00,28.7,78,0.0,29.42,9.2,7.35
2025-04-18 14:00:00,28.4,78,0.0,28.81,9.33,7.16
2025-04-18 15:00:00,27.6,80,0.0,28.15,9.51,7.22
2025-04-18 16:00:00,27.1,82,0.0,27.53,9.68,7.26
2025-04-18 17:00:00,27.1,82,0.0,27.1,9.77,7.19
2025-04-18 18:00:00,26.9,81,0.0,26.74,9.83,7.1
2025-04-18 19:00:00,26.8,81,0.0,26.46,9.89,7.04
2025-04-18 20:00:00,26.7,81,0.0,26.23,9.93,7.21
2025-04-18 21:00:00,26.6,81,0.0,26.04,9.97,7.23
2025-04-18 22:00:00,26.3,82,0.0,25.82,10.04,7.34
2025-04-18 23:00:00,26.2,83,0.0,25.63,10.1,7.39
2025-04-19 00:00:00,26.1,84,0.0,25.47,10.15,7.51
2025-04-19 01:00:00,26.7,86,0.0,25.54,10.18,7.43
2025-04-19 02:00:00,28.3,78,0.0,26.07,9.91,7.68
2025-04-19 03:00:00,30.2,68,0.0,27.01,9.53,7.62
2025-04-19 04:00:00,31.7,61,0.0,28.12,9.17,7.85
2025-04-19 05:00:00,33.0,56,0.1,29.28,8.85,7.58
2025-04-19 06:00:00,33.3,57,0.0,30.19,8.68,7.83
2025-04-19 07:00:00,33.6,56,0.0,30.91,8.52,7.66
2025-04-19 08:00:00,33.0,57,0.0,31.24,8.47,7.54
2025-04-19 09:00:00,32.3,61,0.1,31.26,8.53,7.5
2025-04-19 10:00:00,32.4,60,0.0,31.3,8.51,7.46
2025-04-19 11:00:00,31.0,66,0.0,30.91,8.69,7.47
2025-04-19 12:00:00,30.3,68,0.0,30.43,8.82,7.41
2025-04-19 13:00:00,29.5,73,0.0,29.85,9.03,7.23
2025-04-19 14:00:00,29.1,74,0.0,29.32,9.15,7.21
2025-04-19 15:00:00,28.2,75,0.0,28.69,9.31,7.38
2025-04-19 16:00:00,28.0,74,0.0,28.18,9.39,7.29
2025-04-19 17:00:00,27.9,76,0.0,27.8,9.51,7.14
2025-04-19 18:00:00,27.8,77,0.0,27.5,9.59,7.09
2025-04-19 19:00:00,27.6,77,0.0,27.23,9.65,7.11
2025-04-19 20:00:00,27.6,77,0.0,27.04,9.69,7.19
2025-04-19 21:00:00,27.5,77,0.0,26.88,9.72,7.08
2025-04-19 22:00:00,27.2,78,0.0,26.67,9.78,7.22
2025-04-19 23:00:00,27.1,78,0.0,26.5,9.82,7.15
2025-04-20 00:00:00,27.1,78,0.0,26.38,9.85,7.44
2025-04-20 01:00:00,27.7,82,0.0,26.48,9.9,7.54
2025-04-20 02:00:00,29.1,74,0.0,26.96,9.65,7.49
2025-04-20 03:00:00,31.0,64,0.0,27.87,9.28,7.75
2025-04-20 04:00:00,32.7,57,0.0,29.02,8.92,7.51
2025-04-20 05:00:00,33.9,51,0.1,30.19,8.58,7.49
2025-04-20 06:00:00,34.4,51,0.0,31.15,8.39,7.67
2025-04-20 07:00:00,32.4,59,0.4,31.22,8.51,7.72
2025-04-20 08:00:00,33.0,58,0.5,31.46,8.44,7.74
2025-04-20 09:00:00,33.2,55,0.0,31.68,8.35,7.51
2025-04-20 10:00:00,32.6,57,0.0,31.66,8.38,7.6
2025-04-20 11:00:00,31.7,62,0.0,31.37,8.53,7.42
2025-04-20 12:00:00,30.5,66,0.0,30.81,8.71,7.33
2025-04-20 13:00:00,29.7,72,0.0,30.18,8.94,7.37
2025-04-20 14:00:00,29.0,77,0.0,29.52,9.16,7.28
2025-04-20 15:00:00,28.7,80,0.0,28.98,9.33,7.0
2025-04-20 16:00:00,28.5,79,0.0,28.53,9.41,7.26
2025-04-20 17:00:00,28.4,78,0.0,28.19,9.46,7.23
2025-04-20 18:00:00,28.3,78,0.0,27.93,9.52,7.02
2025-04-20 19:00:00,28.3,76,0.0,27.74,9.52,7.13
2025-04-20 20:00:00,28.1,76,0.0,27.55,9.56,7.17
2025-04-20 21:00:00,27.7,77,0.0,27.29,9.64,7.2
2025-04-20 22:00:00,27.6,77,0.0,27.08,9.68,7.18
2025-04-20 23:00:00,27.3,79,0.0,26.85,9.77,7.25
2025-04-21 00:00:00,27.1,81,0.0,26.62,9.85,7.39
2025-04-21 01:00:00,27.8,78,0.0,26.68,9.78,7.59
2025-04-21 02:00:00,28.9,73,0.0,27.04,9.61,7.59
2025-04-21 03:00:00,31.0,63,0.0,27.93,9.25,7.56
2025-04-21 04:00:00,32.9,54,0.0,29.12,8.85,7.71
2025-04-21 05:00:00,33.9,50,0.1,30.26,8.55,7.35
2025-04-21 06:00:00,33.6,55,0.2,30.96,8.49,7.75
2025-04-21 07:00:00,32.7,59,0.3,31.18,8.51,7.44
2025-04-21 08:00:00,33.9,53,0.0,31.7,8.31,7.57
2025-04-21 09:00:00,33.6,54,0.1,31.97,8.27,7.43
2025-04-21 10:00:00,32.3,61,0.2,31.77,8.43,7.35
2025-04-21 11:00:00,31.4,64,0.0,31.36,8.56,7.54
2025-04-21 12:00:00,30.6,68,0.0,30.83,8.74,7.3
2025-04-21 13:00:00,30.0,69,0.0,30.28,8.87,7.31
2025-04-21 14:00:00,29.4,73,0.0,29.72,9.05,7.21
2025-04-21 15:00:00,29.1,74,0.0,29.23,9.17,7.2
2025-04-21 16:00:00,28.5,73,0.0,28.71,9.27,7.12
2025-04-21 17:00:00,28.3,73,0.0,28.29,9.35,6.96
2025-04-21 18:00:00,28.1,74,0.0,27.93,9.45,7.18
2025-04-21 19:00:00,27.9,75,0.0,27.62,9.53,7.04
2025-04-21 20:00:00,27.7,76,0.0,27.35,9.61,6.97
2025-04-21 21:00:00,27.2,77,0.0,27.0,9.7,7.14
2025-04-21 22:00:00,27.1,77,0.0,26.73,9.75,7.39
2025-04-21 23:00:00,27.0,77,0.0,26.51,9.8,7.4
2025-04-22 00:00:00,27.0,76,0.0,26.36,9.81,7.36
2025-04-22 01:00:00,26.8,82,0.0,26.19,9.96,7.44
2025-04-22 02:00:00,28.4,76,0.0,26.55,9.77,7.51
2025-04-22 03:00:00,30.5,66,0.0,27.44,9.4,7.81
2025-04-22 04:00:00,32.1,59,0.0,28.54,9.05,7.67
2025-04-22 05:00:00,32.8,55,0.0,29.52,8.78,7.7
2025-04-22 06:00:00,32.6,59,0.0,30.14,8.73,7.76
2025-04-22 07:00:00,31.4,65,0.1,30.22,8.81,7.66
2025-04-22 08:00:00,30.4,69,0.1,29.97,8.93,7.59
2025-04-22 09:00:00,31.5,64,0.0,30.13,8.81,7.55
2025-04-22 10:00:00,31.0,66,0.1,30.09,8.86,7.49
2025-04-22 11:00:00,31.1,65,0.0,30.09,8.84,7.43
2025-04-22 12:00:00,30.0,69,0.0,29.77,8.98,7.44
2025-04-22 13:00:00,28.8,77,0.0,29.18,9.24,7.3
2025-04-22 14:00:00,28.1,80,0.0,28.55,9.42,7.3
2025-04-22 15:00:00,27.8,81,0.0,28.03,9.55,7.16
2025-04-22 16:00:00,27.4,81,0.0,27.54,9.66,7.13
2025-04-22 17:00:00,26.9,81,0.0,27.05,9.76,6.9
2025-04-22 18:00:00,26.8,81,0.0,26.67,9.84,7.18
2025-04-22 19:00:00,26.3,84,0.0,26.26,9.98,7.14
2025-04-22 20:00:00,26.0,83,0.0,25.88,10.05,7.24
2025-04-22 21:00:00,25.8,83,0.0,25.56,10.11,6.9
2025-04-22 22:00:00,25.6,85,0.0,25.27,10.21,7.47
2025-04-22 23:00:00,25.7,83,0.0,25.1,10.21,7.32
2025-04-23 00:00:00,25.6,84,0.0,24.95,10.26,7.52
2025-04-23 01:00:00,26.5,80,0.0,25.11,10.15,7.38
2025-04-23 02:00:00,28.2,75,0.0,25.74,9.92,7.61
2025-04-23 03:00:00,30.3,66,0.0,26.81,9.53,7.5
2025-04-23 04:00:00,31.9,58,0.0,28.04,9.14,7.58
2025-04-23 05:00:00,33.0,54,0.1,29.23,8.83,7.84
2025-04-23 06:00:00,33.1,54,0.3,30.09,8.65,7.62
2025-04-23 07:00:00,32.4,60,0.3,30.48,8.67,7.65
2025-04-23 08:00:00,31.7,62,0.7,30.55,8.69,7.66
2025-04-23 09:00:00,32.4,58,0.1,30.8,8.57,7.61
2025-04-23 10:00:00,31.8,60,0.1,30.8,8.61,7.51
2025-04-23 11:00:00,31.1,62,0.1,30.59,8.69,7.46
2025-04-23 12:00:00,30.1,66,0.0,30.14,8.85,7.6
2025-04-23 13:00:00,28.9,75,0.0,29.47,9.14,7.28
2025-04-23 14:00:00,28.4,79,0.0,28.85,9.34,7.24
2025-04-23 15:00:00,28.3,79,0.0,28.38,9.44,7.27
2025-04-23 16:00:00,27.9,81,0.0,27.94,9.57,7.23
2025-04-23 17:00:00,27.7,79,0.0,27.57,9.61,7.21
2025-04-23 18:00:00,27.5,78,0.0,27.25,9.66,7.15
2025-04-23 19:00:00,27.3,79,0.0,26.96,9.74,6.99
2025-04-23 20:00:00,26.9,81,0.0,26.64,9.85,7.3
2025-04-23 21:00:00,26.7,82,0.0,26.36,9.92,7.07
2025-04-23 22:00:00,26.6,82,0.0,26.13,9.97,7.28
2025-04-23 23:00:00,26.5,84,0.0,25.94,10.05,7.25
2025-04-24 00:00:00,26.2,85,0.0,25.72,10.12,7.4
2025-04-24 01:00:00,26.2,84,0.0,25.56,10.13,7.51
2025-04-24 02:00:00,27.9,78,0.0,25.96,9.93,7.58
2025-04-24 03:00:00,29.8,70,0.0,26.82,9.61,7.65
2025-04-24 04:00:00,31.7,62,0.0,27.98,9.22,7.8
2025-04-24 05:00:00,32.9,56,0.0,29.16,8.87,7.7
2025-04-24 06:00:00,33.6,54,0.1,30.19,8.63,7.63
2025-04-24 07:00:00,32.6,56,0.6,30.61,8.58,7.7
2025-04-24 08:00:00,31.8,61,0.2,30.67,8.65,7.72
2025-04-24 09:00:00,32.1,60,0.1,30.8,8.61,7.43
2025-04-24 10:00:00,31.7,62,0.0,30.77,8.65,7.56
2025-04-24 11:00:00,31.4,63,0.0,30.66,8.69,7.5
2025-04-24 12:00:00,30.1,68,0.0,30.19,8.87,7.33
2025-04-24 13:00:00,29.9,72,0.0,29.8,9.02,7.42
2025-04-24 14:00:00,29.3,75,0.0,29.35,9.17,7.2
2025-04-24 15:00:00,28.9,78,0.0,28.92,9.31,7.17
2025-04-24 16:00:00,28.4,79,0.0,28.46,9.42,7.1
2025-04-24 17:00:00,28.2,81,0.0,28.08,9.54,7.09
2025-04-24 18:00:00,27.9,84,0.0,27.73,9.67,6.97
2025-04-24 19:00:00,27.6,83,0.0,27.39,9.72,6.95
2025-04-24 20:00:00,27.5,84,0.0,27.12,9.8,7.29
2025-04-24 21:00:00,27.3,84,0.0,26.88,9.85,7.09
2025-04-24 22:00:00,26.8,86,0.0,26.55,9.96,7.15
2025-04-24 23:00:00,26.5,86,0.0,26.24,10.03,7.1
2025-04-25 00:00:00,26.2,86,0.0,25.93,10.09,7.34
2025-04-25 01:00:00,27.1,84,0.0,25.98,10.04,7.35
2025-04-25 02:00:00,28.4,76,0.0,26.4,9.8,7.71
2025-04-25 03:00:00,29.9,69,0.0,27.15,9.52,7.7
2025-04-25 04:00:00,31.5,62,0.0,28.16,9.18,7.57
2025-04-25 05:00:00,32.5,58,0.1,29.16,8.91,7.88
2025-04-25 06:00:00,32.5,59,0.1,29.86,8.78,7.75
2025-04-25 07:00:00,32.6,58,0.1,30.38,8.66,7.61
2025-04-25 08:00:00,33.0,58,0.1,30.87,8.56,7.35
2025-04-25 09:00:00,32.1,61,0.1,30.94,8.6,7.78
2025-04-25 10:00:00,31.7,63,0.0,30.87,8.65,7.36
2025-04-25 11:00:00,30.8,66,0.0,30.55,8.76,7.27
2025-04-25 12:00:00,30.1,69,0.0,30.11,8.9,7.46
2025-04-25 13:00:00,28.2,76,0.0,29.24,9.21,7.53
2025-04-25 14:00:00,27.7,78,0.0,28.48,9.4,7.36
2025-04-25 15:00:00,27.2,81,0.0,27.79,9.6,7.23
2025-04-25 16:00:00,27.1,81,0.0,27.29,9.71,7.19
2025-04-25 17:00:00,26.9,81,0.0,26.87,9.8,7.19
2025-04-25 18:00:00,26.5,83,0.0,26.46,9.92,7.17
2025-04-25 19:00:00,26.1,86,0.0,26.05,10.07,7.14
2025-04-25 20:00:00,25.9,88,0.0,25.71,10.18,7.15
2025-04-25 21:00:00,25.8,88,0.0,25.43,10.24,7.19
2025-04-25 22:00:00,26.0,88,0.0,25.3,10.26,7.18
2025-04-25 23:00:00,26.1,89,0.0,25.24,10.3,7.3
2025-04-26 00:00:00,25.7,91,0.0,25.08,10.37,7.24
2025-04-26 01:00:00,26.4,86,0.0,25.18,10.25,7.48
2025-04-26 02:00:00,26.8,81,0.1,25.36,10.12,7.45
2025-04-26 03:00:00,27.3,79,0.1,25.64,10.02,7.5
2025-04-26 04:00:00,28.1,75,0.0,26.08,9.85,7.68
2025-04-26 05:00:00,29.3,70,0.0,26.75,9.62,7.82
2025-04-26 06:00:00,30.9,63,0.0,27.69,9.3,7.77
2025-04-26 07:00:00,31.3,61,0.0,28.47,9.1,7.51
2025-04-26 08:00:00,32.0,60,0.0,29.23,8.93,7.53
2025-04-26 09:00:00,32.1,60,0.0,29.79,8.81,7.67
2025-04-26 10:00:00,31.5,63,0.0,30.0,8.82,7.41
2025-04-26 11:00:00,31.1,64,0.0,30.03,8.83,7.41
2025-04-26 12:00:00,30.2,68,0.0,29.78,8.95,7.42
2025-04-26 13:00:00,29.2,75,0.0,29.31,9.18,7.19
2025-04-26 14:00:00,28.6,79,0.0,28.8,9.35,7.23
2025-04-26 15:00:00,27.5,81,0.0,28.11,9.54,7.03
2025-04-26 16:00:00,26.9,81,0.0,27.44,9.68,7.07
2025-04-26 17:00:00,26.6,81,0.0,26.89,9.79,7.13
2025-04-26 18:00:00,26.4,82,0.0,26.44,9.91,6.94
2025-04-26 19:00:00,26.2,83,0.0,26.07,10.01,7.15
2025-04-26 20:00:00,26.2,83,0.0,25.81,10.06,7.14
2025-04-26 21:00:00,26.2,83,0.0,25.63,10.1,7.25
2025-04-26 22:00:00,26.0,84,0.0,25.44,10.16,7.28
2025-04-26 23:00:00,26.0,84,0.0,25.31,10.19,7.47
2025-04-27 00:00:00,25.9,86,0.0,25.18,10.25,7.42
2025-04-27 01:00:00,26.3,88,0.0,25.22,10.28,7.44
2025-04-27 02:00:00,27.5,79,0.0,25.6,10.03,7.57
2025-04-27 03:00:00,29.5,68,0.0,26.47,9.64,7.66
2025-04-27 04:00:00,30.9,64,0.0,27.5,9.35,7.65
2025-04-27 05:00:00,32.0,61,0.0,28.55,9.09,7.67
2025-04-27 06:00:00,32.5,60,0.0,29.44,8.89,7.6
2025-04-27 07:00:00,32.3,60,0.0,29.99,8.77,7.58
2025-04-27 08:00:00,31.0,65,0.6,30.0,8.86,7.44
2025-04-27 09:00:00,31.6,62,0.0,30.18,8.77,7.75
2025-04-27 10:00:00,31.4,62,0.0,30.24,8.76,7.38
2025-04-27 11:00:00,31.3,62,0.0,30.26,8.75,7.37
2025-04-27 12:00:00,30.1,68,0.0,29.91,8.93,7.29
2025-04-27 13:00:00,29.2,73,0.0,29.4,9.12,7.38
2025-04-27 14:00:00,28.9,75,0.0,28.95,9.25,7.19
2025-04-27 15:00:00,28.6,78,0.0,28.54,9.39,7.29
2025-04-27 16:00:00,28.2,81,0.0,28.14,9.53,7.05
2025-04-27 17:00:00,28.0,82,0.0,27.8,9.62,7.12
2025-04-27 18:00:00,27.6,84,0.0,27.44,9.73,7.0
2025-04-27 19:00:00,27.0,86,0.0,27.01,9.86,7.31
2025-04-27 20:00:00,26.7,88,0.0,26.62,9.98,7.02
2025-04-27 21:00:00,26.6,89,0.0,26.31,10.07,7.22
2025-04-27 22:00:00,26.1,90,0.0,25.95,10.16,7.31
2025-04-27 23:00:00,25.1,96,1.6,25.39,10.4,7.29
2025-04-28 00:00:00,25.6,93,0.1,25.16,10.39,7.38
2025-04-28 01:00:00,25.9,91,0.0,25.08,10.37,7.47
2025-04-28 02:00:00,26.5,84,0.2,25.21,10.21,7.55
2025-04-28 03:00:00,27.3,81,0.0,25.53,10.08,7.6
2025-04-28 04:00:00,29.7,69,0.0,26.48,9.66,7.75
2025-04-28 05:00:00,31.5,61,0.0,27.69,9.26,7.89
2025-04-28 06:00:00,32.2,59,0.0,28.74,9.01,7.62
2025-04-28 07:00:00,32.4,58,0.0,29.54,8.83,7.52
2025-04-28 08:00:00,31.7,60,0.0,29.89,8.79,7.61
2025-04-28 09:00:00,31.7,62,0.0,30.13,8.78,7.83
2025-04-28 10:00:00,30.6,66,0.6,29.97,8.88,7.39
2025-04-28 11:00:00,30.4,66,0.4,29.8,8.92,7.58
2025-04-28 12:00:00,29.6,71,0.0,29.44,9.08,7.53
2025-04-28 13:00:00,26.0,90,1.8,28.11,9.7,7.16
2025-04-28 14:00:00,25.2,92,0.2,26.94,9.99,7.28
2025-04-28 15:00:00,25.4,90,0.0,26.17,10.11,7.35
2025-04-28 16:00:00,25.4,89,0.0,25.64,10.21,7.11
2025-04-28 17:00:00,25.5,90,0.0,25.3,10.3,7.1
2025-04-28 18:00:00,25.7,90,0.0,25.12,10.34,7.05
2025-04-28 19:00:00,25.6,92,0.0,24.96,10.41,7.02
2025-04-28 20:00:00,25.5,92,0.0,24.82,10.44,7.09
2025-04-28 21:00:00,25.3,93,0.0,24.67,10.5,7.08
2025-04-28 22:00:00,25.1,93,0.0,24.5,10.53,7.27
2025-04-28 23:00:00,25.0,93,0.0,24.35,10.57,7.26
2025-04-29 00:00:00,25.0,91,0.0,24.24,10.55,7.44
2025-04-29 01:00:00,26.3,91,0.0,24.56,10.48,7.34
2025-04-29 02:00:00,28.0,81,0.0,25.29,10.13,7.59
2025-04-29 03:00:00,29.5,72,0.2,26.25,9.76,7.68
2025-04-29 04:00:00,30.8,65,0.1,27.32,9.41,7.44
2025-04-29 05:00:00,31.8,61,0.2,28.36,9.12,7.69
2025-04-29 06:00:00,31.6,64,0.1,29.03,9.04,7.78
2025-04-29 07:00:00,31.1,65,0.0,29.35,8.99,7.54
2025-04-29 08:00:00,31.9,63,0.1,29.82,8.86,7.78
2025-04-29 09:00:00,31.3,65,0.3,29.96,8.87,7.59
2025-04-29 10:00:00,30.8,66,0.3,29.91,8.89,7.42
2025-04-29 11:00:00,30.7,66,0.1,29.85,8.91,7.43
2025-04-29 12:00:00,30.0,69,0.0,29.59,9.01,7.42
2025-04-29 13:00:00,29.4,70,0.0,29.24,9.1,7.3
2025-04-29 14:00:00,28.5,75,0.0,28.72,9.3,7.28
2025-04-29 15:00:00,27.8,79,0.0,28.14,9.49,7.07
2025-04-29 16:00:00,27.5,80,0.0,27.65,9.61,7.14
2025-04-29 17:00:00,27.3,81,0.0,27.24,9.72,6.96
2025-04-29 18:00:00,27.1,81,0.0,26.9,9.79,7.08
2025-04-29 19:00:00,26.9,82,0.0,26.6,9.87,7.01
2025-04-29 20:00:00,26.9,82,0.0,26.39,9.92,7.06
2025-04-29 21:00:00,26.8,83,0.0,26.21,9.97,7.31
2025-04-29 22:00:00,26.4,86,0.0,25.97,10.08,7.36
2025-04-29 23:00:00,26.2,87,0.0,25.74,10.15,7.39
2025-04-30 00:00:00,25.9,89,0.0,25.49,10.24,7.3
2025-04-30 01:00:00,26.9,80,0.0,25.61,10.05,7.45
2025-04-30 02:00:00,28.6,71,0.0,26.21,9.75,7.67
2025-04-30 03:00:00,30.4,64,0.0,27.17,9.42,7.61
2025-04-30 04:00:00,30.9,63,0.0,27.99,9.24,7.87
2025-04-30 05:00:00,30.2,67,0.1,28.35,9.23,7.7
2025-04-30 06:00:00,29.6,72,0.3,28.43,9.31,7.67
2025-04-30 07:00:00,30.4,67,0.1,28.72,9.16,7.62
2025-04-30 08:00:00,31.3,63,0.1,29.19,8.99,7.63
2025-04-30 09:00:00,30.7,67,0.0,29.34,9.03,7.56
2025-04-30 10:00:00,30.1,69,0.1,29.27,9.08,7.58
2025-04-30 11:00:00,29.8,69,0.1,29.13,9.11,7.53
2025-04-30 12:00:00,29.4,70,0.0,28.91,9.17,7.29
2025-04-30 13:00:00,28.8,76,0.0,28.58,9.35,7.16
2025-04-30 14:00:00,28.8,76,0.0,28.34,9.4,7.04
2025-04-30 15:00:00,28.9,76,0.0,28.21,9.42,7.22
2025-04-30 16:00:00,27.4,83,0.0,27.67,9.66,7.01
2025-04-30 17:00:00,26.7,86,0.0,27.08,9.85,6.88
2025-04-30 18:00:00,26.5,87,0.0,26.6,9.97,7.13
2025-04-30 19:00:00,26.4,88,0.0,26.24,10.06,7.36
2025-04-30 20:00:00,26.2,89,0.0,25.93,10.15,7.14
2025-04-30 21:00:00,26.1,90,0.0,25.68,10.22,7.27
2025-04-30 22:00:00,25.9,91,0.0,25.45,10.29,7.26
2025-04-30 23:00:00,25.6,92,0.0,25.19,10.36,7.32
2025-05-01 00:00:00,25.5,91,0.0,24.98,10.39,7.5
2025-05-01 01:00:00,26.8,88,0.0,25.23,10.28,7.46
2025-05-01 02:00:00,28.0,81,0.0,25.76,10.03,7.58
2025-05-01 03:00:00,30.0,70,0.0,26.73,9.62,7.64
2025-05-01 04:00:00,31.5,63,0.1,27.86,9.26,7.57
2025-05-01 05:00:00,32.5,59,0.1,28.95,8.97,7.75
2025-05-01 06:00:00,32.6,60,0.1,29.75,8.82,7.64
2025-05-01 07:00:00,32.2,63,0.1,30.18,8.79,7.56
2025-05-01 08:00:00,32.3,62,0.0,30.52,8.7,7.67
2025-05-01 09:00:00,32.4,60,0.0,30.78,8.61,7.47
2025-05-01 10:00:00,31.7,63,0.0,30.76,8.67,7.51
2025-05-01 11:00:00,31.2,64,0.0,30.59,8.72,7.43
2025-05-01 12:00:00,30.7,66,0.0,30.32,8.81,7.47
2025-05-01 13:00:00,29.3,76,0.0,29.72,9.11,7.33
2025-05-01 14:00:00,28.6,79,0.0,29.08,9.29,7.22
2025-05-01 15:00:00,28.2,81,0.0,28.52,9.45,7.24
2025-05-01 16:00:00,27.9,83,0.0,28.03,9.59,7.26
2025-05-01 17:00:00,27.5,84,0.0,27.57,9.7,7.15
2025-05-01 18:00:00,27.3,85,0.0,27.19,9.8,7.09
2025-05-01 19:00:00,27.2,87,0.0,26.89,9.9,6.97
2025-05-01 20:00:00,26.7,90,0.0,26.54,10.04,7.03
2025-05-01 21:00:00,26.6,89,0.0,26.25,10.08,7.15
2025-05-01 22:00:00,26.5,89,0.0,26.03,10.13,7.19
2025-05-01 23:00:00,26.3,89,0.0,25.81,10.17,7.31
2025-05-02 00:00:00,26.1,91,0.0,25.6,10.26,7.41
2025-05-02 01:00:00,27.2,86,0.0,25.78,10.12,7.53
2025-05-02 02:00:00,28.6,80,0.0,26.32,9.9,7.54
2025-05-02 03:00:00,30.6,69,0.0,27.31,9.49,7.65
2025-05-02 04:00:00,31.6,64,0.0,28.29,9.19,7.64
2025-05-02 05:00:00,32.2,63,0.0,29.17,8.99,7.46
2025-05-02 06:00:00,32.7,61,0.1,29.93,8.8,7.56
2025-05-02 07:00:00,32.0,62,0.1,30.25,8.76,7.63
2025-05-02 08:00:00,32.3,63,0.0,30.56,8.71,7.49
2025-05-02 09:00:00,32.5,61,0.0,30.84,8.62,7.62
2025-05-02 10:00:00,31.0,68,0.1,30.59,8.79,7.65
2025-05-02 11:00:00,30.5,68,0.2,30.26,8.85,7.54
2025-05-02 12:00:00,29.5,72,0.2,29.73,9.03,7.33
2025-05-02 13:00:00,27.9,77,0.0,28.88,9.3,7.44
2025-05-02 14:00:00,27.1,81,0.0,28.05,9.55,7.24
2025-05-02 15:00:00,26.9,82,0.0,27.4,9.7,7.14
2025-05-02 16:00:00,26.7,83,0.0,26.89,9.83,7.07
2025-05-02 17:00:00,26.5,84,0.0,26.48,9.94,7.08
2025-05-02 18:00:00,26.2,83,0.0,26.09,10.0,7.06
2025-05-02 19:00:00,26.1,83,0.0,25.79,10.06,7.13
2025-05-02 20:00:00,26.1,83,0.0,25.59,10.11,7.16
2025-05-02 21:00:00,25.9,84,0.0,25.38,10.17,7.19
2025-05-02 22:00:00,26.0,83,0.0,25.27,10.18,7.3
2025-05-02 23:00:00,26.1,82,0.0,25.22,10.17,7.45
2025-05-03 00:00:00,26.0,83,0.0,25.15,10.2,7.5
2025-05-03 01:00:00,26.5,83,0.0,25.26,10.18,7.34
2025-05-03 02:00:00,28.0,75,0.0,25.78,9.92,7.3
2025-05-03 03:00:00,29.8,68,0.0,26.69,9.6,7.7
2025-05-03 04:00:00,31.8,59,0.0,27.92,9.18,7.5
2025-05-03 05:00:00,33.4,52,0.0,29.26,8.78,7.63
2025-05-03 06:00:00,34.3,49,0.0,30.47,8.49,7.54
2025-05-03 07:00:00,34.5,49,0.0,31.38,8.31,7.46
2025-05-03 08:00:00,33.6,52,0.1,31.75,8.28,7.65
2025-05-03 09:00:00,32.6,56,0.3,31.7,8.36,7.61
2025-05-03 10:00:00,32.3,59,0.1,31.58,8.43,7.43
2025-05-03 11:00:00,31.2,63,0.0,31.17,8.58,7.17
2025-05-03 12:00:00,30.6,65,0.0,30.7,8.71,7.3
2025-05-03 13:00:00,30.3,66,0.0,30.28,8.82,7.32
2025-05-03 14:00:00,29.8,69,0.0,29.83,8.96,7.06
2025-05-03 15:00:00,29.2,72,0.0,29.34,9.12,7.17
2025-05-03 16:00:00,28.8,74,0.0,28.88,9.25,7.11
2025-05-03 17:00:00,28.5,76,0.0,28.47,9.37,7.14
2025-05-03 18:00:00,28.2,78,0.0,28.09,9.49,7.09
2025-05-03 19:00:00,27.6,80,0.0,27.64,9.62,7.0
2025-05-03 20:00:00,27.1,82,0.0,27.18,9.75,7.25
2025-05-03 21:00:00,26.5,83,0.0,26.67,9.88,7.17
2025-05-03 22:00:00,26.5,81,0.0,26.32,9.91,7.24
2025-05-03 23:00:00,26.4,80,0.0,26.05,9.95,7.23
2025-05-04 00:00:00,26.4,81,0.0,25.85,10.01,7.36
2025-05-04 01:00:00,27.9,73,0.0,26.17,9.8,7.39
2025-05-04 02:00:00,29.5,67,0.0,26.87,9.54,7.52
2025-05-04 03:00:00,31.8,60,0.0,28.05,9.17,7.76
2025-05-04 04:00:00,34.1,49,0.0,29.56,8.67,7.49
2025-05-04 05:00:00,36.0,40,0.0,31.19,8.19,7.48
2025-05-04 06:00:00,36.7,37,0.0,32.55,7.88,7.78
2025-05-04 07:00:00,35.9,42,0.0,33.25,7.82,7.6
2025-05-04 08:00:00,34.6,52,0.1,33.36,7.96,7.51
2025-05-04 09:00:00,35.0,49,0.0,33.55,7.87,7.64
2025-05-04 10:00:00,33.6,57,0.0,33.26,8.06,7.42
2025-05-04 11:00:00,33.0,59,0.0,32.89,8.17,7.59
2025-05-04 12:00:00,32.2,61,0.0,32.38,8.3,7.4
2025-05-04 13:00:00,31.4,67,0.0,31.79,8.52,7.22
2025-05-04 14:00:00,30.5,74,0.0,31.1,8.78,7.41
2025-05-04 15:00:00,30.0,75,0.0,30.47,8.93,7.08
2025-05-04 16:00:00,29.6,77,0.0,29.91,9.08,7.18
2025-05-04 17:00:00,29.1,79,0.0,29.37,9.23,7.11
2025-05-04 18:00:00,28.9,80,0.0,28.93,9.34,7.2
2025-05-04 19:00:00,28.5,80,0.0,28.5,9.43,7.24
2025-05-04 20:00:00,28.1,80,0.0,28.08,9.52,7.12
2025-05-04 21:00:00,27.7,82,0.0,27.67,9.65,7.1
2025-05-04 22:00:00,27.5,82,0.0,27.32,9.72,7.28
2025-05-04 23:00:00,27.1,84,0.0,26.95,9.84,7.25
2025-05-05 00:00:00,27.1,85,0.0,26.7,9.91,7.59
2025-05-05 01:00:00,27.4,80,0.0,26.61,9.84,7.49
2025-05-05 02:00:00,28.7,72,0.0,26.93,9.62,7.5
2025-05-05 03:00:00,30.9,61,0.0,27.82,9.23,7.61
2025-05-05 04:00:00,32.2,57,0.0,28.84,8.96,7.5
2025-05-05 05:00:00,31.5,65,0.3,29.34,8.99,7.54
2025-05-05 06:00:00,33.2,58,0.0,30.2,8.7,7.78
2025-05-05 07:00:00,33.1,61,0.1,30.77,8.63,7.57
2025-05-05 08:00:00,33.3,59,0.1,31.23,8.51,7.5
2025-05-05 09:00:00,33.7,57,0.1,31.67,8.38,7.6
2025-05-05 10:00:00,32.1,64,0.0,31.5,8.53,7.61
2025-05-05 11:00:00,30.7,70,0.1,30.96,8.74,7.49
2025-05-05 12:00:00,30.3,71,0.1,30.46,8.87,7.45
2025-05-05 13:00:00,30.4,70,0.0,30.14,8.91,7.21
2025-05-05 14:00:00,29.4,74,0.0,29.62,9.09,7.07
2025-05-05 15:00:00,28.9,75,0.0,29.1,9.22,7.31
2025-05-05 16:00:00,28.6,76,0.0,28.65,9.33,7.08
2025-05-05 17:00:00,28.2,77,0.0,28.22,9.44,7.06
2025-05-05 18:00:00,28.0,78,0.0,27.85,9.54,7.21
2025-05-05 19:00:00,27.8,79,0.0,27.54,9.62,7.15
2025-05-05 20:00:00,27.4,81,0.0,27.2,9.73,7.17
2025-05-05 21:00:00,27.4,80,0.0,26.96,9.76,7.39
2025-05-05 22:00:00,27.3,80,0.0,26.76,9.8,7.18
2025-05-05 23:00:00,27.3,80,0.0,26.62,9.83,7.41
2025-05-06 00:00:00,27.3,80,0.0,26.53,9.85,7.4
2025-05-06 01:00:00,28.1,76,0.0,26.7,9.74,7.5
2025-05-06 02:00:00,29.7,68,0.0,27.3,9.47,7.69
2025-05-06 03:00:00,32.1,58,0.0,28.44,9.05,7.64
2025-05-06 04:00:00,34.0,50,0.0,29.81,8.64,7.68
2025-05-06 05:00:00,34.6,50,0.0,30.95,8.41,7.75
2025-05-06 06:00:00,33.7,57,0.0,31.47,8.42,7.61
2025-05-06 07:00:00,33.8,57,0.1,31.87,8.34,7.54
2025-05-06 08:00:00,34.3,51,0.0,32.3,8.16,7.49
2025-05-06 09:00:00,33.5,56,0.0,32.36,8.23,7.35
2025-05-06 10:00:00,32.7,59,0.3,32.16,8.31,7.67
2025-05-06 11:00:00,31.7,61,0.0,31.72,8.44,7.31
2025-05-06 12:00:00,30.6,67,0.0,31.09,8.67,7.33
2025-05-06 13:00:00,29.9,73,0.0,30.43,8.91,7.25
2025-05-06 14:00:00,29.0,77,0.0,29.7,9.13,7.24
2025-05-06 15:00:00,28.8,78,0.0,29.13,9.27,7.24
2025-05-06 16:00:00,28.6,79,0.0,28.67,9.38,7.2
2025-05-06 17:00:00,28.1,81,0.0,28.2,9.52,7.03
2025-05-06 18:00:00,27.8,82,0.0,27.78,9.62,7.07
2025-05-06 19:00:00,27.4,83,0.0,27.37,9.73,7.12
2025-05-06 20:00:00,27.1,84,0.0,26.99,9.83,7.11
2025-05-06 21:00:00,26.8,84,0.0,26.63,9.9,7.34
2025-05-06 22:00:00,26.6,82,0.0,26.32,9.93,7.3
2025-05-06 23:00:00,26.4,80,0.0,26.04,9.95,7.4
2025-05-07 00:00:00,26.0,82,0.0,25.73,10.06,7.47
2025-05-07 01:00:00,27.6,75,0.0,25.99,9.87,7.6
2025-05-07 02:00:00,29.3,68,0.0,26.68,9.6,7.56
2025-05-07 03:00:00,31.9,55,0.0,27.95,9.1,7.46
2025-05-07 04:00:00,33.9,45,0.0,29.43,8.63,7.67
2025-05-07 05:00:00,35.2,40,0.0,30.86,8.26,7.58
2025-05-07 06:00:00,35.4,40,0.0,31.92,8.05,7.59
2025-05-07 07:00:00,34.9,45,0.0,32.52,8.02,7.68
2025-05-07 08:00:00,33.4,54,0.0,32.48,8.17,7.72
2025-05-07 09:00:00,33.0,50,0.3,32.34,8.13,7.53
2025-05-07 10:00:00,32.3,54,0.0,32.03,8.26,7.52
2025-05-07 11:00:00,31.4,59,0.0,31.54,8.44,7.59
2025-05-07 12:00:00,30.8,62,0.0,31.02,8.6,7.37
2025-05-07 13:00:00,28.7,75,0.0,30.02,9.03,7.54
2025-05-07 14:00:00,26.5,82,0.0,28.67,9.43,7.28
2025-05-07 15:00:00,26.4,79,0.0,27.69,9.59,6.99
2025-05-07 16:00:00,26.3,79,0.0,26.97,9.74,7.21
2025-05-07 17:00:00,26.3,81,0.0,26.47,9.88,7.14
2025-05-07 18:00:00,26.4,80,0.0,26.15,9.93,7.23
2025-05-07 19:00:00,26.5,79,0.0,25.95,9.95,7.18
2025-05-07 20:00:00,26.6,79,0.0,25.85,9.98,7.13
2025-05-07 21:00:00,26.5,80,0.0,25.74,10.02,7.07
2025-05-07 22:00:00,26.4,80,0.0,25.64,10.04,7.23
2025-05-07 23:00:00,26.5,79,0.0,25.6,10.03,7.24
2025-05-08 00:00:00,26.2,79,0.0,25.48,10.06,7.35
2025-05-08 01:00:00,27.2,73,0.0,25.7,9.9,7.54
2025-05-08 02:00:00,28.8,70,0.0,26.33,9.71,7.71
2025-05-08 03:00:00,28.8,74,0.0,26.77,9.69,7.64
2025-05-08 04:00:00,30.4,64,0.0,27.56,9.34,7.52
2025-05-08 05:00:00,31.6,59,0.0,28.47,9.07,7.71
2025-05-08 06:00:00,32.1,57,0.0,29.26,8.87,7.79
2025-05-08 07:00:00,32.1,61,0.0,29.81,8.83,7.59
2025-05-08 08:00:00,32.5,59,0.0,30.32,8.69,7.6
2025-05-08 09:00:00,33.1,55,0.0,30.85,8.51,7.57
2025-05-08 10:00:00,32.4,58,0.0,31.02,8.53,7.42
2025-05-08 11:00:00,31.7,60,0.0,30.92,8.58,7.49
2025-05-08 12:00:00,31.0,61,0.0,30.65,8.66,7.34
2025-05-08 13:00:00,29.9,70,0.0,30.12,8.92,7.32
2025-05-08 14:00:00,29.6,71,0.0,29.67,9.03,7.12
2025-05-08 15:00:00,29.4,73,0.0,29.29,9.15,7.11
2025-05-08 16:00:00,29.1,73,0.0,28.93,9.22,7.18
2025-05-08 17:00:00,28.9,74,0.0,28.62,9.3,7.05
2025-05-08 18:00:00,28.5,74,0.0,28.28,9.37,7.25
2025-05-08 19:00:00,28.2,74,0.0,27.96,9.44,7.05
2025-05-08 20:00:00,28.0,74,0.0,27.67,9.5,7.15
2025-05-08 21:00:00,27.7,74,0.0,27.38,9.56,7.27
2025-05-08 22:00:00,27.4,74,0.0,27.09,9.62,7.1
2025-05-08 23:00:00,27.2,74,0.0,26.82,9.68,7.14
2025-05-09 00:00:00,27.0,73,0.0,26.57,9.71,7.24
2025-05-09 01:00:00,27.0,72,0.0,26.4,9.73,7.6
2025-05-09 02:00:00,28.9,64,0.0,26.85,9.49,7.49
2025-05-09 03:00:00,31.7,51,0.0,28.01,9.02,7.85
2025-05-09 04:00:00,34.3,37,0.0,29.59,8.46,7.57
2025-05-09 05:00:00,35.9,32,0.0,31.19,8.06,7.66
2025-05-09 06:00:00,36.8,31,0.0,32.57,7.78,7.79
2025-05-09 07:00:00,36.9,32,0.0,33.57,7.6,7.81
2025-05-09 08:00:00,36.0,39,0.0,34.0,7.63,7.79
2025-05-09 09:00:00,34.7,49,0.0,33.91,7.8,7.65
2025-05-09 10:00:00,34.1,51,0.0,33.67,7.88,7.58
2025-05-09 11:00:00,33.2,55,0.0,33.23,8.03,7.46
2025-05-09 12:00:00,32.1,58,0.0,32.59,8.21,7.41
2025-05-09 13:00:00,31.1,63,0.0,31.84,8.45,7.21
2025-05-09 14:00:00,30.3,68,0.0,31.08,8.69,7.12
2025-05-09 15:00:00,29.9,69,0.0,30.43,8.84,7.14
2025-05-09 16:00:00,29.4,70,0.0,29.82,8.98,7.08
2025-05-09 17:00:00,28.9,71,0.0,29.24,9.12,7.03
2025-05-09 18:00:00,28.4,73,0.0,28.69,9.27,7.14
2025-05-09 19:00:00,28.0,76,0.0,28.18,9.43,7.18
2025-05-09 20:00:00,27.6,77,0.0,27.71,9.55,7.13
2025-05-09 21:00:00,27.4,78,0.0,27.32,9.65,7.32
2025-05-09 22:00:00,27.3,78,0.0,27.01,9.71,7.13
2025-05-09 23:00:00,27.2,78,0.0,26.77,9.76,7.3
2025-05-10 00:00:00,27.2,77,0.0,26.6,9.78,7.32
2025-05-10 01:00:00,27.9,76,0.0,26.69,9.74,7.28
2025-05-10 02:00:00,29.6,63,0.0,27.26,9.39,7.53
2025-05-10 03:00:00,31.7,53,0.0,28.29,9.0,7.58
2025-05-10 04:00:00,33.5,44,0.0,29.56,8.58,7.78
2025-05-10 05:00:00,34.9,39,0.0,30.86,8.24,7.7
2025-05-10 06:00:00,35.5,38,0.0,31.95,8.01,7.54
2025-05-10 07:00:00,35.7,39,0.0,32.78,7.87,7.81
2025-05-10 08:00:00,35.3,42,0.0,33.23,7.83,7.71
2025-05-10 09:00:00,34.8,43,0.0,33.4,7.81,7.6
2025-05-10 10:00:00,34.0,46,0.0,33.28,7.88,7.45
2025-05-10 11:00:00,32.9,50,0.0,32.87,8.03,7.31
2025-05-10 12:00:00,31.6,57,0.0,32.19,8.28,7.3
2025-05-10 13:00:00,30.6,64,0.0,31.41,8.55,7.38
2025-05-10 14:00:00,29.9,68,0.0,30.66,8.77,7.39
2025-05-10 15:00:00,29.5,71,0.0,30.01,8.96,7.3
2025-05-10 16:00:00,29.1,74,0.0,29.44,9.13,7.06
2025-05-10 17:00:00,28.6,76,0.0,28.89,9.28,6.97
2025-05-10 18:00:00,28.1,78,0.0,28.35,9.43,7.09
2025-05-10 19:00:00,27.7,79,0.0,27.86,9.55,6.91
2025-05-10 20:00:00,27.2,80,0.0,27.36,9.68,7.16
2025-05-10 21:00:00,26.9,81,0.0,26.92,9.79,7.16
2025-05-10 22:00:00,26.7,80,0.0,26.55,9.85,7.2
2025-05-10 23:00:00,26.6,78,0.0,26.27,9.87,7.16
2025-05-11 00:00:00,26.6,76,0.0,26.07,9.87,7.45
2025-05-11 01:00:00,27.5,68,0.0,26.2,9.7,7.42
2025-05-11 02:00:00,29.0,64,0.0,26.74,9.51,7.43
2025-05-11 03:00:00,31.1,58,0.0,27.75,9.2,7.31
2025-05-11 04:00:00,33.1,48,0.0,29.05,8.75,7.63
2025-05-11 05:00:00,34.5,44,0.0,30.39,8.42,7.82
2025-05-11 06:00:00,35.0,41,0.0,31.47,8.16,7.81
2025-05-11 07:00:00,34.2,48,0.0,31.99,8.17,7.58
2025-05-11 08:00:00,33.5,51,0.0,32.14,8.19,7.54
2025-05-11 09:00:00,33.3,52,0.0,32.19,8.19,7.6
2025-05-11 10:00:00,32.4,56,0.0,31.95,8.31,7.39
2025-05-11 11:00:00,31.9,57,0.0,31.64,8.39,7.45
2025-05-11 12:00:00,30.9,61,0.0,31.12,8.56,7.43
2025-05-11 13:00:00,30.6,63,0.0,30.66,8.69,7.4
2025-05-11 14:00:00,30.0,67,0.0,30.16,8.86,7.2
2025-05-11 15:00:00,29.8,68,0.0,29.75,8.96,7.13
2025-05-11 16:00:00,29.5,69,0.0,29.38,9.06,7.02
2025-05-11 17:00:00,29.1,71,0.0,28.99,9.17,7.0
2025-05-11 18:00:00,28.7,73,0.0,28.61,9.29,7.05
2025-05-11 19:00:00,28.3,74,0.0,28.21,9.39,7.12
2025-05-11 20:00:00,28.0,75,0.0,27.85,9.48,7.21
2025-05-11 21:00:00,27.6,77,0.0,27.47,9.6,7.09
2025-05-11 22:00:00,27.3,79,0.0,27.12,9.71,7.39
2025-05-11 23:00:00,27.0,80,0.0,26.79,9.8,7.29
2025-05-12 00:00:00,26.8,81,0.0,26.49,9.88,7.39
2025-05-12 01:00:00,28.0,73,0.0,26.64,9.7,7.4
2025-05-12 02:00:00,29.2,69,0.0,27.11,9.53,7.3
2025-05-12 03:00:00,30.8,63,0.0,27.92,9.25,7.68
2025-05-12 04:00:00,32.6,55,0.0,29.02,8.88,7.7
2025-05-12 05:00:00,33.7,51,0.0,30.13,8.59,7.62
2025-05-12 06:00:00,34.7,48,0.0,31.2,8.33,7.65
2025-05-12 07:00:00,34.9,48,0.0,32.01,8.17,7.68
2025-05-12 08:00:00,34.0,52,0.0,32.31,8.17,7.44
2025-05-12 09:00:00,32.0,60,0.5,31.91,8.38,7.47
2025-05-12 10:00:00,32.2,58,0.1,31.7,8.39,7.56
2025-05-12 11:00:00,31.0,65,0.2,31.19,8.61,7.29
2025-05-12 12:00:00,28.5,75,0.0,30.08,9.01,7.39
2025-05-12 13:00:00,29.9,69,0.0,29.73,8.98,7.15
2025-05-12 14:00:00,29.6,72,0.0,29.39,9.11,7.26
2025-05-12 15:00:00,29.4,73,0.0,29.09,9.19,7.15
2025-05-12 16:00:00,26.9,81,0.0,28.13,9.53,6.96
2025-05-12 17:00:00,25.7,85,0.0,27.1,9.82,7.22
2025-05-12 18:00:00,25.8,84,0.0,26.41,9.95,7.02
2025-05-12 19:00:00,25.8,85,0.0,25.93,10.07,7.03
2025-05-12 20:00:00,26.1,83,0.0,25.68,10.09,7.16
2025-05-12 21:00:00,26.4,80,0.0,25.6,10.05,7.31
2025-05-12 22:00:00,26.4,80,0.0,25.54,10.06,7.15
2025-05-12 23:00:00,26.4,81,0.0,25.5,10.09,7.33
2025-05-13 00:00:00,26.4,82,0.0,25.47,10.11,7.45
2025-05-13 01:00:00,26.1,84,0.0,25.36,10.18,7.55
2025-05-13 02:00:00,27.1,77,0.0,25.58,10.0,7.57
2025-05-13 03:00:00,29.3,68,0.0,26.4,9.66,7.57
2025-05-13 04:00:00,31.2,61,0.0,27.54,9.29,7.56
2025-05-13 05:00:00,33.0,55,0.0,28.88,8.91,7.67
2025-05-13 06:00:00,33.7,53,0.0,30.02,8.65,7.55
2025-05-13 07:00:00,33.3,56,0.0,30.71,8.56,7.35
2025-05-13 08:00:00,33.0,57,0.0,31.09,8.5,7.65
2025-05-13 09:00:00,32.5,60,0.1,31.22,8.52,7.64
2025-05-13 10:00:00,31.9,61,0.1,31.12,8.56,7.25
2025-05-13 11:00:00,31.9,60,0.0,31.05,8.56,7.33
2025-05-13 12:00:00,30.7,66,0.0,30.65,8.74,7.42
2025-05-13 13:00:00,30.3,66,0.0,30.24,8.82,7.49
2025-05-13 14:00:00,29.6,71,0.0,29.75,9.01,7.21
2025-05-13 15:00:00,29.4,71,0.0,29.35,9.1,7.08
2025-05-13 16:00:00,28.8,75,0.0,28.88,9.26,7.09
2025-05-13 17:00:00,28.2,78,0.0,28.38,9.42,7.22
2025-05-13 18:00:00,27.5,82,0.0,27.81,9.62,7.02
2025-05-13 19:00:00,26.8,82,0.0,27.21,9.74,7.02
2025-05-13 20:00:00,26.1,83,0.0,26.58,9.9,7.09
2025-05-13 21:00:00,26.0,84,0.0,26.1,10.02,7.09
2025-05-13 22:00:00,26.2,82,0.0,25.83,10.04,7.26
2025-05-13 23:00:00,26.3,80,0.0,25.67,10.03,7.49
2025-05-14 00:00:00,26.4,79,0.0,25.59,10.03,7.44
2025-05-14 01:00:00,27.0,81,0.0,25.71,10.04,7.46
2025-05-14 02:00:00,28.9,71,0.0,26.37,9.72,7.52
2025-05-14 03:00:00,31.8,59,0.0,27.7,9.22,7.44
2025-05-14 04:00:00,33.9,50,0.0,29.26,8.75,7.72
2025-05-14 05:00:00,34.1,52,0.0,30.41,8.55,7.64
2025-05-14 06:00:00,34.4,49,0.0,31.31,8.32,7.63
2025-05-14 07:00:00,33.7,55,0.3,31.73,8.34,7.93
2025-05-14 08:00:00,34.4,51,0.0,32.23,8.17,7.63
2025-05-14 09:00:00,33.7,55,0.0,32.37,8.21,7.47
2025-05-14 10:00:00,31.7,60,0.0,31.87,8.39,7.45
2025-05-14 11:00:00,31.1,63,0.0,31.34,8.55,7.54
2025-05-14 12:00:00,29.8,70,0.0,30.58,8.82,7.37
2025-05-14 13:00:00,30.1,66,0.0,30.13,8.85,7.14
2025-05-14 14:00:00,29.3,70,0.0,29.58,9.03,7.31
2025-05-14 15:00:00,28.9,73,0.0,29.08,9.19,7.09
2025-05-14 16:00:00,28.7,73,0.0,28.66,9.27,7.3
2025-05-14 17:00:00,28.5,73,0.0,28.32,9.35,7.2
2025-05-14 18:00:00,28.3,74,0.0,28.01,9.43,7.04
2025-05-14 19:00:00,28.0,74,0.0,27.71,9.49,7.22
2025-05-14 20:00:00,27.8,75,0.0,27.44,9.57,7.13
2025-05-14 21:00:00,27.6,76,0.0,27.18,9.64,7.26
2025-05-14 22:00:00,27.6,75,0.0,27.01,9.66,7.29
2025-05-14 23:00:00,27.5,76,0.0,26.86,9.71,7.23
2025-05-15 00:00:00,27.5,76,0.0,26.75,9.73,7.33
2025-05-15 01:00:00,28.5,74,0.0,26.97,9.65,7.57
2025-05-15 02:00:00,29.1,71,0.0,27.31,9.52,7.5
2025-05-15 03:00:00,31.0,62,0.0,28.12,9.19,7.55
2025-05-15 04:00:00,31.4,60,0.0,28.8,9.02,7.54
2025-05-15 05:00:00,33.2,54,0.0,29.82,8.7,7.69
2025-05-15 06:00:00,34.0,51,0.0,30.78,8.46,7.86
2025-05-15 07:00:00,34.3,50,0.1,31.53,8.29,7.52
2025-05-15 08:00:00,33.6,52,0.2,31.85,8.26,7.59
2025-05-15 09:00:00,33.7,50,0.0,32.11,8.18,7.69
2025-05-15 10:00:00,33.5,52,0.0,32.22,8.19,7.48
2025-05-15 11:00:00,32.5,56,0.0,32.01,8.3,7.46
2025-05-15 12:00:00,31.2,62,0.0,31.47,8.51,7.24
2025-05-15 13:00:00,30.8,64,0.0,30.97,8.64,7.32
2025-05-15 14:00:00,30.3,67,0.0,30.47,8.8,7.19
2025-05-15 15:00:00,29.9,70,0.0,30.0,8.94,7.25
2025-05-15 16:00:00,29.5,73,0.0,29.55,9.09,7.22
2025-05-15 17:00:00,29.2,74,0.0,29.14,9.19,7.34
2025-05-15 18:00:00,28.9,74,0.0,28.77,9.27,7.13
2025-05-15 19:00:00,28.6,74,0.0,28.42,9.34,7.12
2025-05-15 20:00:00,28.5,73,0.0,28.14,9.38,7.14
2025-05-15 21:00:00,28.3,75,0.0,27.89,9.47,7.13
2025-05-15 22:00:00,27.9,76,0.0,27.59,9.55,7.27
2025-05-15 23:00:00,27.7,78,0.0,27.33,9.65,7.28
2025-05-16 00:00:00,27.6,78,0.0,27.11,9.69,7.41
2025-05-16 01:00:00,28.1,76,0.0,27.11,9.66,7.6
2025-05-16 02:00:00,29.4,71,0.0,27.49,9.48,7.43
2025-05-16 03:00:00,30.8,65,0.0,28.19,9.23,7.7
2025-05-16 04:00:00,32.4,57,0.0,29.15,8.89,7.76
2025-05-16 05:00:00,33.3,54,0.0,30.09,8.65,7.64
2025-05-16 06:00:00,33.4,53,0.0,30.79,8.49,7.44
2025-05-16 07:00:00,34.0,49,0.0,31.45,8.29,7.57
2025-05-16 08:00:00,34.3,48,0.0,32.01,8.17,7.73
2025-05-16 09:00:00,33.7,50,0.0,32.21,8.16,7.55
2025-05-16 10:00:00,33.4,51,0.0,32.27,8.16,7.39
2025-05-16 11:00:00,32.9,53,0.0,32.16,8.22,7.37
2025-05-16 12:00:00,31.6,59,0.0,31.69,8.41,7.43
2025-05-16 13:00:00,30.9,61,0.0,31.15,8.55,7.33
2025-05-16 14:00:00,30.4,64,0.0,30.63,8.71,7.18
2025-05-16 15:00:00,29.9,67,0.0,30.11,8.87,7.11
2025-05-16 16:00:00,29.5,69,0.0,29.63,9.0,7.06
2025-05-16 17:00:00,28.9,72,0.0,29.11,9.16,6.99
2025-05-16 18:00:00,28.4,74,0.0,28.6,9.31,7.24
2025-05-16 19:00:00,28.1,75,0.0,28.15,9.42,7.06
2025-05-16 20:00:00,28.0,76,0.0,27.8,9.51,7.24
2025-05-16 21:00:00,27.7,77,0.0,27.47,9.6,7.33
2025-05-16 22:00:00,27.3,79,0.0,27.12,9.71,7.34
2025-05-16 23:00:00,27.1,79,0.0,26.81,9.77,7.27
2025-05-17 00:00:00,27.0,79,0.0,26.57,9.82,7.43
2025-05-17 01:00:00,28.0,75,0.0,26.7,9.72,7.47
2025-05-17 02:00:00,28.8,73,0.0,27.03,9.62,7.45
2025-05-17 03:00:00,29.3,70,0.0,27.41,9.48,7.63
2025-05-17 04:00:00,30.7,63,0.0,28.1,9.21,7.52
2025-05-17 05:00:00,31.9,58,0.0,28.94,8.95,7.78
2025-05-17 06:00:00,32.4,56,0.0,29.68,8.77,7.62
2025-05-17 07:00:00,32.4,56,0.0,30.19,8.66,7.67
2025-05-17 08:00:00,32.6,55,0.0,30.62,8.56,7.64
2025-05-17 09:00:00,32.4,56,0.0,30.85,8.53,7.54
2025-05-17 10:00:00,31.2,61,0.0,30.66,8.66,7.56
2025-05-17 11:00:00,30.3,65,0.0,30.25,8.81,7.39
2025-05-17 12:00:00,30.0,66,0.0,29.87,8.9,7.45
2025-05-17 13:00:00,29.4,70,0.0,29.43,9.06,7.15
2025-05-17 14:00:00,28.9,73,0.0,28.97,9.21,7.23
2025-05-17 15:00:00,28.4,77,0.0,28.5,9.38,7.36
2025-05-17 16:00:00,27.9,79,0.0,28.02,9.52,7.02
2025-05-17 17:00:00,27.7,80,0.0,27.62,9.62,7.03
2025-05-17 18:00:00,27.5,80,0.0,27.29,9.69,7.14
2025-05-17 19:00:00,27.4,79,0.0,27.02,9.73,7.12
2025-05-17 20:00:00,27.2,80,0.0,26.77,9.8,7.17
2025-05-17 21:00:00,26.8,81,0.0,26.48,9.88,7.23
2025-05-17 22:00:00,26.4,81,0.0,26.16,9.95,7.31
2025-05-17 23:00:00,26.3,81,0.0,25.9,10.0,7.43
2025-05-18 00:00:00,26.7,79,0.0,25.84,9.98,7.44
2025-05-18 01:00:00,26.8,79,0.0,25.83,9.98,7.46
2025-05-18 02:00:00,27.8,76,0.0,26.12,9.86,7.62
2025-05-18 03:00:00,29.0,71,0.0,26.68,9.65,7.8
2025-05-18 04:00:00,31.1,62,0.0,27.71,9.28,7.63
2025-05-18 05:00:00,32.0,58,0.0,28.7,9.0,7.57
2025-05-18 06:00:00,32.2,57,0.2,29.45,8.83,7.76
2025-05-18 07:00:00,32.5,57,0.1,30.06,8.71,7.63
2025-05-18 08:00:00,32.5,56,0.1,30.49,8.6,7.39
2025-05-18 09:00:00,32.0,58,0.2,30.65,8.61,7.64
2025-05-18 10:00:00,32.0,58,0.1,30.75,8.58,7.44
2025-05-18 11:00:00,30.7,62,0.1,30.44,8.72,7.42
2025-05-18 12:00:00,29.6,67,0.0,29.89,8.92,7.39
2025-05-18 13:00:00,27.4,80,0.0,28.84,9.36,7.31
2025-05-18 14:00:00,27.4,80,0.0,28.11,9.52,7.3
2025-05-18 15:00:00,27.4,79,0.0,27.6,9.61,7.13
2025-05-18 16:00:00,27.4,79,0.0,27.24,9.68,7.18
2025-05-18 17:00:00,27.5,78,0.0,27.02,9.71,7.07
2025-05-18 18:00:00,27.2,80,0.0,26.77,9.8,7.17
2025-05-18 19:00:00,26.8,82,0.0,26.48,9.9,7.17
2025-05-18 20:00:00,26.5,83,0.0,26.19,9.98,7.04
2025-05-18 21:00:00,26.3,84,0.0,25.92,10.06,7.3
2025-05-18 22:00:00,26.1,83,0.0,25.67,10.09,7.2
2025-05-18 23:00:00,25.8,83,0.0,25.41,10.15,7.41
2025-05-19 00:00:00,25.7,82,0.0,25.2,10.17,7.44
2025-05-19 01:00:00,26.5,85,0.0,25.29,10.21,7.67
2025-05-19 02:00:00,26.9,84,0.1,25.47,10.15,7.53
2025-05-19 03:00:00,28.5,74,0.1,26.08,9.83,7.57
2025-05-19 04:00:00,30.3,66,0.0,27.05,9.48,7.65
2025-05-19 05:00:00,31.6,60,0.1,28.11,9.16,7.63
2025-05-19 06:00:00,31.8,60,0.1,28.92,8.99,7.74
2025-05-19 07:00:00,31.6,61,0.1,29.42,8.91,7.49
2025-05-19 08:00:00,31.8,60,0.0,29.84,8.81,7.52
2025-05-19 09:00:00,30.9,60,0.2,29.86,8.8,7.45
2025-05-19 10:00:00,30.5,61,0.5,29.75,8.84,7.58
2025-05-19 11:00:00,29.9,66,0.1,29.49,8.98,7.61
2025-05-19 12:00:00,28.6,73,0.0,28.93,9.22,7.36
2025-05-19 13:00:00,29.6,66,0.0,28.83,9.12,7.28
2025-05-19 14:00:00,28.9,70,0.0,28.55,9.25,7.23
2025-05-19 15:00:00,27.5,78,0.1,27.93,9.52,7.28
2025-05-19 16:00:00,26.3,84,0.1,27.14,9.79,7.03
2025-05-19 17:00:00,26.4,85,0.1,26.62,9.93,7.12
2025-05-19 18:00:00,26.7,82,0.0,26.34,9.93,7.19
2025-05-19 19:00:00,26.2,85,0.1,26.0,10.06,7.15
2025-05-19 20:00:00,25.9,86,0.0,25.67,10.15,7.16
2025-05-19 21:00:00,26.0,87,0.0,25.47,10.21,7.29
2025-05-19 22:00:00,25.6,88,0.0,25.21,10.28,6.99
2025-05-19 23:00:00,25.5,89,0.1,25.0,10.35,7.39
2025-05-20 00:00:00,25.6,87,0.1,24.88,10.34,7.34
2025-05-20 01:00:00,26.0,84,0.0,24.91,10.27,7.31
2025-05-20 02:00:00,26.7,79,0.0,25.15,10.13,7.61
2025-05-20 03:00:00,28.0,75,0.0,25.7,9.93,7.75
2025-05-20 04:00:00,29.6,68,0.0,26.57,9.62,7.64
2025-05-20 05:00:00,30.8,62,0.0,27.54,9.31,7.77
2025-05-20 06:00:00,31.8,58,0.0,28.52,9.04,7.84
2025-05-20 07:00:00,32.9,52,0.0,29.53,8.73,7.79
2025-05-20 08:00:00,33.1,51,0.1,30.3,8.56,7.77
2025-05-20 09:00:00,32.8,52,0.1,30.75,8.48,7.63
2025-05-20 10:00:00,32.2,53,0.1,30.89,8.47,7.5
2025-05-20 11:00:00,31.5,58,0.0,30.77,8.58,7.27
2025-05-20 12:00:00,29.7,66,0.0,30.15,8.84,7.33
2025-05-20 13:00:00,30.0,62,0.0,29.8,8.85,7.2
2025-05-20 14:00:00,28.9,71,0.0,29.23,9.12,7.43
2025-05-20 15:00:00,28.6,73,0.0,28.74,9.26,7.14
2025-05-20 16:00:00,28.5,72,0.0,28.37,9.32,7.13
2025-05-20 17:00:00,27.2,80,0.0,27.72,9.6,7.15
2025-05-20 18:00:00,26.9,81,0.0,27.17,9.73,7.09
2025-05-20 19:00:00,26.1,85,0.2,26.55,9.94,7.26
2025-05-20 20:00:00,26.0,87,0.1,26.09,10.08,7.07
2025-05-20 21:00:00,25.5,88,0.2,25.61,10.2,7.2
2025-05-20 22:00:00,25.4,89,0.1,25.25,10.3,7.18
2025-05-20 23:00:00,25.2,90,0.1,24.93,10.38,7.19
2025-05-21 00:00:00,25.2,90,0.0,24.71,10.43,7.35
2025-05-21 01:00:00,26.5,83,0.0,24.95,10.24,7.48
2025-05-21 02:00:00,26.9,80,0.0,25.23,10.13,7.51
2025-05-21 03:00:00,28.7,71,0.1,25.97,9.8,7.54
2025-05-21 04:00:00,29.8,66,0.0,26.82,9.53,7.51
2025-05-21 05:00:00,30.8,61,0.1,27.72,9.26,7.66
2025-05-21 06:00:00,31.4,59,0.1,28.52,9.06,7.52
2025-05-21 07:00:00,31.8,57,0.1,29.2,8.88,7.73
2025-05-21 08:00:00,31.9,56,0.0,29.71,8.76,7.63
2025-05-21 09:00:00,31.4,58,0.0,29.92,8.75,7.43
2025-05-21 10:00:00,30.4,64,0.0,29.76,8.89,7.48
2025-05-21 11:00:00,30.2,64,0.1,29.59,8.92,7.36
2025-05-21 12:00:00,29.8,66,0.0,29.36,9.01,7.4
2025-05-21 13:00:00,28.8,74,0.1,28.89,9.25,7.42
2025-05-21 14:00:00,28.2,78,0.1,28.38,9.42,7.03
2025-05-21 15:00:00,27.7,82,0.1,27.88,9.6,7.17
2025-05-21 16:00:00,27.3,84,0.1,27.4,9.74,7.1
2025-05-21 17:00:00,27.4,84,0.7,27.1,9.8,7.12
2025-05-21 18:00:00,27.0,87,0.0,26.77,9.93,7.11
2025-05-21 19:00:00,26.9,86,0.0,26.51,9.97,7.03
2025-05-21 20:00:00,26.6,87,0.1,26.24,10.04,7.1
2025-05-21 21:00:00,26.5,88,0.0,26.02,10.11,7.11
2025-05-21 22:00:00,26.2,90,0.1,25.77,10.2,7.35
2025-05-21 23:00:00,25.9,91,0.0,25.51,10.28,7.33
2025-05-22 00:00:00,26.0,90,0.0,25.36,10.29,7.6
2025-05-22 01:00:00,26.9,85,0.0,25.52,10.16,7.48
2025-05-22 02:00:00,27.8,79,0.0,25.9,9.97,7.48
2025-05-22 03:00:00,28.2,77,0.0,26.29,9.85,7.46
2025-05-22 04:00:00,30.9,65,0.1,27.37,9.4,7.46
2025-05-22 05:00:00,31.6,61,0.1,28.34,9.13,7.5
2025-05-22 06:00:00,32.5,58,0.2,29.29,8.88,7.68
2025-05-22 07:00:00,33.0,56,0.1,30.1,8.68,7.69
2025-05-22 08:00:00,33.2,56,0.1,30.73,8.56,7.45
2025-05-22 09:00:00,32.7,58,0.1,31.02,8.53,7.64
2025-05-22 10:00:00,31.8,61,0.2,30.96,8.59,7.44
2025-05-22 11:00:00,31.1,65,0.3,30.7,8.71,7.42
2025-05-22 12:00:00,30.0,71,0.1,30.19,8.92,7.51
2025-05-22 13:00:00,29.4,73,0.0,29.65,9.07,7.38
2025-05-22 14:00:00,27.9,80,0.2,28.83,9.36,7.18
2025-05-22 15:00:00,27.8,82,0.0,28.22,9.53,7.08
2025-05-22 16:00:00,27.4,83,0.0,27.67,9.66,6.91
2025-05-22 17:00:00,26.7,87,0.1,27.08,9.86,7.02
2025-05-22 18:00:00,26.3,89,0.0,26.55,10.02,7.07
2025-05-22 19:00:00,26.1,90,0.0,26.11,10.13,7.01
2025-05-22 20:00:00,26.0,90,0.0,25.78,10.2,7.13
2025-05-22 21:00:00,25.7,91,0.2,25.46,10.29,7.19
2025-05-22 22:00:00,25.3,92,0.1,25.11,10.38,7.23
2025-05-22 23:00:00,25.1,92,0.1,24.81,10.45,7.26
2025-05-23 00:00:00,25.4,93,0.1,24.68,10.49,7.42
2025-05-23 01:00:00,26.0,86,0.1,24.78,10.34,7.53
2025-05-23 02:00:00,27.1,79,0.1,25.18,10.12,7.44
2025-05-23 03:00:00,27.7,75,0.0,25.63,9.95,7.76
2025-05-23 04:00:00,30.2,66,0.0,26.7,9.56,7.64
2025-05-23 05:00:00,31.2,63,0.0,27.75,9.28,7.67
2025-05-23 06:00:00,31.6,61,0.1,28.61,9.07,7.74
2025-05-23 07:00:00,31.8,59,0.3,29.26,8.9,7.66
2025-05-23 08:00:00,32.3,59,0.3,29.88,8.78,7.7
2025-05-23 09:00:00,29.2,74,0.8,29.37,9.14,7.56
2025-05-23 10:00:00,30.6,66,0.1,29.44,8.99,7.45
2025-05-23 11:00:00,29.6,73,0.3,29.19,9.17,7.46
2025-05-23 12:00:00,27.6,82,0.4,28.41,9.49,7.23
2025-05-23 13:00:00,27.7,83,0.2,27.9,9.62,7.3
2025-05-23 14:00:00,27.2,85,0.4,27.39,9.76,7.21
2025-05-23 15:00:00,25.9,91,0.4,26.64,10.03,7.13
2025-05-23 16:00:00,25.2,91,0.3,25.91,10.19,7.11
2025-05-23 17:00:00,24.6,91,0.1,25.22,10.34,6.92
2025-05-23 18:00:00,24.6,92,0.1,24.73,10.46,7.05
2025-05-23 19:00:00,24.9,92,0.1,24.48,10.52,7.13
2025-05-23 20:00:00,24.6,94,0.8,24.22,10.62,7.13
2025-05-23 21:00:00,24.2,94,0.1,23.91,10.68,7.1
2025-05-23 22:00:00,24.3,96,0.5,23.73,10.76,7.37
2025-05-23 23:00:00,24.7,96,0.2,23.72,10.76,7.24
2025-05-24 00:00:00,24.8,96,0.6,23.74,10.76,7.48
2025-05-24 01:00:00,24.4,96,1.4,23.64,10.78,7.47
2025-05-24 02:00:00,24.9,93,0.5,23.72,10.7,7.48
2025-05-24 03:00:00,26.1,87,0.3,24.13,10.5,7.79
2025-05-24 04:00:00,26.5,87,0.3,24.54,10.41,7.53
2025-05-24 05:00:00,27.2,83,0.5,25.04,10.23,7.76
2025-05-24 06:00:00,28.0,79,0.3,25.63,10.02,7.78
2025-05-24 07:00:00,28.2,78,0.2,26.1,9.91,7.61
2025-05-24 08:00:00,29.1,75,0.3,26.7,9.72,7.77
2025-05-24 09:00:00,28.2,78,0.3,26.85,9.75,7.56
2025-05-24 10:00:00,26.4,88,2.0,26.41,10.03,7.49
2025-05-24 11:00:00,26.8,86,0.1,26.23,10.03,7.49
2025-05-24 12:00:00,25.7,92,0.8,25.77,10.24,7.34
2025-05-24 13:00:00,28.4,77,0.0,26.26,9.85,7.4
2025-05-24 14:00:00,28.0,80,0.0,26.48,9.86,7.32
2025-05-24 15:00:00,26.1,88,0.4,26.07,10.1,6.99
2025-05-24 16:00:00,25.7,90,0.2,25.66,10.23,7.26
2025-05-24 17:00:00,25.6,92,0.2,25.34,10.33,6.94
2025-05-24 18:00:00,25.6,92,0.1,25.12,10.38,7.2
2025-05-24 19:00:00,25.9,91,0.1,25.05,10.38,7.22
2025-05-24 20:00:00,24.9,91,0.2,24.71,10.45,7.03
2025-05-24 21:00:00,25.2,93,0.4,24.55,10.52,7.13
2025-05-24 22:00:00,24.7,94,0.2,24.3,10.6,7.14
2025-05-24 23:00:00,24.6,94,0.3,24.09,10.64,7.3
2025-05-25 00:00:00,24.5,95,0.3,23.91,10.7,7.37
2025-05-25 01:00:00,24.5,94,0.1,23.79,10.71,7.57
2025-05-25 02:00:00,25.0,92,0.0,23.85,10.66,7.7
2025-05-25 03:00:00,26.4,86,0.0,24.32,10.44,7.77
2025-05-25 04:00:00,27.6,83,0.0,25.0,10.23,7.61
2025-05-25 05:00:00,29.4,74,0.1,26.02,9.85,7.66
2025-05-25 06:00:00,27.3,86,0.6,26.1,10.05,7.49
2025-05-25 07:00:00,29.2,76,0.2,26.73,9.73,7.59
2025-05-25 08:00:00,29.4,73,0.1,27.23,9.57,7.74
2025-05-25 09:00:00,29.3,74,0.3,27.55,9.53,7.74
2025-05-25 10:00:00,28.0,81,0.8,27.39,9.69,7.37
2025-05-25 11:00:00,27.4,85,0.3,27.09,9.82,7.39
2025-05-25 12:00:00,28.0,82,0.0,27.06,9.78,7.39
2025-05-25 13:00:00,26.4,91,0.3,26.56,10.05,7.32
2025-05-25 14:00:00,26.4,91,0.1,26.22,10.12,7.16
2025-05-25 15:00:00,26.1,92,0.2,25.88,10.22,7.22
2025-05-25 16:00:00,25.5,92,0.3,25.47,10.31,7.08
2025-05-25 17:00:00,24.9,92,0.3,25.0,10.41,7.1
2025-05-25 18:00:00,24.4,94,0.4,24.52,10.55,7.14
2025-05-25 19:00:00,24.2,94,0.2,24.12,10.64,7.12
2025-05-25 20:00:00,24.3,94,0.2,23.88,10.69,7.1
2025-05-25 21:00:00,24.6,93,0.4,23.79,10.69,7.17
2025-05-25 22:00:00,24.6,97,0.5,23.74,10.78,7.23
2025-05-25 23:00:00,25.0,95,0.2,23.81,10.72,7.29
2025-05-26 00:00:00,25.0,94,0.1,23.87,10.69,7.39
2025-05-26 01:00:00,24.5,94,0.3,23.76,10.71,7.64
2025-05-26 02:00:00,24.9,97,0.6,23.8,10.76,7.59
2025-05-26 03:00:00,25.8,92,0.8,24.1,10.6,7.55
2025-05-26 04:00:00,25.8,94,1.0,24.31,10.59,7.69
2025-05-26 05:00:00,27.2,85,0.4,24.88,10.3,7.64
2025-05-26 06:00:00,27.5,80,0.5,25.36,10.1,7.79
2025-05-26 07:00:00,28.2,79,0.5,25.91,9.96,7.7
2025-05-26 08:00:00,28.3,77,0.4,26.33,9.84,7.62
2025-05-26 09:00:00,28.4,77,0.6,26.65,9.77,7.61
2025-05-26 10:00:00,28.0,80,0.3,26.76,9.8,7.36
2025-05-26 11:00:00,27.1,85,0.4,26.56,9.94,7.33
2025-05-26 12:00:00,26.0,90,1.0,26.09,10.13,7.22
2025-05-26 13:00:00,25.5,96,0.8,25.61,10.35,7.29
2025-05-26 14:00:00,26.1,94,0.3,25.46,10.34,7.41
2025-05-26 15:00:00,25.7,94,0.4,25.23,10.39,7.39
2025-05-26 16:00:00,25.1,94,0.1,24.89,10.47,7.21
2025-05-26 17:00:00,24.9,95,0.2,24.59,10.55,7.16
2025-05-26 18:00:00,24.9,94,0.3,24.39,10.58,6.92
2025-05-26 19:00:00,24.4,95,0.5,24.09,10.66,7.04
2025-05-26 20:00:00,24.3,95,0.3,23.85,10.71,7.06
2025-05-26 21:00:00,25.3,94,0.2,23.99,10.67,7.13
2025-05-26 22:00:00,24.3,97,0.7,23.78,10.77,7.21
2025-05-26 23:00:00,24.6,97,0.3,23.73,10.78,7.28
2025-05-27 00:00:00,24.9,96,0.3,23.78,10.75,7.2
2025-05-27 01:00:00,25.8,92,0.2,24.09,10.6,7.56
2025-05-27 02:00:00,24.3,94,0.4,23.85,10.7,7.44
2025-05-27 03:00:00,25.6,90,0.1,24.07,10.57,7.65
2025-05-27 04:00:00,25.7,90,0.4,24.26,10.53,7.86
2025-05-27 05:00:00,27.2,89,1.1,24.84,10.38,7.55
2025-05-27 06:00:00,26.9,83,0.2,25.16,10.2,7.44
2025-05-27 07:00:00,26.5,83,0.5,25.26,10.18,7.64
2025-05-27 08:00:00,27.3,79,0.1,25.57,10.04,7.77
2025-05-27 09:00:00,26.9,84,0.2,25.67,10.11,7.8
2025-05-27 10:00:00,26.8,85,0.3,25.71,10.12,7.41
2025-05-27 11:00:00,25.9,90,0.6,25.47,10.27,7.5
2025-05-27 12:00:00,26.0,90,0.2,25.33,10.3,7.35
2025-05-27 13:00:00,25.2,94,0.5,24.99,10.45,7.29
2025-05-27 14:00:00,26.5,93,0.2,25.14,10.39,7.51
2025-05-27 15:00:00,26.8,93,0.6,25.34,10.35,7.01
2025-05-27 16:00:00,25.0,96,1.0,24.94,10.5,7.12
2025-05-27 17:00:00,25.0,97,0.7,24.66,10.58,7.13
2025-05-27 18:00:00,24.8,97,0.5,24.4,10.63,7.19
2025-05-27 19:00:00,24.6,97,1.2,24.16,10.69,7.08
2025-05-27 20:00:00,24.5,98,0.7,23.96,10.75,7.15
2025-05-27 21:00:00,24.5,97,0.8,23.82,10.76,7.12
2025-05-27 22:00:00,25.5,94,0.9,24.03,10.66,7.25
2025-05-27 23:00:00,25.8,92,0.6,24.26,10.57,7.27
2025-05-28 00:00:00,25.5,93,0.7,24.33,10.57,7.44
2025-05-28 01:00:00,25.7,94,0.7,24.44,10.57,7.41
2025-05-28 02:00:00,27.4,90,0.1,25.03,10.36,7.59
2025-05-28 03:00:00,29.0,76,0.1,25.92,9.91,7.6
2025-05-28 04:00:00,29.1,81,0.0,26.57,9.86,7.77
2025-05-28 05:00:00,29.2,76,0.1,27.06,9.67,7.67
2025-05-28 06:00:00,30.5,74,0.1,27.79,9.48,7.5
2025-05-28 07:00:00,30.9,71,0.0,28.43,9.29,7.79
2025-05-28 08:00:00,30.4,71,0.1,28.72,9.23,7.53
2025-05-28 09:00:00,30.0,76,0.9,28.8,9.3,7.47
2025-05-28 10:00:00,29.8,76,0.1,28.8,9.3,7.45
2025-05-28 11:00:00,29.1,75,0.1,28.59,9.33,7.58
2025-05-28 12:00:00,28.9,75,0.0,28.38,9.37,7.16
2025-05-28 13:00:00,27.5,86,0.4,27.82,9.69,7.59
2025-05-28 14:00:00,27.0,89,0.7,27.27,9.86,7.3
2025-05-28 15:00:00,26.3,90,0.5,26.68,10.0,7.17
2025-05-28 16:00:00,24.7,96,1.7,25.79,10.31,7.06
2025-05-28 17:00:00,24.5,98,1.1,25.1,10.5,7.09
2025-05-28 18:00:00,25.5,94,1.3,24.92,10.46,7.1
2025-05-28 19:00:00,25.0,95,0.6,24.64,10.54,7.15
2025-05-28 20:00:00,25.7,91,0.8,24.66,10.46,7.16
2025-05-28 21:00:00,25.8,91,1.1,24.7,10.45,7.15
2025-05-28 22:00:00,25.6,91,1.0,24.67,10.46,7.19
2025-05-28 23:00:00,26.5,91,0.4,24.92,10.4,7.29
2025-05-29 00:00:00,26.4,91,0.2,25.06,10.37,7.38
2025-05-29 01:00:00,26.8,89,0.5,25.28,10.29,7.57
2025-05-29 02:00:00,26.2,91,1.1,25.26,10.33,7.56
2025-05-29 03:00:00,27.3,89,0.5,25.57,10.23,7.29
2025-05-29 04:00:00,26.4,88,1.1,25.52,10.22,7.67
2025-05-29 05:00:00,26.3,87,0.9,25.45,10.21,7.66
2025-05-29 06:00:00,26.6,87,3.2,25.5,10.2,7.59
2025-05-29 07:00:00,29.0,77,0.2,26.25,9.86,7.63
2025-05-29 08:00:00,29.0,79,0.1,26.77,9.78,7.76
2025-05-29 09:00:00,27.9,82,0.7,26.81,9.83,7.66
2025-05-29 10:00:00,28.4,80,0.2,26.99,9.75,7.45
2025-05-29 11:00:00,27.4,85,0.6,26.81,9.88,7.47
2025-05-29 12:00:00,25.0,94,2.0,25.97,10.23,7.22
2025-05-29 13:00:00,24.8,96,0.7,25.32,10.41,7.15
2025-05-29 14:00:00,24.9,94,0.6,24.89,10.47,7.16
2025-05-29 15:00:00,24.9,94,2.6,24.59,10.53,7.19
2025-05-29 16:00:00,25.0,96,1.4,24.42,10.61,7.18
2025-05-29 17:00:00,25.3,94,2.7,24.38,10.58,7.07
2025-05-29 18:00:00,25.2,94,0.3,24.33,10.59,7.17
2025-05-29 19:00:00,25.5,93,0.5,24.38,10.56,7.15
2025-05-29 20:00:00,24.4,97,1.3,24.09,10.7,7.03
2025-05-29 21:00:00,24.1,98,2.4,23.79,10.79,7.16
2025-05-29 22:00:00,24.6,97,2.3,23.73,10.78,7.26
2025-05-29 23:00:00,24.8,96,0.9,23.75,10.76,7.37
2025-05-30 00:00:00,25.0,94,0.7,23.83,10.7,7.5
2025-05-30 01:00:00,24.7,96,0.5,23.79,10.75,7.54
2025-05-30 02:00:00,25.5,93,0.4,24.0,10.64,7.58
2025-05-30 03:00:00,25.7,93,0.5,24.21,10.6,7.7
2025-05-30 04:00:00,25.1,96,0.9,24.18,10.66,7.62
2025-05-30 05:00:00,25.8,93,0.9,24.36,10.56,7.57
2025-05-30 06:00:00,25.2,96,1.1,24.32,10.63,7.64
2025-05-30 07:00:00,26.1,91,1.0,24.55,10.48,7.57
2025-05-30 08:00:00,27.5,86,0.5,25.14,10.26,7.57
2025-05-30 09:00:00,24.8,92,1.4,24.73,10.46,7.54
2025-05-30 10:00:00,25.9,93,0.5,24.78,10.47,7.45
2025-05-30 11:00:00,24.6,94,1.8,24.43,10.57,7.38
2025-05-30 12:00:00,25.1,94,0.4,24.33,10.59,7.2
2025-05-30 13:00:00,24.4,95,1.0,24.05,10.67,7.31
2025-05-30 14:00:00,24.6,91,0.6,23.92,10.62,7.23
2025-05-30 15:00:00,25.0,88,0.1,23.94,10.56,7.12
2025-05-30 16:00:00,25.2,89,0.2,24.02,10.56,7.21
2025-05-30 17:00:00,24.3,97,0.9,23.8,10.76,7.17
2025-05-30 18:00:00,24.3,95,1.2,23.65,10.76,6.9
2025-05-30 19:00:00,24.5,94,0.2,23.61,10.75,7.04
2025-05-30 20:00:00,24.4,93,0.1,23.54,10.74,7.08
2025-05-30 21:00:00,24.4,92,0.1,23.5,10.73,7.11
2025-05-30 22:00:00,24.2,92,0.0,23.41,10.75,7.36
2025-05-30 23:00:00,24.4,91,0.0,23.41,10.73,7.33
2025-05-31 00:00:00,24.3,90,0.0,23.38,10.72,7.4
2025-05-31 01:00:00,24.4,91,0.1,23.38,10.74,7.3
2025-05-31 02:00:00,24.6,90,0.1,23.45,10.7,7.63
2025-05-31 03:00:00,25.2,88,0.1,23.67,10.62,7.5
2025-05-31 04:00:00,26.2,84,0.0,24.13,10.44,7.68
2025-05-31 05:00:00,28.7,73,0.0,25.2,10.0,7.73
2025-05-31 06:00:00,29.2,73,0.0,26.1,9.81,7.84
2025-05-31 07:00:00,28.9,74,0.0,26.64,9.72,7.55
2025-05-31 08:00:00,29.5,71,0.0,27.2,9.54,7.35
2025-05-31 09:00:00,29.1,74,0.0,27.47,9.54,7.62
2025-05-31 10:00:00,29.5,71,0.0,27.78,9.42,7.71
2025-05-31 11:00:00,28.2,78,0.0,27.6,9.59,7.59
2025-05-31 12:00:00,27.1,84,0.0,27.15,9.79,7.41
2025-05-31 13:00:00,27.7,79,0.0,27.02,9.73,7.26
2025-05-31 14:00:00,27.4,82,0.0,26.83,9.82,7.32
2025-05-31 15:00:00,27.1,85,0.0,26.61,9.93,7.08
2025-05-31 16:00:00,26.7,86,0.0,26.34,10.0,7.18
2025-05-31 17:00:00,26.1,87,0.0,25.97,10.1,7.16
2025-05-31 18:00:00,25.8,89,0.0,25.62,10.22,7.21
2025-05-31 19:00:00,25.6,90,0.0,25.31,10.3,7.39
2025-05-31 20:00:00,25.5,91,0.0,25.07,10.37,7.19
2025-05-31 21:00:00,25.7,90,0.0,24.96,10.38,7.15
2025-05-31 22:00:00,25.6,90,0.0,24.85,10.4,7.26
2025-05-31 23:00:00,25.8,89,0.0,24.84,10.38,7.16
2025-06-01 00:00:00,25.9,88,0.0,24.85,10.36,7.34
2025-06-01 01:00:00,26.6,85,0.0,25.08,10.26,7.45
2025-06-01 02:00:00,27.4,82,0.0,25.47,10.11,7.5
2025-06-01 03:00:00,28.7,79,0.0,26.14,9.92,7.63
2025-06-01 04:00:00,29.8,74,0.0,26.94,9.65,7.57
2025-06-01 05:00:00,30.7,68,0.0,27.77,9.37,7.78
2025-06-01 06:00:00,31.5,65,0.0,28.59,9.15,7.67
2025-06-01 07:00:00,31.6,66,0.0,29.19,9.04,7.66
2025-06-01 08:00:00,31.6,65,0.0,29.61,8.94,7.59
2025-06-01 09:00:00,31.2,68,0.0,29.79,8.95,7.59
2025-06-01 10:00:00,30.8,69,0.0,29.79,8.97,7.59
2025-06-01 11:00:00,30.1,74,0.0,29.58,9.1,7.36
2025-06-01 12:00:00,29.0,79,0.0,29.11,9.29,7.3
2025-06-01 13:00:00,28.7,78,0.0,28.69,9.36,7.27
2025-06-01 14:00:00,28.2,80,0.0,28.24,9.49,7.09
2025-06-01 15:00:00,27.9,80,0.0,27.84,9.57,7.09
2025-06-01 16:00:00,27.6,82,0.0,27.47,9.69,7.08
2025-06-01 17:00:00,27.4,83,0.0,27.15,9.78,7.19
2025-06-01 18:00:00,27.2,84,0.0,26.86,9.85,7.12
2025-06-01 19:00:00,26.9,84,0.0,26.57,9.92,7.12
2025-06-01 20:00:00,26.6,85,0.0,26.28,10.0,7.22
2025-06-01 21:00:00,26.3,86,0.0,25.99,10.08,7.17
2025-06-01 22:00:00,26.1,86,0.0,25.72,10.14,7.29
2025-06-01 23:00:00,26.0,85,0.0,25.5,10.16,7.32
2025-06-02 00:00:00,26.2,83,0.0,25.41,10.15,7.43
2025-06-02 01:00:00,26.9,78,0.0,25.56,10.02,7.42
2025-06-02 02:00:00,27.5,78,0.0,25.84,9.96,7.31
2025-06-02 03:00:00,28.5,77,0.0,26.34,9.84,7.6
2025-06-02 04:00:00,29.9,70,0.0,27.11,9.55,7.79
2025-06-02 05:00:00,30.7,68,0.0,27.89,9.35,7.76
2025-06-02 06:00:00,31.3,65,0.0,28.61,9.14,7.77
2025-06-02 07:00:00,31.2,67,0.0,29.09,9.08,7.78
2025-06-02 08:00:00,30.8,69,0.0,29.3,9.07,7.64
2025-06-02 09:00:00,30.4,72,0.0,29.33,9.12,7.6
2025-06-02 10:00:00,29.8,74,0.0,29.17,9.19,7.46
2025-06-02 11:00:00,29.3,76,0.0,28.91,9.28,7.42
2025-06-02 12:00:00,28.7,79,0.0,28.55,9.41,7.44
2025-06-02 13:00:00,28.1,79,0.0,28.11,9.5,7.42
2025-06-02 14:00:00,27.8,79,0.0,27.72,9.58,7.22
2025-06-02 15:00:00,27.6,79,0.0,27.38,9.65,7.13
2025-06-02 16:00:00,27.4,80,0.0,27.09,9.73,7.13
2025-06-02 17:00:00,27.0,84,0.0,26.76,9.88,7.16
2025-06-02 18:00:00,26.7,85,0.0,26.44,9.96,6.95
2025-06-02 19:00:00,26.5,84,0.0,26.16,10.0,6.88
2025-06-02 20:00:00,26.1,85,0.0,25.84,10.09,7.09
2025-06-02 21:00:00,25.7,86,0.0,25.5,10.18,7.07
2025-06-02 22:00:00,25.6,86,0.0,25.23,10.24,7.21
2025-06-02 23:00:00,25.3,87,0.0,24.95,10.32,7.32
2025-06-03 00:00:00,25.4,86,0.0,24.79,10.34,7.37
2025-06-03 01:00:00,26.7,84,0.0,25.06,10.24,7.63
2025-06-03 02:00:00,27.2,83,0.0,25.4,10.15,7.59
2025-06-03 03:00:00,28.0,80,0.0,25.88,9.99,7.64
2025-06-03 04:00:00,29.3,73,0.0,26.61,9.71,7.72
2025-06-03 05:00:00,30.1,70,0.1,27.35,9.49,7.55
2025-06-03 06:00:00,30.1,69,0.2,27.88,9.37,7.77
2025-06-03 07:00:00,30.6,67,0.2,28.39,9.22,7.64
2025-06-03 08:00:00,30.2,67,0.3,28.64,9.17,7.68
2025-06-03 09:00:00,29.3,72,0.2,28.54,9.28,7.47
2025-06-03 10:00:00,28.8,77,0.3,28.31,9.42,7.35
2025-06-03 11:00:00,28.4,78,0.1,28.04,9.5,7.53
2025-06-03 12:00:00,28.0,80,0.0,27.73,9.6,7.42
2025-06-03 13:00:00,27.5,81,0.0,27.36,9.69,7.22
2025-06-03 14:00:00,27.1,83,0.0,26.98,9.81,7.15
2025-06-03 15:00:00,26.9,85,0.0,26.66,9.92,7.29
2025-06-03 16:00:00,26.6,86,0.0,26.34,10.0,7.02
2025-06-03 17:00:00,26.3,86,0.0,26.03,10.07,7.27
2025-06-03 18:00:00,26.1,85,0.0,25.75,10.11,7.01
2025-06-03 19:00:00,25.7,87,0.0,25.43,10.22,7.18
2025-06-03 20:00:00,25.4,88,0.0,25.12,10.3,7.12
2025-06-03 21:00:00,25.0,91,0.0,24.79,10.43,7.26
2025-06-03 22:00:00,24.3,92,0.2,24.34,10.55,7.2
2025-06-03 23:00:00,24.6,91,0.0,24.12,10.58,7.32
2025-06-04 00:00:00,24.4,90,0.0,23.9,10.6,7.43
2025-06-04 01:00:00,25.5,90,0.0,24.08,10.57,7.4
2025-06-04 02:00:00,26.3,84,0.0,24.45,10.37,7.64
2025-06-04 03:00:00,27.4,80,0.0,25.03,10.17,7.57
2025-06-04 04:00:00,28.4,75,0.0,25.74,9.92,7.64
2025-06-04 05:00:00,28.9,73,0.0,26.39,9.75,7.59
2025-06-04 06:00:00,29.7,69,0.1,27.08,9.53,7.43
2025-06-04 07:00:00,29.7,69,0.0,27.57,9.43,7.65
2025-06-04 08:00:00,29.8,69,0.1,27.94,9.35,7.87
2025-06-04 09:00:00,29.8,69,0.0,28.2,9.3,7.67
2025-06-04 10:00:00,29.4,71,0.0,28.26,9.32,7.53
2025-06-04 11:00:00,28.9,74,0.0,28.15,9.4,7.43
2025-06-04 12:00:00,28.1,77,0.0,27.84,9.52,7.38
2025-06-04 13:00:00,28.0,78,0.0,27.58,9.59,7.36
2025-06-04 14:00:00,27.8,79,0.0,27.35,9.66,7.12
2025-06-04 15:00:00,27.6,81,0.0,27.12,9.74,7.29
2025-06-04 16:00:00,27.2,83,0.0,26.85,9.84,7.2
2025-06-04 17:00:00,27.1,83,0.0,26.62,9.89,7.18
2025-06-04 18:00:00,26.8,84,0.0,26.38,9.96,7.14
2025-06-04 19:00:00,26.5,87,0.0,26.11,10.07,7.11
2025-06-04 20:00:00,26.2,88,0.0,25.84,10.15,7.21
2025-06-04 21:00:00,26.0,88,0.0,25.59,10.2,7.25
2025-06-04 22:00:00,25.9,88,0.0,25.38,10.25,7.22
2025-06-04 23:00:00,25.8,87,0.0,25.21,10.27,7.27
2025-06-05 00:00:00,25.8,87,0.0,25.08,10.29,7.42
2025-06-05 01:00:00,26.4,88,0.0,25.18,10.29,7.64
2025-06-05 02:00:00,27.2,86,0.0,25.49,10.19,7.43
2025-06-05 03:00:00,28.6,78,0.0,26.12,9.9,7.46
2025-06-05 04:00:00,30.2,69,0.0,27.04,9.54,7.67
2025-06-05 05:00:00,31.0,66,0.0,27.93,9.3,7.68
2025-06-05 06:00:00,31.8,62,0.0,28.79,9.05,7.69
2025-06-05 07:00:00,31.9,63,0.0,29.42,8.94,7.68
2025-06-05 08:00:00,31.8,66,0.0,29.84,8.91,7.6
2025-06-05 09:00:00,31.5,69,0.0,30.04,8.92,7.72
2025-06-05 10:00:00,30.7,71,0.0,29.94,8.97,7.35
2025-06-05 11:00:00,29.7,75,0.0,29.56,9.12,7.36
2025-06-05 12:00:00,28.7,80,0.0,29.01,9.33,7.36
2025-06-05 13:00:00,28.8,77,0.0,28.64,9.35,7.13
2025-06-05 14:00:00,28.3,78,0.0,28.24,9.45,7.21
2025-06-05 15:00:00,27.9,80,0.0,27.84,9.57,7.34
2025-06-05 16:00:00,27.4,83,0.0,27.41,9.72,7.13
2025-06-05 17:00:00,27.0,86,0.0,26.98,9.87,7.12
2025-06-05 18:00:00,26.7,88,0.0,26.6,9.99,6.97
2025-06-05 19:00:00,26.5,88,0.0,26.27,10.06,7.05
2025-06-05 20:00:00,26.5,87,0.0,26.04,10.09,7.1
2025-06-05 21:00:00,26.4,86,0.0,25.85,10.11,7.16
2025-06-05 22:00:00,26.2,86,0.0,25.65,10.15,7.38
2025-06-05 23:00:00,26.0,88,0.0,25.46,10.23,7.38
2025-06-06 00:00:00,25.9,88,0.0,25.29,10.27,7.3
2025-06-06 01:00:00,26.7,83,0.0,25.41,10.15,7.51
2025-06-06 02:00:00,27.6,78,0.0,25.77,9.98,7.6
2025-06-06 03:00:00,29.1,70,0.0,26.47,9.68,7.72
2025-06-06 04:00:00,30.6,61,0.0,27.41,9.32,7.8
2025-06-06 05:00:00,31.6,57,0.0,28.37,9.05,7.56
2025-06-06 06:00:00,32.3,55,0.0,29.25,8.84,7.59
2025-06-06 07:00:00,32.5,55,0.0,29.92,8.7,7.52
2025-06-06 08:00:00,32.5,56,0.0,30.4,8.62,7.59
2025-06-06 09:00:00,31.8,60,0.0,30.52,8.67,7.61
2025-06-06 10:00:00,30.9,64,0.0,30.33,8.77,7.61
2025-06-06 11:00:00,30.1,67,0.0,29.96,8.9,7.43
2025-06-06 12:00:00,29.4,70,0.0,29.49,9.05,7.33
2025-06-06 13:00:00,28.9,74,0.0,29.02,9.22,7.31
2025-06-06 14:00:00,28.3,77,0.0,28.5,9.38,7.14
2025-06-06 15:00:00,28.0,79,0.0,28.05,9.51,7.38
2025-06-06 16:00:00,27.6,81,0.0,27.62,9.64,6.96
2025-06-06 17:00:00,27.3,83,0.0,27.22,9.76,7.12
2025-06-06 18:00:00,27.1,84,0.0,26.88,9.85,7.29
2025-06-06 19:00:00,26.8,85,0.0,26.56,9.94,7.11
2025-06-06 20:00:00,26.6,86,0.0,26.27,10.02,7.12
2025-06-06 21:00:00,26.4,86,0.0,26.01,10.07,7.15
2025-06-06 22:00:00,26.1,87,0.0,25.74,10.15,7.23
2025-06-06 23:00:00,25.9,87,0.0,25.49,10.21,7.46
2025-06-07 00:00:00,25.7,86,0.0,25.25,10.24,7.19
2025-06-07 01:00:00,26.5,81,0.0,25.33,10.13,7.64
2025-06-07 02:00:00,27.4,78,0.0,25.65,10.0,7.41
2025-06-07 03:00:00,28.9,72,0.0,26.32,9.75,7.58
2025-06-07 04:00:00,30.3,66,0.0,27.22,9.45,7.6
2025-06-07 05:00:00,31.2,62,0.0,28.11,9.19,7.73
2025-06-07 06:00:00,31.9,58,0.0,28.95,8.95,7.51
2025-06-07 07:00:00,32.1,58,0.0,29.59,8.82,7.7
2025-06-07 08:00:00,31.8,59,0.0,29.96,8.76,7.82
2025-06-07 09:00:00,31.3,62,0.0,30.06,8.79,7.44
2025-06-07 10:00:00,30.5,65,0.0,29.89,8.88,7.53
2025-06-07 11:00:00,29.8,69,0.0,29.56,9.02,7.38
2025-06-07 12:00:00,29.0,72,0.0,29.09,9.17,7.41
2025-06-07 13:00:00,28.6,73,0.0,28.65,9.28,7.3
2025-06-07 14:00:00,28.0,77,0.0,28.15,9.45,7.16
2025-06-07 15:00:00,27.6,78,0.0,27.69,9.57,7.22
2025-06-07 16:00:00,27.3,80,0.0,27.27,9.69,7.31
2025-06-07 17:00:00,27.0,81,0.0,26.89,9.79,7.08
2025-06-07 18:00:00,26.9,82,0.0,26.59,9.88,7.17
2025-06-07 19:00:00,26.7,82,0.0,26.32,9.93,6.98
2025-06-07 20:00:00,26.5,83,0.0,26.08,10.0,7.04
2025-06-07 21:00:00,26.2,84,0.0,25.81,10.08,7.24
2025-06-07 22:00:00,26.0,85,0.0,25.57,10.15,7.4
2025-06-07 23:00:00,25.7,86,0.0,25.31,10.22,7.36
2025-06-08 00:00:00,25.7,84,0.0,25.13,10.23,7.38
2025-06-08 01:00:00,26.5,83,0.0,25.24,10.18,7.49
2025-06-08 02:00:00,27.3,79,0.0,25.56,10.04,7.43
2025-06-08 03:00:00,29.0,68,0.0,26.29,9.68,7.67
2025-06-08 04:00:00,30.5,62,0.0,27.25,9.37,7.74
2025-06-08 05:00:00,31.5,59,0.0,28.23,9.12,7.62
2025-06-08 06:00:00,32.4,55,0.0,29.18,8.85,7.62
2025-06-08 07:00:00,32.9,53,0.0,30.0,8.65,7.68
2025-06-08 08:00:00,32.8,53,0.0,30.54,8.54,7.57
2025-06-08 09:00:00,31.8,58,0.0,30.62,8.61,7.56
2025-06-08 10:00:00,31.0,62,0.0,30.43,8.72,7.72
2025-06-08 11:00:00,30.4,63,0.0,30.12,8.8,7.41
2025-06-08 12:00:00,29.3,69,0.0,29.58,9.01,7.33
2025-06-08 13:00:00,28.5,73,0.0,28.95,9.21,7.23
2025-06-08 14:00:00,28.0,77,0.0,28.37,9.41,7.3
2025-06-08 15:00:00,28.0,77,0.0,27.96,9.5,7.15
2025-06-08 16:00:00,27.9,76,0.0,27.64,9.54,7.06
2025-06-08 17:00:00,27.6,77,0.0,27.33,9.63,7.23
2025-06-08 18:00:00,27.2,78,0.0,26.99,9.72,7.23
2025-06-08 19:00:00,26.7,82,0.0,26.6,9.87,7.04
2025-06-08 20:00:00,26.0,84,0.0,26.12,10.01,6.95
2025-06-08 21:00:00,26.1,80,0.0,25.82,10.0,7.29
2025-06-08 22:00:00,25.8,80,0.0,25.51,10.07,7.19
2025-06-08 23:00:00,26.0,78,0.0,25.36,10.06,7.41
2025-06-09 00:00:00,26.3,77,0.0,25.34,10.05,7.21
2025-06-09 01:00:00,26.2,81,0.0,25.3,10.13,7.57
2025-06-09 02:00:00,27.1,79,0.0,25.54,10.04,7.43
2025-06-09 03:00:00,28.7,72,0.0,26.19,9.77,7.68
2025-06-09 04:00:00,29.8,67,0.0,26.97,9.52,7.65
2025-06-09 05:00:00,31.1,61,0.0,27.91,9.22,7.58
2025-06-09 06:00:00,31.8,58,0.0,28.78,8.99,7.63
2025-06-09 07:00:00,32.4,56,0.0,29.56,8.79,7.72
2025-06-09 08:00:00,32.4,56,0.0,30.11,8.68,7.63
2025-06-09 09:00:00,31.4,61,0.0,30.2,8.75,7.63
2025-06-09 10:00:00,30.6,66,0.0,30.02,8.87,7.71
2025-06-09 11:00:00,29.9,69,0.0,29.68,8.99,7.28
2025-06-09 12:00:00,28.9,74,0.0,29.15,9.19,7.53
2025-06-09 13:00:00,28.6,79,0.0,28.68,9.38,7.31
2025-06-09 14:00:00,28.1,77,0.0,28.21,9.44,7.14
2025-06-09 15:00:00,27.7,79,0.0,27.76,9.57,7.04
2025-06-09 16:00:00,27.6,81,0.0,27.41,9.68,7.11
2025-06-09 17:00:00,27.3,83,0.0,27.08,9.79,7.19
2025-06-09 18:00:00,27.1,85,0.0,26.78,9.89,7.08
2025-06-09 19:00:00,26.8,85,0.0,26.49,9.95,7.26
2025-06-09 20:00:00,26.3,86,0.0,26.13,10.05,6.99
2025-06-09 21:00:00,25.7,87,0.0,25.7,10.16,7.19
2025-06-09 22:00:00,25.3,88,0.0,25.28,10.27,7.13
2025-06-09 23:00:00,25.6,88,0.0,25.08,10.31,7.37
2025-06-10 00:00:00,25.7,88,0.0,24.96,10.34,7.5
2025-06-10 01:00:00,26.4,86,0.0,25.09,10.27,7.44
2025-06-10 02:00:00,27.0,84,0.0,25.37,10.17,7.3
2025-06-10 03:00:00,28.4,75,0.0,25.98,9.87,7.63
2025-06-10 04:00:00,29.1,73,0.1,26.61,9.7,7.69
2025-06-10 05:00:00,28.3,75,0.2,26.82,9.7,7.71
2025-06-10 06:00:00,30.2,67,0.0,27.53,9.4,7.81
2025-06-10 07:00:00,30.8,64,0.1,28.21,9.21,7.55
2025-06-10 08:00:00,30.2,67,0.1,28.51,9.2,7.7
2025-06-10 09:00:00,30.0,68,0.1,28.66,9.19,7.7
2025-06-10 10:00:00,28.7,74,0.3,28.37,9.35,7.33
2025-06-10 11:00:00,28.0,77,0.2,27.96,9.49,7.48
2025-06-10 12:00:00,27.0,81,0.1,27.37,9.69,7.33
2025-06-10 13:00:00,27.0,81,0.0,26.96,9.78,7.3
2025-06-10 14:00:00,26.8,82,0.0,26.61,9.87,7.28
2025-06-10 15:00:00,26.6,83,0.0,26.31,9.95,7.14
2025-06-10 16:00:00,26.2,87,0.2,25.98,10.1,7.06
2025-06-10 17:00:00,25.7,91,0.3,25.59,10.26,7.1
2025-06-10 18:00:00,25.3,92,0.2,25.21,10.36,6.98
2025-06-10 19:00:00,24.8,91,0.1,24.78,10.43,7.01
2025-06-10 20:00:00,24.9,91,0.1,24.52,10.49,7.22
2025-06-10 21:00:00,24.7,92,0.1,24.27,10.56,7.08
2025-06-10 22:00:00,24.6,93,0.3,24.07,10.63,7.31
2025-06-10 23:00:00,24.7,93,0.1,23.96,10.65,7.38
2025-06-11 00:00:00,24.8,93,0.1,23.91,10.66,7.24
2025-06-11 01:00:00,24.2,94,0.3,23.7,10.73,7.41
2025-06-11 02:00:00,24.6,91,0.0,23.67,10.68,7.69
2025-06-11 03:00:00,25.3,90,0.2,23.86,10.61,7.52
2025-06-11 04:00:00,26.5,85,0.1,24.35,10.41,7.62
2025-06-11 05:00:00,27.1,81,0.0,24.88,10.22,7.75
2025-06-11 06:00:00,27.6,79,0.1,25.39,10.07,7.78
2025-06-11 07:00:00,29.0,72,0.1,26.17,9.78,7.66
2025-06-11 08:00:00,29.0,72,0.3,26.72,9.66,7.57
2025-06-11 09:00:00,28.2,74,0.4,26.87,9.67,7.72
2025-06-11 10:00:00,26.5,81,0.3,26.46,9.89,7.7
2025-06-11 11:00:00,27.4,78,0.2,26.44,9.83,7.56
2025-06-11 12:00:00,26.8,80,0.1,26.25,9.91,7.4
2025-06-11 13:00:00,26.4,83,0.1,25.99,10.02,7.23
2025-06-11 14:00:00,25.6,88,0.3,25.58,10.21,7.15
2025-06-11 15:00:00,24.5,93,0.9,24.95,10.44,7.2
2025-06-11 16:00:00,24.4,96,1.4,24.49,10.6,7.13
2025-06-11 17:00:00,24.8,94,0.4,24.28,10.6,7.24
2025-06-11 18:00:00,24.5,96,0.5,24.05,10.69,7.15
2025-06-11 19:00:00,24.6,95,0.3,23.91,10.7,6.96
2025-06-11 20:00:00,24.6,95,0.2,23.82,10.72,7.25
2025-06-11 21:00:00,24.3,95,0.0,23.66,10.76,7.11
2025-06-11 22:00:00,24.3,93,0.0,23.55,10.74,7.24
2025-06-11 23:00:00,24.5,93,0.0,23.54,10.74,7.37
2025-06-12 00:00:00,24.6,93,0.0,23.56,10.74,7.62
2025-06-12 01:00:00,25.5,87,0.0,23.84,10.56,7.81
2025-06-12 02:00:00,25.9,86,0.0,24.16,10.47,7.63
2025-06-12 03:00:00,26.7,82,0.0,24.62,10.3,7.61
2025-06-12 04:00:00,27.6,77,0.1,25.21,10.07,7.71
2025-06-12 05:00:00,29.3,68,0.0,26.14,9.71,7.78
2025-06-12 06:00:00,30.0,64,0.0,27.0,9.46,7.66
2025-06-12 07:00:00,30.5,63,0.0,27.75,9.29,7.85
2025-06-12 08:00:00,30.6,61,0.1,28.3,9.14,7.65
2025-06-12 09:00:00,29.7,66,0.3,28.42,9.2,7.62
2025-06-12 10:00:00,29.1,69,0.1,28.33,9.27,7.59
2025-06-12 11:00:00,28.4,73,0.1,28.05,9.4,7.49
2025-06-12 12:00:00,27.5,77,0.1,27.58,9.57,7.46
2025-06-12 13:00:00,25.7,89,1.0,26.72,9.98,7.2
2025-06-12 14:00:00,25.5,90,0.5,26.05,10.14,7.16
2025-06-12 15:00:00,25.2,91,0.2,25.5,10.28,7.07
2025-06-12 16:00:00,25.5,90,0.1,25.2,10.33,7.18
2025-06-12 17:00:00,25.2,90,0.1,24.9,10.39,7.19
2025-06-12 18:00:00,25.2,90,0.2,24.69,10.44,7.14
2025-06-12 19:00:00,25.0,91,0.2,24.48,10.5,7.28
2025-06-12 20:00:00,24.9,94,0.9,24.31,10.6,7.11
2025-06-12 21:00:00,24.5,96,0.8,24.07,10.69,7.23
2025-06-12 22:00:00,24.7,93,0.5,23.96,10.65,7.13
2025-06-12 23:00:00,24.8,93,0.6,23.91,10.66,7.27
2025-06-13 00:00:00,24.5,95,0.5,23.79,10.73,7.46
2025-06-13 01:00:00,24.9,93,0.6,23.82,10.68,7.55
2025-06-13 02:00:00,25.3,91,1.5,23.96,10.61,7.47
2025-06-13 03:00:00,26.5,87,0.1,24.43,10.43,7.61
2025-06-13 04:00:00,27.5,81,0.0,25.05,10.19,7.52
2025-06-13 05:00:00,28.4,75,0.3,25.75,9.92,7.64
2025-06-13 06:00:00,28.5,75,0.4,26.28,9.81,7.76
2025-06-13 07:00:00,28.7,73,0.3,26.7,9.69,7.72
2025-06-13 08:00:00,29.0,72,0.5,27.09,9.59,7.67
2025-06-13 09:00:00,28.8,74,0.4,27.31,9.58,7.58
2025-06-13 10:00:00,27.1,84,0.8,26.94,9.84,7.49
2025-06-13 11:00:00,27.0,81,0.2,26.66,9.84,7.39
2025-06-13 12:00:00,26.7,84,0.4,26.37,9.96,7.44
2025-06-13 13:00:00,26.1,85,0.2,25.99,10.06,7.35
2025-06-13 14:00:00,25.7,90,0.3,25.6,10.24,7.28
2025-06-13 15:00:00,25.6,90,0.2,25.3,10.3,7.13
2025-06-13 16:00:00,25.4,91,0.4,25.03,10.38,6.91
2025-06-13 17:00:00,25.3,92,0.1,24.81,10.45,7.22
2025-06-13 18:00:00,25.0,93,0.4,24.57,10.52,7.04
2025-06-13 19:00:00,24.7,94,0.6,24.31,10.6,7.0
2025-06-13 20:00:00,24.4,97,0.9,24.04,10.71,7.18
2025-06-13 21:00:00,24.5,96,0.7,23.87,10.73,7.13
2025-06-13 22:00:00,24.6,96,0.6,23.79,10.75,7.34
2025-06-13 23:00:00,24.4,96,2.6,23.67,10.77,7.3
2025-06-14 00:00:00,24.5,96,1.3,23.62,10.78,7.43
2025-06-14 01:00:00,24.7,95,1.2,23.65,10.76,7.3
2025-06-14 02:00:00,25.1,94,0.2,23.78,10.71,7.68
2025-06-14 03:00:00,25.8,90,0.2,24.09,10.57,7.64
2025-06-14 04:00:00,26.7,84,0.3,24.57,10.34,7.62
2025-06-14 05:00:00,27.4,78,0.5,25.12,10.11,7.68
2025-06-14 06:00:00,27.3,81,0.5,25.47,10.09,7.5
2025-06-14 07:00:00,26.9,85,0.5,25.6,10.14,7.7
2025-06-14 08:00:00,26.3,86,0.8,25.51,10.18,7.51
2025-06-14 09:00:00,27.3,82,0.4,25.75,10.06,7.45
2025-06-14 10:00:00,25.8,86,0.8,25.46,10.19,7.36
2025-06-14 11:00:00,25.7,91,0.9,25.23,10.34,7.55
2025-06-14 12:00:00,24.9,97,1.2,24.83,10.54,7.29
2025-06-14 13:00:00,25.6,91,0.1,24.76,10.44,7.48
2025-06-14 14:00:00,25.1,92,0.1,24.56,10.5,7.2
2025-06-14 15:00:00,24.9,93,0.2,24.37,10.56,7.02
2025-06-14 16:00:00,24.9,93,0.3,24.23,10.59,7.03
2025-06-14 17:00:00,24.3,95,0.9,23.95,10.69,7.2
2025-06-14 18:00:00,24.0,96,0.7,23.66,10.78,7.07
2025-06-14 19:00:00,23.7,96,0.5,23.37,10.84,7.05
2025-06-14 20:00:00,24.1,95,1.7,23.29,10.84,7.1
2025-06-14 21:00:00,23.8,97,1.1,23.14,10.91,7.21
2025-06-14 22:00:00,23.9,97,3.2,23.07,10.92,7.28
2025-06-14 23:00:00,24.0,95,0.8,23.05,10.89,7.45
2025-06-15 00:00:00,23.8,98,3.8,22.97,10.97,7.27
2025-06-15 01:00:00,24.2,96,4.0,23.04,10.91,7.25
2025-06-15 02:00:00,24.2,95,1.6,23.09,10.88,7.46
2025-06-15 03:00:00,24.6,94,2.3,23.24,10.83,7.57
2025-06-15 04:00:00,24.8,94,3.2,23.41,10.79,7.47
2025-06-15 05:00:00,24.5,93,0.4,23.44,10.77,7.59
2025-06-15 06:00:00,26.1,88,0.6,23.94,10.56,7.72
2025-06-15 07:00:00,27.9,81,0.3,24.83,10.23,7.68
2025-06-15 08:00:00,27.5,81,0.2,25.33,10.13,7.66
2025-06-15 09:00:00,26.6,85,1.0,25.41,10.18,7.49
2025-06-15 10:00:00,25.7,89,0.8,25.2,10.31,7.49
2025-06-15 11:00:00,24.7,96,1.2,24.75,10.54,7.33
2025-06-15 12:00:00,25.1,94,0.5,24.55,10.54,7.47
2025-06-15 13:00:00,25.5,89,0.2,24.54,10.45,7.43
2025-06-15 14:00:00,25.0,92,0.6,24.38,10.54,7.04
2025-06-15 15:00:00,24.5,96,1.5,24.11,10.68,7.04
2025-06-15 16:00:00,24.5,96,1.2,23.93,10.72,6.95
2025-06-15 17:00:00,24.3,96,1.5,23.74,10.76,6.99
2025-06-15 18:00:00,24.6,96,2.1,23.7,10.77,7.02
2025-06-15 19:00:00,24.7,97,2.6,23.7,10.79,6.89
2025-06-15 20:00:00,24.5,96,2.1,23.64,10.78,6.98
2025-06-15 21:00:00,24.5,96,2.0,23.6,10.79,7.02
2025-06-15 22:00:00,24.2,96,2.0,23.48,10.82,7.21
2025-06-15 23:00:00,24.2,96,0.8,23.39,10.83,7.31
2025-06-16 00:00:00,24.2,96,0.8,23.34,10.85,7.31
2025-06-16 01:00:00,25.1,89,0.0,23.57,10.66,7.52
2025-06-16 02:00:00,25.9,86,0.0,23.97,10.51,7.52
2025-06-16 03:00:00,26.7,84,0.1,24.49,10.36,7.59
2025-06-16 04:00:00,27.7,80,0.2,25.15,10.14,7.82
2025-06-16 05:00:00,27.2,81,0.5,25.47,10.1,7.8
2025-06-16 06:00:00,27.3,81,0.2,25.72,10.04,7.56
2025-06-16 07:00:00,26.7,85,0.3,25.71,10.12,7.75
2025-06-16 08:00:00,27.5,82,0.2,25.95,10.01,7.73
2025-06-16 09:00:00,26.6,83,0.8,25.84,10.05,7.45
2025-06-16 10:00:00,27.0,83,0.2,25.89,10.04,7.62
2025-06-16 11:00:00,25.5,91,0.7,25.47,10.28,7.59
2025-06-16 12:00:00,25.7,90,0.2,25.24,10.32,7.28
2025-06-16 13:00:00,26.1,87,0.2,25.2,10.27,7.22
2025-06-16 14:00:00,25.2,89,0.2,24.9,10.37,7.35
2025-06-16 15:00:00,25.1,91,0.2,24.66,10.46,7.21
2025-06-16 16:00:00,25.4,91,0.3,24.58,10.48,7.19
2025-06-16 17:00:00,24.7,95,0.4,24.32,10.61,7.13
2025-06-16 18:00:00,24.5,97,0.5,24.07,10.71,7.13
2025-06-16 19:00:00,24.1,96,0.4,23.78,10.75,6.97
2025-06-16 20:00:00,23.7,97,0.9,23.46,10.84,7.22
2025-06-16 21:00:00,23.6,97,0.9,23.2,10.9,7.28
2025-06-16 22:00:00,23.5,95,0.4,22.99,10.9,7.23
2025-06-16 23:00:00,23.7,94,0.2,22.9,10.9,7.33
2025-06-17 00:00:00,23.3,97,0.3,22.72,11.0,7.26
2025-06-17 01:00:00,25.5,93,0.0,23.26,10.8,7.56
2025-06-17 02:00:00,25.3,93,0.3,23.57,10.74,7.61
2025-06-17 03:00:00,25.7,91,0.3,23.91,10.62,7.61
2025-06-17 04:00:00,26.3,85,1.0,24.33,10.42,7.73
2025-06-17 05:00:00,26.3,92,1.3,24.62,10.49,7.6
2025-06-17 06:00:00,28.3,79,0.2,25.42,10.07,7.75
2025-06-17 07:00:00,27.1,82,1.0,25.63,10.08,7.54
2025-06-17 08:00:00,28.1,76,0.8,26.07,9.87,7.61
2025-06-17 09:00:00,27.9,80,1.3,26.32,9.9,7.52
2025-06-17 10:00:00,27.5,80,0.5,26.37,9.89,7.54
2025-06-17 11:00:00,26.3,86,0.6,26.05,10.07,7.4
2025-06-17 12:00:00,26.2,88,0.1,25.8,10.16,7.38
2025-06-17 13:00:00,27.8,80,0.0,26.1,9.94,7.4
2025-06-17 14:00:00,27.7,80,0.0,26.28,9.91,7.2
2025-06-17 15:00:00,26.8,82,0.0,26.13,9.97,7.03
2025-06-17 16:00:00,26.1,85,0.0,25.82,10.1,7.32
2025-06-17 17:00:00,25.9,86,0.0,25.55,10.17,7.25
2025-06-17 18:00:00,25.8,86,0.0,25.32,10.22,6.98
2025-06-17 19:00:00,25.6,87,0.0,25.11,10.29,7.19
2025-06-17 20:00:00,25.4,89,0.0,24.89,10.37,7.1
2025-06-17 21:00:00,25.3,89,0.0,24.72,10.41,7.23
2025-06-17 22:00:00,25.1,89,0.0,24.53,10.45,7.29
2025-06-17 23:00:00,25.2,89,0.0,24.43,10.47,7.31
2025-06-18 00:00:00,25.2,88,0.0,24.36,10.47,7.34
2025-06-18 01:00:00,25.4,88,0.0,24.37,10.46,7.42
2025-06-18 02:00:00,26.2,83,0.0,24.62,10.31,7.47
2025-06-18 03:00:00,27.0,81,0.0,25.04,10.19,7.54
2025-06-18 04:00:00,28.5,76,0.0,25.77,9.94,7.66
2025-06-18 05:00:00,29.4,72,0.0,26.56,9.7,7.61
2025-06-18 06:00:00,30.4,66,0.0,27.41,9.41,7.75
2025-06-18 07:00:00,30.6,66,0.0,28.07,9.27,7.82
2025-06-18 08:00:00,30.5,66,0.0,28.5,9.19,7.58
2025-06-18 09:00:00,29.7,69,0.0,28.56,9.23,7.61
2025-06-18 10:00:00,29.2,73,0.1,28.45,9.32,7.57
2025-06-18 11:00:00,28.6,77,0.0,28.2,9.44,7.5
2025-06-18 12:00:00,27.8,80,0.0,27.78,9.59,7.39
2025-06-18 13:00:00,27.1,83,0.0,27.27,9.75,7.38
2025-06-18 14:00:00,26.0,87,0.0,26.59,9.97,7.29
2025-06-18 15:00:00,25.7,87,0.0,26.02,10.09,7.06
2025-06-18 16:00:00,25.6,88,0.0,25.6,10.2,7.23
2025-06-18 17:00:00,25.7,89,0.0,25.33,10.28,7.21
2025-06-18 18:00:00,25.4,90,0.0,25.05,10.36,7.03
2025-06-18 19:00:00,25.2,90,0.0,24.79,10.41,7.13
2025-06-18 20:00:00,25.2,90,0.0,24.62,10.45,7.22
2025-06-18 21:00:00,25.1,90,0.0,24.46,10.48,7.18
2025-06-18 22:00:00,25.1,89,0.0,24.35,10.49,7.37
2025-06-18 23:00:00,25.0,89,0.0,24.25,10.51,7.58
2025-06-19 00:00:00,25.0,89,0.0,24.17,10.53,7.34
2025-06-19 01:00:00,25.9,90,0.0,24.39,10.5,7.36
2025-06-19 02:00:00,26.3,87,0.0,24.66,10.38,7.59
2025-06-19 03:00:00,27.4,82,0.0,25.18,10.18,7.69
2025-06-19 04:00:00,28.3,76,0.0,25.82,9.93,7.64
2025-06-19 05:00:00,29.0,73,0.1,26.47,9.73,7.82
2025-06-19 06:00:00,29.6,71,0.0,27.11,9.56,7.56
2025-06-19 07:00:00,30.0,70,0.0,27.68,9.43,7.74
2025-06-19 08:00:00,29.7,72,0.0,27.98,9.4,7.58
2025-06-19 09:00:00,29.5,73,0.0,28.14,9.38,7.76
2025-06-19 10:00:00,29.3,74,0.0,28.19,9.39,7.73
2025-06-19 11:00:00,28.8,76,0.0,28.07,9.45,7.38
2025-06-19 12:00:00,28.1,79,0.0,27.78,9.57,7.33
2025-06-19 13:00:00,27.9,79,0.0,27.52,9.62,7.39
2025-06-19 14:00:00,27.1,81,0.0,27.09,9.75,7.2
2025-06-19 15:00:00,26.9,82,0.0,26.73,9.85,7.18
2025-06-19 16:00:00,26.7,83,0.0,26.42,9.93,7.14
2025-06-19 17:00:00,26.4,85,0.0,26.12,10.03,6.92
2025-06-19 18:00:00,26.3,85,0.0,25.87,10.09,7.1
2025-06-19 19:00:00,26.3,85,0.0,25.7,10.12,7.04
2025-06-19 20:00:00,25.9,87,0.0,25.46,10.21,7.1
2025-06-19 21:00:00,25.6,88,0.0,25.2,10.29,7.34
2025-06-19 22:00:00,25.5,89,0.0,24.99,10.35,7.13
2025-06-19 23:00:00,25.4,90,0.0,24.81,10.41,7.42
2025-06-20 00:00:00,25.3,90,0.0,24.66,10.44,7.39
2025-06-20 01:00:00,25.7,87,0.0,24.67,10.38,7.46
2025-06-20 02:00:00,26.3,86,0.0,24.86,10.32,7.64
2025-06-20 03:00:00,27.5,80,0.0,25.35,10.1,7.65
2025-06-20 04:00:00,28.8,75,0.0,26.09,9.85,7.72
2025-06-20 05:00:00,29.7,69,0.0,26.87,9.58,7.78
2025-06-20 06:00:00,29.6,69,0.3,27.39,9.47,7.63
2025-06-20 07:00:00,30.1,67,0.1,27.9,9.33,7.6
2025-06-20 08:00:00,30.0,68,0.1,28.23,9.28,7.52
2025-06-20 09:00:00,29.7,71,0.0,28.37,9.3,7.51
2025-06-20 10:00:00,29.1,73,0.1,28.29,9.35,7.81
2025-06-20 11:00:00,28.7,74,0.1,28.11,9.41,7.57
2025-06-20 12:00:00,27.8,79,0.0,27.72,9.58,7.25
2025-06-20 13:00:00,27.6,81,0.0,27.38,9.69,7.18
2025-06-20 14:00:00,27.0,85,0.0,26.97,9.85,7.29
2025-06-20 15:00:00,26.2,85,0.0,26.44,9.96,7.24
2025-06-20 16:00:00,26.0,87,0.0,26.01,10.09,7.2
2025-06-20 17:00:00,25.8,88,0.0,25.64,10.19,7.09
2025-06-20 18:00:00,25.6,88,0.0,25.33,10.26,7.09
2025-06-20 19:00:00,25.3,87,0.0,25.02,10.31,7.15
2025-06-20 20:00:00,25.2,87,0.0,24.78,10.36,7.16
2025-06-20 21:00:00,25.1,88,0.0,24.57,10.42,6.98
2025-06-20 22:00:00,25.1,88,0.0,24.43,10.45,7.24
2025-06-20 23:00:00,25.1,87,0.0,24.33,10.45,7.25
2025-06-21 00:00:00,25.0,87,0.0,24.23,10.48,7.44
2025-06-21 01:00:00,25.6,86,0.0,24.34,10.43,7.79
2025-06-21 02:00:00,26.4,83,0.0,24.66,10.31,7.6
2025-06-21 03:00:00,27.5,79,0.0,25.21,10.11,7.59
2025-06-21 04:00:00,28.7,74,0.0,25.96,9.86,7.75
2025-06-21 05:00:00,29.9,68,0.0,26.84,9.56,7.73
2025-06-21 06:00:00,30.6,65,0.0,27.67,9.34,7.73
2025-06-21 07:00:00,30.6,65,0.0,28.25,9.22,7.73
2025-06-21 08:00:00,30.8,64,0.0,28.71,9.11,7.84
2025-06-21 09:00:00,30.5,65,0.0,28.95,9.07,7.47
2025-06-21 10:00:00,29.8,68,0.0,28.9,9.14,7.57
2025-06-21 11:00:00,28.8,74,0.0,28.57,9.31,7.36
2025-06-21 12:00:00,28.1,78,0.0,28.13,9.48,7.43
2025-06-21 13:00:00,27.6,81,0.0,27.67,9.63,7.21
2025-06-21 14:00:00,27.0,84,0.0,27.17,9.79,7.2
2025-06-21 15:00:00,26.8,83,0.0,26.76,9.86,7.15
2025-06-21 16:00:00,26.5,85,0.0,26.38,9.98,7.23
2025-06-21 17:00:00,26.2,85,0.0,26.03,10.05,7.2
2025-06-21 18:00:00,25.8,85,0.0,25.66,10.13,6.98
2025-06-21 19:00:00,25.7,85,0.0,25.37,10.19,7.12
2025-06-21 20:00:00,25.5,86,0.0,25.11,10.27,7.08
2025-06-21 21:00:00,25.5,85,0.0,24.93,10.29,7.07
2025-06-21 22:00:00,25.5,86,0.0,24.8,10.33,7.24
2025-06-21 23:00:00,25.2,86,0.0,24.62,10.37,7.31
2025-06-22 00:00:00,25.1,86,0.0,24.46,10.41,7.66
2025-06-22 01:00:00,26.0,82,0.0,24.62,10.29,7.53
2025-06-22 02:00:00,26.3,81,0.0,24.83,10.23,7.42
2025-06-22 03:00:00,27.4,77,0.0,25.3,10.06,7.56
2025-06-22 04:00:00,28.6,73,0.0,25.99,9.83,7.76
2025-06-22 05:00:00,29.8,68,0.0,26.83,9.57,7.89
2025-06-22 06:00:00,30.6,64,0.0,27.66,9.32,7.52
2025-06-22 07:00:00,30.5,65,0.0,28.21,9.23,7.48
2025-06-22 08:00:00,30.4,66,0.0,28.57,9.17,7.82
2025-06-22 09:00:00,29.9,68,0.0,28.67,9.19,7.62
2025-06-22 10:00:00,29.4,69,0.0,28.59,9.22,7.44
2025-06-22 11:00:00,29.1,70,0.0,28.44,9.27,7.51
2025-06-22 12:00:00,27.9,77,0.0,27.98,9.49,7.12
2025-06-22 13:00:00,27.2,80,0.0,27.45,9.66,7.31
2025-06-22 14:00:00,26.5,84,0.0,26.86,9.86,7.27
2025-06-22 15:00:00,26.1,87,0.0,26.33,10.02,7.28
2025-06-22 16:00:00,26.0,87,0.0,25.93,10.11,7.04
2025-06-22 17:00:00,25.3,88,0.1,25.44,10.23,7.12
2025-06-22 18:00:00,24.9,89,0.1,24.98,10.35,7.01
2025-06-22 19:00:00,24.9,88,0.0,24.66,10.4,7.15
2025-06-22 20:00:00,24.8,88,0.0,24.4,10.46,7.07
2025-06-22 21:00:00,24.6,89,0.0,24.16,10.53,7.17
2025-06-22 22:00:00,24.7,88,0.0,24.02,10.54,7.17
2025-06-22 23:00:00,24.7,89,0.0,23.93,10.58,7.41
2025-06-23 00:00:00,24.8,88,0.0,23.89,10.57,7.51
2025-06-23 01:00:00,25.8,85,0.0,24.16,10.45,7.47
2025-06-23 02:00:00,25.5,83,0.0,24.26,10.39,7.57
2025-06-23 03:00:00,26.6,78,0.0,24.66,10.21,7.48
2025-06-23 04:00:00,27.8,73,0.0,25.3,9.98,7.64
2025-06-23 05:00:00,28.9,69,0.0,26.08,9.74,7.68
2025-06-23 06:00:00,29.6,65,0.0,26.84,9.51,7.95
2025-06-23 07:00:00,29.3,67,0.0,27.28,9.46,7.57
2025-06-23 08:00:00,29.3,68,0.0,27.58,9.41,7.79
2025-06-23 09:00:00,28.8,70,0.0,27.65,9.43,7.7
2025-06-23 10:00:00,28.5,71,0.0,27.6,9.46,7.56
2025-06-23 11:00:00,28.3,73,0.0,27.51,9.52,7.64
2025-06-23 12:00:00,27.8,76,0.0,27.3,9.62,7.42
2025-06-23 13:00:00,28.0,78,0.0,27.21,9.67,7.35
2025-06-23 14:00:00,27.6,81,0.0,27.03,9.76,7.23
2025-06-23 15:00:00,27.2,84,0.0,26.78,9.87,7.3
2025-06-23 16:00:00,26.9,86,0.0,26.51,9.97,7.24
2025-06-23 17:00:00,25.5,92,0.2,25.91,10.21,7.03
2025-06-23 18:00:00,25.5,93,0.1,25.49,10.32,6.97
2025-06-23 19:00:00,25.5,92,0.1,25.19,10.36,7.09
2025-06-23 20:00:00,25.3,90,0.0,24.92,10.38,7.07
2025-06-23 21:00:00,24.9,90,0.0,24.62,10.45,7.2
2025-06-23 22:00:00,24.9,89,0.0,24.4,10.48,7.39
2025-06-23 23:00:00,24.3,92,0.1,24.07,10.61,7.29
2025-06-24 00:00:00,24.2,91,0.1,23.81,10.64,7.41
2025-06-24 01:00:00,25.4,91,0.2,23.99,10.61,7.49
2025-06-24 02:00:00,25.0,93,0.4,23.99,10.64,7.63
2025-06-24 03:00:00,25.8,87,0.1,24.23,10.48,7.4
2025-06-24 04:00:00,27.6,79,0.1,24.94,10.17,7.6
2025-06-24 05:00:00,28.4,77,0.4,25.68,9.97,7.69
2025-06-24 06:00:00,29.5,70,0.2,26.53,9.67,7.8
2025-06-24 07:00:00,30.5,62,0.2,27.42,9.34,7.61
2025-06-24 08:00:00,29.8,70,0.7,27.83,9.39,7.41
2025-06-24 09:00:00,30.0,65,0.3,28.18,9.23,7.63
2025-06-24 10:00:00,29.2,71,0.4,28.19,9.34,7.44
2025-06-24 11:00:00,28.4,77,0.7,27.95,9.5,7.3
2025-06-24 12:00:00,27.5,82,0.4,27.52,9.68,7.3
2025-06-24 13:00:00,27.0,90,0.5,27.06,9.92,7.26
2025-06-24 14:00:00,26.5,89,0.1,26.59,10.01,7.18
2025-06-24 15:00:00,25.4,95,0.6,25.94,10.26,6.93
2025-06-24 16:00:00,25.1,94,0.7,25.38,10.36,7.19
2025-06-24 17:00:00,24.8,95,0.2,24.91,10.48,7.23
2025-06-24 18:00:00,24.3,96,0.2,24.43,10.61,7.17
2025-06-24 19:00:00,23.8,94,0.3,23.94,10.68,7.0
2025-06-24 20:00:00,23.6,94,0.4,23.54,10.76,7.12
2025-06-24 21:00:00,23.7,92,0.1,23.29,10.78,7.21
2025-06-24 22:00:00,23.3,94,0.1,22.99,10.88,7.33
2025-06-24 23:00:00,23.5,92,0.2,22.84,10.87,7.41
2025-06-25 00:00:00,23.4,91,0.2,22.71,10.88,7.34
2025-06-25 01:00:00,24.6,97,0.5,22.98,10.95,7.48
2025-06-25 02:00:00,25.2,95,0.5,23.34,10.83,7.59
2025-06-25 03:00:00,26.0,92,0.3,23.84,10.66,7.76
2025-06-25 04:00:00,25.6,89,0.7,24.07,10.55,7.71
2025-06-25 05:00:00,27.0,82,0.3,24.65,10.29,7.76
2025-06-25 06:00:00,27.7,77,0.2,25.26,10.06,7.7
2025-06-25 07:00:00,28.2,75,0.1,25.84,9.9,7.82
2025-06-25 08:00:00,29.4,70,0.0,26.61,9.65,7.69
2025-06-25 09:00:00,28.4,75,0.4,26.85,9.69,7.49
2025-06-25 10:00:00,27.9,77,0.1,26.86,9.73,7.67
2025-06-25 11:00:00,27.9,77,0.0,26.87,9.72,7.54
2025-06-25 12:00:00,26.7,82,0.2,26.52,9.89,7.34
2025-06-25 13:00:00,27.3,81,0.0,26.46,9.89,7.27
2025-06-25 14:00:00,26.7,84,0.0,26.23,9.99,7.28
2025-06-25 15:00:00,26.2,85,0.0,25.92,10.08,7.23
2025-06-25 16:00:00,25.4,87,0.0,25.46,10.21,7.17
2025-06-25 17:00:00,25.1,88,0.0,25.05,10.32,7.15
2025-06-25 18:00:00,25.4,88,0.0,24.86,10.36,7.28
2025-06-25 19:00:00,25.4,87,0.0,24.72,10.37,7.23
2025-06-25 20:00:00,25.5,85,0.0,24.65,10.35,7.17
2025-06-25 21:00:00,25.4,85,0.0,24.58,10.36,7.3
2025-06-25 22:00:00,25.1,87,0.0,24.43,10.43,7.16
2025-06-25 23:00:00,25.1,87,0.0,24.33,10.45,7.38
2025-06-26 00:00:00,25.0,87,0.0,24.23,10.47,7.6
2025-06-26 01:00:00,25.7,90,0.1,24.37,10.5,7.46
2025-06-26 02:00:00,26.1,86,0.2,24.59,10.38,7.46
2025-06-26 03:00:00,26.8,82,0.1,24.95,10.22,7.55
2025-06-26 04:00:00,27.2,80,0.2,25.33,10.11,7.54
2025-06-26 05:00:00,27.9,78,0.4,25.8,9.97,7.59
2025-06-26 06:00:00,29.0,70,0.2,26.46,9.68,7.64
2025-06-26 07:00:00,28.6,73,0.4,26.8,9.66,7.51
2025-06-26 08:00:00,27.0,79,1.3,26.56,9.83,7.59
2025-06-26 09:00:00,27.8,77,0.1,26.63,9.77,7.69
2025-06-26 10:00:00,27.5,77,0.1,26.59,9.78,7.45
2025-06-26 11:00:00,27.5,77,0.0,26.57,9.79,7.62
2025-06-26 12:00:00,27.3,79,0.0,26.49,9.84,7.45
2025-06-26 13:00:00,25.9,87,0.0,26.01,10.09,7.43
2025-06-26 14:00:00,25.5,90,0.3,25.56,10.25,7.17
2025-06-26 15:00:00,24.7,93,0.3,25.0,10.43,7.26
2025-06-26 16:00:00,24.7,94,0.4,24.61,10.53,7.02
2025-06-26 17:00:00,24.2,95,0.4,24.19,10.64,7.19
2025-06-26 18:00:00,24.0,95,0.8,23.83,10.72,7.09
2025-06-26 19:00:00,24.1,94,0.0,23.61,10.75,7.19
2025-06-26 20:00:00,24.2,93,0.0,23.49,10.75,7.05
2025-06-26 21:00:00,24.1,92,0.0,23.37,10.76,7.12
2025-06-26 22:00:00,24.3,91,0.0,23.35,10.74,7.34
2025-06-26 23:00:00,24.3,91,0.0,23.34,10.75,7.25
2025-06-27 00:00:00,24.3,90,0.0,23.32,10.73,7.47
2025-06-27 01:00:00,25.7,81,0.0,23.74,10.46,7.36
2025-06-27 02:00:00,26.5,80,0.0,24.27,10.33,7.65
2025-06-27 03:00:00,27.5,79,0.0,24.94,10.17,7.5
2025-06-27 04:00:00,29.1,71,0.0,25.89,9.82,7.72
2025-06-27 05:00:00,30.3,64,0.0,26.91,9.48,7.74
2025-06-27 06:00:00,31.4,58,0.0,27.96,9.15,7.61
2025-06-27 07:00:00,31.8,56,0.0,28.81,8.94,7.72
2025-06-27 08:00:00,31.3,62,0.0,29.26,8.96,7.65
2025-06-27 09:00:00,30.9,65,0.0,29.45,8.97,7.52
2025-06-27 10:00:00,30.3,68,0.0,29.4,9.03,7.42
2025-06-27 11:00:00,29.3,73,0.0,29.07,9.19,7.25
2025-06-27 12:00:00,28.4,77,0.0,28.57,9.37,7.41
2025-06-27 13:00:00,27.7,81,0.0,28.01,9.56,7.15
2025-06-27 14:00:00,27.3,83,0.0,27.5,9.7,7.24
2025-06-27 15:00:00,27.1,83,0.0,27.08,9.79,7.15
2025-06-27 16:00:00,26.2,83,0.0,26.51,9.91,7.2
2025-06-27 17:00:00,25.8,85,0.0,26.0,10.06,7.08
2025-06-27 18:00:00,25.7,87,0.0,25.61,10.18,7.07
2025-06-27 19:00:00,25.5,88,0.0,25.28,10.27,7.19
2025-06-27 20:00:00,25.4,87,0.0,25.01,10.31,7.18
2025-06-27 21:00:00,25.2,87,0.0,24.77,10.36,7.23
2025-06-27 22:00:00,25.0,88,0.0,24.54,10.43,7.31
2025-06-27 23:00:00,25.0,88,0.0,24.38,10.46,7.19
2025-06-28 00:00:00,25.0,87,0.0,24.26,10.47,7.49
2025-06-28 01:00:00,25.6,85,0.0,24.36,10.41,7.56
2025-06-28 02:00:00,26.4,82,0.0,24.68,10.28,7.46
2025-06-28 03:00:00,27.8,77,0.0,25.31,10.05,7.59
2025-06-28 04:00:00,29.1,69,0.0,26.15,9.73,7.65
2025-06-28 05:00:00,30.1,64,0.0,27.03,9.45,7.67
2025-06-28 06:00:00,31.0,61,0.0,27.92,9.21,7.71
2025-06-28 07:00:00,31.1,61,0.0,28.58,9.08,7.81
2025-06-28 08:00:00,30.8,63,0.0,28.94,9.04,7.74
2025-06-28 09:00:00,30.3,66,0.3,29.05,9.07,7.43
2025-06-28 10:00:00,29.8,67,0.0,28.98,9.1,7.58
2025-06-28 11:00:00,28.9,72,0.0,28.65,9.26,7.58
2025-06-28 12:00:00,28.2,74,0.0,28.22,9.39,7.42
2025-06-28 13:00:00,28.0,75,0.0,27.85,9.48,7.41
2025-06-28 14:00:00,27.5,79,0.0,27.45,9.64,7.44
2025-06-28 15:00:00,26.8,82,0.0,26.95,9.8,7.28
2025-06-28 16:00:00,25.5,87,0.0,26.22,10.05,7.16
2025-06-28 17:00:00,25.2,87,0.0,25.61,10.18,7.22
2025-06-28 18:00:00,25.0,88,0.0,25.13,10.3,7.12
2025-06-28 19:00:00,25.0,87,0.0,24.79,10.36,7.12
2025-06-28 20:00:00,24.9,87,0.0,24.52,10.41,7.12
2025-06-28 21:00:00,24.9,86,0.0,24.34,10.43,7.36
2025-06-28 22:00:00,25.0,86,0.0,24.24,10.46,7.19
2025-06-28 23:00:00,25.0,87,0.0,24.16,10.49,7.49
2025-06-29 00:00:00,24.9,86,0.0,24.09,10.49,7.47
2025-06-29 01:00:00,26.1,76,0.0,24.39,10.23,7.35
2025-06-29 02:00:00,26.9,72,0.0,24.84,10.06,7.6
2025-06-29 03:00:00,27.8,68,0.0,25.43,9.86,7.41
2025-06-29 04:00:00,28.9,62,0.0,26.17,9.59,7.72
2025-06-29 05:00:00,29.7,58,0.0,26.93,9.36,7.77
2025-06-29 06:00:00,29.1,60,0.0,27.28,9.33,7.63
2025-06-29 07:00:00,29.3,60,0.0,27.59,9.26,7.69
2025-06-29 08:00:00,29.8,56,0.0,27.95,9.12,7.84
2025-06-29 09:00:00,30.3,50,0.0,28.36,8.93,7.54
2025-06-29 10:00:00,30.7,51,0.0,28.76,8.87,7.42
2025-06-29 11:00:00,29.4,61,0.0,28.65,9.06,7.6
2025-06-29 12:00:00,28.8,67,0.0,28.4,9.22,7.57
2025-06-29 13:00:00,28.8,68,0.0,28.22,9.28,7.3
2025-06-29 14:00:00,28.2,68,0.0,27.91,9.34,7.33
2025-06-29 15:00:00,27.7,71,0.0,27.55,9.47,7.31
2025-06-29 16:00:00,27.4,75,0.0,27.2,9.62,7.05
2025-06-29 17:00:00,27.3,77,0.0,26.93,9.71,7.05
2025-06-29 18:00:00,26.9,80,0.0,26.62,9.83,7.22
2025-06-29 19:00:00,26.5,82,0.0,26.29,9.94,7.28
2025-06-29 20:00:00,26.2,84,0.0,25.96,10.05,7.2
2025-06-29 21:00:00,26.0,86,0.0,25.67,10.15,7.1
2025-06-29 22:00:00,25.6,88,0.0,25.35,10.25,7.46
2025-06-29 23:00:00,25.5,89,0.0,25.1,10.33,7.28
2025-06-30 00:00:00,25.3,90,0.0,24.86,10.4,7.38
2025-06-30 01:00:00,26.1,87,0.0,24.93,10.33,7.52
2025-06-30 02:00:00,27.0,82,0.0,25.25,10.16,7.71
2025-06-30 03:00:00,28.7,73,0.0,25.99,9.84,7.7
2025-06-30 04:00:00,30.2,64,0.0,26.95,9.47,7.69
2025-06-30 05:00:00,31.4,58,0.0,27.98,9.15,7.72
2025-06-30 06:00:00,32.0,55,0.0,28.89,8.91,7.68
2025-06-30 07:00:00,32.3,54,0.0,29.61,8.75,7.71
2025-06-30 08:00:00,32.3,54,0.0,30.12,8.64,7.37
2025-06-30 09:00:00,31.4,59,0.1,30.2,8.71,7.53
2025-06-30 10:00:00,30.7,62,0.2,30.05,8.8,7.52
2025-06-30 11:00:00,30.1,65,0.1,29.77,8.91,7.32
2025-06-30 12:00:00,28.7,72,0.1,29.15,9.16,7.4
2025-06-30 13:00:00,28.5,75,0.0,28.65,9.31,7.28
2025-06-30 14:00:00,27.8,78,0.0,28.1,9.48,7.4
2025-06-30 15:00:00,27.6,79,0.0,27.65,9.6,7.33
2025-06-30 16:00:00,27.3,80,0.0,27.24,9.7,7.08
2025-06-30 17:00:00,26.8,82,0.0,26.81,9.83,7.09
2025-06-30 18:00:00,26.1,84,0.0,26.3,9.98,7.09
2025-06-30 19:00:00,25.8,85,0.0,25.85,10.09,7.07
2025-06-30 20:00:00,25.6,86,0.0,25.47,10.19,7.16
2025-06-30 21:00:00,25.4,87,0.0,25.15,10.28,7.12
2025-06-30 22:00:00,25.2,87,0.0,24.87,10.34,7.15
2025-06-30 23:00:00,24.9,87,0.0,24.58,10.4,7.4
2025-07-01 00:00:00,24.9,86,0.0,24.37,10.43,7.48
2025-07-01 01:00:00,25.3,89,0.0,24.35,10.49,7.41
2025-07-01 02:00:00,26.4,83,0.0,24.67,10.3,7.65
2025-07-01 03:00:00,27.8,75,0.0,25.31,10.02,7.56
2025-07-01 04:00:00,29.1,68,0.0,26.14,9.71,7.68
2025-07-01 05:00:00,30.2,62,0.0,27.06,9.41,7.76
2025-07-01 06:00:00,31.3,57,0.0,28.03,9.12,7.68
2025-07-01 07:00:00,31.9,55,0.0,28.89,8.91,7.71
2025-07-01 08:00:00,31.8,55,0.0,29.47,8.79,7.57
2025-07-01 09:00:00,31.4,57,0.0,29.75,8.77,7.56
2025-07-01 10:00:00,30.9,59,0.0,29.79,8.8,7.49
2025-07-01 11:00:00,29.9,64,0.0,29.52,8.94,7.37
2025-07-01 12:00:00,28.7,71,0.0,28.98,9.17,7.35
2025-07-01 13:00:00,28.3,76,0.0,28.47,9.37,7.14
2025-07-01 14:00:00,27.4,81,0.1,27.85,9.59,7.17
2025-07-01 15:00:00,27.3,81,0.0,27.39,9.69,7.15
2025-07-01 16:00:00,27.0,82,0.0,26.97,9.8,7.1
2025-07-01 17:00:00,26.8,83,0.0,26.62,9.89,7.08
2025-07-01 18:00:00,26.1,86,0.0,26.16,10.04,7.09
2025-07-01 19:00:00,25.5,87,0.0,25.66,10.17,7.16
2025-07-01 20:00:00,25.2,88,0.0,25.23,10.28,7.24
2025-07-01 21:00:00,25.1,89,0.0,24.89,10.37,7.13
2025-07-01 22:00:00,25.2,89,0.0,24.68,10.42,7.14
2025-07-01 23:00:00,24.7,89,0.0,24.39,10.48,7.23
2025-07-02 00:00:00,24.6,89,0.0,24.15,10.53,7.37
2025-07-02 01:00:00,25.6,87,0.0,24.29,10.46,7.46
2025-07-02 02:00:00,26.3,83,0.0,24.59,10.32,7.49
2025-07-02 03:00:00,28.1,74,0.0,25.34,9.99,7.49
2025-07-02 04:00:00,29.3,68,0.1,26.23,9.69,7.6
2025-07-02 05:00:00,28.9,70,0.4,26.73,9.62,7.67
2025-07-02 06:00:00,30.0,67,0.4,27.41,9.43,7.72
2025-07-02 07:00:00,30.6,64,0.1,28.07,9.24,7.61
2025-07-02 08:00:00,30.9,62,0.0,28.62,9.09,7.59
2025-07-02 09:00:00,30.5,63,0.0,28.88,9.05,7.49
2025-07-02 10:00:00,29.9,66,0.0,28.89,9.1,7.52
2025-07-02 11:00:00,28.9,71,0.0,28.59,9.25,7.37
2025-07-02 12:00:00,27.9,76,0.0,28.08,9.45,7.44
2025-07-02 13:00:00,27.7,77,0.0,27.67,9.56,7.13
2025-07-02 14:00:00,27.2,78,0.0,27.23,9.67,7.2
2025-07-02 15:00:00,27.0,76,0.0,26.86,9.71,7.21
2025-07-02 16:00:00,27.2,73,0.0,26.66,9.69,7.15
2025-07-02 17:00:00,27.1,73,0.0,26.49,9.73,7.37
2025-07-02 18:00:00,26.7,76,0.0,26.26,9.84,7.13
2025-07-02 19:00:00,26.3,78,0.0,25.97,9.93,7.01
2025-07-02 20:00:00,26.1,80,0.0,25.71,10.03,7.13
2025-07-02 21:00:00,25.9,82,0.0,25.47,10.12,7.02
2025-07-02 22:00:00,25.6,84,0.0,25.21,10.21,7.25
2025-07-02 23:00:00,25.3,86,0.0,24.93,10.31,7.25
2025-07-03 00:00:00,25.0,87,0.0,24.65,10.38,7.5
2025-07-03 01:00:00,26.0,81,0.0,24.76,10.25,7.44
2025-07-03 02:00:00,26.9,76,0.0,25.1,10.08,7.55
2025-07-03 03:00:00,28.4,71,0.0,25.79,9.84,7.55
2025-07-03 04:00:00,29.9,64,0.0,26.72,9.51,7.83
2025-07-03 05:00:00,30.9,58,0.0,27.68,9.21,7.64
2025-07-03 06:00:00,31.1,60,0.0,28.4,9.1,7.86
2025-07-03 07:00:00,30.7,62,0.1,28.79,9.05,7.74
2025-07-03 08:00:00,30.5,64,0.1,29.0,9.05,7.67
2025-07-03 09:00:00,31.1,60,0.1,29.33,8.91,7.61
2025-07-03 10:00:00,30.7,62,0.1,29.44,8.92,7.55
2025-07-03 11:00:00,30.3,63,0.1,29.4,8.95,7.24
2025-07-03 12:00:00,29.0,72,0.1,28.98,9.19,7.33
2025-07-03 13:00:00,28.2,76,0.0,28.45,9.37,7.38
2025-07-03 14:00:00,27.1,80,0.1,27.74,9.59,7.22
2025-07-03 15:00:00,26.5,84,0.0,27.07,9.81,7.04
2025-07-03 16:00:00,26.2,86,0.0,26.51,9.97,7.13
2025-07-03 17:00:00,26.3,84,0.0,26.15,10.01,7.28
2025-07-03 18:00:00,26.2,85,0.0,25.86,10.09,7.23
2025-07-03 19:00:00,25.8,87,0.0,25.54,10.19,7.11
2025-07-03 20:00:00,25.5,89,0.0,25.23,10.3,7.24
2025-07-03 21:00:00,25.3,89,0.0,24.95,10.36,7.16
2025-07-03 22:00:00,25.4,88,0.0,24.79,10.38,7.09
2025-07-03 23:00:00,25.3,88,0.0,24.64,10.41,7.24
2025-07-04 00:00:00,25.3,88,0.0,24.54,10.43,7.57
2025-07-04 01:00:00,26.4,77,0.0,24.8,10.16,7.46
2025-07-04 02:00:00,26.6,76,0.0,25.04,10.09,7.54
2025-07-04 03:00:00,28.2,70,0.0,25.69,9.84,7.59
2025-07-04 04:00:00,29.6,65,0.0,26.56,9.57,7.84
2025-07-04 05:00:00,30.3,64,0.0,27.38,9.38,7.84
2025-07-04 06:00:00,32.0,56,0.0,28.47,9.01,7.9
2025-07-04 07:00:00,32.2,55,0.0,29.29,8.83,7.64
2025-07-04 08:00:00,32.1,56,0.0,29.83,8.74,7.65
2025-07-04 09:00:00,31.6,60,0.0,30.06,8.76,7.42
2025-07-04 10:00:00,31.2,60,0.0,30.1,8.75,7.66
2025-07-04 11:00:00,30.3,66,0.1,29.86,8.9,7.31
2025-07-04 12:00:00,29.2,73,0.0,29.36,9.13,7.39
2025-07-04 13:00:00,28.3,76,0.0,28.74,9.31,7.19
2025-07-04 14:00:00,27.9,77,0.0,28.19,9.45,7.17
2025-07-04 15:00:00,27.8,75,0.0,27.77,9.5,7.09
2025-07-04 16:00:00,27.5,77,0.0,27.39,9.61,7.07
2025-07-04 17:00:00,27.2,77,0.0,27.03,9.69,7.05
2025-07-04 18:00:00,27.0,78,0.0,26.72,9.77,7.04
2025-07-04 19:00:00,26.8,79,0.0,26.45,9.85,7.19
2025-07-04 20:00:00,26.5,79,0.0,26.16,9.91,7.03
2025-07-04 21:00:00,26.3,80,0.0,25.9,9.98,7.21
2025-07-04 22:00:00,26.1,81,0.0,25.66,10.05,7.38
2025-07-04 23:00:00,25.8,83,0.0,25.4,10.15,7.28
2025-07-05 00:00:00,25.8,84,0.0,25.22,10.21,7.34
2025-07-05 01:00:00,26.5,79,0.0,25.31,10.09,7.46
2025-07-05 02:00:00,27.6,75,0.0,25.69,9.93,7.67
2025-07-05 03:00:00,29.0,69,0.0,26.39,9.68,7.63
2025-07-05 04:00:00,30.5,63,0.0,27.32,9.37,7.59
2025-07-05 05:00:00,31.5,58,0.0,28.27,9.09,7.72
2025-07-05 06:00:00,32.1,57,0.1,29.12,8.9,7.55
2025-07-05 07:00:00,32.1,56,0.1,29.72,8.76,7.71
2025-07-05 08:00:00,32.0,57,0.1,30.1,8.7,7.65
2025-07-05 09:00:00,31.9,58,0.1,30.34,8.67,7.53
2025-07-05 10:00:00,31.1,62,0.1,30.27,8.75,7.42
2025-07-05 11:00:00,30.2,66,0.0,29.95,8.89,7.35
2025-07-05 12:00:00,29.4,70,0.0,29.48,9.05,7.42
2025-07-05 13:00:00,28.6,76,0.0,28.92,9.27,7.42
2025-07-05 14:00:00,27.9,79,0.0,28.31,9.46,7.16
2025-07-05 15:00:00,27.4,82,0.0,27.74,9.63,7.22
2025-07-05 16:00:00,26.8,85,0.2,27.16,9.81,6.91
2025-07-05 17:00:00,26.5,84,0.0,26.66,9.9,7.05
2025-07-05 18:00:00,26.6,84,0.0,26.34,9.97,7.09
2025-07-05 19:00:00,26.2,85,0.0,26.0,10.06,7.02
2025-07-05 20:00:00,25.9,86,0.0,25.67,10.15,7.05
2025-07-05 21:00:00,25.7,88,0.0,25.38,10.25,7.13
2025-07-05 22:00:00,25.5,88,0.0,25.12,10.3,7.29
2025-07-05 23:00:00,25.5,88,0.0,24.93,10.34,7.31
2025-07-06 00:00:00,25.4,87,0.0,24.77,10.36,7.19
2025-07-06 01:00:00,25.9,83,0.0,24.81,10.27,7.28
2025-07-06 02:00:00,26.7,79,0.0,25.08,10.14,7.5
2025-07-06 03:00:00,28.2,71,0.0,25.71,9.85,7.66
2025-07-06 04:00:00,29.7,65,0.0,26.61,9.56,7.38
2025-07-06 05:00:00,31.1,58,0.0,27.66,9.21,7.62
2025-07-06 06:00:00,31.9,54,0.0,28.63,8.95,7.62
2025-07-06 07:00:00,32.4,52,0.0,29.46,8.74,7.79
2025-07-06 08:00:00,32.1,54,0.1,29.95,8.68,7.57
2025-07-06 09:00:00,31.5,57,0.3,30.12,8.7,7.59
2025-07-06 10:00:00,30.6,62,0.3,29.96,8.81,7.5
2025-07-06 11:00:00,29.7,66,0.4,29.58,8.96,7.2
2025-07-06 12:00:00,28.9,70,0.2,29.08,9.14,7.43
2025-07-06 13:00:00,28.4,75,0.1,28.57,9.33,7.31
2025-07-06 14:00:00,28.1,77,0.0,28.13,9.46,7.28
2025-07-06 15:00:00,27.7,79,0.0,27.7,9.58,7.56
2025-07-06 16:00:00,27.6,80,0.0,27.37,9.67,6.92
2025-07-06 17:00:00,27.5,78,0.0,27.11,9.69,7.27
2025-07-06 18:00:00,27.0,79,0.1,26.78,9.78,7.06
2025-07-06 19:00:00,26.4,83,0.1,26.36,9.94,7.13
2025-07-06 20:00:00,25.6,88,0.1,25.83,10.15,7.13
2025-07-06 21:00:00,25.1,90,0.1,25.31,10.3,7.14
2025-07-06 22:00:00,25.1,91,0.1,24.95,10.4,7.2
2025-07-06 23:00:00,25.0,92,0.0,24.67,10.48,7.37
2025-07-07 00:00:00,25.0,91,0.0,24.47,10.5,7.26
2025-07-07 01:00:00,25.7,82,0.0,24.54,10.31,7.57
2025-07-07 02:00:00,26.9,77,0.0,24.95,10.13,7.52
2025-07-07 03:00:00,28.6,70,0.0,25.74,9.83,7.5
2025-07-07 04:00:00,30.4,61,0.0,26.84,9.44,7.61
2025-07-07 05:00:00,31.8,55,0.0,28.03,9.08,7.8
2025-07-07 06:00:00,32.6,52,0.1,29.1,8.82,7.61
2025-07-07 07:00:00,33.0,50,0.0,29.97,8.61,7.69
2025-07-07 08:00:00,33.0,50,0.0,30.58,8.48,7.54
2025-07-07 09:00:00,32.2,55,0.0,30.77,8.53,7.64
2025-07-07 10:00:00,31.5,58,0.1,30.69,8.6,7.56
2025-07-07 11:00:00,30.7,62,0.0,30.39,8.73,7.62
2025-07-07 12:00:00,29.6,67,0.0,29.85,8.92,7.34
2025-07-07 13:00:00,29.1,71,0.0,29.33,9.1,7.36
2025-07-07 14:00:00,28.5,76,0.0,28.78,9.3,7.23
2025-07-07 15:00:00,27.7,80,0.1,28.16,9.51,7.29
2025-07-07 16:00:00,27.5,79,0.0,27.66,9.59,7.05
2025-07-07 17:00:00,27.1,80,0.0,27.19,9.71,7.17
2025-07-07 18:00:00,26.9,81,0.0,26.8,9.81,7.07
2025-07-07 19:00:00,26.8,81,0.0,26.5,9.88,7.1
2025-07-07 20:00:00,26.4,84,0.0,26.17,10.0,7.15
2025-07-07 21:00:00,26.2,85,0.0,25.88,10.08,7.21
2025-07-07 22:00:00,26.1,86,0.0,25.65,10.15,7.24
2025-07-07 23:00:00,25.8,87,0.0,25.39,10.23,7.35
2025-07-08 00:00:00,25.6,87,0.0,25.15,10.28,7.57
2025-07-08 01:00:00,26.2,86,0.0,25.17,10.26,7.58
2025-07-08 02:00:00,27.2,80,0.0,25.48,10.07,7.64
2025-07-08 03:00:00,28.6,73,0.0,26.11,9.81,7.57
2025-07-08 04:00:00,30.5,62,0.0,27.13,9.39,7.56
2025-07-08 05:00:00,31.9,56,0.1,28.26,9.06,7.76
2025-07-08 06:00:00,32.6,54,0.1,29.26,8.82,7.75
2025-07-08 07:00:00,33.3,51,0.0,30.17,8.58,7.8
2025-07-08 08:00:00,33.3,51,0.0,30.81,8.45,7.55
2025-07-08 09:00:00,32.6,54,0.0,31.05,8.46,7.54
2025-07-08 10:00:00,31.9,56,0.0,31.0,8.5,7.34
2025-07-08 11:00:00,31.0,61,0.1,30.7,8.65,7.38
2025-07-08 12:00:00,29.9,66,0.1,30.16,8.84,7.45
2025-07-08 13:00:00,29.4,68,0.0,29.63,8.99,7.24
2025-07-08 14:00:00,28.5,74,0.0,28.99,9.22,7.28
2025-07-08 15:00:00,28.0,78,0.0,28.4,9.42,7.14
2025-07-08 16:00:00,27.6,80,0.0,27.86,9.57,7.15
2025-07-08 17:00:00,27.1,83,0.0,27.33,9.74,6.98
2025-07-08 18:00:00,26.9,83,0.0,26.9,9.83,7.1
2025-07-08 19:00:00,26.5,84,0.0,26.48,9.94,6.81
2025-07-08 20:00:00,26.2,85,0.0,26.1,10.04,7.12
2025-07-08 21:00:00,26.0,85,0.0,25.77,10.11,7.03
2025-07-08 22:00:00,25.8,86,0.0,25.48,10.19,7.38
2025-07-08 23:00:00,25.6,87,0.0,25.21,10.26,7.41
2025-07-09 00:00:00,25.4,87,0.0,24.97,10.32,7.46
2025-07-09 01:00:00,26.4,84,0.0,25.1,10.23,7.64
2025-07-09 02:00:00,27.2,80,0.0,25.43,10.09,7.46
2025-07-09 03:00:00,29.0,70,0.0,26.2,9.73,7.78
2025-07-09 04:00:00,30.5,61,0.0,27.19,9.36,7.74
2025-07-09 05:00:00,31.9,55,0.0,28.3,9.03,7.64
2025-07-09 06:00:00,33.0,51,0.0,29.41,8.73,7.78
2025-07-09 07:00:00,33.6,48,0.0,30.37,8.49,7.54
2025-07-09 08:00:00,33.8,48,0.0,31.1,8.35,7.53
2025-07-09 09:00:00,33.6,49,0.0,31.55,8.27,7.5
2025-07-09 10:00:00,32.7,52,0.0,31.59,8.31,7.44
2025-07-09 11:00:00,31.5,58,0.0,31.27,8.48,7.32
2025-07-09 12:00:00,30.3,63,0.0,30.68,8.68,7.48
2025-07-09 13:00:00,29.4,66,0.0,29.99,8.88,7.26
2025-07-09 14:00:00,28.6,72,0.0,29.28,9.13,7.25
2025-07-09 15:00:00,28.1,74,0.0,28.62,9.3,7.1
2025-07-09 16:00:00,27.7,76,0.0,28.05,9.46,6.94
2025-07-09 17:00:00,27.2,79,0.0,27.49,9.63,7.12
2025-07-09 18:00:00,26.8,79,0.0,26.98,9.74,6.9
2025-07-09 19:00:00,26.5,81,0.0,26.54,9.87,7.1
2025-07-09 20:00:00,26.4,79,0.0,26.2,9.9,7.0
2025-07-09 21:00:00,26.3,78,0.0,25.93,9.94,7.39
2025-07-09 22:00:00,26.1,79,0.0,25.68,10.01,7.34
2025-07-09 23:00:00,26.0,78,0.0,25.48,10.04,7.34
2025-07-10 00:00:00,26.0,78,0.0,25.33,10.07,7.53
2025-07-10 01:00:00,26.7,77,0.0,25.44,10.02,7.4
2025-07-10 02:00:00,28.1,69,0.0,25.94,9.77,7.6
2025-07-10 03:00:00,29.8,63,0.0,26.8,9.48,7.62
2025-07-10 04:00:00,31.8,53,0.0,28.0,9.05,7.67
2025-07-10 05:00:00,32.8,52,0.0,29.14,8.81,7.79
2025-07-10 06:00:00,33.7,47,0.0,30.21,8.51,7.73
2025-07-10 07:00:00,34.5,44,0.0,31.2,8.26,7.67
2025-07-10 08:00:00,34.3,47,0.0,31.83,8.19,7.44
2025-07-10 09:00:00,34.0,47,0.0,32.18,8.12,7.45
2025-07-10 10:00:00,32.5,54,0.0,31.98,8.27,7.48
2025-07-10 11:00:00,31.6,58,0.0,31.56,8.42,7.43
2025-07-10 12:00:00,30.1,63,0.0,30.82,8.65,7.24
2025-07-10 13:00:00,30.3,61,0.0,30.37,8.71,7.52
2025-07-10 14:00:00,29.3,67,0.0,29.75,8.94,7.36
2025-07-10 15:00:00,28.5,72,0.0,29.07,9.17,7.22
2025-07-10 16:00:00,28.1,73,0.0,28.48,9.31,7.12
2025-07-10 17:00:00,27.9,72,0.0,28.01,9.39,7.07
2025-07-10 18:00:00,27.7,72,0.0,27.61,9.48,6.99
2025-07-10 19:00:00,27.3,74,0.0,27.22,9.6,7.11
2025-07-10 20:00:00,27.3,71,0.0,26.94,9.6,7.16
2025-07-10 21:00:00,27.1,71,0.0,26.69,9.65,7.06
2025-07-10 22:00:00,26.8,73,0.0,26.42,9.74,7.28
2025-07-10 23:00:00,26.7,74,0.0,26.21,9.81,7.3
2025-07-11 00:00:00,26.8,73,0.0,26.08,9.81,7.21
2025-07-11 01:00:00,27.2,73,0.0,26.12,9.81,7.39
2025-07-11 02:00:00,27.9,72,0.0,26.35,9.74,7.51
2025-07-11 03:00:00,29.5,61,0.0,27.0,9.4,7.79
2025-07-11 04:00:00,31.2,52,0.0,27.96,9.04,7.7
2025-07-11 05:00:00,32.2,49,0.0,28.93,8.8,7.53
2025-07-11 06:00:00,33.0,47,0.0,29.85,8.58,7.71
2025-07-11 07:00:00,33.2,46,0.0,30.56,8.42,7.49
2025-07-11 08:00:00,32.9,47,0.0,30.96,8.36,7.72
2025-07-11 09:00:00,32.5,50,0.1,31.12,8.38,7.51
2025-07-11 10:00:00,31.9,52,0.1,31.06,8.42,7.48
2025-07-11 11:00:00,30.9,56,0.0,30.71,8.56,7.56
2025-07-11 12:00:00,29.5,63,0.0,30.05,8.81,7.23
2025-07-11 13:00:00,29.0,65,0.0,29.43,8.97,7.15
2025-07-11 14:00:00,28.3,71,0.0,28.79,9.21,7.16
2025-07-11 15:00:00,28.0,73,0.0,28.25,9.36,7.27
2025-07-11 16:00:00,27.6,75,0.0,27.76,9.5,6.97
2025-07-11 17:00:00,27.4,74,0.0,27.35,9.57,6.81
2025-07-11 18:00:00,26.7,78,0.0,26.86,9.75,7.05
2025-07-11 19:00:00,26.2,80,0.0,26.36,9.89,7.16
2025-07-11 20:00:00,25.7,83,0.0,25.86,10.05,7.26
2025-07-11 21:00:00,25.2,84,0.0,25.36,10.18,7.15
2025-07-11 22:00:00,25.1,84,0.0,24.98,10.26,7.22
2025-07-11 23:00:00,25.2,83,0.0,24.75,10.29,7.45
2025-07-12 00:00:00,25.1,83,0.0,24.55,10.33,7.23
2025-07-12 01:00:00,25.7,80,0.0,24.6,10.26,7.45
2025-07-12 02:00:00,26.3,79,0.0,24.81,10.2,7.58
2025-07-12 03:00:00,28.3,69,0.0,25.56,9.85,7.66
2025-07-12 04:00:00,30.1,61,0.0,26.62,9.48,7.6
2025-07-12 05:00:00,31.5,55,0.0,27.78,9.13,7.68
2025-07-12 06:00:00,32.6,50,0.0,28.93,8.81,7.42
2025-07-12 07:00:00,33.6,45,0.0,30.03,8.51,7.58
2025-07-12 08:00:00,34.2,44,0.0,30.98,8.3,7.66
2025-07-12 09:00:00,32.9,50,0.0,31.26,8.35,7.46
2025-07-12 10:00:00,32.0,54,0.0,31.18,8.43,7.5
2025-07-12 11:00:00,31.0,58,0.0,30.83,8.57,7.47
2025-07-12 12:00:00,29.6,66,0.0,30.16,8.84,7.32
2025-07-12 13:00:00,27.8,78,0.0,29.15,9.26,7.31
2025-07-12 14:00:00,27.2,82,0.0,28.27,9.52,7.13
2025-07-12 15:00:00,26.9,83,0.0,27.56,9.69,7.15
2025-07-12 16:00:00,26.6,84,0.0,26.97,9.83,7.19
2025-07-12 17:00:00,26.4,84,0.0,26.5,9.93,7.12
2025-07-12 18:00:00,26.2,85,0.0,26.11,10.03,7.04
2025-07-12 19:00:00,26.3,83,0.0,25.87,10.05,7.13
2025-07-12 20:00:00,26.1,83,0.0,25.64,10.1,7.22
2025-07-12 21:00:00,25.8,85,0.0,25.39,10.19,6.99
2025-07-12 22:00:00,25.5,86,0.0,25.12,10.27,7.37
2025-07-12 23:00:00,25.3,86,0.0,24.87,10.32,7.3
2025-07-13 00:00:00,25.4,85,0.0,24.73,10.33,7.46
2025-07-13 01:00:00,26.2,82,0.0,24.87,10.24,7.61
2025-07-13 02:00:00,26.7,81,0.0,25.12,10.17,7.42
2025-07-13 03:00:00,28.6,70,0.0,25.86,9.8,7.54
2025-07-13 04:00:00,29.8,64,0.0,26.75,9.51,7.62
2025-07-13 05:00:00,31.5,57,0.0,27.87,9.15,7.59
2025-07-13 06:00:00,32.7,52,0.0,29.02,8.83,7.84
2025-07-13 07:00:00,33.3,50,0.0,30.0,8.6,7.56
2025-07-13 08:00:00,32.7,53,0.0,30.51,8.55,7.56
2025-07-13 09:00:00,32.0,55,0.0,30.66,8.55,7.59
2025-07-13 10:00:00,31.1,60,0.0,30.49,8.67,7.38
2025-07-13 11:00:00,30.1,64,0.0,30.07,8.83,7.4
2025-07-13 12:00:00,29.0,70,0.0,29.45,9.06,7.4
2025-07-13 13:00:00,28.8,72,0.0,28.96,9.2,7.26
2025-07-13 14:00:00,27.8,78,0.0,28.31,9.44,7.22
2025-07-13 15:00:00,27.2,81,0.0,27.68,9.63,7.12
2025-07-13 16:00:00,26.5,84,0.0,27.02,9.82,6.98
2025-07-13 17:00:00,26.1,84,0.0,26.45,9.94,7.14
2025-07-13 18:00:00,25.8,84,0.0,25.95,10.05,7.28
2025-07-13 19:00:00,25.3,86,0.0,25.46,10.19,7.12
2025-07-13 20:00:00,25.4,86,0.0,25.14,10.26,7.17
2025-07-13 21:00:00,25.5,86,0.0,24.95,10.3,7.27
2025-07-13 22:00:00,25.4,87,0.0,24.78,10.36,7.14
2025-07-13 23:00:00,25.3,87,0.0,24.64,10.39,7.51
2025-07-14 00:00:00,25.1,87,0.0,24.48,10.42,7.44
2025-07-14 01:00:00,25.9,85,0.0,24.6,10.36,7.65
2025-07-14 02:00:00,25.8,85,0.0,24.66,10.34,7.49
2025-07-14 03:00:00,27.3,76,0.0,25.15,10.07,7.8
2025-07-14 04:00:00,28.7,69,0.0,25.92,9.77,7.74
2025-07-14 05:00:00,30.7,58,0.0,27.05,9.34,7.73
2025-07-14 06:00:00,31.4,56,0.0,28.06,9.1,7.7
2025-07-14 07:00:00,32.1,53,0.0,28.97,8.86,7.64
2025-07-14 08:00:00,32.0,53,0.0,29.58,8.74,7.74
2025-07-14 09:00:00,31.0,58,0.0,29.71,8.8,7.59
2025-07-14 10:00:00,30.7,58,0.0,29.7,8.8,7.32
2025-07-14 11:00:00,29.4,65,0.0,29.31,9.0,7.33
2025-07-14 12:00:00,28.6,69,0.0,28.8,9.18,7.35
2025-07-14 13:00:00,27.7,75,0.0,28.17,9.41,7.33
2025-07-14 14:00:00,27.0,80,0.0,27.52,9.64,7.23
2025-07-14 15:00:00,26.3,80,0.0,26.85,9.78,7.3
2025-07-14 16:00:00,25.9,81,0.0,26.27,9.93,6.94
2025-07-14 17:00:00,25.6,82,0.0,25.77,10.05,7.13
2025-07-14 18:00:00,25.5,82,0.0,25.39,10.13,6.92
2025-07-14 19:00:00,25.5,82,0.0,25.12,10.19,7.19
2025-07-14 20:00:00,25.3,83,0.0,24.87,10.26,7.14
2025-07-14 21:00:00,25.2,84,0.0,24.67,10.32,7.24
2025-07-14 22:00:00,24.9,86,0.0,24.44,10.41,7.18
2025-07-14 23:00:00,24.7,86,0.0,24.22,10.46,7.47
2025-07-15 00:00:00,24.6,87,0.0,24.03,10.52,7.52
2025-07-15 01:00:00,25.8,85,0.0,24.26,10.43,7.55
2025-07-15 02:00:00,26.5,81,0.0,24.63,10.27,7.55
2025-07-15 03:00:00,28.1,71,0.0,25.37,9.93,7.68
2025-07-15 04:00:00,30.1,59,0.0,26.49,9.47,7.58
2025-07-15 05:00:00,31.2,56,0.0,27.6,9.19,7.76
2025-07-15 06:00:00,32.7,49,0.0,28.83,8.82,7.84
2025-07-15 07:00:00,32.7,50,0.0,29.69,8.66,7.76
2025-07-15 08:00:00,33.0,49,0.0,30.39,8.51,7.54
2025-07-15 09:00:00,32.3,51,0.0,30.66,8.49,7.6
2025-07-15 10:00:00,31.6,54,0.0,30.64,8.54,7.37
2025-07-15 11:00:00,31.0,57,0.0,30.45,8.63,7.49
2025-07-15 12:00:00,29.9,63,0.0,29.98,8.83,7.41
2025-07-15 13:00:00,28.7,70,0.0,29.3,9.09,7.1
2025-07-15 14:00:00,27.9,76,0.0,28.58,9.35,7.11
2025-07-15 15:00:00,27.1,81,0.0,27.84,9.59,7.14
2025-07-15 16:00:00,26.8,82,0.0,27.22,9.74,7.1
2025-07-15 17:00:00,26.5,81,0.0,26.71,9.83,6.98
2025-07-15 18:00:00,26.1,82,0.0,26.23,9.95,7.14
2025-07-15 19:00:00,25.9,82,0.0,25.83,10.04,7.14
2025-07-15 20:00:00,25.4,85,0.0,25.4,10.19,7.13
2025-07-15 21:00:00,25.3,85,0.0,25.07,10.26,7.12
2025-07-15 22:00:00,25.3,85,0.0,24.84,10.31,7.37
2025-07-15 23:00:00,25.1,85,0.0,24.62,10.35,7.5
2025-07-16 00:00:00,25.1,84,0.0,24.46,10.37,7.37
2025-07-16 01:00:00,25.4,86,0.0,24.44,10.41,7.43
2025-07-16 02:00:00,26.1,83,0.0,24.64,10.31,7.61
2025-07-16 03:00:00,27.3,77,0.0,25.14,10.09,7.58
2025-07-16 04:00:00,27.6,75,0.0,25.58,9.96,7.65
2025-07-16 05:00:00,28.3,71,0.0,26.09,9.78,7.76
2025-07-16 06:00:00,29.8,63,0.0,26.91,9.46,7.5
2025-07-16 07:00:00,30.3,60,0.0,27.62,9.26,7.81
2025-07-16 08:00:00,30.5,60,0.0,28.19,9.14,7.65
2025-07-16 09:00:00,29.7,63,0.1,28.34,9.16,7.54
2025-07-16 10:00:00,29.6,64,0.1,28.42,9.17,7.51
2025-07-16 11:00:00,28.6,69,0.1,28.17,9.31,7.44
2025-07-16 12:00:00,28.3,71,0.0,27.91,9.4,7.21
2025-07-16 13:00:00,26.7,79,0.0,27.25,9.68,7.46
2025-07-16 14:00:00,26.0,82,0.0,26.57,9.88,7.25
2025-07-16 15:00:00,25.8,82,0.0,26.04,9.99,7.23
2025-07-16 16:00:00,26.1,78,0.0,25.76,9.98,7.24
2025-07-16 17:00:00,26.0,82,0.0,25.53,10.1,7.01
2025-07-16 18:00:00,25.8,83,0.0,25.31,10.17,7.15
2025-07-16 19:00:00,25.7,84,0.0,25.13,10.23,7.09
2025-07-16 20:00:00,25.4,84,0.0,24.91,10.27,7.24
2025-07-16 21:00:00,25.5,82,0.0,24.79,10.26,6.99
2025-07-16 22:00:00,25.4,82,0.0,24.67,10.28,7.25
2025-07-16 23:00:00,25.2,83,0.1,24.53,10.33,7.27
2025-07-17 00:00:00,25.2,83,0.1,24.43,10.35,7.45
2025-07-17 01:00:00,25.2,82,0.0,24.36,10.35,7.54
2025-07-17 02:00:00,25.9,77,0.0,24.52,10.22,7.49
2025-07-17 03:00:00,26.5,75,0.0,24.82,10.12,7.55
2025-07-17 04:00:00,27.7,69,0.2,25.38,9.89,7.64
2025-07-17 05:00:00,29.4,63,0.0,26.29,9.59,7.6
2025-07-17 06:00:00,31.6,51,0.0,27.58,9.1,7.77
2025-07-17 07:00:00,32.2,50,0.1,28.67,8.87,7.62
2025-07-17 08:00:00,31.3,55,0.1,29.16,8.86,7.33
2025-07-17 09:00:00,30.4,59,0.3,29.23,8.91,7.52
2025-07-17 10:00:00,29.6,64,0.4,29.04,9.04,7.39
2025-07-17 11:00:00,29.1,67,0.2,28.76,9.15,7.27
2025-07-17 12:00:00,27.0,77,0.3,27.93,9.5,7.24
2025-07-17 13:00:00,26.5,80,0.9,27.2,9.71,7.27
2025-07-17 14:00:00,25.8,84,0.3,26.48,9.94,7.36
2025-07-17 15:00:00,25.9,83,0.0,26.01,10.02,7.22
2025-07-17 16:00:00,25.8,83,0.0,25.64,10.1,7.08
2025-07-17 17:00:00,25.5,85,0.1,25.3,10.21,7.16
2025-07-17 18:00:00,25.5,86,0.0,25.06,10.28,7.06
2025-07-17 19:00:00,25.2,88,0.0,24.8,10.37,7.05
2025-07-17 20:00:00,25.0,88,0.0,24.56,10.42,7.04
2025-07-17 21:00:00,24.9,88,0.0,24.36,10.47,7.03
2025-07-17 22:00:00,24.7,88,0.0,24.16,10.51,7.23
2025-07-17 23:00:00,24.7,87,0.0,24.03,10.52,7.36
2025-07-18 00:00:00,24.5,88,0.0,23.87,10.57,7.41
2025-07-18 01:00:00,25.5,82,0.0,24.06,10.42,7.46
2025-07-18 02:00:00,26.1,78,0.0,24.37,10.27,7.47
2025-07-18 03:00:00,26.9,76,0.0,24.83,10.14,7.68
2025-07-18 04:00:00,28.7,67,0.0,25.69,9.78,7.53
2025-07-18 05:00:00,30.1,59,0.0,26.71,9.42,7.76
2025-07-18 06:00:00,31.8,53,0.0,27.94,9.07,7.58
2025-07-18 07:00:00,32.1,51,0.1,28.89,8.84,7.58
2025-07-18 08:00:00,31.3,56,0.1,29.31,8.84,7.47
2025-07-18 09:00:00,29.6,63,0.3,29.1,9.01,7.51
2025-07-18 10:00:00,28.7,69,0.3,28.68,9.2,7.6
2025-07-18 11:00:00,27.8,71,0.0,28.11,9.35,7.51
2025-07-18 12:00:00,26.8,76,0.0,27.42,9.59,7.48
2025-07-18 13:00:00,26.7,80,0.1,26.9,9.77,7.36
2025-07-18 14:00:00,26.3,83,0.0,26.42,9.93,7.14
2025-07-18 15:00:00,26.1,84,0.0,26.03,10.03,7.15
2025-07-18 16:00:00,25.7,86,0.2,25.63,10.16,7.05
2025-07-18 17:00:00,25.6,86,0.0,25.32,10.22,7.25
2025-07-18 18:00:00,24.9,87,0.0,24.89,10.33,6.99
2025-07-18 19:00:00,24.9,86,0.0,24.6,10.38,7.21
2025-07-18 20:00:00,24.6,87,0.0,24.3,10.46,7.25
2025-07-18 21:00:00,24.6,87,0.0,24.09,10.51,7.39
2025-07-18 22:00:00,24.7,88,0.0,23.97,10.55,7.23
2025-07-18 23:00:00,24.6,88,0.0,23.86,10.57,7.41
2025-07-19 00:00:00,24.7,88,0.0,23.81,10.59,7.65
2025-07-19 01:00:00,23.8,96,1.0,23.51,10.81,7.39
2025-07-19 02:00:00,24.1,94,0.7,23.39,10.8,7.38
2025-07-19 03:00:00,25.0,91,0.2,23.57,10.7,7.43
2025-07-19 04:00:00,25.2,90,0.5,23.76,10.64,7.72
2025-07-19 05:00:00,25.8,86,0.1,24.07,10.49,7.51
2025-07-19 06:00:00,25.6,87,0.4,24.23,10.48,7.65
2025-07-19 07:00:00,25.3,89,0.7,24.25,10.51,7.71
2025-07-19 08:00:00,24.4,97,1.5,24.0,10.72,7.63
2025-07-19 09:00:00,24.2,97,1.5,23.76,10.77,7.6
2025-07-19 10:00:00,23.9,97,1.3,23.5,10.83,7.53
2025-07-19 11:00:00,23.9,96,1.5,23.32,10.85,7.56
2025-07-19 12:00:00,24.1,96,1.1,23.25,10.86,7.27
2025-07-19 13:00:00,24.2,94,0.5,23.24,10.83,7.25
2025-07-19 14:00:00,23.8,94,0.9,23.11,10.86,7.15
2025-07-19 15:00:00,24.3,94,0.3,23.16,10.84,7.28
2025-07-19 16:00:00,24.3,93,0.1,23.21,10.82,7.25
2025-07-19 17:00:00,24.4,91,0.0,23.26,10.76,7.18
2025-07-19 18:00:00,24.5,89,0.0,23.33,10.71,7.25
2025-07-19 19:00:00,24.0,90,0.1,23.23,10.75,7.01
2025-07-19 20:00:00,23.7,90,0.0,23.07,10.78,7.34
2025-07-19 21:00:00,23.7,91,0.1,22.96,10.83,7.36
2025-07-19 22:00:00,23.4,93,0.9,22.79,10.9,7.3
2025-07-19 23:00:00,23.0,96,0.9,22.56,11.02,7.48
2025-07-20 00:00:00,22.9,96,1.2,22.36,11.06,7.21
2025-07-20 01:00:00,23.7,94,0.3,22.46,11.0,7.44
2025-07-20 02:00:00,24.0,93,0.0,22.62,10.94,7.51
2025-07-20 03:00:00,24.6,89,0.0,22.92,10.8,7.72
2025-07-20 04:00:00,24.9,90,0.2,23.21,10.75,7.57
2025-07-20 05:00:00,24.9,89,0.3,23.42,10.69,7.77
2025-07-20 06:00:00,25.9,84,0.2,23.86,10.5,7.84
2025-07-20 07:00:00,25.8,85,0.1,24.14,10.46,7.77
2025-07-20 08:00:00,25.3,86,0.1,24.19,10.46,7.7
2025-07-20 09:00:00,24.4,91,0.3,23.95,10.61,7.51
2025-07-20 10:00:00,24.5,91,0.3,23.82,10.64,7.47
2025-07-20 11:00:00,24.3,93,0.8,23.66,10.72,7.58
2025-07-20 12:00:00,23.5,96,1.0,23.31,10.85,7.45
2025-07-20 13:00:00,24.1,96,1.0,23.25,10.87,7.29
2025-07-20 14:00:00,24.4,94,0.0,23.29,10.82,7.24
2025-07-20 15:00:00,24.3,95,0.0,23.3,10.84,7.01
2025-07-20 16:00:00,24.3,95,0.1,23.3,10.84,7.05
2025-07-20 17:00:00,24.0,96,0.4,23.21,10.87,7.3
2025-07-20 18:00:00,23.5,98,1.6,23.0,10.96,6.93
2025-07-20 19:00:00,23.5,98,2.5,22.85,10.99,7.06
2025-07-20 20:00:00,23.5,98,2.1,22.74,11.02,7.18
2025-07-20 21:00:00,23.6,98,1.2,22.7,11.03,7.03
2025-07-20 22:00:00,23.3,97,0.8,22.58,11.03,7.26
2025-07-20 23:00:00,23.2,98,1.0,22.47,11.08,7.4
2025-07-21 00:00:00,23.2,97,1.1,22.39,11.07,7.38
2025-07-21 01:00:00,23.6,96,0.9,22.45,11.04,7.75
2025-07-21 02:00:00,23.7,96,0.6,22.53,11.02,7.38
2025-07-21 03:00:00,24.4,93,0.3,22.79,10.91,7.73
2025-07-21 04:00:00,24.8,92,0.1,23.09,10.82,7.66
2025-07-21 05:00:00,26.1,85,0.0,23.69,10.55,7.79
2025-07-21 06:00:00,26.2,85,0.2,24.15,10.45,7.75
2025-07-21 07:00:00,25.0,97,1.3,24.1,10.7,7.57
2025-07-21 08:00:00,25.0,98,1.7,24.07,10.73,7.62
2025-07-21 09:00:00,25.0,95,0.8,24.05,10.67,7.4
2025-07-21 10:00:00,24.9,95,0.3,24.0,10.68,7.61
2025-07-21 11:00:00,25.0,93,0.2,24.0,10.64,7.51
2025-07-21 12:00:00,24.4,92,0.3,23.82,10.66,7.46
2025-07-21 13:00:00,24.8,90,0.1,23.82,10.62,7.44
2025-07-21 14:00:00,24.7,90,0.0,23.78,10.63,7.31
2025-07-21 15:00:00,24.6,93,0.1,23.73,10.7,7.22
2025-07-21 16:00:00,24.5,94,0.1,23.66,10.74,7.07
2025-07-21 17:00:00,23.8,94,0.5,23.4,10.79,7.03
2025-07-21 18:00:00,23.4,95,0.2,23.1,10.88,7.23
2025-07-21 19:00:00,23.3,96,0.3,22.86,10.95,7.26
2025-07-21 20:00:00,23.6,95,0.0,22.78,10.95,7.15
2025-07-21 21:00:00,23.2,96,0.3,22.61,11.01,7.21
2025-07-21 22:00:00,23.1,96,0.2,22.46,11.04,7.18
2025-07-21 23:00:00,23.5,96,0.1,22.47,11.04,7.47
2025-07-22 00:00:00,23.5,96,0.0,22.48,11.03,7.5
2025-07-22 01:00:00,24.0,94,0.3,22.63,10.96,7.68
2025-07-22 02:00:00,24.4,94,0.2,22.86,10.91,7.48
2025-07-22 03:00:00,24.6,93,0.2,23.08,10.84,7.59
2025-07-22 04:00:00,25.3,91,0.1,23.45,10.72,7.7
2025-07-22 05:00:00,26.0,87,0.1,23.91,10.54,7.77
2025-07-22 06:00:00,26.9,79,0.1,24.51,10.26,7.69
2025-07-22 07:00:00,26.6,81,0.2,24.84,10.23,7.6
2025-07-22 08:00:00,26.9,80,0.0,25.16,10.14,7.76
2025-07-22 09:00:00,26.3,81,0.0,25.2,10.15,7.69
2025-07-22 10:00:00,26.6,81,0.0,25.32,10.13,7.47
2025-07-22 11:00:00,25.9,85,0.0,25.19,10.23,7.62
2025-07-22 12:00:00,25.7,86,0.1,25.05,10.28,7.52
2025-07-22 13:00:00,25.3,90,0.0,24.82,10.41,7.35
2025-07-22 14:00:00,24.9,90,0.0,24.55,10.47,7.27
2025-07-22 15:00:00,25.0,90,0.0,24.38,10.5,7.26
2025-07-22 16:00:00,25.2,90,0.0,24.33,10.51,7.07
2025-07-22 17:00:00,25.1,89,0.0,24.26,10.51,7.13
2025-07-22 18:00:00,25.0,89,0.1,24.18,10.53,6.9
2025-07-22 19:00:00,24.5,91,0.1,23.98,10.61,7.21
2025-07-22 20:00:00,24.4,92,0.1,23.8,10.67,7.0
2025-07-22 21:00:00,23.9,92,0.3,23.53,10.72,7.34
2025-07-22 22:00:00,23.5,96,0.4,23.22,10.87,7.22
2025-07-22 23:00:00,23.7,95,0.2,23.07,10.89,7.32
2025-07-23 00:00:00,23.6,96,0.1,22.93,10.94,7.36
2025-07-23 01:00:00,23.6,97,0.4,22.83,10.98,7.45
2025-07-23 02:00:00,24.2,95,0.1,22.94,10.91,7.71
2025-07-23 03:00:00,24.9,91,0.1,23.23,10.77,7.38
2025-07-23 04:00:00,25.6,87,0.4,23.64,10.6,7.78
2025-07-23 05:00:00,26.2,84,0.2,24.11,10.44,7.73
2025-07-23 06:00:00,26.3,81,0.4,24.47,10.31,7.57
2025-07-23 07:00:00,26.8,80,1.0,24.87,10.2,7.54
2025-07-23 08:00:00,26.3,83,0.9,25.0,10.23,7.79
2025-07-23 09:00:00,26.3,82,0.5,25.09,10.2,7.49
2025-07-23 10:00:00,26.1,81,0.2,25.09,10.18,7.43
2025-07-23 11:00:00,25.9,84,0.1,25.03,10.25,7.59
2025-07-23 12:00:00,25.2,85,0.0,24.78,10.32,7.45
2025-07-23 13:00:00,25.1,87,0.1,24.58,10.4,7.24
2025-07-23 14:00:00,25.1,89,0.1,24.43,10.47,7.28
2025-07-23 15:00:00,24.7,90,0.3,24.21,10.54,7.08
2025-07-23 16:00:00,24.5,91,0.4,24.0,10.6,7.24
2025-07-23 17:00:00,23.9,94,0.4,23.67,10.73,7.21
2025-07-23 18:00:00,24.1,94,0.1,23.5,10.77,7.17
2025-07-23 19:00:00,23.6,97,0.7,23.23,10.89,7.13
2025-07-23 20:00:00,23.9,95,0.2,23.13,10.87,7.33
2025-07-23 21:00:00,23.6,95,0.2,22.97,10.91,7.2
2025-07-23 22:00:00,23.4,97,0.4,22.8,10.98,7.14
2025-07-23 23:00:00,23.4,97,0.3,22.68,11.01,7.38
2025-07-24 00:00:00,23.8,95,0.7,22.72,10.96,7.6
2025-07-24 01:00:00,24.0,91,0.2,22.8,10.86,7.39
2025-07-24 02:00:00,24.2,92,0.4,22.92,10.86,7.52
2025-07-24 03:00:00,24.7,93,0.3,23.15,10.83,7.66
2025-07-24 04:00:00,25.2,87,0.9,23.47,10.64,7.63
2025-07-24 05:00:00,25.9,86,0.4,23.9,10.53,7.59
2025-07-24 06:00:00,25.8,86,0.3,24.17,10.47,7.81
2025-07-24 07:00:00,27.1,79,0.2,24.75,10.21,7.92
2025-07-24 08:00:00,26.2,81,0.1,24.88,10.22,7.68
2025-07-24 09:00:00,26.5,80,0.1,25.07,10.16,7.52
2025-07-24 10:00:00,26.2,81,0.1,25.11,10.17,7.4
2025-07-24 11:00:00,25.9,83,0.1,25.05,10.22,7.51
2025-07-24 12:00:00,25.1,87,0.1,24.76,10.36,7.52
2025-07-24 13:00:00,24.9,91,0.4,24.5,10.49,7.36
2025-07-24 14:00:00,24.2,94,1.4,24.11,10.64,7.2
2025-07-24 15:00:00,23.8,97,0.3,23.72,10.78,7.13
2025-07-24 16:00:00,23.5,97,1.9,23.35,10.86,6.97
2025-07-24 17:00:00,23.5,97,0.5,23.1,10.92,7.19
2025-07-24 18:00:00,23.5,95,0.2,22.92,10.92,7.21
2025-07-24 19:00:00,23.4,97,0.0,22.76,10.99,6.99
2025-07-24 20:00:00,23.7,96,0.0,22.74,10.98,7.33
2025-07-24 21:00:00,23.9,96,0.1,22.79,10.97,7.27
2025-07-24 22:00:00,24.0,95,0.1,22.85,10.93,7.41
2025-07-24 23:00:00,23.7,96,0.3,22.81,10.96,7.2
2025-07-25 00:00:00,23.3,96,0.4,22.66,11.0,7.27
2025-07-25 01:00:00,24.1,94,0.2,22.79,10.93,7.48
2025-07-25 02:00:00,24.6,92,0.0,23.03,10.83,7.63
2025-07-25 03:00:00,25.2,88,0.2,23.38,10.68,7.8
2025-07-25 04:00:00,26.0,86,0.4,23.87,10.53,7.72
2025-07-25 05:00:00,26.8,81,0.3,24.45,10.31,7.66
2025-07-25 06:00:00,27.9,78,0.4,25.18,10.1,7.58
2025-07-25 07:00:00,26.3,82,0.8,25.22,10.17,7.77
2025-07-25 08:00:00,28.1,75,0.1,25.78,9.92,7.56
2025-07-25 09:00:00,27.5,80,0.3,26.0,9.96,7.75
2025-07-25 10:00:00,26.5,82,0.3,25.85,10.03,7.5
2025-07-25 11:00:00,26.2,85,0.1,25.65,10.13,7.63
2025-07-25 12:00:00,24.9,91,1.6,25.13,10.36,7.4
2025-07-25 13:00:00,24.6,93,0.2,24.67,10.5,7.31
2025-07-25 14:00:00,23.7,97,0.9,24.08,10.7,7.17
2025-07-25 15:00:00,24.2,95,1.3,23.82,10.72,7.11
2025-07-25 16:00:00,23.9,97,1.6,23.54,10.82,7.13
2025-07-25 17:00:00,24.1,95,0.3,23.41,10.81,7.12
2025-07-25 18:00:00,23.9,96,0.2,23.26,10.86,7.05
2025-07-25 19:00:00,24.0,95,0.0,23.18,10.86,7.12
2025-07-25 20:00:00,23.9,94,0.0,23.1,10.86,7.18
2025-07-25 21:00:00,24.0,94,0.1,23.07,10.87,7.0
2025-07-25 22:00:00,24.0,94,0.0,23.05,10.87,7.33
2025-07-25 23:00:00,24.0,94,0.0,23.03,10.87,7.25
2025-07-26 00:00:00,23.9,92,0.0,22.99,10.84,7.31
2025-07-26 01:00:00,24.5,88,0.0,23.15,10.73,7.34
2025-07-26 02:00:00,24.9,87,0.0,23.37,10.66,7.4
2025-07-26 03:00:00,24.8,88,0.3,23.5,10.65,7.48
2025-07-26 04:00:00,25.7,87,0.0,23.86,10.56,7.61
2025-07-26 05:00:00,25.6,87,0.3,24.08,10.51,7.88
2025-07-26 06:00:00,25.4,89,0.2,24.18,10.53,7.65
2025-07-26 07:00:00,25.8,87,0.2,24.36,10.45,7.71
2025-07-26 08:00:00,26.2,87,1.2,24.61,10.39,7.65
2025-07-26 09:00:00,26.5,82,0.0,24.88,10.24,7.64
2025-07-26 10:00:00,26.2,82,0.2,24.98,10.22,7.54
2025-07-26 11:00:00,25.8,84,0.1,24.92,10.27,7.36
2025-07-26 12:00:00,24.8,90,0.7,24.59,10.46,7.52
2025-07-26 13:00:00,25.1,87,0.1,24.44,10.43,7.51
2025-07-26 14:00:00,24.8,88,0.0,24.25,10.49,7.1
2025-07-26 15:00:00,24.6,88,0.0,24.05,10.53,7.1
2025-07-26 16:00:00,24.5,85,0.0,23.89,10.51,7.13
2025-07-26 17:00:00,24.5,85,0.0,23.77,10.53,7.04
2025-07-26 18:00:00,24.5,84,0.0,23.69,10.53,7.17
2025-07-26 19:00:00,24.4,85,0.3,23.6,10.57,7.04
2025-07-26 20:00:00,23.9,88,0.8,23.39,10.68,7.34
2025-07-26 21:00:00,23.5,91,1.0,23.12,10.79,7.28
2025-07-26 22:00:00,23.4,91,0.8,22.91,10.84,7.26
2025-07-26 23:00:00,23.4,91,0.3,22.75,10.87,7.44
2025-07-27 00:00:00,23.5,89,0.0,22.68,10.85,7.54
2025-07-27 01:00:00,25.2,80,0.0,23.13,10.57,7.45
2025-07-27 02:00:00,25.3,82,0.0,23.48,10.54,7.49
2025-07-27 03:00:00,25.0,85,0.0,23.64,10.56,7.64
2025-07-27 04:00:00,25.9,84,0.0,24.02,10.46,7.77
2025-07-27 05:00:00,26.7,80,0.0,24.52,10.28,7.72
2025-07-27 06:00:00,28.2,73,0.0,25.33,9.97,7.55
2025-07-27 07:00:00,28.9,70,0.0,26.1,9.76,7.61
2025-07-27 08:00:00,29.0,70,0.0,26.67,9.64,7.65
2025-07-27 09:00:00,29.2,68,0.0,27.13,9.5,7.59
2025-07-27 10:00:00,28.8,70,0.0,27.33,9.5,7.73
2025-07-27 11:00:00,28.2,75,0.0,27.29,9.6,7.33
2025-07-27 12:00:00,27.7,78,0.0,27.11,9.69,7.44
2025-07-27 13:00:00,27.4,79,0.0,26.9,9.75,7.46
2025-07-27 14:00:00,26.9,80,0.0,26.6,9.84,7.47
2025-07-27 15:00:00,26.6,80,0.0,26.3,9.9,7.14
2025-07-27 16:00:00,26.4,81,0.0,26.03,9.98,7.19
2025-07-27 17:00:00,26.2,81,0.0,25.78,10.03,7.17
2025-07-27 18:00:00,26.3,79,0.0,25.64,10.02,7.12
2025-07-27 19:00:00,26.1,80,0.0,25.48,10.08,7.11
2025-07-27 20:00:00,25.9,82,0.0,25.3,10.15,7.19
2025-07-27 21:00:00,25.6,84,0.0,25.09,10.23,6.94
2025-07-27 22:00:00,25.3,85,0.0,24.85,10.3,7.33
2025-07-27 23:00:00,25.1,86,0.0,24.63,10.37,7.35
2025-07-28 00:00:00,25.0,86,0.0,24.44,10.41,7.39
2025-07-28 01:00:00,26.5,67,0.0,24.76,9.98,7.69
2025-07-28 02:00:00,27.1,67,0.0,25.16,9.89,7.49
2025-07-28 03:00:00,28.3,67,0.0,25.8,9.76,7.57
2025-07-28 04:00:00,29.1,66,0.0,26.49,9.6,7.85
2025-07-28 05:00:00,30.3,63,0.0,27.33,9.37,7.59
2025-07-28 06:00:00,31.2,59,0.0,28.19,9.12,7.62
2025-07-28 07:00:00,31.5,56,0.0,28.89,8.93,7.65
2025-07-28 08:00:00,31.7,55,0.0,29.43,8.8,7.71
2025-07-28 09:00:00,31.5,56,0.0,29.75,8.75,7.6
2025-07-28 10:00:00,30.6,60,0.0,29.71,8.83,7.38
2025-07-28 11:00:00,29.8,65,0.0,29.43,8.97,7.39
2025-07-28 12:00:00,28.7,71,0.0,28.91,9.19,7.31
2025-07-28 13:00:00,28.1,72,0.0,28.37,9.32,7.29
2025-07-28 14:00:00,27.6,74,0.0,27.84,9.47,7.27
2025-07-28 15:00:00,27.6,70,0.0,27.47,9.47,7.22
2025-07-28 16:00:00,27.4,69,0.0,27.15,9.52,6.95
2025-07-28 17:00:00,27.0,71,0.0,26.8,9.63,7.21
2025-07-28 18:00:00,26.5,75,0.0,26.41,9.78,7.12
2025-07-28 19:00:00,26.1,77,0.0,26.02,9.9,7.25
2025-07-28 20:00:00,25.8,79,0.0,25.65,10.02,7.19
2025-07-28 21:00:00,25.7,79,0.0,25.37,10.08,7.3
2025-07-28 22:00:00,25.9,78,0.0,25.23,10.09,7.3
2025-07-28 23:00:00,25.8,79,0.0,25.1,10.14,7.47
2025-07-29 00:00:00,25.1,87,0.0,24.8,10.35,7.46
2025-07-29 01:00:00,26.2,72,0.0,24.92,10.04,7.48
2025-07-29 02:00:00,26.8,71,0.0,25.18,9.96,7.79
2025-07-29 03:00:00,27.7,71,0.0,25.64,9.87,7.7
2025-07-29 04:00:00,28.9,68,0.0,26.32,9.67,7.71
2025-07-29 05:00:00,29.9,65,0.0,27.09,9.46,7.55
2025-07-29 06:00:00,31.2,58,0.0,28.02,9.14,7.55
2025-07-29 07:00:00,31.8,55,0.0,28.86,8.92,7.69
2025-07-29 08:00:00,31.8,56,0.0,29.44,8.82,7.64
2025-07-29 09:00:00,31.5,58,0.0,29.76,8.79,7.51
2025-07-29 10:00:00,31.1,59,0.0,29.86,8.78,7.53
2025-07-29 11:00:00,30.1,64,0.0,29.63,8.92,7.6
2025-07-29 12:00:00,29.0,69,0.0,29.14,9.1,7.44
2025-07-29 13:00:00,28.7,66,0.0,28.71,9.14,7.18
2025-07-29 14:00:00,28.3,66,0.0,28.29,9.23,7.22
2025-07-29 15:00:00,28.0,66,0.0,27.9,9.31,7.09
2025-07-29 16:00:00,27.9,66,0.0,27.6,9.37,7.09
2025-07-29 17:00:00,27.7,68,0.0,27.33,9.46,7.06
2025-07-29 18:00:00,27.4,70,0.0,27.05,9.56,7.04
2025-07-29 19:00:00,27.0,71,0.0,26.74,9.64,6.98
2025-07-29 20:00:00,26.7,72,0.0,26.43,9.72,7.12
2025-07-29 21:00:00,26.6,73,0.0,26.18,9.8,7.13
2025-07-29 22:00:00,26.4,76,0.0,25.94,9.9,6.96
2025-07-29 23:00:00,26.1,79,0.0,25.69,10.01,7.53
2025-07-30 00:00:00,25.5,83,0.0,25.33,10.16,7.52
2025-07-30 01:00:00,26.7,72,0.0,25.44,9.93,7.45
2025-07-30 02:00:00,27.3,71,0.0,25.7,9.86,7.55
2025-07-30 03:00:00,28.3,71,0.0,26.18,9.76,7.49
2025-07-30 04:00:00,29.6,68,0.0,26.91,9.55,7.82
2025-07-30 05:00:00,30.5,65,0.0,27.68,9.34,7.86
2025-07-30 06:00:00,31.3,60,0.0,28.47,9.08,7.69
2025-07-30 07:00:00,31.5,59,0.0,29.08,8.94,7.76
2025-07-30 08:00:00,31.3,62,0.0,29.44,8.92,7.64
2025-07-30 09:00:00,31.2,64,0.0,29.67,8.91,7.44
2025-07-30 10:00:00,30.2,68,0.0,29.53,9.01,7.47
2025-07-30 11:00:00,29.1,73,0.0,29.1,9.18,7.46
2025-07-30 12:00:00,27.7,79,0.0,28.38,9.44,7.33
2025-07-30 13:00:00,28.2,76,0.0,28.03,9.46,7.28
2025-07-30 14:00:00,27.4,79,0.0,27.54,9.62,7.23
2025-07-30 15:00:00,27.2,78,0.0,27.14,9.69,7.17
2025-07-30 16:00:00,26.9,79,0.0,26.77,9.78,7.14
2025-07-30 17:00:00,26.5,83,0.0,26.39,9.94,7.0
2025-07-30 18:00:00,26.0,86,0.0,25.97,10.08,7.03
2025-07-30 19:00:00,25.8,87,0.0,25.62,10.18,6.99
2025-07-30 20:00:00,25.8,84,0.0,25.37,10.17,7.24
2025-07-30 21:00:00,25.8,82,0.0,25.2,10.17,6.99
2025-07-30 22:00:00,25.6,82,0.0,25.02,10.21,7.38
2025-07-30 23:00:00,25.6,81,0.0,24.89,10.22,7.47
2025-07-31 00:00:00,25.4,81,0.0,24.75,10.25,7.38
2025-07-31 01:00:00,26.1,82,0.0,24.85,10.25,7.23
2025-07-31 02:00:00,25.9,83,0.0,24.87,10.26,7.53
2025-07-31 03:00:00,27.1,79,0.0,25.24,10.11,7.61
2025-07-31 04:00:00,28.1,73,0.0,25.8,9.88,7.56
2025-07-31 05:00:00,28.5,72,0.0,26.31,9.75,7.64
2025-07-31 06:00:00,30.5,62,0.0,27.26,9.37,7.84
2025-07-31 07:00:00,31.0,61,0.0,28.09,9.18,7.74
2025-07-31 08:00:00,30.8,65,0.0,28.6,9.15,7.54
2025-07-31 09:00:00,30.5,65,0.0,28.87,9.09,7.42
2025-07-31 10:00:00,29.7,67,0.1,28.82,9.14,7.48
2025-07-31 11:00:00,29.0,72,0.0,28.57,9.28,7.43
2025-07-31 12:00:00,27.9,77,0.0,28.07,9.47,7.43
2025-07-31 13:00:00,27.8,79,0.0,27.69,9.59,7.25
2025-07-31 14:00:00,27.2,80,0.0,27.24,9.7,7.29
2025-07-31 15:00:00,26.9,82,0.0,26.84,9.82,7.37
2025-07-31 16:00:00,26.7,84,0.0,26.5,9.93,7.22
2025-07-31 17:00:00,26.4,85,0.0,26.17,10.02,7.1
2025-07-31 18:00:00,26.2,86,0.0,25.88,10.1,7.08
2025-07-31 19:00:00,26.2,86,0.0,25.67,10.15,7.08
2025-07-31 20:00:00,26.1,86,0.0,25.5,10.18,7.26
2025-07-31 21:00:00,25.8,88,0.0,25.29,10.27,7.13
2025-07-31 22:00:00,25.5,89,0.0,25.05,10.34,7.26
2025-07-31 23:00:00,25.4,89,0.0,24.86,10.38,7.34
2025-08-01 00:00:00,25.5,85,0.0,24.75,10.33,7.36
2025-08-01 01:00:00,26.2,82,0.0,24.89,10.24,7.35
2025-08-01 02:00:00,26.6,81,0.0,25.1,10.17,7.59
2025-08-01 03:00:00,27.9,76,0.0,25.64,9.96,7.61
2025-08-01 04:00:00,29.3,70,0.0,26.44,9.68,7.71
2025-08-01 05:00:00,30.6,65,0.0,27.39,9.4,7.62
2025-08-01 06:00:00,31.5,60,0.0,28.32,9.11,7.8
2025-08-01 07:00:00,31.8,60,0.0,29.06,8.96,7.57
2025-08-01 08:00:00,31.6,61,0.0,29.53,8.89,7.8
2025-08-01 09:00:00,31.1,63,0.0,29.7,8.89,7.4
2025-08-01 10:00:00,30.5,65,0.0,29.64,8.93,7.56
2025-08-01 11:00:00,29.6,69,0.0,29.33,9.07,7.49
2025-08-01 12:00:00,28.3,74,0.0,28.72,9.28,7.29
2025-08-01 13:00:00,27.2,82,0.0,27.96,9.58,7.35
2025-08-01 14:00:00,26.7,84,0.0,27.28,9.76,7.37
2025-08-01 15:00:00,26.3,86,0.0,26.69,9.93,6.96
2025-08-01 16:00:00,26.1,87,0.0,26.21,10.05,7.19
2025-08-01 17:00:00,26.0,87,0.0,25.85,10.13,6.86
2025-08-01 18:00:00,25.9,86,0.0,25.56,10.17,7.01
2025-08-01 19:00:00,25.6,87,0.0,25.27,10.25,7.28
2025-08-01 20:00:00,25.5,88,0.0,25.04,10.32,7.09
2025-08-01 21:00:00,25.3,88,0.0,24.82,10.37,7.08
2025-08-01 22:00:00,25.4,87,0.0,24.69,10.38,7.24
2025-08-01 23:00:00,25.2,87,0.0,24.55,10.41,7.54
2025-08-02 00:00:00,25.1,87,0.0,24.41,10.44,7.23
2025-08-02 01:00:00,25.5,85,0.0,24.44,10.39,7.39
2025-08-02 02:00:00,26.1,83,0.0,24.64,10.31,7.71
2025-08-02 03:00:00,27.9,75,0.0,25.32,10.01,7.8
2025-08-02 04:00:00,29.0,69,0.0,26.12,9.73,7.65
2025-08-02 05:00:00,30.5,63,0.0,27.13,9.41,7.55
2025-08-02 06:00:00,30.8,62,0.0,27.93,9.23,7.89
2025-08-02 07:00:00,31.0,62,0.1,28.55,9.1,7.82
2025-08-02 08:00:00,30.9,62,0.0,28.96,9.02,7.7
2025-08-02 09:00:00,30.9,61,0.0,29.24,8.94,7.5
2025-08-02 10:00:00,29.5,66,0.0,29.02,9.08,7.51
2025-08-02 11:00:00,28.4,72,0.0,28.53,9.28,7.44
2025-08-02 12:00:00,27.1,78,0.1,27.8,9.55,7.41
2025-08-02 13:00:00,27.1,78,0.0,27.29,9.65,7.45
2025-08-02 14:00:00,27.5,70,0.0,27.05,9.56,7.33
2025-08-02 15:00:00,27.3,70,0.0,26.83,9.6,7.07
2025-08-02 16:00:00,26.7,75,0.0,26.49,9.77,7.27
2025-08-02 17:00:00,26.5,76,0.0,26.19,9.85,7.14
2025-08-02 18:00:00,26.3,77,0.0,25.92,9.92,7.17
2025-08-02 19:00:00,26.3,77,0.0,25.74,9.96,7.26
2025-08-02 20:00:00,26.1,78,0.0,25.55,10.02,7.03
2025-08-02 21:00:00,25.9,79,0.0,25.35,10.08,7.19
2025-08-02 22:00:00,25.7,81,0.0,25.16,10.16,7.21
2025-08-02 23:00:00,25.5,82,0.0,24.96,10.22,7.18
2025-08-03 00:00:00,25.4,84,0.0,24.79,10.3,7.45
2025-08-03 01:00:00,25.5,80,0.0,24.7,10.24,7.74
2025-08-03 02:00:00,26.0,79,0.0,24.79,10.2,7.38
2025-08-03 03:00:00,27.2,75,0.0,25.22,10.03,7.62
2025-08-03 04:00:00,28.8,69,0.0,25.99,9.76,7.72
2025-08-03 05:00:00,29.2,66,0.0,26.65,9.57,7.7
2025-08-03 06:00:00,29.9,67,0.1,27.33,9.45,7.67
2025-08-03 07:00:00,28.2,74,0.2,27.29,9.58,7.53
2025-08-03 08:00:00,28.1,72,0.1,27.23,9.56,7.66
2025-08-03 09:00:00,28.0,72,0.1,27.16,9.57,7.52
2025-08-03 10:00:00,28.1,71,0.0,27.14,9.56,7.32
2025-08-03 11:00:00,26.9,77,0.0,26.77,9.75,7.59
2025-08-03 12:00:00,26.3,81,0.0,26.33,9.91,7.49
2025-08-03 13:00:00,25.6,84,0.0,25.81,10.08,7.33
2025-08-03 14:00:00,25.7,80,0.0,25.48,10.07,7.28
2025-08-03 15:00:00,25.8,78,0.0,25.27,10.08,7.3
2025-08-03 16:00:00,25.5,79,0.0,25.04,10.15,7.17
2025-08-03 17:00:00,25.3,81,0.0,24.82,10.23,7.21
2025-08-03 18:00:00,25.2,84,0.0,24.63,10.33,7.08
2025-08-03 19:00:00,25.3,84,0.0,24.53,10.35,7.26
2025-08-03 20:00:00,25.3,84,0.0,24.46,10.37,7.19
2025-08-03 21:00:00,25.2,84,0.0,24.38,10.38,7.22
2025-08-03 22:00:00,25.3,82,0.0,24.36,10.35,7.14
2025-08-03 23:00:00,25.2,82,0.0,24.31,10.36,7.37
2025-08-04 00:00:00,25.3,82,0.0,24.31,10.36,7.33
2025-08-04 01:00:00,25.8,70,0.0,24.46,10.1,7.43
2025-08-04 02:00:00,26.7,72,0.0,24.83,10.06,7.48
2025-08-04 03:00:00,28.4,66,0.0,25.6,9.78,7.51
2025-08-04 04:00:00,29.5,64,0.0,26.47,9.57,7.87
2025-08-04 05:00:00,30.5,62,0.0,27.38,9.34,7.81
2025-08-04 06:00:00,31.1,62,0.0,28.2,9.18,7.87
2025-08-04 07:00:00,30.1,69,0.5,28.47,9.25,7.51
2025-08-04 08:00:00,30.4,66,0.1,28.75,9.13,7.63
2025-08-04 09:00:00,29.8,69,0.1,28.76,9.18,7.45
2025-08-04 10:00:00,29.0,72,0.1,28.53,9.28,7.45
2025-08-04 11:00:00,28.5,74,0.0,28.22,9.39,7.36
2025-08-04 12:00:00,27.0,81,0.0,27.56,9.65,7.51
2025-08-04 13:00:00,27.1,82,0.0,27.12,9.76,7.27
2025-08-04 14:00:00,26.4,84,0.0,26.6,9.91,7.35
2025-08-04 15:00:00,25.9,87,0.0,26.09,10.08,7.25
2025-08-04 16:00:00,25.5,89,0.0,25.61,10.22,7.37
2025-08-04 17:00:00,25.3,91,0.0,25.22,10.34,6.97
2025-08-04 18:00:00,25.1,89,0.0,24.88,10.37,7.24
2025-08-04 19:00:00,24.9,87,0.0,24.59,10.4,7.24
2025-08-04 20:00:00,24.6,87,0.0,24.29,10.46,7.06
2025-08-04 21:00:00,24.4,89,0.0,24.02,10.56,7.31
2025-08-04 22:00:00,24.2,89,0.0,23.78,10.61,7.31
2025-08-04 23:00:00,24.1,91,0.0,23.57,10.7,7.32
2025-08-05 00:00:00,24.3,89,0.0,23.49,10.67,7.34
2025-08-05 01:00:00,24.9,88,0.0,23.61,10.63,7.43
2025-08-05 02:00:00,25.3,87,0.0,23.82,10.56,7.78
2025-08-05 03:00:00,26.7,79,0.1,24.38,10.29,7.62
2025-08-05 04:00:00,27.8,73,0.0,25.11,10.02,7.75
2025-08-05 05:00:00,29.3,65,0.0,26.07,9.67,7.61
2025-08-05 06:00:00,30.3,61,0.0,27.04,9.39,7.61
2025-08-05 07:00:00,30.7,60,0.0,27.84,9.21,7.78
2025-08-05 08:00:00,31.0,59,0.0,28.48,9.06,7.5
2025-08-05 09:00:00,30.4,60,0.0,28.76,9.03,7.54
2025-08-05 10:00:00,29.6,65,0.0,28.71,9.12,7.53
2025-08-05 11:00:00,28.7,71,0.0,28.41,9.29,7.46
2025-08-05 12:00:00,27.5,77,0.0,27.84,9.52,7.36
2025-08-05 13:00:00,27.2,74,0.0,27.34,9.57,7.35
2025-08-05 14:00:00,26.4,77,0.0,26.76,9.75,7.31
2025-08-05 15:00:00,26.3,76,0.0,26.32,9.82,7.26
2025-08-05 16:00:00,26.1,77,0.0,25.96,9.92,7.04
2025-08-05 17:00:00,25.5,80,0.0,25.52,10.07,7.09
2025-08-05 18:00:00,25.2,83,0.0,25.12,10.21,7.23
2025-08-05 19:00:00,25.0,85,0.0,24.79,10.32,7.21
2025-08-05 20:00:00,24.9,86,0.0,24.52,10.39,7.02
2025-08-05 21:00:00,24.7,88,0.0,24.27,10.49,7.24
2025-08-05 22:00:00,24.8,88,0.0,24.13,10.52,7.07
2025-08-05 23:00:00,24.5,89,0.0,23.94,10.58,7.35
2025-08-06 00:00:00,24.4,89,0.0,23.78,10.61,7.61
2025-08-06 01:00:00,25.3,81,0.0,23.94,10.42,7.4
2025-08-06 02:00:00,26.3,77,0.0,24.35,10.26,7.48
2025-08-06 03:00:00,27.8,71,0.0,25.08,9.99,7.7
2025-08-06 04:00:00,29.7,61,0.0,26.17,9.57,7.5
2025-08-06 05:00:00,31.0,56,0.0,27.32,9.25,7.61
2025-08-06 06:00:00,32.1,51,0.0,28.45,8.93,7.74
2025-08-06 07:00:00,32.3,52,0.0,29.31,8.77,7.59
2025-08-06 08:00:00,32.5,51,0.0,29.96,8.62,7.6
2025-08-06 09:00:00,31.3,60,0.0,30.07,8.76,7.65
2025-08-06 10:00:00,30.5,63,0.0,29.9,8.85,7.55
2025-08-06 11:00:00,29.7,67,0.0,29.54,8.99,7.47
2025-08-06 12:00:00,28.2,74,0.0,28.84,9.26,7.34
2025-08-06 13:00:00,27.3,78,0.0,28.08,9.49,7.34
2025-08-06 14:00:00,26.5,81,0.0,27.3,9.71,7.22
2025-08-06 15:00:00,26.0,84,0.0,26.61,9.91,7.23
2025-08-06 16:00:00,25.7,86,0.0,26.04,10.07,7.09
2025-08-06 17:00:00,25.7,85,0.0,25.64,10.14,7.1
2025-08-06 18:00:00,25.6,86,0.0,25.33,10.22,7.01
2025-08-06 19:00:00,25.3,87,0.0,25.02,10.31,7.12
2025-08-06 20:00:00,25.1,88,0.0,24.74,10.38,7.07
2025-08-06 21:00:00,25.0,88,0.0,24.52,10.43,7.09
2025-08-06 22:00:00,24.9,89,0.0,24.33,10.49,7.29
2025-08-06 23:00:00,25.0,89,0.0,24.23,10.51,7.36
2025-08-07 00:00:00,24.8,89,0.0,24.1,10.54,7.5
2025-08-07 01:00:00,25.3,86,0.0,24.16,10.47,7.45
2025-08-07 02:00:00,26.0,82,0.0,24.41,10.34,7.61
2025-08-07 03:00:00,27.7,74,0.0,25.1,10.04,7.68
2025-08-07 04:00:00,29.4,66,0.0,26.09,9.68,7.7
2025-08-07 05:00:00,30.8,59,0.0,27.2,9.32,7.6
2025-08-07 06:00:00,31.8,55,0.0,28.28,9.03,7.69
2025-08-07 07:00:00,32.4,53,0.0,29.22,8.81,7.69
2025-08-07 08:00:00,31.2,60,0.1,29.51,8.87,7.62
2025-08-07 09:00:00,30.4,64,0.2,29.48,8.95,7.35
2025-08-07 10:00:00,29.7,67,0.0,29.24,9.05,7.53
2025-08-07 11:00:00,28.8,71,0.0,28.81,9.21,7.67
2025-08-07 12:00:00,28.1,73,0.0,28.3,9.35,7.34
2025-08-07 13:00:00,27.3,76,0.0,27.7,9.53,7.23
2025-08-07 14:00:00,26.7,80,0.0,27.1,9.73,7.28
2025-08-07 15:00:00,26.4,82,0.0,26.59,9.88,7.21
2025-08-07 16:00:00,26.2,83,0.0,26.17,9.98,7.26
2025-08-07 17:00:00,26.1,83,0.0,25.85,10.05,6.99
2025-08-07 18:00:00,25.8,85,0.0,25.54,10.16,7.18
2025-08-07 19:00:00,25.5,86,0.0,25.22,10.24,7.18
2025-08-07 20:00:00,25.4,87,0.0,24.98,10.32,7.14
2025-08-07 21:00:00,25.4,86,0.0,24.8,10.33,7.23
2025-08-07 22:00:00,25.2,87,0.0,24.62,10.39,7.37
2025-08-07 23:00:00,25.1,88,0.0,24.47,10.44,7.42
2025-08-08 00:00:00,25.1,88,0.0,24.36,10.47,7.3
2025-08-08 01:00:00,25.5,83,0.0,24.4,10.36,7.58
2025-08-08 02:00:00,26.5,78,0.0,24.73,10.19,7.56
2025-08-08 03:00:00,28.4,69,0.0,25.53,9.85,7.62
2025-08-08 04:00:00,29.9,63,0.0,26.54,9.53,7.66
2025-08-08 05:00:00,31.2,58,0.0,27.64,9.22,7.66
2025-08-08 06:00:00,31.8,57,0.0,28.59,9.01,7.79
2025-08-08 07:00:00,31.3,61,0.1,29.1,8.97,7.64
2025-08-08 08:00:00,30.1,66,0.5,29.1,9.06,7.48
2025-08-08 09:00:00,30.0,64,0.1,29.07,9.03,7.53
2025-08-08 10:00:00,29.9,63,0.1,29.02,9.02,7.53
2025-08-08 11:00:00,28.9,70,0.1,28.68,9.22,7.57
2025-08-08 12:00:00,27.7,75,0.1,28.09,9.43,7.43
2025-08-08 13:00:00,27.4,79,0.0,27.58,9.61,7.22
2025-08-08 14:00:00,26.7,83,0.0,27.02,9.8,7.49
2025-08-08 15:00:00,26.5,84,0.0,26.56,9.92,7.21
2025-08-08 16:00:00,26.3,85,0.0,26.18,10.02,7.27
2025-08-08 17:00:00,26.1,86,0.0,25.86,10.11,7.1
2025-08-08 18:00:00,25.9,87,0.0,25.57,10.19,7.16
2025-08-08 19:00:00,25.6,89,0.0,25.28,10.29,7.2
2025-08-08 20:00:00,25.5,90,0.0,25.05,10.36,7.27
2025-08-08 21:00:00,25.2,91,0.1,24.79,10.43,7.3
2025-08-08 22:00:00,24.8,91,0.1,24.49,10.5,7.34
2025-08-08 23:00:00,24.6,92,0.0,24.23,10.57,7.31
2025-08-09 00:00:00,24.6,91,0.1,24.04,10.6,7.35
2025-08-09 01:00:00,25.2,88,0.0,24.09,10.53,7.53
2025-08-09 02:00:00,26.2,83,0.0,24.42,10.36,7.66
2025-08-09 03:00:00,27.4,76,0.0,25.01,10.1,7.6
2025-08-09 04:00:00,28.5,69,0.0,25.76,9.81,7.77
2025-08-09 05:00:00,29.6,65,0.0,26.61,9.56,7.83
2025-08-09 06:00:00,30.6,63,0.0,27.51,9.33,7.59
2025-08-09 07:00:00,30.5,62,0.0,28.11,9.19,7.59
2025-08-09 08:00:00,29.8,66,0.1,28.31,9.22,7.62
2025-08-09 09:00:00,30.3,64,0.1,28.61,9.13,7.61
2025-08-09 10:00:00,29.5,67,0.1,28.58,9.19,7.46
2025-08-09 11:00:00,29.0,68,0.0,28.4,9.24,7.59
2025-08-09 12:00:00,27.8,75,0.0,27.92,9.47,7.42
2025-08-09 13:00:00,27.3,79,0.0,27.44,9.64,7.31
2025-08-09 14:00:00,26.6,84,0.0,26.89,9.85,7.1
2025-08-09 15:00:00,26.2,86,0.0,26.38,10.0,7.05
2025-08-09 16:00:00,25.9,87,0.0,25.94,10.11,7.17
2025-08-09 17:00:00,25.7,88,0.0,25.56,10.21,6.9
2025-08-09 18:00:00,25.6,90,0.0,25.28,10.31,7.21
2025-08-09 19:00:00,25.3,91,0.0,24.98,10.39,7.1
2025-08-09 20:00:00,25.1,92,0.0,24.72,10.47,7.48
2025-08-09 21:00:00,25.0,93,0.0,24.5,10.53,7.43
2025-08-09 22:00:00,25.0,93,0.0,24.35,10.57,7.25
2025-08-09 23:00:00,24.8,92,0.0,24.19,10.58,7.33
2025-08-10 00:00:00,24.7,91,0.0,24.04,10.59,7.52
2025-08-10 01:00:00,25.2,90,0.0,24.09,10.56,7.67
2025-08-10 02:00:00,26.1,84,0.0,24.39,10.38,7.4
2025-08-10 03:00:00,27.3,76,0.1,24.96,10.11,7.44
2025-08-10 04:00:00,28.6,68,0.1,25.75,9.79,7.59
2025-08-10 05:00:00,29.4,65,0.2,26.55,9.57,7.73
2025-08-10 06:00:00,29.2,67,0.3,27.04,9.5,7.72
2025-08-10 07:00:00,29.8,66,0.3,27.57,9.38,7.76
2025-08-10 08:00:00,29.8,65,0.2,27.94,9.28,7.51
2025-08-10 09:00:00,29.2,66,0.2,28.02,9.28,7.35
2025-08-10 10:00:00,28.7,69,0.2,27.92,9.36,7.6
2025-08-10 11:00:00,28.2,70,0.1,27.71,9.42,7.37
2025-08-10 12:00:00,27.4,74,0.0,27.31,9.58,7.19
2025-08-10 13:00:00,27.1,80,0.0,26.95,9.76,7.33
2025-08-10 14:00:00,26.5,85,0.0,26.51,9.95,7.32
2025-08-10 15:00:00,26.1,88,0.0,26.09,10.09,7.17
2025-08-10 16:00:00,25.9,88,0.0,25.73,10.17,7.1
2025-08-10 17:00:00,25.6,88,0.0,25.39,10.24,7.1
2025-08-10 18:00:00,25.5,88,0.0,25.13,10.3,7.07
2025-08-10 19:00:00,25.2,87,0.0,24.85,10.34,6.99
2025-08-10 20:00:00,25.0,88,0.0,24.59,10.42,7.08
2025-08-10 21:00:00,24.8,89,0.0,24.36,10.49,7.26
2025-08-10 22:00:00,24.8,89,0.0,24.19,10.52,7.3
2025-08-10 23:00:00,24.6,89,0.0,24.01,10.56,7.36
2025-08-11 00:00:00,24.4,89,0.0,23.83,10.6,7.32
2025-08-11 01:00:00,25.2,88,0.0,23.94,10.56,7.48
2025-08-11 02:00:00,26.3,82,0.0,24.35,10.35,7.35
2025-08-11 03:00:00,28.0,71,0.1,25.14,9.97,7.63
2025-08-11 04:00:00,28.5,69,0.2,25.85,9.79,7.79
2025-08-11 05:00:00,29.8,63,0.1,26.74,9.49,7.53
2025-08-11 06:00:00,29.8,64,0.1,27.35,9.38,7.62
2025-08-11 07:00:00,29.6,64,0.2,27.73,9.31,7.69
2025-08-11 08:00:00,30.2,62,0.2,28.17,9.18,7.75
2025-08-11 09:00:00,30.0,63,0.2,28.42,9.15,7.53
2025-08-11 10:00:00,29.4,65,0.0,28.41,9.18,7.46
2025-08-11 11:00:00,28.9,68,0.0,28.26,9.27,7.26
2025-08-11 12:00:00,27.7,73,0.0,27.79,9.46,7.39
2025-08-11 13:00:00,26.8,82,0.0,27.19,9.75,7.51
2025-08-11 14:00:00,26.1,87,0.0,26.57,9.97,7.27
2025-08-11 15:00:00,25.8,88,0.0,26.04,10.11,7.19
2025-08-11 16:00:00,25.8,86,0.0,25.67,10.15,7.18
2025-08-11 17:00:00,25.6,86,0.0,25.35,10.22,7.12
2025-08-11 18:00:00,25.0,86,0.0,24.94,10.3,7.03
2025-08-11 19:00:00,24.9,87,0.0,24.63,10.39,7.21
2025-08-11 20:00:00,24.9,87,0.0,24.41,10.44,7.18
2025-08-11 21:00:00,24.5,89,0.0,24.14,10.53,7.21
2025-08-11 22:00:00,24.1,90,0.0,23.83,10.62,7.17
2025-08-11 23:00:00,24.2,89,0.0,23.64,10.64,7.48
2025-08-12 00:00:00,24.3,88,0.0,23.54,10.64,7.49
2025-08-12 01:00:00,25.2,85,0.0,23.74,10.54,7.44
2025-08-12 02:00:00,25.9,81,0.0,24.09,10.39,7.67
2025-08-12 03:00:00,27.4,73,0.0,24.78,10.09,7.57
2025-08-12 04:00:00,29.0,64,0.0,25.75,9.72,7.58
2025-08-12 05:00:00,30.1,59,0.0,26.75,9.42,7.61
2025-08-12 06:00:00,29.7,62,0.2,27.34,9.35,7.49
2025-08-12 07:00:00,30.4,59,0.1,27.96,9.17,7.71
2025-08-12 08:00:00,29.7,61,0.2,28.18,9.16,7.44
2025-08-12 09:00:00,29.2,63,0.3,28.19,9.2,7.45
2025-08-12 10:00:00,28.5,69,0.2,27.98,9.35,7.31
2025-08-12 11:00:00,28.2,69,0.1,27.75,9.39,7.44
2025-08-12 12:00:00,26.9,76,0.0,27.19,9.64,7.37
2025-08-12 13:00:00,26.6,78,0.0,26.71,9.78,7.28
2025-08-12 14:00:00,25.5,84,0.1,26.05,10.03,7.14
2025-08-12 15:00:00,25.3,85,0.0,25.53,10.16,7.08
2025-08-12 16:00:00,24.9,87,0.0,25.04,10.3,7.2
2025-08-12 17:00:00,25.0,88,0.0,24.73,10.39,7.07
2025-08-12 18:00:00,24.8,89,0.0,24.45,10.47,7.15
2025-08-12 19:00:00,24.7,89,0.0,24.22,10.52,7.04
2025-08-12 20:00:00,24.5,89,0.0,24.01,10.56,7.18
2025-08-12 21:00:00,24.2,89,0.0,23.76,10.62,7.34
2025-08-12 22:00:00,23.9,90,0.0,23.51,10.69,7.33
2025-08-12 23:00:00,24.0,89,0.0,23.35,10.7,7.31
2025-08-13 00:00:00,24.1,88,0.0,23.28,10.7,7.45
2025-08-13 01:00:00,24.8,90,0.0,23.43,10.71,7.48
2025-08-13 02:00:00,25.4,86,0.0,23.72,10.56,7.57
2025-08-13 03:00:00,26.2,80,0.0,24.17,10.35,7.6
2025-08-13 04:00:00,26.9,76,0.1,24.69,10.17,7.65
2025-08-13 05:00:00,27.9,70,0.2,25.35,9.91,7.7
2025-08-13 06:00:00,28.6,68,0.5,26.03,9.73,7.57
2025-08-13 07:00:00,29.5,63,0.4,26.77,9.49,7.55
2025-08-13 08:00:00,29.8,63,0.5,27.38,9.36,7.47
2025-08-13 09:00:00,29.0,66,0.5,27.56,9.38,7.4
2025-08-13 10:00:00,29.3,65,0.3,27.78,9.31,7.39
2025-08-13 11:00:00,27.3,73,0.2,27.34,9.55,7.47
2025-08-13 12:00:00,27.2,75,0.0,27.0,9.66,7.3
2025-08-13 13:00:00,26.7,78,0.0,26.61,9.8,7.37
2025-08-13 14:00:00,25.5,85,0.1,25.98,10.06,7.25
2025-08-13 15:00:00,25.3,85,0.0,25.47,10.17,7.0
2025-08-13 16:00:00,25.1,86,0.0,25.06,10.28,7.22
2025-08-13 17:00:00,25.0,87,0.0,24.74,10.37,7.2
2025-08-13 18:00:00,24.8,88,0.0,24.46,10.45,7.02
2025-08-13 19:00:00,24.6,89,0.0,24.2,10.52,7.17
2025-08-13 20:00:00,24.4,89,0.0,23.96,10.57,7.07
2025-08-13 21:00:00,23.9,92,0.0,23.64,10.7,7.22
2025-08-13 22:00:00,24.0,91,0.0,23.45,10.72,7.15
2025-08-13 23:00:00,24.3,90,0.1,23.41,10.71,7.16
2025-08-14 00:00:00,24.2,90,0.0,23.34,10.73,7.39
2025-08-14 01:00:00,24.6,88,0.1,23.42,10.67,7.48
2025-08-14 02:00:00,24.8,87,0.1,23.53,10.63,7.53
2025-08-14 03:00:00,26.1,79,0.1,24.0,10.37,7.51
2025-08-14 04:00:00,28.3,68,0.0,24.99,9.95,7.63
2025-08-14 05:00:00,29.6,62,0.1,26.07,9.61,7.71
2025-08-14 06:00:00,30.6,57,0.1,27.13,9.3,7.68
2025-08-14 07:00:00,30.9,57,0.1,27.96,9.13,7.68
2025-08-14 08:00:00,30.4,60,0.2,28.39,9.1,7.55
2025-08-14 09:00:00,30.0,63,0.1,28.58,9.12,7.7
2025-08-14 10:00:00,29.5,64,0.2,28.55,9.14,7.39
2025-08-14 11:00:00,28.5,69,0.1,28.24,9.29,7.5
2025-08-14 12:00:00,26.9,77,0.1,27.54,9.58,7.5
2025-08-14 13:00:00,26.6,79,0.1,26.96,9.74,7.35
2025-08-14 14:00:00,25.2,83,0.1,26.13,9.99,7.22
2025-08-14 15:00:00,24.9,85,0.0,25.46,10.17,7.14
2025-08-14 16:00:00,24.8,86,0.0,24.96,10.3,7.25
2025-08-14 17:00:00,24.2,88,0.0,24.43,10.45,6.98
2025-08-14 18:00:00,24.2,87,0.0,24.06,10.51,7.02
2025-08-14 19:00:00,24.1,87,0.0,23.77,10.57,7.09
2025-08-14 20:00:00,23.9,87,0.0,23.51,10.63,7.29
2025-08-14 21:00:00,23.6,88,0.0,23.24,10.71,7.25
2025-08-14 22:00:00,23.8,85,0.0,23.11,10.68,7.18
2025-08-14 23:00:00,23.7,87,0.0,22.98,10.74,7.32
2025-08-15 00:00:00,23.7,86,0.0,22.9,10.74,7.37
2025-08-15 01:00:00,24.5,87,0.1,23.08,10.72,7.43
2025-08-15 02:00:00,25.1,83,0.1,23.39,10.58,7.67
2025-08-15 03:00:00,27.1,73,0.2,24.2,10.21,7.48
2025-08-15 04:00:00,27.9,69,0.3,25.01,9.96,7.81
2025-08-15 05:00:00,29.1,66,0.4,25.94,9.71,7.75
2025-08-15 06:00:00,29.3,62,0.4,26.65,9.49,7.78
2025-08-15 07:00:00,30.0,60,0.4,27.35,9.31,7.6
2025-08-15 08:00:00,29.7,60,0.3,27.76,9.23,7.61
2025-08-15 09:00:00,29.5,62,0.2,27.98,9.22,7.43
2025-08-15 10:00:00,29.6,61,0.1,28.17,9.16,7.47
2025-08-15 11:00:00,28.9,65,0.0,28.09,9.25,7.51
2025-08-15 12:00:00,27.6,71,0.0,27.64,9.45,7.51
2025-08-15 13:00:00,27.1,76,0.1,27.18,9.64,7.19
2025-08-15 14:00:00,26.4,81,0.1,26.64,9.85,7.2
2025-08-15 15:00:00,26.2,82,0.0,26.21,9.96,7.17
2025-08-15 16:00:00,25.8,84,0.0,25.79,10.08,7.0
2025-08-15 17:00:00,25.3,86,0.0,25.34,10.22,7.18
2025-08-15 18:00:00,24.8,87,0.0,24.88,10.34,7.04
2025-08-15 19:00:00,24.5,88,0.0,24.47,10.44,7.11
2025-08-15 20:00:00,24.3,88,0.0,24.12,10.52,7.11
2025-08-15 21:00:00,24.4,88,0.0,23.9,10.57,7.13
2025-08-15 22:00:00,24.0,90,0.0,23.63,10.66,7.27
2025-08-15 23:00:00,24.1,89,0.0,23.47,10.68,7.33
2025-08-16 00:00:00,24.1,89,0.0,23.36,10.7,7.39
2025-08-16 01:00:00,25.2,84,0.0,23.61,10.55,7.43
2025-08-16 02:00:00,26.2,79,0.0,24.09,10.35,7.6
2025-08-16 03:00:00,28.0,70,0.1,24.96,9.99,7.78
2025-08-16 04:00:00,28.0,71,0.2,25.57,9.88,7.66
2025-08-16 05:00:00,29.7,61,0.2,26.51,9.5,7.77
2025-08-16 06:00:00,28.8,66,0.8,26.9,9.52,7.5
2025-08-16 07:00:00,30.0,60,0.2,27.53,9.28,7.68
2025-08-16 08:00:00,29.6,61,0.3,27.85,9.23,7.51
2025-08-16 09:00:00,28.4,69,0.6,27.71,9.4,7.41
2025-08-16 10:00:00,27.9,72,0.5,27.47,9.51,7.43
2025-08-16 11:00:00,27.2,75,0.4,27.09,9.64,7.56
2025-08-16 12:00:00,26.5,79,0.2,26.61,9.82,7.47
2025-08-16 13:00:00,26.4,81,0.0,26.25,9.93,7.34
2025-08-16 14:00:00,26.1,82,0.0,25.9,10.02,7.1
2025-08-16 15:00:00,25.9,84,0.0,25.6,10.12,7.17
2025-08-16 16:00:00,25.6,86,0.1,25.3,10.23,7.17
2025-08-16 17:00:00,25.4,87,0.0,25.03,10.3,7.14
2025-08-16 18:00:00,24.9,88,0.0,24.69,10.4,6.93
2025-08-16 19:00:00,24.8,90,0.0,24.42,10.49,7.04
2025-08-16 20:00:00,24.8,89,0.0,24.24,10.51,7.15
2025-08-16 21:00:00,24.6,91,0.0,24.05,10.59,7.26
2025-08-16 22:00:00,24.6,90,0.0,23.91,10.6,7.05
2025-08-16 23:00:00,24.6,90,0.1,23.82,10.62,7.32
2025-08-17 00:00:00,24.4,91,0.0,23.69,10.67,7.44
2025-08-17 01:00:00,24.5,92,0.4,23.64,10.7,7.56
2025-08-17 02:00:00,25.5,87,0.1,23.89,10.55,7.63
2025-08-17 03:00:00,25.6,86,0.4,24.11,10.48,7.66
2025-08-17 04:00:00,27.1,80,0.6,24.7,10.24,7.56
2025-08-17 05:00:00,28.7,70,0.6,25.6,9.86,7.47
2025-08-17 06:00:00,29.2,66,0.3,26.38,9.62,7.64
2025-08-17 07:00:00,29.2,66,0.5,26.93,9.51,7.75
2025-08-17 08:00:00,28.0,72,1.0,26.95,9.62,7.73
2025-08-17 09:00:00,28.6,70,0.3,27.14,9.54,7.65
2025-08-17 10:00:00,28.5,69,0.1,27.25,9.5,7.57
2025-08-17 11:00:00,27.5,76,0.1,27.03,9.67,7.5
2025-08-17 12:00:00,26.7,79,0.1,26.63,9.81,7.33
2025-08-17 13:00:00,27.1,79,0.1,26.47,9.85,7.3
2025-08-17 14:00:00,26.5,83,0.1,26.18,9.98,7.41
2025-08-17 15:00:00,25.8,87,0.1,25.77,10.15,7.09
2025-08-17 16:00:00,25.3,89,0.1,25.33,10.28,7.3
2025-08-17 17:00:00,25.0,88,0.1,24.93,10.35,7.08
2025-08-17 18:00:00,24.8,87,0.0,24.59,10.4,7.25
2025-08-17 19:00:00,24.6,88,0.0,24.29,10.48,6.99
2025-08-17 20:00:00,24.3,88,0.0,23.99,10.55,7.22
2025-08-17 21:00:00,24.2,90,0.1,23.76,10.64,7.13
2025-08-17 22:00:00,24.4,89,0.0,23.65,10.64,7.13
2025-08-17 23:00:00,23.9,89,0.0,23.42,10.69,7.37
2025-08-18 00:00:00,23.8,91,0.0,23.24,10.77,7.53
2025-08-18 01:00:00,24.6,90,0.0,23.35,10.73,7.42
2025-08-18 02:00:00,25.0,87,0.1,23.54,10.62,7.42
2025-08-18 03:00:00,25.6,84,0.0,23.86,10.5,7.62
2025-08-18 04:00:00,27.0,77,0.0,24.5,10.22,7.67
2025-08-18 05:00:00,28.7,68,0.1,25.46,9.85,7.74
2025-08-18 06:00:00,28.0,72,0.1,25.92,9.83,7.79
2025-08-18 07:00:00,29.0,70,0.1,26.55,9.66,7.67
2025-08-18 08:00:00,28.1,72,0.3,26.71,9.66,7.82
2025-08-18 09:00:00,28.7,70,0.2,27.01,9.57,7.61
2025-08-18 10:00:00,29.3,66,0.0,27.4,9.41,7.5
2025-08-18 11:00:00,28.4,71,0.0,27.4,9.5,7.3
2025-08-18 12:00:00,27.0,78,0.0,26.98,9.72,7.36
2025-08-18 13:00:00,27.3,78,0.0,26.77,9.76,7.28
2025-08-18 14:00:00,26.8,82,0.0,26.48,9.9,7.34
2025-08-18 15:00:00,26.5,83,0.0,26.19,9.98,7.23
2025-08-18 16:00:00,26.3,85,0.0,25.92,10.07,7.02
2025-08-18 17:00:00,26.3,85,0.0,25.73,10.11,7.13
2025-08-18 18:00:00,26.1,86,0.0,25.54,10.17,7.17
2025-08-18 19:00:00,25.9,87,0.0,25.35,10.23,7.27
2025-08-18 20:00:00,25.6,88,0.0,25.13,10.3,7.24
2025-08-18 21:00:00,25.3,89,0.0,24.88,10.38,7.28
2025-08-18 22:00:00,25.0,89,0.0,24.61,10.43,7.27
2025-08-18 23:00:00,25.1,88,0.0,24.46,10.45,7.38
2025-08-19 00:00:00,24.9,88,0.0,24.29,10.48,7.54
2025-08-19 01:00:00,25.4,83,0.0,24.32,10.38,7.36
2025-08-19 02:00:00,26.9,71,0.0,24.8,10.05,7.53
2025-08-19 03:00:00,28.0,70,0.0,25.46,9.89,7.54
2025-08-19 04:00:00,29.9,62,0.0,26.49,9.53,7.69
2025-08-19 05:00:00,31.1,56,0.0,27.57,9.19,7.8
2025-08-19 06:00:00,31.8,53,0.0,28.54,8.95,7.61
2025-08-19 07:00:00,32.3,51,0.0,29.37,8.74,7.42
2025-08-19 08:00:00,32.0,52,0.0,29.86,8.66,7.58
2025-08-19 09:00:00,31.6,53,0.0,30.08,8.64,7.66
2025-08-19 10:00:00,31.3,54,0.0,30.15,8.64,7.56
2025-08-19 11:00:00,30.1,61,0.0,29.83,8.82,7.48
2025-08-19 12:00:00,28.8,68,0.0,29.22,9.07,7.34
2025-08-19 13:00:00,28.0,69,0.0,28.56,9.23,7.17
2025-08-19 14:00:00,27.2,73,0.0,27.85,9.45,7.28
2025-08-19 15:00:00,26.8,78,0.0,27.23,9.67,7.09
2025-08-19 16:00:00,26.4,80,0.0,26.68,9.82,7.35
2025-08-19 17:00:00,26.2,81,0.0,26.24,9.93,7.16
2025-08-19 18:00:00,25.8,84,0.0,25.81,10.08,7.04
2025-08-19 19:00:00,25.6,85,0.0,25.45,10.18,7.05
2025-08-19 20:00:00,25.3,87,0.0,25.1,10.29,7.14
2025-08-19 21:00:00,25.0,88,0.0,24.77,10.38,7.18
2025-08-19 22:00:00,24.8,89,0.0,24.48,10.46,7.38
2025-08-19 23:00:00,24.6,90,0.0,24.22,10.54,7.36
2025-08-20 00:00:00,24.4,90,0.0,23.97,10.59,7.35
2025-08-20 01:00:00,25.5,86,0.0,24.13,10.48,7.69
2025-08-20 02:00:00,26.6,79,0.0,24.57,10.25,7.57
2025-08-20 03:00:00,28.5,69,0.0,25.45,9.87,7.69
2025-08-20 04:00:00,30.2,60,0.0,26.57,9.47,7.59
2025-08-20 05:00:00,31.3,57,0.0,27.69,9.19,7.71
2025-08-20 06:00:00,32.6,51,0.0,28.86,8.84,7.7
2025-08-20 07:00:00,33.7,46,0.0,30.02,8.53,7.46
2025-08-20 08:00:00,33.4,48,0.0,30.73,8.42,7.81
2025-08-20 09:00:00,33.0,50,0.0,31.11,8.38,7.69
2025-08-20 10:00:00,31.7,56,0.0,30.99,8.5,7.46
2025-08-20 11:00:00,31.0,57,0.0,30.69,8.58,7.32
2025-08-20 12:00:00,29.6,64,0.0,30.06,8.83,7.39
2025-08-20 13:00:00,28.2,71,0.0,29.2,9.13,7.3
2025-08-20 14:00:00,27.5,74,0.0,28.39,9.35,7.26
2025-08-20 15:00:00,27.0,76,0.0,27.68,9.54,7.19
2025-08-20 16:00:00,26.6,77,0.0,27.05,9.69,7.18
2025-08-20 17:00:00,26.2,78,0.0,26.5,9.82,7.25
2025-08-20 18:00:00,25.9,77,0.0,26.02,9.9,7.16
2025-08-20 19:00:00,25.5,79,0.0,25.56,10.04,7.01
2025-08-20 20:00:00,25.2,80,0.0,25.15,10.14,7.28
2025-08-20 21:00:00,25.1,80,0.0,24.84,10.21,7.36
2025-08-20 22:00:00,24.9,80,0.0,24.56,10.27,7.58
2025-08-20 23:00:00,24.9,80,0.0,24.36,10.31,7.23
2025-08-21 00:00:00,24.9,77,0.0,24.22,10.28,7.44
2025-08-21 01:00:00,25.5,71,0.0,24.31,10.15,7.29
2025-08-21 02:00:00,27.2,64,0.0,24.87,9.89,7.62
2025-08-21 03:00:00,29.8,55,0.0,26.05,9.48,7.56
2025-08-21 04:00:00,32.1,47,0.0,27.57,9.03,7.84
2025-08-21 05:00:00,33.9,43,0.0,29.17,8.64,7.58
2025-08-21 06:00:00,34.1,44,0.0,30.35,8.43,7.49
2025-08-21 07:00:00,34.1,45,0.2,31.17,8.28,7.58
2025-08-21 08:00:00,34.6,43,0.0,31.9,8.1,7.4
2025-08-21 09:00:00,33.0,53,0.1,31.93,8.26,7.62
2025-08-21 10:00:00,32.6,54,0.1,31.83,8.3,7.28
2025-08-21 11:00:00,31.3,59,0.0,31.37,8.48,7.43
2025-08-21 12:00:00,30.0,65,0.0,30.66,8.72,7.15
2025-08-21 13:00:00,29.0,70,0.0,29.86,8.97,7.25
2025-08-21 14:00:00,28.3,73,0.0,29.09,9.19,7.38
2025-08-21 15:00:00,27.8,76,0.0,28.41,9.38,7.2
2025-08-21 16:00:00,27.2,79,0.0,27.74,9.58,7.04
2025-08-21 17:00:00,26.8,80,0.0,27.16,9.72,7.1
2025-08-21 18:00:00,26.4,82,0.0,26.63,9.87,7.1
2025-08-21 19:00:00,26.0,83,0.0,26.14,9.99,7.16
2025-08-21 20:00:00,25.7,85,0.0,25.71,10.12,7.01
2025-08-21 21:00:00,25.5,87,0.0,25.35,10.24,7.25
2025-08-21 22:00:00,25.4,87,0.0,25.06,10.3,6.99
2025-08-21 23:00:00,25.4,85,0.0,24.86,10.3,7.27
2025-08-22 00:00:00,25.3,85,0.0,24.69,10.34,7.36
2025-08-22 01:00:00,26.1,80,0.0,24.82,10.21,7.55
2025-08-22 02:00:00,27.1,77,0.0,25.2,10.08,7.56
2025-08-22 03:00:00,29.6,65,0.0,26.22,9.64,7.47
2025-08-22 04:00:00,32.3,52,0.0,27.74,9.09,7.54
2025-08-22 05:00:00,33.4,48,0.0,29.14,8.74,7.68
2025-08-22 06:00:00,33.9,46,0.0,30.27,8.48,7.65
2025-08-22 07:00:00,34.1,45,0.0,31.12,8.29,7.58
2025-08-22 08:00:00,33.4,50,0.1,31.5,8.3,7.55
2025-08-22 09:00:00,33.5,48,0.0,31.8,8.21,7.62
2025-08-22 10:00:00,32.0,57,0.0,31.56,8.4,7.44
2025-08-22 11:00:00,30.9,63,0.0,31.06,8.61,7.42
2025-08-22 12:00:00,29.9,66,0.0,30.41,8.79,7.57
2025-08-22 13:00:00,29.1,70,0.0,29.72,9.0,7.14
2025-08-22 14:00:00,28.1,74,0.0,28.93,9.24,7.04
2025-08-22 15:00:00,27.7,75,0.0,28.26,9.39,7.24
2025-08-22 16:00:00,27.5,76,0.0,27.73,9.52,7.05
2025-08-22 17:00:00,27.0,79,0.0,27.21,9.69,7.07
2025-08-22 18:00:00,26.4,82,0.0,26.67,9.86,7.02
2025-08-22 19:00:00,26.0,85,0.0,26.17,10.02,7.08
2025-08-22 20:00:00,25.9,85,0.0,25.79,10.1,7.3
2025-08-22 21:00:00,25.8,85,0.0,25.49,10.17,7.27
2025-08-22 22:00:00,25.6,86,0.0,25.22,10.24,7.34
2025-08-22 23:00:00,25.6,87,0.0,25.04,10.3,7.19
2025-08-23 00:00:00,25.4,87,0.0,24.85,10.34,7.3
2025-08-23 01:00:00,25.8,83,0.0,24.83,10.27,7.21
2025-08-23 02:00:00,26.8,77,0.0,25.12,10.09,7.48
2025-08-23 03:00:00,29.1,62,0.0,26.02,9.62,7.71
2025-08-23 04:00:00,31.3,53,0.0,27.3,9.19,7.7
2025-08-23 05:00:00,32.7,49,0.0,28.62,8.86,7.64
2025-08-23 06:00:00,33.4,48,0.0,29.75,8.61,7.66
2025-08-23 07:00:00,33.4,48,0.0,30.55,8.46,7.58
2025-08-23 08:00:00,33.0,52,0.0,30.98,8.44,7.63
2025-08-23 09:00:00,32.3,54,0.0,31.08,8.45,7.64
2025-08-23 10:00:00,31.8,57,0.0,31.0,8.52,7.34
2025-08-23 11:00:00,30.7,61,0.0,30.61,8.67,7.46
2025-08-23 12:00:00,29.3,67,0.0,29.91,8.91,7.45
2025-08-23 13:00:00,28.7,69,0.0,29.25,9.08,7.25
2025-08-23 14:00:00,27.7,74,0.0,28.49,9.33,7.3
2025-08-23 15:00:00,27.1,78,0.0,27.77,9.55,7.45
2025-08-23 16:00:00,26.7,80,0.0,27.15,9.72,7.12
2025-08-23 17:00:00,26.4,82,0.0,26.62,9.87,7.14
2025-08-23 18:00:00,26.0,83,0.0,26.14,9.99,7.02
2025-08-23 19:00:00,25.7,85,0.0,25.71,10.12,7.13
2025-08-23 20:00:00,25.5,85,0.0,25.34,10.2,7.19
2025-08-23 21:00:00,25.3,86,0.0,25.03,10.28,7.22
2025-08-23 22:00:00,25.1,87,0.0,24.75,10.36,7.16
2025-08-23 23:00:00,25.0,88,0.0,24.53,10.43,7.36
2025-08-24 00:00:00,24.9,89,0.0,24.34,10.49,7.56
2025-08-24 01:00:00,25.2,89,0.0,24.3,10.5,7.54
2025-08-24 02:00:00,26.5,81,0.0,24.66,10.27,7.66
2025-08-24 03:00:00,28.9,66,0.0,25.63,9.78,7.59
2025-08-24 04:00:00,31.0,56,0.0,26.94,9.32,7.73
2025-08-24 05:00:00,32.5,50,0.0,28.31,8.94,7.69
2025-08-24 06:00:00,33.2,49,0.0,29.48,8.69,7.57
2025-08-24 07:00:00,33.4,50,0.0,30.35,8.53,7.68
2025-08-24 08:00:00,32.8,52,0.0,30.79,8.48,7.51
2025-08-24 09:00:00,32.1,55,0.0,30.88,8.51,7.5
2025-08-24 10:00:00,31.6,57,0.0,30.8,8.56,7.52
2025-08-24 11:00:00,30.6,61,0.0,30.44,8.7,7.46
2025-08-24 12:00:00,29.4,67,0.0,29.83,8.93,7.24
2025-08-24 13:00:00,28.1,74,0.0,29.01,9.22,7.4
2025-08-24 14:00:00,27.2,79,0.0,28.17,9.49,7.29
2025-08-24 15:00:00,26.9,79,0.0,27.49,9.63,7.1
2025-08-24 16:00:00,26.6,81,0.0,26.92,9.79,6.98
2025-08-24 17:00:00,26.3,80,0.0,26.43,9.87,7.09
2025-08-24 18:00:00,26.1,79,0.0,26.03,9.94,7.06
2025-08-24 19:00:00,25.8,79,0.0,25.66,10.02,7.12
2025-08-24 20:00:00,25.7,79,0.0,25.37,10.08,7.11
2025-08-24 21:00:00,25.5,79,0.0,25.11,10.13,7.0
2025-08-24 22:00:00,25.4,80,0.0,24.9,10.2,7.22
2025-08-24 23:00:00,25.2,79,0.0,24.69,10.22,7.3
2025-08-25 00:00:00,25.2,78,0.0,24.54,10.23,7.48
2025-08-25 01:00:00,25.2,75,0.0,24.44,10.2,7.42
2025-08-25 02:00:00,27.0,65,0.0,24.91,9.91,7.73
2025-08-25 03:00:00,30.3,49,0.0,26.23,9.34,7.42
2025-08-25 04:00:00,33.6,37,0.0,28.14,8.74,7.77
2025-08-25 05:00:00,35.6,31,0.0,30.08,8.26,7.63
2025-08-25 06:00:00,36.7,29,0.0,31.76,7.9,7.73
2025-08-25 07:00:00,36.9,30,0.0,33.0,7.68,7.63
2025-08-25 08:00:00,36.4,35,0.0,33.72,7.62,7.7
2025-08-25 09:00:00,34.7,47,0.0,33.72,7.81,7.5
2025-08-25 10:00:00,33.7,51,0.0,33.41,7.93,7.37
2025-08-25 11:00:00,31.9,57,0.0,32.66,8.18,7.55
2025-08-25 12:00:00,30.0,66,0.0,31.56,8.55,7.33
2025-08-25 13:00:00,27.9,76,0.0,30.16,9.01,7.3
2025-08-25 14:00:00,26.9,82,0.0,28.88,9.39,7.34
2025-08-25 15:00:00,26.9,81,0.0,27.99,9.56,7.06
2025-08-25 16:00:00,26.7,82,0.0,27.3,9.72,7.19
2025-08-25 17:00:00,26.3,84,0.0,26.7,9.89,7.04
2025-08-25 18:00:00,26.1,84,0.0,26.22,9.99,7.08
2025-08-25 19:00:00,25.8,86,0.0,25.79,10.12,7.12
2025-08-25 20:00:00,25.4,87,0.0,25.38,10.23,7.0
2025-08-25 21:00:00,25.4,87,0.0,25.08,10.29,7.12
2025-08-25 22:00:00,25.4,88,0.0,24.88,10.36,7.4
2025-08-25 23:00:00,25.3,88,0.0,24.7,10.39,7.42
2025-08-26 00:00:00,25.2,89,0.0,24.55,10.45,7.41
2025-08-26 01:00:00,25.6,83,0.0,24.57,10.33,7.52
2025-08-26 02:00:00,26.5,78,0.0,24.85,10.17,7.53
2025-08-26 03:00:00,28.6,65,0.0,25.67,9.75,7.75
2025-08-26 04:00:00,30.3,57,0.0,26.76,9.38,7.63
2025-08-26 05:00:00,31.5,53,0.0,27.88,9.08,7.69
2025-08-26 06:00:00,32.8,46,0.0,29.06,8.72,7.78
2025-08-26 07:00:00,32.7,50,0.0,29.85,8.63,7.57
2025-08-26 08:00:00,32.6,50,0.0,30.38,8.52,7.77
2025-08-26 09:00:00,31.7,54,0.0,30.47,8.57,7.41
2025-08-26 10:00:00,30.8,57,0.0,30.27,8.67,7.67
2025-08-26 11:00:00,29.6,64,0.0,29.77,8.89,7.4
2025-08-26 12:00:00,28.8,67,0.0,29.18,9.06,7.34
2025-08-26 13:00:00,27.8,72,0.0,28.47,9.3,7.11
2025-08-26 14:00:00,27.0,77,0.0,27.73,9.54,7.19
2025-08-26 15:00:00,26.7,78,0.0,27.12,9.69,7.07
2025-08-26 16:00:00,26.5,79,0.0,26.63,9.81,7.07
2025-08-26 17:00:00,26.5,79,0.0,26.29,9.88,7.09
2025-08-26 18:00:00,26.4,79,0.0,26.02,9.94,7.2
2025-08-26 19:00:00,26.2,79,0.0,25.78,9.99,7.13
2025-08-26 20:00:00,25.6,83,0.0,25.42,10.14,7.18
2025-08-26 21:00:00,25.1,86,0.0,25.03,10.29,7.09
2025-08-26 22:00:00,25.0,86,0.0,24.72,10.35,7.17
2025-08-26 23:00:00,24.9,85,0.0,24.47,10.38,7.52
2025-08-27 00:00:00,24.3,86,0.0,24.12,10.48,7.35
2025-08-27 01:00:00,24.8,87,0.0,24.02,10.52,7.66
2025-08-27 02:00:00,26.0,80,0.0,24.32,10.32,7.54
2025-08-27 03:00:00,28.0,69,0.0,25.12,9.94,7.62
2025-08-27 04:00:00,29.9,60,0.0,26.26,9.54,7.76
2025-08-27 05:00:00,31.7,52,0.0,27.59,9.12,7.8
2025-08-27 06:00:00,32.0,52,0.0,28.61,8.91,7.66
2025-08-27 07:00:00,31.5,54,0.1,29.18,8.83,7.61
2025-08-27 08:00:00,31.6,54,0.1,29.6,8.75,7.61
2025-08-27 09:00:00,31.0,57,0.2,29.72,8.78,7.59
2025-08-27 10:00:00,29.6,65,0.1,29.39,8.98,7.6
2025-08-27 11:00:00,28.2,71,0.2,28.73,9.23,7.44
2025-08-27 12:00:00,27.2,75,0.1,27.97,9.46,7.43
2025-08-27 13:00:00,27.0,78,0.0,27.38,9.63,7.47
2025-08-27 14:00:00,26.6,80,0.1,26.85,9.78,7.27
2025-08-27 15:00:00,26.1,82,0.1,26.32,9.93,7.21
2025-08-27 16:00:00,25.8,83,0.0,25.87,10.05,6.99
2025-08-27 17:00:00,24.9,88,0.1,25.28,10.27,6.85
2025-08-27 18:00:00,25.1,86,0.1,24.92,10.31,7.14
2025-08-27 19:00:00,24.5,89,0.3,24.5,10.46,7.09
2025-08-27 20:00:00,23.9,94,0.9,24.02,10.66,7.06
2025-08-27 21:00:00,23.9,95,0.3,23.68,10.75,7.21
2025-08-27 22:00:00,24.0,95,0.1,23.48,10.8,7.26
2025-08-27 23:00:00,24.1,95,0.1,23.36,10.82,7.45
2025-08-28 00:00:00,24.2,94,0.1,23.31,10.81,7.43
2025-08-28 01:00:00,24.6,93,2.3,23.4,10.77,7.33
2025-08-28 02:00:00,24.5,93,1.0,23.43,10.77,7.62
2025-08-28 03:00:00,24.8,91,0.1,23.54,10.7,7.61
2025-08-28 04:00:00,26.8,77,0.1,24.22,10.28,7.72
2025-08-28 05:00:00,27.3,74,0.1,24.84,10.09,7.65
2025-08-28 06:00:00,28.1,69,0.1,25.52,9.86,7.63
2025-08-28 07:00:00,29.6,63,0.1,26.44,9.55,7.69
2025-08-28 08:00:00,28.8,68,0.0,26.85,9.56,7.65
2025-08-28 09:00:00,29.8,62,0.1,27.44,9.33,7.64
2025-08-28 10:00:00,28.9,66,0.1,27.57,9.38,7.5
2025-08-28 11:00:00,27.8,72,0.0,27.34,9.53,7.28
2025-08-28 12:00:00,27.2,75,0.1,27.0,9.66,7.34
2025-08-28 13:00:00,26.3,80,0.2,26.49,9.86,7.38
2025-08-28 14:00:00,25.9,84,0.1,26.01,10.04,7.21
2025-08-28 15:00:00,25.9,84,0.0,25.68,10.11,7.17
2025-08-28 16:00:00,25.6,85,0.1,25.36,10.2,7.24
2025-08-28 17:00:00,25.3,86,0.0,25.04,10.28,7.05
2025-08-28 18:00:00,25.2,85,0.0,24.79,10.32,6.96
2025-08-28 19:00:00,24.9,86,0.0,24.52,10.39,7.11
2025-08-28 20:00:00,24.6,89,0.1,24.24,10.51,7.1
2025-08-28 21:00:00,24.5,89,0.1,24.02,10.56,7.1
2025-08-28 22:00:00,24.6,89,0.1,23.89,10.59,7.25
2025-08-28 23:00:00,24.7,89,0.1,23.84,10.6,7.39
2025-08-29 00:00:00,24.5,90,0.1,23.74,10.64,7.41
2025-08-29 01:00:00,25.2,85,0.0,23.87,10.51,7.53
2025-08-29 02:00:00,25.9,81,0.0,24.18,10.37,7.75
2025-08-29 03:00:00,28.1,70,0.0,25.06,9.97,7.59
2025-08-29 04:00:00,29.6,64,0.1,26.12,9.64,7.68
2025-08-29 05:00:00,30.3,62,0.3,27.07,9.41,7.61
2025-08-29 06:00:00,30.3,61,0.6,27.74,9.25,7.56
2025-08-29 07:00:00,30.0,63,1.1,28.12,9.21,7.55
2025-08-29 08:00:00,29.9,65,1.5,28.35,9.2,7.52
2025-08-29 09:00:00,29.8,65,0.2,28.49,9.17,7.61
2025-08-29 10:00:00,29.2,65,0.3,28.4,9.19,7.74
2025-08-29 11:00:00,28.4,70,0.3,28.1,9.34,7.36
2025-08-29 12:00:00,27.4,75,0.3,27.59,9.54,7.32
2025-08-29 13:00:00,26.6,80,0.0,26.99,9.75,7.31
2025-08-29 14:00:00,26.1,83,0.0,26.43,9.93,7.29
2025-08-29 15:00:00,25.8,85,0.0,25.94,10.07,7.21
2025-08-29 16:00:00,25.8,85,0.0,25.6,10.14,7.27
2025-08-29 17:00:00,25.7,86,0.0,25.33,10.22,6.87
2025-08-29 18:00:00,25.5,87,0.1,25.08,10.29,6.86
2025-08-29 19:00:00,24.8,90,0.4,24.7,10.43,7.05
2025-08-29 20:00:00,24.1,92,0.1,24.22,10.58,7.26
2025-08-29 21:00:00,24.0,91,0.1,23.85,10.64,7.05
2025-08-29 22:00:00,24.1,91,0.0,23.63,10.68,6.97
2025-08-29 23:00:00,23.7,91,0.1,23.35,10.74,7.4
2025-08-30 00:00:00,23.7,92,0.0,23.15,10.81,7.45
2025-08-30 01:00:00,25.4,88,0.0,23.53,10.65,7.39
2025-08-30 02:00:00,25.9,83,0.0,23.94,10.46,7.47
2025-08-30 03:00:00,26.7,78,0.1,24.47,10.25,7.52
2025-08-30 04:00:00,27.6,73,0.1,25.11,10.02,7.67
2025-08-30 05:00:00,29.0,66,0.0,25.98,9.71,7.63
2025-08-30 06:00:00,30.3,60,0.1,26.97,9.39,7.73
2025-08-30 07:00:00,30.6,60,0.1,27.76,9.23,7.38
2025-08-30 08:00:00,30.8,58,0.2,28.37,9.07,7.54
2025-08-30 09:00:00,30.4,60,0.1,28.68,9.04,7.47
2025-08-30 10:00:00,29.8,63,0.0,28.72,9.09,7.5
2025-08-30 11:00:00,29.4,64,0.0,28.62,9.12,7.4
2025-08-30 12:00:00,28.1,72,0.0,28.17,9.36,7.46
2025-08-30 13:00:00,26.8,79,0.0,27.46,9.64,7.12
2025-08-30 14:00:00,26.4,81,0.0,26.84,9.8,7.25
2025-08-30 15:00:00,26.0,83,0.0,26.29,9.96,7.24
2025-08-30 16:00:00,25.9,84,0.0,25.87,10.07,7.33
2025-08-30 17:00:00,25.8,86,0.0,25.55,10.17,7.07
2025-08-30 18:00:00,25.7,86,0.0,25.29,10.23,7.14
2025-08-30 19:00:00,25.5,87,0.0,25.06,10.3,6.94
2025-08-30 20:00:00,25.2,88,0.0,24.8,10.37,6.91
2025-08-30 21:00:00,24.9,88,0.0,24.53,10.43,7.29
2025-08-30 22:00:00,25.0,87,0.0,24.37,10.45,7.27
2025-08-30 23:00:00,24.6,89,0.0,24.14,10.53,7.46
2025-08-31 00:00:00,24.5,89,0.0,23.95,10.58,7.28
2025-08-31 01:00:00,26.0,82,0.0,24.26,10.37,7.55
2025-08-31 02:00:00,26.7,80,0.0,24.69,10.24,7.75
2025-08-31 03:00:00,28.5,70,0.0,25.54,9.87,7.66
2025-08-31 04:00:00,30.1,62,0.0,26.61,9.5,7.68
2025-08-31 05:00:00,31.6,54,0.0,27.8,9.11,7.67
2025-08-31 06:00:00,32.2,54,0.0,28.82,8.91,7.51
2025-08-31 07:00:00,32.7,51,0.1,29.69,8.68,7.78
2025-08-31 08:00:00,31.7,55,0.1,29.99,8.69,7.55
2025-08-31 09:00:00,31.5,56,0.1,30.14,8.67,7.61
2025-08-31 10:00:00,30.6,60,0.1,29.98,8.78,7.35
2025-08-31 11:00:00,29.6,65,0.1,29.57,8.95,7.32
2025-08-31 12:00:00,28.2,72,0.1,28.86,9.22,7.51
2025-08-31 13:00:00,27.6,78,0.0,28.18,9.47,7.27
2025-08-31 14:00:00,26.9,82,0.0,27.5,9.68,7.38
2025-08-31 15:00:00,26.5,84,0.0,26.9,9.85,7.17
2025-08-31 16:00:00,26.2,85,0.0,26.39,9.98,6.95
2025-08-31 17:00:00,26.0,86,0.0,25.97,10.08,7.2
2025-08-31 18:00:00,25.5,88,0.0,25.53,10.22,7.05
2025-08-31 19:00:00,25.2,88,0.0,25.13,10.3,7.19
2025-08-31 20:00:00,25.1,88,0.0,24.82,10.37,7.15
2025-08-31 21:00:00,25.0,89,0.0,24.58,10.44,7.05
2025-08-31 22:00:00,25.0,88,0.0,24.4,10.46,7.28
2025-08-31 23:00:00,24.5,88,0.0,24.13,10.52,7.56
2025-09-01 00:00:00,24.3,88,0.0,23.88,10.57,7.47
2025-09-01 01:00:00,25.5,85,0.0,24.07,10.47,7.49
2025-09-01 02:00:00,26.4,82,0.0,24.47,10.33,7.67
2025-09-01 03:00:00,28.3,71,0.0,25.32,9.94,7.64
2025-09-01 04:00:00,29.5,64,0.1,26.27,9.61,7.67
2025-09-01 05:00:00,31.1,57,0.0,27.42,9.24,7.57
2025-09-01 06:00:00,32.0,54,0.0,28.49,8.97,7.7
2025-09-01 07:00:00,32.1,54,0.1,29.28,8.81,7.75
2025-09-01 08:00:00,32.1,54,0.0,29.82,8.7,7.54
2025-09-01 09:00:00,31.5,56,0.0,30.03,8.7,7.71
2025-09-01 10:00:00,31.1,58,0.0,30.05,8.73,7.5
2025-09-01 11:00:00,29.7,64,0.0,29.64,8.91,7.35
2025-09-01 12:00:00,28.3,71,0.0,28.94,9.18,7.47
2025-09-01 13:00:00,28.2,72,0.0,28.42,9.31,7.27
2025-09-01 14:00:00,27.8,71,0.0,27.93,9.39,7.31
2025-09-01 15:00:00,27.3,73,0.0,27.44,9.53,7.14
2025-09-01 16:00:00,26.9,77,0.0,26.98,9.7,7.12
2025-09-01 17:00:00,26.5,79,0.0,26.54,9.83,7.15
2025-09-01 18:00:00,26.2,80,0.0,26.14,9.94,7.13
2025-09-01 19:00:00,25.9,81,0.0,25.76,10.03,6.91
2025-09-01 20:00:00,25.8,82,0.0,25.48,10.11,7.03
2025-09-01 21:00:00,25.5,84,0.0,25.18,10.21,7.29
2025-09-01 22:00:00,25.2,85,0.0,24.89,10.3,7.25
2025-09-01 23:00:00,25.1,86,0.0,24.65,10.37,7.28
2025-09-02 00:00:00,25.0,87,0.0,24.46,10.43,7.28
2025-09-02 01:00:00,25.4,82,0.0,24.44,10.33,7.39
2025-09-02 02:00:00,26.4,78,0.0,24.73,10.2,7.36
2025-09-02 03:00:00,28.2,69,0.0,25.47,9.87,7.61
2025-09-02 04:00:00,30.2,59,0.0,26.59,9.45,7.59
2025-09-02 05:00:00,31.7,53,0.0,27.82,9.09,7.57
2025-09-02 06:00:00,32.4,51,0.0,28.9,8.84,7.66
2025-09-02 07:00:00,32.6,50,0.0,29.71,8.66,7.69
2025-09-02 08:00:00,32.6,49,0.0,30.27,8.53,7.83
2025-09-02 09:00:00,32.5,50,0.0,30.64,8.47,7.41
2025-09-02 10:00:00,31.4,55,0.0,30.57,8.57,7.62
2025-09-02 11:00:00,30.2,62,0.0,30.16,8.77,7.53
2025-09-02 12:00:00,29.0,67,0.0,29.51,8.99,7.29
2025-09-02 13:00:00,28.3,71,0.0,28.85,9.2,7.31
2025-09-02 14:00:00,27.4,76,0.0,28.11,9.44,7.18
2025-09-02 15:00:00,26.9,78,0.0,27.45,9.62,7.19
2025-09-02 16:00:00,26.6,80,0.0,26.89,9.77,7.28
2025-09-02 17:00:00,26.3,82,0.0,26.42,9.91,7.17
2025-09-02 18:00:00,26.0,83,0.0,25.99,10.02,7.15
2025-09-02 19:00:00,25.7,84,0.0,25.6,10.12,7.07
2025-09-02 20:00:00,25.5,86,0.0,25.27,10.23,7.0
2025-09-02 21:00:00,25.4,86,0.0,25.01,10.29,7.18
2025-09-02 22:00:00,25.2,87,0.0,24.77,10.36,7.38
2025-09-02 23:00:00,25.1,88,0.0,24.57,10.42,7.18
2025-09-03 00:00:00,25.1,88,0.0,24.43,10.45,7.31
2025-09-03 01:00:00,25.5,86,0.0,24.45,10.41,7.51
2025-09-03 02:00:00,26.6,80,0.0,24.79,10.22,7.46
2025-09-03 03:00:00,28.3,70,0.0,25.55,9.87,7.54
2025-09-03 04:00:00,30.1,61,0.0,26.61,9.48,7.61
2025-09-03 05:00:00,30.7,57,0.1,27.54,9.22,7.53
2025-09-03 06:00:00,31.3,55,0.1,28.37,9.02,7.57
2025-09-03 07:00:00,31.5,53,0.1,29.01,8.85,7.72
2025-09-03 08:00:00,31.4,54,0.2,29.42,8.78,7.48
2025-09-03 09:00:00,30.3,59,0.2,29.39,8.88,7.4
2025-09-03 10:00:00,30.3,59,0.1,29.36,8.88,7.45
2025-09-03 11:00:00,28.7,66,0.2,28.86,9.11,7.51
2025-09-03 12:00:00,27.5,73,0.1,28.15,9.38,7.35
2025-09-03 13:00:00,27.4,74,0.0,27.63,9.51,7.26
2025-09-03 14:00:00,27.0,76,0.0,27.14,9.65,7.24
2025-09-03 15:00:00,26.8,79,0.0,26.74,9.79,7.01
2025-09-03 16:00:00,26.4,82,0.0,26.34,9.93,7.19
2025-09-03 17:00:00,26.0,84,0.0,25.94,10.05,7.15
2025-09-03 18:00:00,25.6,85,0.0,25.53,10.16,7.06
2025-09-03 19:00:00,25.3,86,0.0,25.16,10.26,7.22
2025-09-03 20:00:00,25.0,86,0.0,24.82,10.33,7.04
2025-09-03 21:00:00,24.9,86,0.0,24.54,10.39,7.32
2025-09-03 22:00:00,24.9,86,0.0,24.35,10.43,7.28
2025-09-03 23:00:00,24.8,86,0.0,24.18,10.47,7.31
2025-09-04 00:00:00,24.6,86,0.0,24.01,10.5,7.42
2025-09-04 01:00:00,25.4,86,0.0,24.13,10.48,7.49
2025-09-04 02:00:00,26.2,81,0.0,24.45,10.31,7.69
2025-09-04 03:00:00,27.7,73,0.1,25.12,10.02,7.51
2025-09-04 04:00:00,29.1,64,0.1,26.02,9.66,7.58
2025-09-04 05:00:00,30.1,60,0.2,26.94,9.4,7.77
2025-09-04 06:00:00,31.0,56,0.1,27.86,9.14,7.61
2025-09-04 07:00:00,31.6,54,0.1,28.68,8.93,7.75
2025-09-04 08:00:00,32.0,52,0.0,29.38,8.76,7.8
2025-09-04 09:00:00,31.6,54,0.0,29.74,8.72,7.53
2025-09-04 10:00:00,31.0,56,0.0,29.82,8.74,7.58
2025-09-04 11:00:00,30.1,60,0.0,29.6,8.85,7.33
2025-09-04 12:00:00,28.8,67,0.0,29.06,9.09,7.44
2025-09-04 13:00:00,27.9,71,0.0,28.41,9.29,7.32
2025-09-04 14:00:00,27.1,76,0.0,27.72,9.53,7.28
2025-09-04 15:00:00,26.7,78,0.0,27.11,9.69,7.11
2025-09-04 16:00:00,26.4,79,0.0,26.6,9.82,6.97
2025-09-04 17:00:00,26.2,80,0.0,26.18,9.93,7.16
2025-09-04 18:00:00,25.9,82,0.0,25.8,10.05,6.9
2025-09-04 19:00:00,25.5,84,0.0,25.41,10.17,7.08
2025-09-04 20:00:00,25.3,85,0.0,25.07,10.26,7.24
2025-09-04 21:00:00,25.0,87,0.0,24.75,10.36,7.22
2025-09-04 22:00:00,24.8,88,0.0,24.47,10.44,7.46
2025-09-04 23:00:00,24.7,88,0.0,24.24,10.49,7.44
2025-09-05 00:00:00,24.7,87,0.0,24.08,10.51,7.35
2025-09-05 01:00:00,25.2,86,0.0,24.11,10.48,7.5
2025-09-05 02:00:00,26.5,78,0.0,24.53,10.24,7.56
2025-09-05 03:00:00,28.7,69,0.0,25.48,9.87,7.46
2025-09-05 04:00:00,30.8,58,0.0,26.78,9.39,7.56
2025-09-05 05:00:00,32.2,51,0.0,28.1,9.0,7.61
2025-09-05 06:00:00,33.2,49,0.0,29.33,8.72,7.46
2025-09-05 07:00:00,33.0,50,0.0,30.13,8.57,7.65
2025-09-05 08:00:00,33.0,50,0.0,30.69,8.46,7.59
2025-09-05 09:00:00,32.4,53,0.0,30.91,8.47,7.4
2025-09-05 10:00:00,31.5,56,0.0,30.78,8.54,7.54
2025-09-05 11:00:00,30.3,62,0.0,30.34,8.74,7.51
2025-09-05 12:00:00,28.9,69,0.0,29.61,9.01,7.39
2025-09-05 13:00:00,27.8,75,0.0,28.76,9.29,7.26
2025-09-05 14:00:00,27.2,78,0.0,28.0,9.5,7.29
2025-09-05 15:00:00,26.8,80,0.0,27.34,9.68,7.24
2025-09-05 16:00:00,26.5,82,0.0,26.79,9.83,7.16
2025-09-05 17:00:00,26.3,82,0.0,26.34,9.93,7.02
2025-09-05 18:00:00,26.1,81,0.0,25.97,9.99,7.13
2025-09-05 19:00:00,25.9,81,0.0,25.65,10.06,7.23
2025-09-05 20:00:00,25.6,82,0.0,25.33,10.14,7.09
2025-09-05 21:00:00,25.4,83,0.0,25.05,10.22,7.41
2025-09-05 22:00:00,25.3,83,0.0,24.83,10.27,7.21
2025-09-05 23:00:00,25.3,83,0.0,24.67,10.3,7.34
2025-09-06 00:00:00,25.3,83,0.0,24.56,10.33,7.35
2025-09-06 01:00:00,25.7,82,0.0,24.6,10.3,7.51
2025-09-06 02:00:00,27.1,75,0.0,25.05,10.07,7.39
2025-09-06 03:00:00,29.4,64,0.0,26.06,9.65,7.56
2025-09-06 04:00:00,31.3,56,0.0,27.33,9.24,7.54
2025-09-06 05:00:00,32.5,51,0.0,28.58,8.9,7.68
2025-09-06 06:00:00,33.0,50,0.0,29.61,8.68,7.76
2025-09-06 07:00:00,33.2,51,0.0,30.38,8.54,7.71
2025-09-06 08:00:00,33.0,51,0.0,30.87,8.44,7.37
2025-09-06 09:00:00,32.4,53,0.0,31.03,8.44,7.77
2025-09-06 10:00:00,31.6,56,0.0,30.9,8.52,7.53
2025-09-06 11:00:00,30.7,59,0.0,30.54,8.64,7.35
2025-09-06 12:00:00,29.1,67,0.0,29.81,8.93,7.38
2025-09-06 13:00:00,27.7,74,0.0,28.88,9.25,7.31
2025-09-06 14:00:00,27.0,78,0.0,28.01,9.5,7.16
2025-09-06 15:00:00,26.6,82,0.0,27.29,9.73,7.19
2025-09-06 16:00:00,26.1,86,0.0,26.63,9.94,7.07
2025-09-06 17:00:00,25.9,87,0.0,26.11,10.07,7.07
2025-09-06 18:00:00,25.5,88,0.0,25.63,10.19,7.04
2025-09-06 19:00:00,25.2,89,0.0,25.2,10.31,6.97
2025-09-06 20:00:00,25.2,90,0.0,24.9,10.39,7.17
2025-09-06 21:00:00,25.1,89,0.0,24.66,10.42,7.26
2025-09-06 22:00:00,25.1,89,0.0,24.49,10.46,7.32
2025-09-06 23:00:00,25.3,88,0.0,24.43,10.45,7.42
2025-09-07 00:00:00,25.1,88,0.0,24.33,10.47,7.45
2025-09-07 01:00:00,25.4,85,0.0,24.35,10.41,7.44
2025-09-07 02:00:00,26.6,80,0.0,24.73,10.23,7.65
2025-09-07 03:00:00,29.0,66,0.0,25.71,9.76,7.48
2025-09-07 04:00:00,31.1,56,0.0,27.03,9.31,7.56
2025-09-07 05:00:00,32.7,50,0.0,28.43,8.91,7.57
2025-09-07 06:00:00,33.5,47,0.0,29.65,8.62,7.77
2025-09-07 07:00:00,33.7,48,0.0,30.57,8.45,7.74
2025-09-07 08:00:00,33.4,48,0.0,31.12,8.34,7.66
2025-09-07 09:00:00,32.5,53,0.3,31.23,8.4,7.65
2025-09-07 10:00:00,32.0,53,0.0,31.16,8.42,7.41
2025-09-07 11:00:00,31.1,57,0.0,30.84,8.55,7.46
2025-09-07 12:00:00,29.7,64,0.0,30.2,8.8,7.35
2025-09-07 13:00:00,28.7,69,0.0,29.45,9.04,7.37
2025-09-07 14:00:00,27.7,74,0.0,28.63,9.3,7.21
2025-09-07 15:00:00,27.4,76,0.0,27.96,9.48,7.13
2025-09-07 16:00:00,27.1,77,0.0,27.4,9.61,7.18
2025-09-07 17:00:00,26.9,77,0.0,26.95,9.71,7.19
2025-09-07 18:00:00,26.6,78,0.0,26.55,9.81,7.03
2025-09-07 19:00:00,26.3,80,0.0,26.17,9.93,7.1
2025-09-07 20:00:00,25.9,82,0.0,25.79,10.05,7.04
2025-09-07 21:00:00,25.7,83,0.0,25.46,10.13,6.94
2025-09-07 22:00:00,25.6,83,0.0,25.2,10.19,7.28
2025-09-07 23:00:00,25.6,83,0.0,25.02,10.23,7.39
2025-09-08 00:00:00,25.4,83,0.0,24.84,10.27,7.44
2025-09-08 01:00:00,26.0,82,0.0,24.89,10.24,7.29
2025-09-08 02:00:00,27.7,72,0.0,25.43,9.93,7.52
2025-09-08 03:00:00,30.4,58,0.0,26.62,9.42,7.38
2025-09-08 04:00:00,33.0,46,0.0,28.23,8.88,7.77
2025-09-08 05:00:00,34.0,42,0.0,29.66,8.53,7.54
2025-09-08 06:00:00,33.7,43,0.0,30.57,8.37,7.78
2025-09-08 07:00:00,34.6,42,0.0,31.48,8.17,7.73
2025-09-08 08:00:00,34.3,44,0.0,32.03,8.1,7.51
2025-09-08 09:00:00,33.6,49,0.0,32.2,8.14,7.44
2025-09-08 10:00:00,32.5,54,0.0,31.99,8.27,7.53
2025-09-08 11:00:00,31.4,59,0.0,31.51,8.45,7.34
2025-09-08 12:00:00,29.7,67,0.0,30.67,8.75,7.36
2025-09-08 13:00:00,28.6,73,0.0,29.75,9.05,7.24
2025-09-08 14:00:00,27.9,78,0.0,28.89,9.32,7.04
2025-09-08 15:00:00,27.7,78,0.0,28.24,9.45,6.94
2025-09-08 16:00:00,27.5,78,0.0,27.71,9.56,7.15
2025-09-08 17:00:00,27.2,79,0.0,27.26,9.68,7.04
2025-09-08 18:00:00,26.8,79,0.0,26.82,9.77,7.04
2025-09-08 19:00:00,26.7,78,0.0,26.49,9.82,7.17
2025-09-08 20:00:00,26.4,79,0.0,26.16,9.91,7.26
2025-09-08 21:00:00,26.2,80,0.0,25.87,9.99,7.16
2025-09-08 22:00:00,26.1,79,0.0,25.64,10.02,7.22
2025-09-08 23:00:00,25.8,81,0.0,25.39,10.11,7.38
2025-09-09 00:00:00,25.5,83,0.0,25.12,10.21,7.27
2025-09-09 01:00:00,26.5,77,0.0,25.24,10.07,7.51
2025-09-09 02:00:00,27.7,71,0.0,25.67,9.86,7.61
2025-09-09 03:00:00,30.3,58,0.0,26.76,9.4,7.67
2025-09-09 04:00:00,33.2,45,0.0,28.39,8.83,7.44
2025-09-09 05:00:00,34.5,41,0.0,29.93,8.46,7.57
2025-09-09 06:00:00,35.0,41,0.0,31.15,8.22,7.56
2025-09-09 07:00:00,34.6,44,0.0,31.88,8.12,7.64
2025-09-09 08:00:00,33.6,52,0.0,32.1,8.21,7.65
2025-09-09 09:00:00,32.5,53,0.1,31.92,8.27,7.69
2025-09-09 10:00:00,32.0,57,0.1,31.64,8.39,7.44
2025-09-09 11:00:00,30.8,62,0.0,31.09,8.58,7.38
2025-09-09 12:00:00,29.5,67,0.0,30.31,8.83,7.47
2025-09-09 13:00:00,29.3,69,0.0,29.71,8.99,7.31
2025-09-09 14:00:00,28.4,73,0.0,29.02,9.2,7.35
2025-09-09 15:00:00,28.1,75,0.0,28.44,9.36,7.19
2025-09-09 16:00:00,27.7,75,0.0,27.92,9.47,7.01
2025-09-09 17:00:00,27.4,75,0.0,27.46,9.56,6.96
2025-09-09 18:00:00,27.1,76,0.0,27.05,9.67,6.93
2025-09-09 19:00:00,26.8,78,0.0,26.68,9.78,7.17
2025-09-09 20:00:00,26.5,79,0.0,26.32,9.88,7.26
2025-09-09 21:00:00,26.3,81,0.0,26.02,9.98,7.37
2025-09-09 22:00:00,26.1,82,0.0,25.74,10.06,7.34
2025-09-09 23:00:00,25.8,83,0.0,25.46,10.14,7.44
2025-09-10 00:00:00,25.8,83,0.0,25.26,10.18,7.35
2025-09-10 01:00:00,26.6,81,0.0,25.36,10.12,7.37
2025-09-10 02:00:00,27.5,76,0.0,25.7,9.95,7.64
2025-09-10 03:00:00,29.9,63,0.0,26.66,9.51,7.65
2025-09-10 04:00:00,31.6,56,0.0,27.84,9.14,7.65
2025-09-10 05:00:00,32.9,50,0.0,29.06,8.79,7.7
2025-09-10 06:00:00,33.4,50,0.0,30.06,8.59,7.69
2025-09-10 07:00:00,33.7,51,0.0,30.85,8.45,7.77
2025-09-10 08:00:00,32.3,55,0.4,30.99,8.49,7.71
2025-09-10 09:00:00,32.1,56,0.2,31.02,8.5,7.6
2025-09-10 10:00:00,31.0,60,0.0,30.71,8.63,7.59
2025-09-10 11:00:00,30.3,62,0.0,30.29,8.75,7.49
2025-09-10 12:00:00,29.1,69,0.0,29.63,9.0,7.32
2025-09-10 13:00:00,28.2,74,0.0,28.9,9.24,7.37
2025-09-10 14:00:00,27.7,77,0.0,28.24,9.43,7.09
2025-09-10 15:00:00,27.4,78,0.0,27.69,9.57,7.28
2025-09-10 16:00:00,27.3,79,0.0,27.27,9.68,7.01
2025-09-10 17:00:00,27.0,81,0.0,26.89,9.79,7.13
2025-09-10 18:00:00,26.6,83,0.0,26.5,9.91,7.01
2025-09-10 19:00:00,26.3,85,0.0,26.14,10.03,7.16
2025-09-10 20:00:00,25.9,86,0.0,25.77,10.13,7.14
2025-09-10 21:00:00,25.8,87,0.0,25.48,10.21,7.03
2025-09-10 22:00:00,25.6,87,0.0,25.22,10.26,7.3
2025-09-10 23:00:00,25.5,88,0.0,25.0,10.33,7.27
2025-09-11 00:00:00,25.5,88,0.0,24.85,10.36,7.5
2025-09-11 01:00:00,25.8,85,0.0,24.84,10.31,7.49
2025-09-11 02:00:00,27.3,77,0.0,25.27,10.06,7.6
2025-09-11 03:00:00,29.7,63,0.0,26.3,9.58,7.51
2025-09-11 04:00:00,31.8,53,0.0,27.65,9.12,7.58
2025-09-11 05:00:00,32.6,50,0.0,28.84,8.83,7.62
2025-09-11 06:00:00,32.9,52,0.0,29.76,8.68,7.75
2025-09-11 07:00:00,33.4,51,0.0,30.55,8.51,7.81
2025-09-11 08:00:00,32.5,54,0.0,30.83,8.5,7.53
2025-09-11 09:00:00,30.9,64,0.4,30.55,8.73,7.65
2025-09-11 10:00:00,30.6,63,0.2,30.27,8.77,7.28
2025-09-11 11:00:00,30.4,62,0.0,30.01,8.8,7.32
2025-09-11 12:00:00,29.3,67,0.0,29.5,9.0,7.27
2025-09-11 13:00:00,28.4,73,0.0,28.87,9.23,7.16
2025-09-11 14:00:00,28.1,72,0.0,28.34,9.33,7.07
2025-09-11 15:00:00,27.8,74,0.0,27.88,9.46,7.21
2025-09-11 16:00:00,27.4,76,0.0,27.43,9.59,7.1
2025-09-11 17:00:00,27.1,77,0.0,27.03,9.69,7.14
2025-09-11 18:00:00,26.8,78,0.0,26.66,9.79,7.16
2025-09-11 19:00:00,26.5,80,0.0,26.31,9.9,7.13
2025-09-11 20:00:00,26.2,81,0.0,25.98,9.99,7.21
2025-09-11 21:00:00,26.1,80,0.0,25.72,10.02,7.18
2025-09-11 22:00:00,25.8,81,0.0,25.44,10.1,7.14
2025-09-11 23:00:00,25.7,83,0.0,25.22,10.19,7.44
2025-09-12 00:00:00,25.6,83,0.0,25.03,10.23,7.35
2025-09-12 01:00:00,26.3,77,0.0,25.11,10.09,7.39
2025-09-12 02:00:00,27.6,71,0.0,25.56,9.89,7.54
2025-09-12 03:00:00,29.7,59,0.0,26.5,9.47,7.52
2025-09-12 04:00:00,31.8,49,0.0,27.79,9.02,7.6
2025-09-12 05:00:00,33.3,44,0.0,29.14,8.67,7.69
2025-09-12 06:00:00,34.6,40,0.0,30.48,8.33,7.69
2025-09-12 07:00:00,35.1,38,0.0,31.57,8.09,7.54
2025-09-12 08:00:00,35.2,38,0.0,32.36,7.93,7.55
2025-09-12 09:00:00,35.0,41,0.0,32.85,7.89,7.65
2025-09-12 10:00:00,33.3,51,0.0,32.68,8.08,7.53
2025-09-12 11:00:00,31.4,59,0.0,32.0,8.35,7.63
2025-09-12 12:00:00,29.8,66,0.0,31.04,8.66,7.47
2025-09-12 13:00:00,28.6,70,0.0,30.01,8.94,7.4
2025-09-12 14:00:00,28.0,73,0.0,29.11,9.18,7.08
2025-09-12 15:00:00,27.7,74,0.0,28.38,9.35,7.24
2025-09-12 16:00:00,27.3,76,0.0,27.76,9.52,7.12
2025-09-12 17:00:00,27.0,78,0.0,27.23,9.67,7.04
2025-09-12 18:00:00,26.6,80,0.0,26.74,9.81,7.11
2025-09-12 19:00:00,26.3,81,0.0,26.31,9.92,7.2
2025-09-12 20:00:00,26.0,83,0.0,25.92,10.04,7.19
2025-09-12 21:00:00,26.0,83,0.0,25.64,10.1,7.1
2025-09-12 22:00:00,25.8,83,0.0,25.39,10.15,7.33
2025-09-12 23:00:00,25.7,84,0.0,25.18,10.21,7.27
2025-09-13 00:00:00,25.5,84,0.0,24.98,10.26,7.43
2025-09-13 01:00:00,26.1,79,0.0,25.01,10.15,7.46
2025-09-13 02:00:00,27.5,72,0.0,25.46,9.93,7.53
2025-09-13 03:00:00,30.1,56,0.0,26.55,9.4,7.68
2025-09-13 04:00:00,32.0,48,0.0,27.89,8.99,7.54
2025-09-13 05:00:00,33.6,42,0.0,29.3,8.6,7.85
2025-09-13 06:00:00,34.2,42,0.0,30.47,8.37,7.47
2025-09-13 07:00:00,33.9,47,0.0,31.2,8.31,7.58
2025-09-13 08:00:00,33.2,51,0.0,31.5,8.32,7.64
2025-09-13 09:00:00,33.0,50,0.0,31.65,8.27,7.61
2025-09-13 10:00:00,31.8,54,0.0,31.39,8.39,7.49
2025-09-13 11:00:00,30.7,58,0.0,30.89,8.56,7.42
2025-09-13 12:00:00,29.5,64,0.0,30.17,8.81,7.4
2025-09-13 13:00:00,28.6,69,0.0,29.4,9.05,7.27
2025-09-13 14:00:00,27.9,72,0.0,28.65,9.26,7.36
2025-09-13 15:00:00,27.4,74,0.0,27.97,9.44,7.25
2025-09-13 16:00:00,27.0,76,0.0,27.38,9.6,7.21
2025-09-13 17:00:00,26.6,78,0.0,26.85,9.75,7.01
2025-09-13 18:00:00,26.3,80,0.0,26.38,9.88,7.09
2025-09-13 19:00:00,26.0,82,0.0,25.97,10.01,7.08
2025-09-13 20:00:00,25.7,83,0.0,25.59,10.11,7.04
2025-09-13 21:00:00,25.5,83,0.0,25.26,10.18,7.23
2025-09-13 22:00:00,25.3,84,0.0,24.97,10.26,7.21
2025-09-13 23:00:00,25.2,85,0.0,24.74,10.33,7.4
2025-09-14 00:00:00,25.0,86,0.0,24.52,10.39,7.31
2025-09-14 01:00:00,25.6,81,0.0,24.54,10.29,7.66
2025-09-14 02:00:00,27.0,73,0.0,24.98,10.05,7.47
2025-09-14 03:00:00,29.1,64,0.0,25.92,9.68,7.63
2025-09-14 04:00:00,31.2,55,0.0,27.2,9.25,7.73
2025-09-14 05:00:00,32.6,49,0.0,28.52,8.88,7.61
2025-09-14 06:00:00,32.8,50,0.0,29.5,8.7,7.75
2025-09-14 07:00:00,32.9,50,0.0,30.22,8.56,7.52
2025-09-14 08:00:00,32.0,54,0.1,30.46,8.58,7.75
2025-09-14 09:00:00,31.3,57,0.0,30.41,8.64,7.57
2025-09-14 10:00:00,30.5,62,0.0,30.14,8.78,7.45
2025-09-14 11:00:00,29.8,64,0.0,29.74,8.9,7.41
2025-09-14 12:00:00,28.7,71,0.0,29.12,9.14,7.45
2025-09-14 13:00:00,27.6,76,0.0,28.37,9.39,7.24
2025-09-14 14:00:00,27.4,77,0.0,27.78,9.53,7.16
2025-09-14 15:00:00,27.2,78,0.0,27.3,9.65,7.15
2025-09-14 16:00:00,26.9,81,0.0,26.88,9.8,7.01
2025-09-14 17:00:00,26.7,82,0.0,26.53,9.89,7.29
2025-09-14 18:00:00,26.3,84,0.0,26.16,10.01,7.04
2025-09-14 19:00:00,26.0,85,0.0,25.81,10.1,7.2
2025-09-14 20:00:00,25.8,85,0.0,25.51,10.16,7.17
2025-09-14 21:00:00,25.6,85,0.0,25.24,10.22,7.1
2025-09-14 22:00:00,25.3,87,0.0,24.96,10.32,7.26
2025-09-14 23:00:00,25.2,87,0.0,24.73,10.37,7.41
2025-09-15 00:00:00,25.1,87,0.0,24.54,10.41,7.4
2025-09-15 01:00:00,25.8,85,0.0,24.62,10.35,7.61
2025-09-15 02:00:00,26.7,80,0.0,24.94,10.19,7.66
2025-09-15 03:00:00,28.9,68,0.0,25.83,9.77,7.71
2025-09-15 04:00:00,30.4,61,0.0,26.9,9.42,7.6
2025-09-15 05:00:00,31.5,55,0.1,27.98,9.09,7.55
2025-09-15 06:00:00,32.2,53,0.1,28.95,8.86,7.6
2025-09-15 07:00:00,31.9,55,0.2,29.53,8.78,7.66
2025-09-15 08:00:00,31.3,58,0.4,29.76,8.79,7.65
2025-09-15 09:00:00,31.0,57,0.3,29.83,8.75,7.34
2025-09-15 10:00:00,30.6,61,0.2,29.76,8.84,7.5
2025-09-15 11:00:00,29.7,65,0.0,29.44,8.97,7.46
2025-09-15 12:00:00,28.6,71,0.0,28.89,9.19,7.34
2025-09-15 13:00:00,27.8,75,0.0,28.26,9.39,7.43
2025-09-15 14:00:00,27.2,81,0.0,27.64,9.63,7.28
2025-09-15 15:00:00,27.2,80,0.0,27.21,9.71,7.31
2025-09-15 16:00:00,26.9,81,0.0,26.82,9.81,7.11
2025-09-15 17:00:00,26.6,82,0.0,26.45,9.91,7.2
2025-09-15 18:00:00,26.3,84,0.0,26.11,10.02,7.26
2025-09-15 19:00:00,26.0,85,0.0,25.77,10.11,7.24
2025-09-15 20:00:00,25.7,86,0.0,25.45,10.19,7.04
2025-09-15 21:00:00,25.3,87,0.0,25.11,10.29,7.17
2025-09-15 22:00:00,25.4,86,0.0,24.89,10.31,7.23
2025-09-15 23:00:00,25.0,86,0.0,24.63,10.37,7.39
2025-09-16 00:00:00,24.6,87,0.0,24.32,10.46,7.49
2025-09-16 01:00:00,25.7,85,0.0,24.43,10.39,7.41
2025-09-16 02:00:00,27.1,78,0.0,24.93,10.15,7.57
2025-09-16 03:00:00,29.2,67,0.0,25.91,9.74,7.41
2025-09-16 04:00:00,31.2,57,0.0,27.2,9.29,7.79
2025-09-16 05:00:00,31.6,56,0.0,28.22,9.06,7.62
2025-09-16 06:00:00,32.0,56,0.1,29.05,8.89,7.67
2025-09-16 07:00:00,32.5,54,0.1,29.79,8.71,7.61
2025-09-16 08:00:00,31.5,58,0.3,30.0,8.74,7.71
2025-09-16 09:00:00,31.6,56,0.1,30.18,8.67,7.28
2025-09-16 10:00:00,31.1,58,0.1,30.16,8.71,7.5
2025-09-16 11:00:00,30.4,62,0.0,29.93,8.82,7.43
2025-09-16 12:00:00,29.1,67,0.0,29.38,9.02,7.32
2025-09-16 13:00:00,28.5,72,0.0,28.82,9.23,7.47
2025-09-16 14:00:00,27.5,77,0.0,28.12,9.46,7.14
2025-09-16 15:00:00,27.1,80,0.0,27.52,9.64,7.25
2025-09-16 16:00:00,26.6,82,0.0,26.94,9.8,7.17
2025-09-16 17:00:00,26.2,85,0.0,26.42,9.97,7.23
2025-09-16 18:00:00,25.9,87,0.0,25.96,10.1,7.03
2025-09-16 19:00:00,25.7,87,0.0,25.58,10.18,7.04
2025-09-16 20:00:00,25.6,87,0.0,25.29,10.25,7.26
2025-09-16 21:00:00,25.4,87,0.0,25.02,10.31,7.24
2025-09-16 22:00:00,25.2,87,0.0,24.78,10.36,7.11
2025-09-16 23:00:00,25.2,87,0.0,24.6,10.4,7.28
2025-09-17 00:00:00,25.2,85,0.0,24.48,10.38,7.45
2025-09-17 01:00:00,25.6,87,0.1,24.52,10.41,7.57
2025-09-17 02:00:00,26.4,81,0.0,24.78,10.24,7.49
2025-09-17 03:00:00,28.4,70,0.0,25.57,9.87,7.33
2025-09-17 04:00:00,31.1,57,0.0,26.93,9.34,7.7
2025-09-17 05:00:00,31.9,55,0.0,28.12,9.07,7.55
2025-09-17 06:00:00,32.7,54,0.1,29.19,8.83,7.46
2025-09-17 07:00:00,30.5,62,0.3,29.29,8.95,7.35
2025-09-17 08:00:00,31.5,57,0.2,29.65,8.79,7.69
2025-09-17 09:00:00,30.8,60,0.1,29.69,8.83,7.58
2025-09-17 10:00:00,30.1,63,0.1,29.52,8.92,7.48
2025-09-17 11:00:00,29.1,69,0.1,29.09,9.12,7.58
2025-09-17 12:00:00,28.4,71,0.0,28.58,9.26,7.44
2025-09-17 13:00:00,27.9,73,0.0,28.08,9.4,7.46
2025-09-17 14:00:00,27.3,79,0.0,27.55,9.62,7.1
2025-09-17 15:00:00,27.0,81,0.0,27.08,9.75,7.17
2025-09-17 16:00:00,26.7,82,0.0,26.67,9.86,6.97
2025-09-17 17:00:00,26.4,83,0.0,26.29,9.96,7.08
2025-09-17 18:00:00,26.2,84,0.0,25.96,10.05,7.08
2025-09-17 19:00:00,25.9,85,0.0,25.64,10.13,7.18
2025-09-17 20:00:00,25.6,86,0.0,25.33,10.22,7.15
2025-09-17 21:00:00,25.3,87,0.0,25.02,10.31,7.26
2025-09-17 22:00:00,25.0,88,0.0,24.71,10.39,7.33
2025-09-17 23:00:00,24.9,89,0.0,24.47,10.46,7.55
2025-09-18 00:00:00,24.8,88,0.0,24.27,10.49,7.39
2025-09-18 01:00:00,25.7,84,0.0,24.4,10.38,7.4
2025-09-18 02:00:00,26.7,79,0.0,24.79,10.2,7.59
2025-09-18 03:00:00,29.0,66,0.0,25.75,9.75,7.53
2025-09-18 04:00:00,30.8,57,0.0,26.97,9.34,7.8
2025-09-18 05:00:00,31.6,53,0.0,28.06,9.04,7.64
2025-09-18 06:00:00,32.4,51,0.0,29.06,8.81,7.61
2025-09-18 07:00:00,32.4,53,0.1,29.76,8.7,7.6
2025-09-18 08:00:00,31.4,57,0.6,29.95,8.73,7.65
2025-09-18 09:00:00,31.6,55,0.1,30.15,8.66,7.55
2025-09-18 10:00:00,31.3,55,0.0,30.19,8.65,7.44
2025-09-18 11:00:00,30.3,61,0.0,29.93,8.8,7.6
2025-09-18 12:00:00,29.1,67,0.0,29.38,9.02,7.28
2025-09-18 13:00:00,28.5,71,0.0,28.81,9.21,7.3
2025-09-18 14:00:00,27.7,76,0.0,28.18,9.43,7.29
2025-09-18 15:00:00,27.0,81,0.0,27.53,9.66,7.01
2025-09-18 16:00:00,26.7,84,0.0,26.98,9.83,7.18
2025-09-18 17:00:00,26.5,84,0.0,26.53,9.92,7.0
2025-09-18 18:00:00,26.4,84,0.0,26.19,10.0,7.18
2025-09-18 19:00:00,26.1,85,0.0,25.87,10.09,7.02
2025-09-18 20:00:00,25.7,87,0.0,25.52,10.2,7.21
2025-09-18 21:00:00,25.1,88,0.0,25.09,10.31,7.31
2025-09-18 22:00:00,24.8,88,0.0,24.7,10.39,7.35
2025-09-18 23:00:00,25.0,87,0.0,24.49,10.42,7.36
2025-09-19 00:00:00,24.9,88,0.0,24.31,10.48,7.39
2025-09-19 01:00:00,26.1,81,0.0,24.55,10.29,7.43
2025-09-19 02:00:00,27.2,75,0.0,25.05,10.07,7.71
2025-09-19 03:00:00,29.0,67,0.0,25.93,9.73,7.54
2025-09-19 04:00:00,31.2,55,0.0,27.21,9.25,7.54
2025-09-19 05:00:00,31.9,53,0.0,28.32,8.99,7.73
2025-09-19 06:00:00,31.5,60,0.0,28.97,8.98,7.59
2025-09-19 07:00:00,31.9,58,0.1,29.55,8.83,7.55
2025-09-19 08:00:00,31.0,60,0.1,29.69,8.84,7.47
2025-09-19 09:00:00,30.0,65,0.0,29.48,8.97,7.53
2025-09-19 10:00:00,29.1,70,0.0,29.07,9.14,7.51
2025-09-19 11:00:00,28.9,71,0.0,28.72,9.23,7.47
2025-09-19 12:00:00,28.0,76,0.0,28.2,9.43,7.47
2025-09-19 13:00:00,27.6,80,0.0,27.72,9.6,7.36
2025-09-19 14:00:00,27.2,83,0.0,27.26,9.75,7.22
2025-09-19 15:00:00,27.0,84,0.0,26.89,9.85,7.16
2025-09-19 16:00:00,26.9,84,0.0,26.59,9.91,7.19
2025-09-19 17:00:00,26.6,84,0.0,26.29,9.98,7.23
2025-09-19 18:00:00,26.3,85,0.0,25.99,10.06,7.11
2025-09-19 19:00:00,26.0,86,0.0,25.7,10.14,7.07
2025-09-19 20:00:00,25.5,87,0.0,25.34,10.24,7.05
2025-09-19 21:00:00,25.5,88,0.0,25.09,10.31,7.05
2025-09-19 22:00:00,25.5,87,0.0,24.91,10.33,7.33
2025-09-19 23:00:00,25.2,89,0.0,24.7,10.41,7.39
2025-09-20 00:00:00,25.1,89,0.0,24.52,10.45,7.47
2025-09-20 01:00:00,26.1,85,0.0,24.69,10.34,7.48
2025-09-20 02:00:00,27.3,78,0.0,25.17,10.1,7.7
2025-09-20 03:00:00,29.4,64,0.0,26.14,9.63,7.56
2025-09-20 04:00:00,31.3,56,0.0,27.39,9.23,7.74
2025-09-20 05:00:00,32.3,51,0.0,28.56,8.91,7.66
2025-09-20 06:00:00,32.7,51,0.0,29.5,8.72,7.6
2025-09-20 07:00:00,32.3,54,0.0,30.04,8.66,7.71
2025-09-20 08:00:00,32.5,53,0.0,30.48,8.56,7.66
2025-09-20 09:00:00,31.8,55,0.0,30.58,8.57,7.6
2025-09-20 10:00:00,31.2,58,0.0,30.46,8.64,7.51
2025-09-20 11:00:00,30.3,62,0.0,30.11,8.78,7.43
2025-09-20 12:00:00,29.1,68,0.0,29.51,9.01,7.6
2025-09-20 13:00:00,28.3,73,0.0,28.85,9.24,7.41
2025-09-20 14:00:00,27.9,76,0.0,28.26,9.41,7.3
2025-09-20 15:00:00,27.6,78,0.0,27.76,9.55,7.18
2025-09-20 16:00:00,27.3,80,0.0,27.32,9.68,7.23
2025-09-20 17:00:00,27.0,82,0.0,26.93,9.8,7.15
2025-09-20 18:00:00,26.7,83,0.0,26.56,9.9,7.1
2025-09-20 19:00:00,26.3,84,0.0,26.18,10.0,7.08
2025-09-20 20:00:00,26.0,85,0.0,25.83,10.1,7.13
2025-09-20 21:00:00,25.8,85,0.0,25.52,10.16,6.88
2025-09-20 22:00:00,25.7,85,0.0,25.27,10.21,7.28
2025-09-20 23:00:00,25.6,85,0.0,25.07,10.26,7.28
2025-09-21 00:00:00,25.4,86,0.0,24.87,10.32,7.57
2025-09-21 01:00:00,26.2,82,0.0,24.97,10.22,7.49
2025-09-21 02:00:00,27.5,75,0.0,25.43,9.99,7.44
2025-09-21 03:00:00,29.3,64,0.0,26.29,9.6,7.6
2025-09-21 04:00:00,30.7,57,0.0,27.31,9.27,7.54
2025-09-21 05:00:00,31.8,53,0.0,28.36,8.98,7.71
2025-09-21 06:00:00,31.6,56,0.0,29.03,8.9,7.7
2025-09-21 07:00:00,31.1,61,0.0,29.35,8.92,7.75
2025-09-21 08:00:00,31.3,59,0.0,29.64,8.83,7.54
2025-09-21 09:00:00,31.0,60,0.0,29.75,8.82,7.58
2025-09-21 10:00:00,30.4,63,0.0,29.64,8.9,7.38
2025-09-21 11:00:00,29.8,64,0.0,29.39,8.97,7.51
2025-09-21 12:00:00,28.7,68,0.0,28.88,9.14,7.42
2025-09-21 13:00:00,27.8,76,0.0,28.26,9.41,7.35
2025-09-21 14:00:00,27.6,76,0.0,27.76,9.52,7.23
2025-09-21 15:00:00,27.4,77,0.0,27.35,9.62,7.22
2025-09-21 16:00:00,27.2,80,0.0,27.01,9.75,7.29
2025-09-21 17:00:00,27.0,81,0.0,26.7,9.83,7.07
2025-09-21 18:00:00,26.8,81,0.0,26.43,9.89,7.11
2025-09-21 19:00:00,26.4,81,0.0,26.12,9.96,7.0
2025-09-21 20:00:00,26.2,82,0.0,25.85,10.03,7.05
2025-09-21 21:00:00,25.7,84,0.0,25.5,10.15,7.2
2025-09-21 22:00:00,25.3,86,0.0,25.14,10.26,7.37
2025-09-21 23:00:00,25.0,86,0.0,24.8,10.33,7.31
2025-09-22 00:00:00,24.7,86,0.0,24.47,10.4,7.39
2025-09-22 01:00:00,24.8,88,0.0,24.27,10.49,7.45
2025-09-22 02:00:00,26.3,82,0.0,24.58,10.3,7.51
2025-09-22 03:00:00,28.5,71,0.0,25.45,9.91,7.65
2025-09-22 04:00:00,30.9,58,0.0,26.79,9.39,7.5
2025-09-22 05:00:00,32.0,54,0.0,28.05,9.06,7.8
2025-09-22 06:00:00,32.9,50,0.0,29.21,8.76,7.6
2025-09-22 07:00:00,33.0,50,0.0,30.04,8.59,7.72
2025-09-22 08:00:00,32.7,51,0.0,30.54,8.51,7.49
2025-09-22 09:00:00,32.2,53,0.0,30.74,8.5,7.63
2025-09-22 10:00:00,31.6,55,0.0,30.7,8.55,7.57
2025-09-22 11:00:00,30.6,59,0.0,30.37,8.68,7.47
2025-09-22 12:00:00,29.3,66,0.0,29.75,8.93,7.26
2025-09-22 13:00:00,28.2,75,0.0,28.98,9.24,7.32
2025-09-22 14:00:00,27.8,78,0.0,28.33,9.43,7.11
2025-09-22 15:00:00,27.6,78,0.0,27.81,9.54,7.14
2025-09-22 16:00:00,27.3,79,0.0,27.36,9.66,7.23
2025-09-22 17:00:00,26.9,81,0.0,26.92,9.79,7.18
2025-09-22 18:00:00,26.4,84,0.0,26.46,9.94,7.1
2025-09-22 19:00:00,25.9,86,0.0,25.99,10.08,7.01
2025-09-22 20:00:00,25.6,88,0.0,25.58,10.21,7.21
2025-09-22 21:00:00,25.3,89,0.1,25.19,10.31,7.19
2025-09-22 22:00:00,25.4,88,0.0,24.96,10.34,7.03
2025-09-22 23:00:00,25.2,88,0.0,24.73,10.39,7.41
2025-09-23 00:00:00,25.1,88,0.0,24.54,10.43,7.41
2025-09-23 01:00:00,25.4,89,0.0,24.5,10.46,7.61
2025-09-23 02:00:00,26.9,79,0.0,24.92,10.17,7.45
2025-09-23 03:00:00,28.3,71,0.2,25.63,9.87,7.28
2025-09-23 04:00:00,28.2,72,0.9,26.1,9.79,7.64
2025-09-23 05:00:00,29.5,63,0.1,26.82,9.48,7.7
2025-09-23 06:00:00,30.4,63,0.6,27.6,9.32,7.48
2025-09-23 07:00:00,30.0,62,0.2,28.02,9.21,7.56
2025-09-23 08:00:00,30.6,59,0.2,28.49,9.06,7.9
2025-09-23 09:00:00,30.1,62,0.0,28.67,9.08,7.55
2025-09-23 10:00:00,29.6,64,0.1,28.65,9.12,7.59
2025-09-23 11:00:00,28.4,71,0.1,28.28,9.32,7.38
2025-09-23 12:00:00,27.7,74,0.0,27.8,9.47,7.17
2025-09-23 13:00:00,27.4,76,0.0,27.38,9.6,7.29
2025-09-23 14:00:00,26.4,79,0.0,26.79,9.78,7.22
2025-09-23 15:00:00,26.1,82,0.0,26.28,9.94,7.15
2025-09-23 16:00:00,26.1,83,0.0,25.93,10.04,7.13
2025-09-23 17:00:00,25.9,85,0.0,25.62,10.14,7.14
2025-09-23 18:00:00,25.7,86,0.1,25.34,10.22,7.08
2025-09-23 19:00:00,25.5,87,0.0,25.09,10.29,6.99
2025-09-23 20:00:00,25.0,88,0.1,24.76,10.38,7.19
2025-09-23 21:00:00,24.6,90,0.1,24.41,10.49,7.0
2025-09-23 22:00:00,24.3,90,0.1,24.08,10.57,7.06
2025-09-23 23:00:00,24.4,88,0.0,23.88,10.57,7.42
2025-09-24 00:00:00,24.4,88,0.0,23.73,10.6,7.47
2025-09-24 01:00:00,25.0,88,0.1,23.81,10.58,7.49
2025-09-24 02:00:00,25.4,86,0.0,23.99,10.51,7.43
2025-09-24 03:00:00,25.8,84,0.1,24.23,10.42,7.55
2025-09-24 04:00:00,27.3,77,0.2,24.85,10.15,7.63
2025-09-24 05:00:00,27.7,74,0.1,25.41,9.98,7.53
2025-09-24 06:00:00,28.2,71,0.1,25.94,9.81,7.62
2025-09-24 07:00:00,29.2,66,0.1,26.62,9.57,7.74
2025-09-24 08:00:00,29.2,66,0.1,27.09,9.47,7.78
2025-09-24 09:00:00,29.1,66,0.0,27.4,9.41,7.56
2025-09-24 10:00:00,29.5,64,0.0,27.73,9.31,7.61
2025-09-24 11:00:00,29.2,66,0.0,27.87,9.31,7.27
2025-09-24 12:00:00,28.4,71,0.0,27.73,9.43,7.45
2025-09-24 13:00:00,27.5,76,0.0,27.36,9.6,7.23
2025-09-24 14:00:00,26.9,81,0.0,26.92,9.79,7.27
2025-09-24 15:00:00,26.3,83,0.0,26.44,9.93,7.16
2025-09-24 16:00:00,25.6,85,0.0,25.88,10.08,7.27
2025-09-24 17:00:00,25.3,87,0.0,25.41,10.22,7.03
2025-09-24 18:00:00,25.4,88,0.0,25.11,10.31,7.17
2025-09-24 19:00:00,25.2,89,0.1,24.83,10.38,7.09
2025-09-24 20:00:00,25.2,88,0.0,24.64,10.41,7.14
2025-09-24 21:00:00,24.9,88,0.1,24.42,10.45,7.18
2025-09-24 22:00:00,24.5,89,0.0,24.14,10.53,7.18
2025-09-24 23:00:00,24.6,89,0.0,23.98,10.57,7.34
2025-09-25 00:00:00,24.5,90,0.1,23.84,10.62,7.41
2025-09-25 01:00:00,24.8,90,0.1,23.83,10.62,7.52
2025-09-25 02:00:00,25.4,87,0.1,24.0,10.53,7.57
2025-09-25 03:00:00,25.1,87,0.4,24.03,10.52,7.68
2025-09-25 04:00:00,26.3,80,0.4,24.41,10.3,7.74
2025-09-25 05:00:00,26.7,82,0.7,24.8,10.26,7.55
2025-09-25 06:00:00,27.3,78,0.4,25.25,10.09,7.77
2025-09-25 07:00:00,27.7,74,0.1,25.68,9.92,7.57
2025-09-25 08:00:00,27.9,74,0.6,26.05,9.84,7.68
2025-09-25 09:00:00,28.3,72,1.0,26.42,9.73,7.61
2025-09-25 10:00:00,29.0,68,0.2,26.9,9.55,7.34
2025-09-25 11:00:00,27.9,73,0.1,26.9,9.64,7.47
2025-09-25 12:00:00,27.1,77,0.0,26.66,9.77,7.35
2025-09-25 13:00:00,26.1,84,0.1,26.19,10.0,7.24
2025-09-25 14:00:00,25.5,88,0.6,25.68,10.18,7.35
2025-09-25 15:00:00,24.8,93,0.7,25.12,10.4,7.09
2025-09-25 16:00:00,24.3,96,0.7,24.57,10.58,7.03
2025-09-25 17:00:00,24.0,96,0.7,24.1,10.68,7.09
2025-09-25 18:00:00,24.0,97,0.3,23.77,10.77,7.17
2025-09-25 19:00:00,24.3,95,0.1,23.63,10.76,7.11
2025-09-25 20:00:00,24.2,95,0.1,23.5,10.79,7.27
2025-09-25 21:00:00,23.9,95,0.1,23.32,10.83,7.26
2025-09-25 22:00:00,23.8,94,0.0,23.16,10.84,7.06
2025-09-25 23:00:00,23.7,93,0.0,23.03,10.85,7.3
2025-09-26 00:00:00,23.8,92,0.0,22.96,10.85,7.37
2025-09-26 01:00:00,24.7,94,0.3,23.18,10.84,7.53
2025-09-26 02:00:00,24.4,96,0.4,23.25,10.87,7.29
2025-09-26 03:00:00,24.9,92,0.5,23.44,10.74,7.86
2025-09-26 04:00:00,24.3,98,0.7,23.4,10.87,7.7
2025-09-26 05:00:00,25.8,89,1.0,23.82,10.6,7.67
2025-09-26 06:00:00,26.2,87,1.0,24.23,10.47,7.78
2025-09-26 07:00:00,25.5,89,0.5,24.31,10.5,7.91
2025-09-26 08:00:00,25.8,85,0.2,24.46,10.39,7.75
2025-09-26 09:00:00,26.5,80,0.2,24.77,10.22,7.7
2025-09-26 10:00:00,25.8,85,0.2,24.78,10.32,7.56
2025-09-26 11:00:00,25.6,86,0.3,24.73,10.35,7.46
2025-09-26 12:00:00,25.0,91,0.5,24.51,10.49,7.33
2025-09-26 13:00:00,24.8,94,0.1,24.3,10.6,7.25
2025-09-26 14:00:00,24.7,94,0.1,24.12,10.64,7.19
2025-09-26 15:00:00,24.6,94,0.2,23.96,10.67,7.06
2025-09-26 16:00:00,24.4,94,0.1,23.79,10.71,7.15
2025-09-26 17:00:00,24.4,94,0.1,23.68,10.73,6.96
2025-09-26 18:00:00,24.5,94,0.5,23.62,10.74,7.11
2025-09-26 19:00:00,24.5,94,0.1,23.59,10.75,7.12
2025-09-26 20:00:00,24.5,94,0.0,23.56,10.76,7.18
2025-09-26 21:00:00,24.4,95,0.3,23.51,10.79,7.14
2025-09-26 22:00:00,24.0,97,0.7,23.36,10.86,7.54
2025-09-26 23:00:00,24.2,95,0.1,23.31,10.83,7.48
2025-09-27 00:00:00,24.2,94,0.0,23.28,10.82,7.3
2025-09-27 01:00:00,25.7,89,0.0,23.7,10.63,7.52
2025-09-27 02:00:00,26.7,83,0.1,24.3,10.38,7.5
2025-09-27 03:00:00,27.6,79,0.1,24.99,10.16,7.51
2025-09-27 04:00:00,28.0,76,0.3,25.59,9.97,7.51
2025-09-27 05:00:00,29.2,70,0.1,26.38,9.7,7.72
2025-09-27 06:00:00,29.5,69,0.5,27.01,9.55,7.59
2025-09-27 07:00:00,30.4,64,0.1,27.73,9.31,7.76
2025-09-27 08:00:00,29.6,68,0.3,27.99,9.33,7.72
2025-09-27 09:00:00,29.4,68,0.3,28.11,9.3,7.71
2025-09-27 10:00:00,28.4,72,0.3,27.9,9.42,7.42
2025-09-27 11:00:00,27.5,76,0.1,27.48,9.58,7.5
2025-09-27 12:00:00,27.2,78,0.0,27.1,9.69,7.45
2025-09-27 13:00:00,27.8,77,0.0,27.01,9.7,7.26
2025-09-27 14:00:00,27.2,80,0.0,26.76,9.8,7.17
2025-09-27 15:00:00,27.0,80,0.0,26.54,9.85,7.34
2025-09-27 16:00:00,26.3,83,0.1,26.16,9.99,7.15
2025-09-27 17:00:00,25.6,87,0.1,25.7,10.16,7.17
2025-09-27 18:00:00,25.2,87,0.1,25.25,10.26,7.02
2025-09-27 19:00:00,24.7,89,0.0,24.78,10.4,7.0
2025-09-27 20:00:00,24.4,90,0.0,24.37,10.5,7.1
2025-09-27 21:00:00,24.6,89,0.0,24.14,10.53,7.19
2025-09-27 22:00:00,24.4,89,0.0,23.92,10.58,7.16
2025-09-27 23:00:00,24.4,89,0.0,23.76,10.62,7.34
2025-09-28 00:00:00,24.3,90,0.0,23.62,10.67,7.25
2025-09-28 01:00:00,24.6,91,0.3,23.62,10.69,7.37
2025-09-28 02:00:00,25.6,87,0.0,23.91,10.54,7.64
2025-09-28 03:00:00,27.0,79,0.1,24.54,10.25,7.68
2025-09-28 04:00:00,29.0,70,0.0,25.58,9.86,7.62
2025-09-28 05:00:00,29.1,72,0.6,26.33,9.74,7.55
2025-09-28 06:00:00,29.7,69,0.4,27.04,9.54,7.56
2025-09-28 07:00:00,30.1,69,0.1,27.66,9.41,7.63
2025-09-28 08:00:00,30.1,68,0.1,28.09,9.3,7.7
2025-09-28 09:00:00,29.4,71,0.1,28.18,9.34,7.68
2025-09-28 10:00:00,29.4,68,0.0,28.25,9.27,7.48
2025-09-28 11:00:00,29.1,69,0.1,28.2,9.3,7.33
2025-09-28 12:00:00,28.3,73,0.0,27.93,9.43,7.41
2025-09-28 13:00:00,27.4,79,0.0,27.47,9.63,7.23
2025-09-28 14:00:00,27.0,81,0.0,27.03,9.76,7.19
2025-09-28 15:00:00,26.6,82,0.0,26.6,9.87,7.31
2025-09-28 16:00:00,25.7,88,0.2,26.03,10.11,7.21
2025-09-28 17:00:00,25.2,90,0.2,25.48,10.26,7.12
2025-09-28 18:00:00,24.8,92,0.2,24.98,10.41,6.97
2025-09-28 19:00:00,24.2,93,0.2,24.44,10.55,7.13
2025-09-28 20:00:00,24.1,91,0.0,24.04,10.59,7.27
2025-09-28 21:00:00,24.0,92,0.0,23.73,10.68,7.17
2025-09-28 22:00:00,24.1,92,0.0,23.54,10.72,7.41
2025-09-28 23:00:00,23.9,92,0.0,23.35,10.76,7.48
2025-09-29 00:00:00,23.8,90,0.0,23.18,10.76,7.59
2025-09-29 01:00:00,24.7,89,0.1,23.34,10.71,7.53
2025-09-29 02:00:00,25.7,84,0.0,23.75,10.52,7.63
2025-09-29 03:00:00,27.0,80,0.0,24.42,10.3,7.77
2025-09-29 04:00:00,28.0,72,0.3,25.2,9.98,7.69
2025-09-29 05:00:00,29.3,67,0.2,26.13,9.69,7.62
2025-09-29 06:00:00,29.1,71,0.5,26.72,9.64,7.62
2025-09-29 07:00:00,29.5,69,0.6,27.25,9.5,7.66
2025-09-29 08:00:00,29.7,68,0.9,27.69,9.39,7.46
2025-09-29 09:00:00,29.4,69,0.3,27.9,9.36,7.56
2025-09-29 10:00:00,28.6,72,0.2,27.81,9.44,7.63
2025-09-29 11:00:00,28.0,76,0.1,27.57,9.56,7.24
2025-09-29 12:00:00,26.9,81,0.0,27.07,9.76,7.54
2025-09-29 13:00:00,26.6,83,0.0,26.63,9.89,7.43
2025-09-29 14:00:00,26.2,85,0.0,26.2,10.02,7.2
2025-09-29 15:00:00,26.3,86,0.0,25.93,10.09,7.24
2025-09-29 16:00:00,26.1,87,0.0,25.68,10.16,7.14
2025-09-29 17:00:00,25.9,87,0.0,25.45,10.21,7.24
2025-09-29 18:00:00,25.8,86,0.0,25.25,10.24,7.21
2025-09-29 19:00:00,25.8,85,0.0,25.12,10.25,6.98
2025-09-29 20:00:00,25.8,84,0.0,25.02,10.25,7.21
2025-09-29 21:00:00,25.5,86,0.0,24.87,10.32,7.18
2025-09-29 22:00:00,25.3,86,0.0,24.7,10.36,7.27
2025-09-29 23:00:00,25.0,87,0.0,24.49,10.42,7.26
2025-09-30 00:00:00,24.8,87,0.0,24.28,10.46,7.59
2025-09-30 01:00:00,25.5,85,0.0,24.35,10.41,7.6
2025-09-30 02:00:00,26.8,79,0.0,24.78,10.2,7.49
2025-09-30 03:00:00,28.0,74,0.0,25.45,9.97,7.48
2025-09-30 04:00:00,29.6,66,0.0,26.39,9.62,7.62
2025-09-30 05:00:00,31.0,59,0.0,27.48,9.27,7.72
2025-09-30 06:00:00,31.9,54,0.0,28.5,8.97,7.7
2025-09-30 07:00:00,32.3,53,0.0,29.34,8.78,7.78
2025-09-30 08:00:00,31.9,54,0.0,29.81,8.71,7.7
2025-09-30 09:00:00,31.6,56,0.0,30.05,8.69,7.67
2025-09-30 10:00:00,31.1,58,0.0,30.06,8.72,7.54
2025-09-30 11:00:00,30.0,63,0.0,29.74,8.88,7.3
2025-09-30 12:00:00,28.9,69,0.0,29.19,9.09,7.35
2025-09-30 13:00:00,28.0,74,0.0,28.53,9.32,7.4
2025-09-30 14:00:00,27.6,75,0.0,27.95,9.46,7.23
2025-09-30 15:00:00,27.2,77,0.0,27.43,9.61,7.22
2025-09-30 16:00:00,26.8,79,0.0,26.94,9.75,7.1
2025-09-30 17:00:00,26.4,81,0.0,26.48,9.88,7.0
2025-09-30 18:00:00,26.1,83,0.0,26.06,10.01,7.09
2025-09-30 19:00:00,25.8,84,0.0,25.68,10.11,7.14
2025-09-30 20:00:00,25.6,85,0.0,25.36,10.2,7.08
2025-09-30 21:00:00,25.2,87,0.0,25.01,10.31,7.17
2025-09-30 22:00:00,25.0,88,0.0,24.71,10.39,7.17
2025-09-30 23:00:00,24.9,88,0.0,24.47,10.44,7.45
2025-10-01 00:00:00,25.3,87,0.0,24.42,10.44,7.39
2025-10-01 01:00:00,25.3,86,0.0,24.38,10.42,7.64
2025-10-01 02:00:00,27.0,78,0.0,24.87,10.17,7.71
2025-10-01 03:00:00,28.8,70,0.0,25.75,9.83,7.61
2025-10-01 04:00:00,30.4,62,0.0,26.84,9.45,7.55
2025-10-01 05:00:00,31.3,57,0.1,27.88,9.15,7.45
2025-10-01 06:00:00,31.9,54,0.1,28.79,8.91,7.52
2025-10-01 07:00:00,32.4,52,0.0,29.57,8.72,7.52
2025-10-01 08:00:00,32.4,52,0.0,30.12,8.61,7.76
2025-10-01 09:00:00,32.0,54,0.0,30.38,8.59,7.58
2025-10-01 10:00:00,31.3,58,0.0,30.36,8.66,7.55
2025-10-01 11:00:00,30.2,63,0.0,30.01,8.82,7.22
2025-10-01 12:00:00,29.3,68,0.0,29.5,9.01,7.25
2025-10-01 13:00:00,28.1,76,0.0,28.78,9.3,7.38
2025-10-01 14:00:00,27.5,80,0.0,28.09,9.52,7.26
2025-10-01 15:00:00,27.2,81,0.0,27.53,9.66,7.16
2025-10-01 16:00:00,26.9,82,0.0,27.04,9.78,7.19
2025-10-01 17:00:00,26.6,83,0.0,26.61,9.89,7.27
2025-10-01 18:00:00,26.6,82,0.0,26.3,9.94,7.07
2025-10-01 19:00:00,26.5,82,0.0,26.06,9.99,7.12
2025-10-01 20:00:00,26.3,82,0.0,25.83,10.04,7.16
2025-10-01 21:00:00,26.0,82,0.0,25.58,10.09,7.43
2025-10-01 22:00:00,25.8,82,0.0,25.35,10.14,7.05
2025-10-01 23:00:00,25.7,82,0.0,25.15,10.18,7.4
2025-10-02 00:00:00,26.1,83,0.0,25.14,10.2,7.4
2025-10-02 01:00:00,26.3,81,0.0,25.19,10.16,7.54
2025-10-02 02:00:00,27.6,75,0.0,25.61,9.95,7.49
2025-10-02 03:00:00,29.4,67,0.0,26.45,9.63,7.6
2025-10-02 04:00:00,31.0,60,0.0,27.51,9.28,7.72
2025-10-02 05:00:00,32.3,54,0.0,28.65,8.94,7.97
2025-10-02 06:00:00,32.7,52,0.0,29.56,8.72,7.75
2025-10-02 07:00:00,33.0,50,0.0,30.3,8.54,7.56
2025-10-02 08:00:00,32.7,52,0.0,30.72,8.49,7.57
2025-10-02 09:00:00,31.9,55,0.0,30.77,8.53,7.52
2025-10-02 10:00:00,31.2,57,0.0,30.6,8.6,7.32
2025-10-02 11:00:00,30.5,60,0.0,30.27,8.72,7.4
2025-10-02 12:00:00,29.3,67,0.0,29.68,8.96,7.44
2025-10-02 13:00:00,28.5,73,0.0,29.03,9.2,7.16
2025-10-02 14:00:00,28.0,76,0.0,28.42,9.38,7.33
2025-10-02 15:00:00,27.9,76,0.0,27.96,9.48,7.22
2025-10-02 16:00:00,27.6,77,0.0,27.55,9.58,7.05
2025-10-02 17:00:00,27.2,78,0.0,27.15,9.68,7.08
2025-10-02 18:00:00,27.1,79,0.0,26.83,9.77,7.25
2025-10-02 19:00:00,26.9,80,0.0,26.55,9.85,7.18
2025-10-02 20:00:00,26.7,80,0.0,26.3,9.9,7.14
2025-10-02 21:00:00,26.6,79,0.0,26.09,9.93,7.16
2025-10-02 22:00:00,26.2,81,0.0,25.82,10.02,7.26
2025-10-02 23:00:00,26.1,82,0.0,25.61,10.09,7.28
2025-10-03 00:00:00,26.0,83,0.0,25.42,10.14,7.2
2025-10-03 01:00:00,26.2,82,0.0,25.36,10.14,7.69
2025-10-03 02:00:00,27.9,74,0.0,25.82,9.89,7.57
2025-10-03 03:00:00,30.4,61,0.0,26.89,9.42,7.64
2025-10-03 04:00:00,32.6,52,0.0,28.31,8.97,7.63
2025-10-03 05:00:00,33.4,50,0.0,29.53,8.69,7.58
2025-10-03 06:00:00,33.6,50,0.0,30.45,8.51,7.64
2025-10-03 07:00:00,33.6,53,0.0,31.1,8.43,7.48
2025-10-03 08:00:00,33.0,56,0.1,31.37,8.43,7.83
2025-10-03 09:00:00,32.2,58,0.0,31.32,8.47,7.44
2025-10-03 10:00:00,31.6,61,0.1,31.1,8.56,7.39
2025-10-03 11:00:00,30.7,65,0.1,30.68,8.72,7.38
2025-10-03 12:00:00,30.1,70,0.0,30.21,8.9,7.49
2025-10-03 13:00:00,28.9,76,0.0,29.52,9.15,7.29
2025-10-03 14:00:00,28.5,78,0.0,28.91,9.31,7.1
2025-10-03 15:00:00,28.1,79,0.0,28.37,9.44,7.29
2025-10-03 16:00:00,27.8,81,0.0,27.9,9.58,7.19
2025-10-03 17:00:00,27.4,83,0.0,27.45,9.71,7.15
2025-10-03 18:00:00,27.0,85,0.0,27.01,9.84,7.16
2025-10-03 19:00:00,26.8,85,0.0,26.65,9.92,7.34
2025-10-03 20:00:00,26.8,84,0.0,26.39,9.95,7.35
2025-10-03 21:00:00,26.7,84,0.0,26.19,10.0,7.12
2025-10-03 22:00:00,26.5,85,0.0,25.98,10.06,7.41
2025-10-03 23:00:00,26.3,86,0.0,25.78,10.12,7.36
2025-10-04 00:00:00,26.9,81,0.0,25.81,10.02,7.45
2025-10-04 01:00:00,27.1,79,0.0,25.9,9.97,7.31
2025-10-04 02:00:00,28.3,73,0.0,26.32,9.77,7.53
2025-10-04 03:00:00,30.2,63,0.0,27.18,9.4,7.52
2025-10-04 04:00:00,32.3,51,0.0,28.42,8.93,7.72
2025-10-04 05:00:00,34.1,44,0.0,29.82,8.53,7.76
2025-10-04 06:00:00,34.5,41,0.0,30.93,8.26,7.44
2025-10-04 07:00:00,34.8,40,0.0,31.79,8.08,7.63
2025-10-04 08:00:00,32.4,48,0.0,31.67,8.23,7.72
2025-10-04 09:00:00,32.5,50,0.0,31.62,8.28,7.54
2025-10-04 10:00:00,31.5,53,0.0,31.28,8.39,7.57
2025-10-04 11:00:00,30.4,59,0.0,30.72,8.61,7.47
2025-10-04 12:00:00,29.9,68,0.0,30.17,8.87,7.39
2025-10-04 13:00:00,28.9,74,0.0,29.49,9.12,7.26
2025-10-04 14:00:00,28.3,76,0.0,28.83,9.29,7.1
2025-10-04 15:00:00,27.7,78,0.0,28.19,9.46,7.05
2025-10-04 16:00:00,27.3,80,0.0,27.63,9.62,7.19
2025-10-04 17:00:00,27.0,81,0.0,27.14,9.74,7.1
2025-10-04 18:00:00,26.8,80,0.0,26.74,9.81,7.08
2025-10-04 19:00:00,26.7,80,0.0,26.43,9.87,7.06
2025-10-04 20:00:00,26.5,80,0.0,26.15,9.93,7.11
2025-10-04 21:00:00,26.3,81,0.0,25.89,10.01,7.29
2025-10-04 22:00:00,26.1,82,0.0,25.66,10.07,7.22
2025-10-04 23:00:00,25.6,84,0.0,25.34,10.18,7.19
2025-10-05 00:00:00,26.0,81,0.0,25.24,10.14,7.48
2025-10-05 01:00:00,26.1,81,0.0,25.2,10.15,7.47
2025-10-05 02:00:00,27.5,75,0.0,25.59,9.96,7.56
2025-10-05 03:00:00,28.2,71,0.0,26.07,9.78,7.77
2025-10-05 04:00:00,29.4,63,0.0,26.77,9.49,7.65
2025-10-05 05:00:00,31.5,54,0.0,27.89,9.09,7.7
2025-10-05 06:00:00,32.7,48,0.0,29.03,8.76,7.55
2025-10-05 07:00:00,34.1,44,0.0,30.25,8.45,7.63
2025-10-05 08:00:00,33.6,45,0.0,30.96,8.32,7.67
2025-10-05 09:00:00,33.7,45,0.0,31.48,8.22,7.4
2025-10-05 10:00:00,32.3,54,0.3,31.43,8.38,7.49
2025-10-05 11:00:00,31.2,56,0.0,31.06,8.49,7.44
2025-10-05 12:00:00,30.3,61,0.0,30.53,8.68,7.36
2025-10-05 13:00:00,28.8,72,0.0,29.71,9.04,7.39
2025-10-05 14:00:00,28.1,77,0.0,28.93,9.29,7.25
2025-10-05 15:00:00,27.8,77,0.0,28.29,9.42,7.31
2025-10-05 16:00:00,27.4,75,0.0,27.72,9.51,7.02
2025-10-05 17:00:00,26.9,77,0.0,27.18,9.66,7.11
2025-10-05 18:00:00,27.0,78,0.0,26.82,9.75,7.1
2025-10-05 19:00:00,26.7,79,0.0,26.49,9.84,7.0
2025-10-05 20:00:00,26.4,80,0.0,26.16,9.93,7.23
2025-10-05 21:00:00,26.2,82,0.0,25.87,10.03,7.42
2025-10-05 22:00:00,25.8,83,0.0,25.55,10.12,7.25
2025-10-05 23:00:00,25.6,83,0.0,25.27,10.18,7.38
2025-10-06 00:00:00,25.5,80,0.0,25.04,10.17,7.42
2025-10-06 01:00:00,25.6,78,0.0,24.91,10.16,7.42
2025-10-06 02:00:00,27.8,66,0.0,25.47,9.81,7.37
2025-10-06 03:00:00,30.6,55,0.0,26.71,9.35,7.53
2025-10-06 04:00:00,33.2,45,0.0,28.36,8.84,7.5
2025-10-06 05:00:00,34.3,42,0.0,29.84,8.49,7.82
2025-10-06 06:00:00,35.0,39,0.0,31.09,8.2,7.64
2025-10-06 07:00:00,35.5,39,0.0,32.11,8.0,7.59
2025-10-06 08:00:00,31.4,58,0.9,31.6,8.41,7.64
2025-10-06 09:00:00,33.7,42,0.2,31.93,8.08,7.43
2025-10-06 10:00:00,32.6,53,0.1,31.83,8.28,7.41
2025-10-06 11:00:00,32.3,54,0.0,31.67,8.33,7.43
2025-10-06 12:00:00,30.3,64,0.0,30.96,8.64,7.45
2025-10-06 13:00:00,29.1,70,0.0,30.1,8.92,7.33
2025-10-06 14:00:00,28.4,73,0.0,29.29,9.14,7.24
2025-10-06 15:00:00,27.8,77,0.0,28.54,9.37,7.17
2025-10-06 16:00:00,27.3,80,0.0,27.87,9.57,7.16
2025-10-06 17:00:00,26.9,81,0.0,27.28,9.71,7.12
2025-10-06 18:00:00,27.1,80,0.0,26.93,9.77,6.99
2025-10-06 19:00:00,26.8,79,0.0,26.59,9.82,7.11
2025-10-06 20:00:00,26.6,78,0.0,26.29,9.86,7.03
2025-10-06 21:00:00,26.3,79,0.0,25.99,9.95,7.2
2025-10-06 22:00:00,26.1,79,0.0,25.73,10.0,7.2
2025-10-06 23:00:00,26.0,77,0.0,25.51,10.01,7.58
2025-10-07 00:00:00,25.8,77,0.0,25.3,10.06,7.4
2025-10-07 01:00:00,25.8,77,0.0,25.15,10.09,7.35
2025-10-07 02:00:00,27.5,68,0.0,25.55,9.83,7.54
2025-10-07 03:00:00,30.3,55,0.0,26.68,9.36,7.66
2025-10-07 04:00:00,33.0,43,0.0,28.27,8.82,7.8
2025-10-07 05:00:00,34.8,36,0.0,29.93,8.37,7.59
2025-10-07 06:00:00,35.6,32,0.0,31.33,8.03,7.49
2025-10-07 07:00:00,36.0,32,0.0,32.43,7.82,7.71
2025-10-07 08:00:00,35.9,34,0.0,33.17,7.71,7.45
2025-10-07 09:00:00,35.3,36,0.0,33.51,7.68,7.49
2025-10-07 10:00:00,33.6,47,0.3,33.24,7.9,7.43
2025-10-07 11:00:00,33.0,48,0.2,32.87,7.99,7.39
2025-10-07 12:00:00,31.6,55,0.0,32.19,8.24,7.41
2025-10-07 13:00:00,30.4,60,0.0,31.35,8.5,7.2
2025-10-07 14:00:00,29.6,62,0.0,30.53,8.7,7.18
2025-10-07 15:00:00,28.8,66,0.0,29.71,8.94,7.15
2025-10-07 16:00:00,28.0,70,0.0,28.9,9.17,7.13
2025-10-07 17:00:00,27.4,72,0.0,28.15,9.37,7.1
2025-10-07 18:00:00,27.7,72,0.0,27.71,9.46,7.13
2025-10-07 19:00:00,27.3,73,0.0,27.29,9.56,7.18
2025-10-07 20:00:00,26.9,74,0.0,26.87,9.67,7.17
2025-10-07 21:00:00,26.5,76,0.0,26.46,9.79,7.23
2025-10-07 22:00:00,26.3,77,0.0,26.11,9.88,7.09
2025-10-07 23:00:00,26.0,78,0.0,25.78,9.97,7.33
2025-10-08 00:00:00,26.3,75,0.0,25.64,9.95,7.45
2025-10-08 01:00:00,26.7,73,0.0,25.65,9.9,7.55
2025-10-08 02:00:00,28.4,66,0.0,26.18,9.66,7.48
2025-10-08 03:00:00,30.5,58,0.0,27.17,9.31,7.53
2025-10-08 04:00:00,32.1,52,0.0,28.35,8.97,7.58
2025-10-08 05:00:00,32.6,50,0.0,29.33,8.73,7.71
2025-10-08 06:00:00,33.5,46,0.0,30.28,8.48,7.76
2025-10-08 07:00:00,33.5,46,0.0,30.95,8.34,7.6
2025-10-08 08:00:00,32.8,47,0.0,31.2,8.31,7.7
2025-10-08 09:00:00,32.9,46,0.0,31.41,8.25,7.57
2025-10-08 10:00:00,31.9,51,0.0,31.26,8.37,7.48
2025-10-08 11:00:00,31.1,55,0.0,30.91,8.5,7.41
2025-10-08 12:00:00,30.9,56,0.0,30.61,8.58,7.43
2025-10-08 13:00:00,29.9,59,0.0,30.1,8.74,7.31
2025-10-08 14:00:00,29.3,64,0.0,29.56,8.93,7.44
2025-10-08 15:00:00,28.7,67,0.0,29.0,9.1,7.07
2025-10-08 16:00:00,28.3,68,0.0,28.49,9.22,7.17
2025-10-08 17:00:00,27.9,68,0.0,28.01,9.32,7.04
2025-10-08 18:00:00,27.8,72,0.0,27.65,9.47,7.0
2025-10-08 19:00:00,27.3,73,0.0,27.24,9.57,7.1
2025-10-08 20:00:00,26.9,74,0.0,26.84,9.67,7.15
2025-10-08 21:00:00,26.6,75,0.0,26.47,9.77,7.47
2025-10-08 22:00:00,26.5,74,0.0,26.18,9.81,7.23
2025-10-08 23:00:00,26.3,73,0.0,25.91,9.85,7.21
2025-10-09 00:00:00,26.1,77,0.0,25.67,9.98,7.43
2025-10-09 01:00:00,26.3,75,0.0,25.56,9.96,7.27
2025-10-09 02:00:00,28.0,67,0.0,25.99,9.72,7.54
2025-10-09 03:00:00,30.3,56,0.0,26.98,9.31,7.6
2025-10-09 04:00:00,32.2,49,0.0,28.25,8.93,7.72
2025-10-09 05:00:00,33.5,45,0.0,29.52,8.61,7.75
2025-10-09 06:00:00,33.8,46,0.0,30.51,8.43,7.6
2025-10-09 07:00:00,33.4,49,0.1,31.07,8.37,7.62
2025-10-09 08:00:00,31.9,55,0.5,31.02,8.48,7.5
2025-10-09 09:00:00,32.6,51,0.0,31.2,8.38,7.45
2025-10-09 10:00:00,31.1,57,0.0,30.87,8.54,7.53
2025-10-09 11:00:00,30.8,59,0.0,30.55,8.64,7.3
2025-10-09 12:00:00,30.0,61,0.0,30.08,8.77,7.32
2025-10-09 13:00:00,28.8,71,0.0,29.4,9.09,7.19
2025-10-09 14:00:00,28.5,72,0.0,28.83,9.22,7.28
2025-10-09 15:00:00,28.1,74,0.0,28.31,9.37,7.34
2025-10-09 16:00:00,27.8,75,0.0,27.86,9.48,6.99
2025-10-09 17:00:00,27.5,77,0.0,27.45,9.6,6.91
2025-10-09 18:00:00,27.4,78,0.0,27.13,9.69,7.08
2025-10-09 19:00:00,27.3,79,0.0,26.88,9.76,7.1
2025-10-09 20:00:00,26.5,82,0.0,26.47,9.9,7.16
2025-10-09 21:00:00,26.4,83,0.0,26.15,9.99,7.14
2025-10-09 22:00:00,26.3,86,0.0,25.89,10.1,7.23
2025-10-09 23:00:00,26.0,86,0.0,25.63,10.16,7.36
2025-10-10 00:00:00,26.2,80,0.0,25.5,10.07,7.51
2025-10-10 01:00:00,26.4,78,0.0,25.47,10.04,7.29
2025-10-10 02:00:00,28.3,69,0.0,26.02,9.75,7.51
2025-10-10 03:00:00,30.5,57,0.0,27.06,9.32,7.62
2025-10-10 04:00:00,32.2,50,0.0,28.3,8.94,7.54
2025-10-10 05:00:00,32.8,50,0.0,29.35,8.73,7.83
2025-10-10 06:00:00,32.7,51,0.5,30.06,8.61,7.56
2025-10-10 07:00:00,32.4,51,0.1,30.46,8.53,7.63
2025-10-10 08:00:00,31.6,56,0.0,30.5,8.6,7.67
2025-10-10 09:00:00,31.6,55,0.2,30.53,8.58,7.49
2025-10-10 10:00:00,30.6,60,0.5,30.25,8.72,7.29
2025-10-10 11:00:00,30.2,62,0.0,29.94,8.82,7.4
2025-10-10 12:00:00,30.0,61,0.5,29.66,8.86,7.43
2025-10-10 13:00:00,29.3,65,0.2,29.25,9.01,7.24
2025-10-10 14:00:00,28.8,69,0.0,28.81,9.17,7.14
2025-10-10 15:00:00,28.7,69,0.0,28.48,9.24,7.26
2025-10-10 16:00:00,28.4,69,0.0,28.16,9.31,7.09
2025-10-10 17:00:00,28.3,69,0.0,27.9,9.36,7.04
2025-10-10 18:00:00,28.3,67,0.0,27.72,9.36,7.1
2025-10-10 19:00:00,27.9,70,0.0,27.47,9.47,7.17
2025-10-10 20:00:00,27.4,72,0.0,27.15,9.57,7.37
2025-10-10 21:00:00,27.1,73,0.0,26.84,9.66,7.26
2025-10-10 22:00:00,26.7,75,0.0,26.5,9.77,7.36
2025-10-10 23:00:00,26.6,75,0.0,26.23,9.82,7.27
2025-10-11 00:00:00,26.3,77,0.0,25.95,9.92,7.3
2025-10-11 01:00:00,26.2,76,0.0,25.72,9.95,7.49
2025-10-11 02:00:00,28.3,66,0.0,26.2,9.66,7.56
2025-10-11 03:00:00,30.5,59,0.0,27.19,9.33,7.49
2025-10-11 04:00:00,32.0,52,0.0,28.33,8.97,7.62
2025-10-11 05:00:00,32.9,49,0.1,29.4,8.7,7.69
2025-10-11 06:00:00,33.3,48,0.3,30.27,8.51,7.67
2025-10-11 07:00:00,33.3,51,0.1,30.88,8.44,7.68
2025-10-11 08:00:00,32.9,52,0.0,31.19,8.4,7.64
2025-10-11 09:00:00,32.4,55,0.0,31.25,8.43,7.51
2025-10-11 10:00:00,31.3,61,0.0,30.97,8.59,7.45
2025-10-11 11:00:00,29.9,67,0.0,30.35,8.82,7.31
2025-10-11 12:00:00,30.7,61,0.0,30.15,8.76,7.54
2025-10-11 13:00:00,29.4,70,0.0,29.63,9.02,7.29
2025-10-11 14:00:00,28.9,74,0.0,29.11,9.2,7.2
2025-10-11 15:00:00,28.6,77,0.0,28.66,9.35,7.07
2025-10-11 16:00:00,28.3,79,0.0,28.25,9.47,7.41
2025-10-11 17:00:00,28.0,80,0.0,27.87,9.57,6.98
2025-10-11 18:00:00,27.9,79,0.0,27.58,9.61,7.04
2025-10-11 19:00:00,27.7,82,0.0,27.32,9.72,7.14
2025-10-11 20:00:00,27.3,84,0.0,27.01,9.82,7.19
2025-10-11 21:00:00,27.0,85,0.0,26.71,9.91,7.28
2025-10-11 22:00:00,26.5,86,0.0,26.35,10.0,7.43
2025-10-11 23:00:00,26.2,87,0.0,26.0,10.1,7.37
2025-10-12 00:00:00,25.9,85,0.0,25.67,10.13,7.3
2025-10-12 01:00:00,26.5,82,0.0,25.62,10.08,7.46
2025-10-12 02:00:00,28.6,71,0.0,26.21,9.75,7.58
2025-10-12 03:00:00,29.8,66,0.0,26.99,9.5,7.81
2025-10-12 04:00:00,30.4,64,0.0,27.71,9.31,7.5
2025-10-12 05:00:00,28.8,76,1.4,27.74,9.52,7.72
2025-10-12 06:00:00,30.7,67,0.2,28.33,9.24,7.68
2025-10-12 07:00:00,30.1,70,0.4,28.56,9.24,7.72
2025-10-12 08:00:00,30.8,65,0.3,28.93,9.08,7.6
2025-10-12 09:00:00,30.8,65,0.1,29.19,9.02,7.49
2025-10-12 10:00:00,29.8,69,0.2,29.07,9.12,7.58
2025-10-12 11:00:00,27.3,80,2.9,28.24,9.49,7.41
2025-10-12 12:00:00,27.9,80,0.0,27.84,9.57,7.48
2025-10-12 13:00:00,27.0,86,0.0,27.29,9.8,7.31
2025-10-12 14:00:00,26.4,89,0.0,26.72,9.98,7.18
2025-10-12 15:00:00,25.7,92,0.0,26.11,10.16,7.03
2025-10-12 16:00:00,25.4,92,0.0,25.6,10.28,7.23
2025-10-12 17:00:00,25.3,92,0.0,25.21,10.36,7.16
2025-10-12 18:00:00,25.3,90,0.0,24.94,10.38,7.01
2025-10-12 19:00:00,25.0,89,0.0,24.66,10.42,7.07
2025-10-12 20:00:00,24.8,89,0.0,24.4,10.48,7.11
2025-10-12 21:00:00,24.6,89,0.0,24.16,10.53,7.06
2025-10-12 22:00:00,24.5,88,0.0,23.96,10.55,7.19
2025-10-12 23:00:00,24.3,89,0.0,23.76,10.62,7.23
2025-10-13 00:00:00,24.6,88,0.0,23.71,10.61,7.38
2025-10-13 01:00:00,25.1,84,0.0,23.83,10.5,7.43
2025-10-13 02:00:00,26.4,81,0.0,24.3,10.34,7.4
2025-10-13 03:00:00,28.0,76,0.0,25.11,10.08,7.82
2025-10-13 04:00:00,29.4,70,0.0,26.1,9.76,7.78
2025-10-13 05:00:00,31.3,60,0.1,27.36,9.31,7.59
2025-10-13 06:00:00,31.5,59,0.3,28.3,9.1,7.68
2025-10-13 07:00:00,32.4,58,0.1,29.23,8.89,7.69
2025-10-13 08:00:00,28.3,79,6.1,28.65,9.38,7.6
2025-10-13 09:00:00,27.8,80,1.9,28.1,9.52,7.42
2025-10-13 10:00:00,29.3,73,0.0,28.16,9.38,7.64
2025-10-13 11:00:00,29.3,73,0.0,28.2,9.37,7.4
2025-10-13 12:00:00,28.2,75,0.0,27.9,9.47,7.25
2025-10-13 13:00:00,27.4,81,0.0,27.45,9.67,7.38
2025-10-13 14:00:00,26.7,84,0.0,26.93,9.84,7.37
2025-10-13 15:00:00,26.5,85,0.2,26.5,9.95,7.43
2025-10-13 16:00:00,26.4,86,0.4,26.17,10.04,6.99
2025-10-13 17:00:00,25.2,95,3.1,25.58,10.34,7.07
2025-10-13 18:00:00,25.0,94,0.2,25.1,10.42,7.05
2025-10-13 19:00:00,24.9,93,0.1,24.74,10.48,7.19
2025-10-13 20:00:00,25.0,92,0.0,24.52,10.51,7.01
2025-10-13 21:00:00,24.7,94,0.0,24.27,10.6,7.08
2025-10-13 22:00:00,25.1,90,0.0,24.22,10.54,7.19
2025-10-13 23:00:00,24.9,86,0.0,24.13,10.48,7.35
2025-10-14 00:00:00,25.6,86,0.0,24.27,10.45,7.35
2025-10-14 01:00:00,25.7,85,0.0,24.4,10.4,7.56
2025-10-14 02:00:00,27.1,78,0.0,24.91,10.16,7.66
2025-10-14 03:00:00,29.0,70,0.0,25.84,9.81,7.67
2025-10-14 04:00:00,30.8,62,0.0,27.03,9.42,7.81
2025-10-14 05:00:00,31.1,63,0.2,27.95,9.24,7.7
2025-10-14 06:00:00,29.2,69,0.1,28.02,9.34,7.55
2025-10-14 07:00:00,30.6,67,0.9,28.5,9.2,7.75
2025-10-14 08:00:00,30.9,65,0.1,28.92,9.08,7.56
2025-10-14 09:00:00,27.4,84,13.4,28.16,9.58,7.47
2025-10-14 10:00:00,27.1,88,7.2,27.54,9.78,7.52
2025-10-14 11:00:00,26.9,86,0.0,27.05,9.85,7.51
2025-10-14 12:00:00,27.8,80,0.0,26.98,9.76,7.24
2025-10-14 13:00:00,26.8,86,0.0,26.62,9.94,7.22
2025-10-14 14:00:00,26.3,90,0.0,26.23,10.1,7.38
2025-10-14 15:00:00,25.9,92,0.0,25.83,10.23,7.17
2025-10-14 16:00:00,25.8,92,0.0,25.52,10.29,7.15
2025-10-14 17:00:00,25.2,95,0.0,25.12,10.44,7.19
2025-10-14 18:00:00,26.1,89,0.0,25.12,10.32,7.18
2025-10-14 19:00:00,26.2,87,0.0,25.14,10.28,7.15
2025-10-14 20:00:00,25.6,90,0.0,24.98,10.37,7.13
2025-10-14 21:00:00,25.4,92,0.0,24.81,10.45,7.17
2025-10-14 22:00:00,25.4,92,0.0,24.68,10.47,7.35
2025-10-14 23:00:00,25.2,93,0.0,24.54,10.53,7.39
2025-10-15 00:00:00,24.9,94,0.0,24.35,10.59,7.39
2025-10-15 01:00:00,25.4,92,0.0,24.36,10.54,7.6
2025-10-15 02:00:00,26.2,88,0.0,24.61,10.41,7.55
2025-10-15 03:00:00,27.5,81,0.0,25.18,10.16,7.54
2025-10-15 04:00:00,29.3,71,0.0,26.12,9.77,7.58
2025-10-15 05:00:00,30.0,65,0.1,26.98,9.48,7.57
2025-10-15 06:00:00,30.4,64,3.5,27.71,9.31,7.54
2025-10-15 07:00:00,30.4,66,0.0,28.21,9.24,7.79
2025-10-15 08:00:00,30.3,68,0.1,28.54,9.21,7.55
2025-10-15 09:00:00,27.9,81,4.8,28.05,9.55,7.47
2025-10-15 10:00:00,25.8,87,12.0,27.07,9.86,7.27
2025-10-15 11:00:00,25.4,87,1.3,26.27,10.04,7.38
2025-10-15 12:00:00,26.0,90,0.9,25.89,10.18,7.2
2025-10-15 13:00:00,25.0,94,1.2,25.32,10.37,7.24
2025-10-15 14:00:00,25.3,93,0.2,25.02,10.42,7.23
2025-10-15 15:00:00,25.2,96,1.5,24.77,10.53,7.18
2025-10-15 16:00:00,25.1,95,2.9,24.57,10.56,7.07
2025-10-15 17:00:00,24.8,97,2.9,24.34,10.65,6.9
2025-10-15 18:00:00,24.9,93,0.0,24.21,10.6,7.23
2025-10-15 19:00:00,24.4,94,1.4,23.97,10.67,7.08
2025-10-15 20:00:00,24.0,96,1.0,23.68,10.77,7.13
2025-10-15 21:00:00,24.3,92,0.1,23.56,10.72,7.2
2025-10-15 22:00:00,24.4,92,0.0,23.51,10.73,7.22
2025-10-15 23:00:00,24.5,91,0.1,23.51,10.71,7.36
2025-10-16 00:00:00,24.4,94,1.6,23.48,10.78,7.4
2025-10-16 01:00:00,24.3,96,4.6,23.42,10.83,7.19
2025-10-16 02:00:00,24.4,97,5.9,23.42,10.85,7.37
2025-10-16 03:00:00,24.7,96,9.7,23.5,10.81,7.42
2025-10-16 04:00:00,25.1,93,0.7,23.68,10.71,7.67
2025-10-16 05:00:00,24.9,96,0.9,23.75,10.76,7.78
2025-10-16 06:00:00,27.0,83,0.4,24.42,10.36,7.61
2025-10-16 07:00:00,27.2,81,0.2,24.96,10.2,7.64
2025-10-16 08:00:00,28.1,78,0.3,25.6,10.01,7.59
2025-10-16 09:00:00,28.0,78,0.2,26.02,9.92,7.52
2025-10-16 10:00:00,26.8,85,2.3,25.95,10.07,7.42
2025-10-16 11:00:00,26.7,84,0.7,25.88,10.07,7.51
2025-10-16 12:00:00,25.6,91,1.4,25.49,10.28,7.23
2025-10-16 13:00:00,25.4,93,0.1,25.17,10.39,7.37
2025-10-16 14:00:00,25.0,95,0.7,24.82,10.5,7.05
2025-10-16 15:00:00,24.9,95,0.0,24.54,10.56,7.15
2025-10-16 16:00:00,24.7,95,0.0,24.29,10.62,7.12
2025-10-16 17:00:00,24.4,94,0.0,24.02,10.66,7.3
2025-10-16 18:00:00,24.5,97,0.0,23.87,10.75,7.09
2025-10-16 19:00:00,25.0,94,0.1,23.91,10.68,6.9
2025-10-16 20:00:00,24.7,95,0.2,23.84,10.72,6.95
2025-10-16 21:00:00,24.4,97,0.2,23.71,10.78,7.2
2025-10-16 22:00:00,24.5,95,0.3,23.65,10.76,7.31
2025-10-16 23:00:00,24.3,96,1.4,23.54,10.8,7.31
2025-10-17 00:00:00,25.3,93,0.1,23.77,10.69,7.43
2025-10-17 01:00:00,25.5,96,0.1,23.99,10.7,7.61
2025-10-17 02:00:00,26.1,92,0.1,24.32,10.55,7.51
2025-10-17 03:00:00,26.3,89,0.0,24.62,10.43,7.72
2025-10-17 04:00:00,27.7,81,0.1,25.24,10.14,7.5
2025-10-17 05:00:00,28.4,77,0.2,25.89,9.93,7.59
2025-10-17 06:00:00,29.8,72,0.5,26.76,9.65,7.48
2025-10-17 07:00:00,27.9,80,1.3,26.8,9.79,7.59
2025-10-17 08:00:00,27.5,84,2.0,26.71,9.89,7.56
2025-10-17 09:00:00,26.1,88,10.0,26.23,10.07,7.43
2025-10-17 10:00:00,26.5,85,0.1,26.01,10.06,7.55
2025-10-17 11:00:00,26.5,85,0.0,25.86,10.09,7.39
2025-10-17 12:00:00,27.3,82,0.0,25.99,10.0,7.38
2025-10-17 13:00:00,26.1,89,0.2,25.72,10.19,7.16
2025-10-17 14:00:00,25.1,94,1.1,25.24,10.39,7.33
2025-10-17 15:00:00,24.9,94,0.1,24.84,10.48,7.16
2025-10-17 16:00:00,25.0,93,1.8,24.58,10.52,7.02
2025-10-17 17:00:00,24.6,94,0.5,24.29,10.6,7.25
2025-10-17 18:00:00,24.5,97,1.8,24.05,10.71,6.91
2025-10-17 19:00:00,24.6,96,3.8,23.92,10.72,6.89
2025-10-17 20:00:00,24.5,96,2.0,23.79,10.75,6.96
2025-10-17 21:00:00,24.3,97,1.3,23.64,10.8,7.14
2025-10-17 22:00:00,24.3,97,0.7,23.54,10.82,7.28
2025-10-17 23:00:00,24.2,98,0.1,23.44,10.86,7.41
2025-10-18 00:00:00,24.3,95,0.0,23.4,10.81,7.68
2025-10-18 01:00:00,24.2,97,0.3,23.34,10.87,7.26
2025-10-18 02:00:00,24.8,94,0.1,23.48,10.78,7.63
2025-10-18 03:00:00,26.0,90,0.0,23.93,10.6,7.58
2025-10-18 04:00:00,27.9,80,0.0,24.82,10.21,7.61
2025-10-18 05:00:00,29.2,71,0.0,25.84,9.83,7.63
2025-10-18 06:00:00,30.3,65,0.0,26.88,9.5,7.6
2025-10-18 07:00:00,29.6,70,0.0,27.39,9.49,7.84
2025-10-18 08:00:00,29.6,73,0.0,27.76,9.47,7.73
2025-10-18 09:00:00,28.8,77,0.0,27.77,9.53,7.6
2025-10-18 10:00:00,28.8,76,0.0,27.78,9.51,7.67
2025-10-18 11:00:00,28.2,78,0.0,27.6,9.59,7.31
2025-10-18 12:00:00,28.4,78,0.2,27.54,9.6,7.24
2025-10-18 13:00:00,26.5,87,0.1,26.93,9.9,7.09
2025-10-18 14:00:00,25.5,90,0.1,26.2,10.11,7.17
2025-10-18 15:00:00,25.3,89,0.0,25.63,10.21,7.21
2025-10-18 16:00:00,25.2,87,0.0,25.2,10.27,7.16
2025-10-18 17:00:00,25.4,85,0.0,24.96,10.28,7.14
2025-10-18 18:00:00,25.6,84,0.0,24.85,10.28,6.97
2025-10-18 19:00:00,25.6,83,0.0,24.78,10.28,7.2
2025-10-18 20:00:00,25.6,84,0.0,24.72,10.31,7.18
2025-10-18 21:00:00,25.3,88,0.0,24.6,10.42,7.28
2025-10-18 22:00:00,25.1,91,0.3,24.45,10.51,7.06
2025-10-18 23:00:00,24.8,92,2.9,24.25,10.57,7.26
2025-10-19 00:00:00,24.4,96,0.5,24.0,10.7,7.27
2025-10-19 01:00:00,24.4,98,1.2,23.82,10.78,7.4
2025-10-19 02:00:00,24.1,98,2.3,23.6,10.83,7.53
2025-10-19 03:00:00,24.7,94,1.2,23.63,10.74,7.58
2025-10-19 04:00:00,25.2,93,6.2,23.8,10.69,7.44
2025-10-19 05:00:00,25.9,91,0.5,24.13,10.58,7.68
2025-10-19 06:00:00,28.2,81,0.2,25.05,10.18,7.54
2025-10-19 07:00:00,29.5,74,0.1,26.09,9.83,7.8
2025-10-19 08:00:00,29.5,74,0.4,26.81,9.68,7.6
2025-10-19 09:00:00,26.8,85,3.4,26.51,9.95,7.6
2025-10-19 10:00:00,26.9,86,0.1,26.33,10.01,7.49
2025-10-19 11:00:00,27.0,83,0.0,26.23,9.97,7.42
2025-10-19 12:00:00,27.9,79,0.0,26.43,9.85,7.32
2025-10-19 13:00:00,26.6,85,0.1,26.18,10.02,7.4
2025-10-19 14:00:00,26.0,86,0.0,25.83,10.11,7.18
2025-10-19 15:00:00,25.9,90,1.2,25.55,10.25,7.19
2025-10-19 16:00:00,25.6,93,1.2,25.26,10.37,7.05
2025-10-19 17:00:00,25.3,94,0.0,24.97,10.45,6.92
2025-10-19 18:00:00,24.9,96,0.1,24.65,10.56,7.05
2025-10-19 19:00:00,24.9,96,0.2,24.43,10.61,6.99
2025-10-19 20:00:00,24.5,96,0.7,24.15,10.67,7.12
2025-10-19 21:00:00,24.3,96,0.6,23.89,10.72,7.05
2025-10-19 22:00:00,24.2,96,1.0,23.69,10.77,7.31
2025-10-19 23:00:00,24.2,96,0.5,23.54,10.8,7.31
2025-10-20 00:00:00,24.3,94,0.8,23.47,10.78,7.36
2025-10-20 01:00:00,24.1,98,6.3,23.36,10.88,7.41
2025-10-20 02:00:00,24.4,98,0.7,23.37,10.88,7.63
2025-10-20 03:00:00,25.1,92,0.8,23.59,10.71,7.59
2025-10-20 04:00:00,26.0,87,0.4,24.01,10.52,7.58
2025-10-20 05:00:00,26.5,86,0.8,24.46,10.41,7.48
2025-10-20 06:00:00,26.3,86,0.3,24.71,10.35,7.62
2025-10-20 07:00:00,26.3,87,4.3,24.89,10.33,7.51
2025-10-20 08:00:00,26.6,87,0.6,25.1,10.29,7.64
2025-10-20 09:00:00,27.2,83,0.3,25.43,10.14,7.56
2025-10-20 10:00:00,27.5,81,0.2,25.75,10.04,7.61
2025-10-20 11:00:00,26.2,85,2.1,25.59,10.15,7.33
2025-10-20 12:00:00,25.0,94,1.9,25.11,10.42,7.32
2025-10-20 13:00:00,24.9,94,0.5,24.75,10.5,7.42
2025-10-20 14:00:00,24.8,96,0.0,24.46,10.6,7.3
2025-10-20 15:00:00,24.7,97,0.0,24.23,10.67,7.2
2025-10-20 16:00:00,25.0,94,0.0,24.16,10.63,7.1
2025-10-20 17:00:00,24.7,96,0.5,24.02,10.7,7.03
2025-10-20 18:00:00,24.4,98,0.9,23.84,10.78,6.99
2025-10-20 19:00:00,24.1,97,0.3,23.62,10.81,7.06
2025-10-20 20:00:00,23.7,97,0.8,23.34,10.87,7.2
2025-10-20 21:00:00,23.6,95,0.6,23.12,10.87,7.16
2025-10-20 22:00:00,23.8,92,0.1,23.02,10.83,7.14
2025-10-20 23:00:00,23.3,96,1.2,22.81,10.96,7.47
2025-10-21 00:00:00,23.9,92,3.4,22.83,10.88,7.35
2025-10-21 01:00:00,23.8,96,2.9,22.82,10.96,7.26
2025-10-21 02:00:00,24.5,95,2.8,23.03,10.89,7.43
2025-10-21 03:00:00,24.9,95,3.2,23.29,10.84,7.54
2025-10-21 04:00:00,24.9,96,2.0,23.47,10.82,7.77
2025-10-21 05:00:00,25.0,94,2.6,23.63,10.74,7.5
2025-10-21 06:00:00,24.9,95,1.7,23.71,10.74,7.74
2025-10-21 07:00:00,25.4,94,1.2,23.92,10.68,7.79
2025-10-21 08:00:00,25.6,94,1.2,24.12,10.64,7.55
2025-10-21 09:00:00,25.5,95,1.0,24.24,10.63,7.55
2025-10-21 10:00:00,25.4,94,0.9,24.29,10.6,7.41
2025-10-21 11:00:00,25.2,95,0.6,24.26,10.63,7.44
2025-10-21 12:00:00,25.6,85,0.3,24.36,10.41,7.39
2025-10-21 13:00:00,24.6,90,0.0,24.13,10.56,7.41
2025-10-21 14:00:00,24.7,89,0.0,24.0,10.56,7.38
2025-10-21 15:00:00,24.3,91,0.0,23.79,10.65,7.14
2025-10-21 16:00:00,24.2,91,0.0,23.61,10.69,6.97
2025-10-21 17:00:00,24.0,91,0.0,23.43,10.73,7.13
2025-10-21 18:00:00,24.3,89,0.0,23.39,10.7,7.16
2025-10-21 19:00:00,24.4,89,0.1,23.39,10.7,7.15
2025-10-21 20:00:00,24.3,92,0.0,23.37,10.76,7.13
2025-10-21 21:00:00,24.3,91,0.0,23.35,10.75,7.23
2025-10-21 22:00:00,24.1,90,0.0,23.27,10.74,7.43
2025-10-21 23:00:00,23.8,91,0.0,23.13,10.79,7.39
2025-10-22 00:00:00,24.0,95,0.0,23.09,10.88,7.39
2025-10-22 01:00:00,24.1,95,0.1,23.09,10.88,7.45
2025-10-22 02:00:00,25.1,91,0.1,23.4,10.73,7.55
2025-10-22 03:00:00,26.1,87,0.0,23.91,10.55,7.8
2025-10-22 04:00:00,27.3,83,0.0,24.62,10.31,7.66
2025-10-22 05:00:00,28.4,77,0.0,25.46,10.02,7.69
2025-10-22 06:00:00,28.9,75,0.0,26.19,9.83,7.65
2025-10-22 07:00:00,26.9,82,1.3,26.1,9.98,7.73
2025-10-22 08:00:00,28.7,74,0.1,26.58,9.73,7.84
2025-10-22 09:00:00,27.0,81,0.4,26.41,9.9,7.63
2025-10-22 10:00:00,26.8,81,0.6,26.23,9.93,7.52
2025-10-22 11:00:00,26.1,88,2.5,25.89,10.14,7.38
2025-10-22 12:00:00,26.2,84,1.0,25.68,10.11,7.11
2025-10-22 13:00:00,25.9,86,0.1,25.45,10.2,7.39
2025-10-22 14:00:00,24.9,89,0.3,24.98,10.35,7.25
2025-10-22 15:00:00,24.2,96,1.4,24.45,10.6,7.18
2025-10-22 16:00:00,24.4,96,1.2,24.13,10.67,7.02
2025-10-22 17:00:00,24.6,95,1.2,23.97,10.69,7.03
2025-10-22 18:00:00,24.3,96,1.6,23.77,10.75,7.0
2025-10-22 19:00:00,24.2,96,0.9,23.6,10.79,7.19
2025-10-22 20:00:00,24.4,96,0.9,23.54,10.8,7.08
2025-10-22 21:00:00,23.8,96,1.5,23.32,10.85,7.35
2025-10-22 22:00:00,23.8,96,1.3,23.16,10.88,7.25
2025-10-22 23:00:00,23.9,96,1.5,23.08,10.9,7.15
2025-10-23 00:00:00,24.8,93,1.1,23.3,10.8,7.35
2025-10-23 01:00:00,24.9,96,0.4,23.48,10.82,7.41
2025-10-23 02:00:00,24.2,96,1.5,23.4,10.83,7.28
2025-10-23 03:00:00,24.1,96,1.8,23.31,10.85,7.72
2025-10-23 04:00:00,25.1,94,1.0,23.54,10.76,7.7
2025-10-23 05:00:00,27.0,87,0.3,24.28,10.46,7.74
2025-10-23 06:00:00,27.0,85,0.7,24.8,10.32,7.69
2025-10-23 07:00:00,25.6,92,1.4,24.74,10.46,7.49
2025-10-23 08:00:00,26.9,86,0.6,25.09,10.27,7.58
2025-10-23 09:00:00,26.2,88,0.9,25.12,10.3,7.65
2025-10-23 10:00:00,26.4,88,0.7,25.2,10.29,7.41
2025-10-23 11:00:00,25.4,93,0.7,24.96,10.43,7.19
2025-10-23 12:00:00,24.4,96,0.3,24.49,10.59,7.37
2025-10-23 13:00:00,24.6,92,0.1,24.23,10.57,7.32
2025-10-23 14:00:00,24.5,92,0.1,24.01,10.62,7.28
2025-10-23 15:00:00,23.2,98,4.5,23.47,10.86,7.15
2025-10-23 16:00:00,23.2,97,2.5,23.09,10.92,7.13
2025-10-23 17:00:00,22.8,97,0.7,22.7,11.01,7.13
2025-10-23 18:00:00,22.9,97,1.3,22.46,11.06,7.19
2025-10-23 19:00:00,22.9,98,1.4,22.29,11.12,6.93
2025-10-23 20:00:00,22.8,96,1.6,22.14,11.11,7.15
2025-10-23 21:00:00,22.8,95,0.7,22.04,11.11,7.25
2025-10-23 22:00:00,22.4,95,3.0,21.85,11.15,7.06
2025-10-23 23:00:00,22.3,96,4.6,21.68,11.21,7.08
2025-10-24 00:00:00,24.2,94,2.3,22.14,11.07,7.27
2025-10-24 01:00:00,23.8,97,0.6,22.34,11.09,7.41
2025-10-24 02:00:00,24.1,94,0.3,22.57,10.97,7.64
2025-10-24 03:00:00,25.1,93,0.4,23.03,10.85,7.55
2025-10-24 04:00:00,25.2,95,1.5,23.38,10.82,7.53
2025-10-24 05:00:00,25.7,97,1.6,23.77,10.77,7.57
2025-10-24 06:00:00,25.2,95,0.8,23.9,10.7,7.79
2025-10-24 07:00:00,25.8,91,0.6,24.17,10.57,7.67
2025-10-24 08:00:00,25.4,90,0.2,24.24,10.53,7.64
2025-10-24 09:00:00,26.0,87,0.1,24.47,10.42,7.61
2025-10-24 10:00:00,25.4,86,0.1,24.45,10.41,7.69
2025-10-24 11:00:00,25.2,85,0.1,24.37,10.41,7.41
2025-10-24 12:00:00,24.6,94,0.0,24.14,10.63,7.55
2025-10-24 13:00:00,24.7,92,0.3,24.01,10.62,7.34
2025-10-24 14:00:00,24.6,92,0.4,23.89,10.65,7.23
2025-10-24 15:00:00,24.7,94,0.1,23.83,10.7,7.45
2025-10-24 16:00:00,24.7,94,0.1,23.79,10.71,7.05
2025-10-24 17:00:00,24.7,94,0.0,23.76,10.71,7.1
2025-10-24 18:00:00,24.5,93,0.0,23.68,10.71,7.0
2025-10-24 19:00:00,24.6,92,0.1,23.66,10.7,7.22
2025-10-24 20:00:00,24.4,94,0.0,23.58,10.75,7.33
2025-10-24 21:00:00,24.2,93,0.0,23.47,10.76,7.38
2025-10-24 22:00:00,23.8,92,0.1,23.27,10.78,7.39
2025-10-24 23:00:00,23.7,92,0.0,23.1,10.82,7.33
2025-10-25 00:00:00,23.6,95,0.0,22.95,10.91,7.39
2025-10-25 01:00:00,23.4,95,0.2,22.78,10.95,7.33
2025-10-25 02:00:00,24.1,94,0.0,22.88,10.91,7.78
2025-10-25 03:00:00,25.6,88,0.0,23.39,10.68,7.69
2025-10-25 04:00:00,26.7,83,0.0,24.09,10.43,7.63
2025-10-25 05:00:00,27.3,82,0.1,24.75,10.27,7.83
2025-10-25 06:00:00,28.5,75,0.0,25.58,9.96,7.61
2025-10-25 07:00:00,29.5,71,0.4,26.45,9.7,7.7
2025-10-25 08:00:00,29.2,74,0.1,26.98,9.65,7.63
2025-10-25 09:00:00,29.1,74,0.1,27.31,9.58,7.66
2025-10-25 10:00:00,28.8,75,0.1,27.46,9.56,7.52
2025-10-25 11:00:00,28.2,79,0.5,27.38,9.65,7.29
2025-10-25 12:00:00,27.9,78,0.1,27.24,9.67,7.39
2025-10-25 13:00:00,27.2,80,0.0,26.93,9.77,7.42
2025-10-25 14:00:00,26.9,82,0.0,26.62,9.87,7.24
2025-10-25 15:00:00,26.3,85,0.0,26.22,10.01,7.26
2025-10-25 16:00:00,25.7,87,0.0,25.77,10.15,7.04
2025-10-25 17:00:00,25.4,86,0.0,25.36,10.21,7.11
2025-10-25 18:00:00,25.8,87,0.0,25.19,10.27,7.05
2025-10-25 19:00:00,25.7,86,0.0,25.04,10.28,7.19
2025-10-25 20:00:00,25.4,86,0.0,24.85,10.32,7.15
2025-10-25 21:00:00,25.1,86,0.0,24.62,10.37,7.27
2025-10-25 22:00:00,25.2,85,0.0,24.5,10.38,7.37
2025-10-25 23:00:00,25.1,87,0.0,24.38,10.44,7.41
2025-10-26 00:00:00,25.0,89,0.0,24.26,10.51,7.44
2025-10-26 01:00:00,24.8,89,0.0,24.13,10.54,7.4
2025-10-26 02:00:00,26.1,85,0.0,24.42,10.4,7.57
2025-10-26 03:00:00,27.2,82,0.0,24.95,10.22,7.57
2025-10-26 04:00:00,28.6,75,0.0,25.75,9.92,7.63
2025-10-26 05:00:00,29.2,71,0.0,26.48,9.69,7.65
2025-10-26 06:00:00,29.8,67,0.1,27.18,9.48,7.58
2025-10-26 07:00:00,30.3,64,0.1,27.81,9.29,7.47
2025-10-26 08:00:00,30.2,65,0.0,28.23,9.22,7.57
2025-10-26 09:00:00,29.9,67,0.0,28.43,9.22,7.61
2025-10-26 10:00:00,29.4,68,0.0,28.42,9.24,7.39
2025-10-26 11:00:00,28.7,71,0.0,28.21,9.34,7.46
2025-10-26 12:00:00,28.0,79,0.0,27.84,9.56,7.57
2025-10-26 13:00:00,27.2,83,0.0,27.35,9.73,7.41
2025-10-26 14:00:00,26.8,85,0.0,26.89,9.87,7.41
2025-10-26 15:00:00,26.5,86,0.0,26.47,9.98,7.22
2025-10-26 16:00:00,26.5,87,0.0,26.18,10.06,7.26
2025-10-26 17:00:00,26.5,87,0.0,25.98,10.1,7.04
2025-10-26 18:00:00,26.4,85,0.0,25.8,10.1,7.04
2025-10-26 19:00:00,26.2,85,0.0,25.62,10.14,6.84
2025-10-26 20:00:00,25.8,86,0.2,25.38,10.21,7.25
2025-10-26 21:00:00,25.1,89,0.1,24.99,10.35,7.34
2025-10-26 22:00:00,24.9,91,0.1,24.66,10.46,7.2
2025-10-26 23:00:00,24.6,92,0.0,24.35,10.55,7.31
2025-10-27 00:00:00,24.6,90,0.0,24.12,10.56,7.34
2025-10-27 01:00:00,24.9,89,0.0,24.06,10.55,7.54
2025-10-27 02:00:00,25.9,88,0.0,24.31,10.48,7.68
2025-10-27 03:00:00,27.0,82,0.1,24.82,10.25,7.44
2025-10-27 04:00:00,27.4,80,0.3,25.29,10.11,7.69
2025-10-27 05:00:00,28.2,74,0.0,25.86,9.88,7.66
2025-10-27 06:00:00,29.4,68,0.0,26.62,9.61,7.71
2025-10-27 07:00:00,28.9,71,0.2,27.01,9.58,7.71
2025-10-27 08:00:00,28.3,75,0.1,27.1,9.64,7.62
2025-10-27 09:00:00,27.4,78,0.0,26.89,9.74,7.59
2025-10-27 10:00:00,27.1,80,0.0,26.65,9.83,7.52
2025-10-27 11:00:00,26.7,81,0.0,26.37,9.91,7.57
2025-10-27 12:00:00,26.4,82,0.0,26.08,9.99,7.44
2025-10-27 13:00:00,25.8,83,0.0,25.69,10.09,7.35
2025-10-27 14:00:00,25.5,85,0.0,25.34,10.2,7.13
2025-10-27 15:00:00,25.2,86,0.0,24.99,10.29,7.16
2025-10-27 16:00:00,25.2,86,0.0,24.76,10.34,7.24
2025-10-27 17:00:00,25.2,86,0.0,24.59,10.38,7.13
2025-10-27 18:00:00,25.4,88,0.0,24.53,10.43,7.18
2025-10-27 19:00:00,25.3,87,0.1,24.46,10.43,7.29
2025-10-27 20:00:00,25.0,88,0.0,24.32,10.48,7.26
2025-10-27 21:00:00,25.0,87,0.0,24.23,10.48,7.21
2025-10-27 22:00:00,24.9,87,0.0,24.13,10.5,7.22
2025-10-27 23:00:00,24.9,88,0.0,24.06,10.53,7.09
2025-10-28 00:00:00,24.5,91,0.1,23.89,10.63,7.4
2025-10-28 01:00:00,24.0,92,0.4,23.62,10.7,7.44
2025-10-28 02:00:00,24.1,93,0.8,23.47,10.76,7.57
2025-10-28 03:00:00,24.8,92,0.4,23.57,10.72,7.59
2025-10-28 04:00:00,25.2,90,0.3,23.76,10.64,7.63
2025-10-28 05:00:00,25.9,85,0.7,24.1,10.46,7.49
2025-10-28 06:00:00,27.0,83,0.2,24.67,10.3,7.6
2025-10-28 07:00:00,28.6,77,0.4,25.55,10.0,7.72
2025-10-28 08:00:00,28.2,80,0.3,26.04,9.95,7.81
2025-10-28 09:00:00,28.7,72,0.2,26.54,9.7,7.58
2025-10-28 10:00:00,28.0,79,0.4,26.68,9.8,7.55
2025-10-28 11:00:00,27.7,81,0.1,26.69,9.84,7.56
2025-10-28 12:00:00,26.7,84,0.1,26.39,9.96,7.31
2025-10-28 13:00:00,25.5,88,0.2,25.82,10.15,7.35
2025-10-28 14:00:00,25.1,90,0.1,25.31,10.3,7.18
2025-10-28 15:00:00,25.6,89,0.0,25.09,10.33,7.28
2025-10-28 16:00:00,25.4,89,0.1,24.89,10.37,7.16
2025-10-28 17:00:00,25.3,89,0.0,24.71,10.41,7.15
2025-10-28 18:00:00,25.0,88,0.1,24.5,10.44,7.03
2025-10-28 19:00:00,25.5,85,0.0,24.5,10.38,7.2
2025-10-28 20:00:00,24.8,89,0.2,24.29,10.5,7.35
2025-10-28 21:00:00,24.5,89,0.0,24.05,10.55,7.11
2025-10-28 22:00:00,24.3,89,0.1,23.83,10.6,7.23
2025-10-28 23:00:00,24.2,90,0.0,23.64,10.66,7.37
2025-10-29 00:00:00,24.1,91,0.1,23.48,10.72,7.5
2025-10-29 01:00:00,24.3,88,0.0,23.42,10.67,7.45
2025-10-29 02:00:00,25.6,84,0.1,23.78,10.51,7.28
2025-10-29 03:00:00,26.5,83,0.1,24.29,10.38,7.76
2025-10-29 04:00:00,28.1,77,0.1,25.14,10.09,7.74
2025-10-29 05:00:00,28.7,75,0.0,25.9,9.89,7.52
2025-10-29 06:00:00,29.3,72,0.1,26.62,9.68,7.63
2025-10-29 07:00:00,29.3,71,0.1,27.13,9.56,7.83
2025-10-29 08:00:00,30.0,68,0.0,27.69,9.39,7.79
2025-10-29 09:00:00,29.8,68,0.0,28.02,9.32,7.69
2025-10-29 10:00:00,29.3,71,0.0,28.11,9.36,7.51
2025-10-29 11:00:00,28.6,75,0.0,27.95,9.46,7.47
2025-10-29 12:00:00,27.8,80,0.0,27.61,9.62,7.37
2025-10-29 13:00:00,27.3,80,0.0,27.22,9.71,7.42
2025-10-29 14:00:00,27.1,80,0.0,26.88,9.78,7.15
2025-10-29 15:00:00,26.8,80,0.0,26.56,9.85,7.1
2025-10-29 16:00:00,26.5,82,0.0,26.24,9.95,7.24
2025-10-29 17:00:00,26.3,81,0.0,25.96,9.99,7.11
2025-10-29 18:00:00,26.2,83,0.0,25.73,10.08,7.24
2025-10-29 19:00:00,25.7,84,0.0,25.42,10.16,7.05
2025-10-29 20:00:00,25.2,87,0.0,25.05,10.3,7.14
2025-10-29 21:00:00,25.0,88,0.0,24.74,10.39,7.11
2025-10-29 22:00:00,25.0,89,0.0,24.52,10.45,7.27
2025-10-29 23:00:00,24.9,87,0.0,24.33,10.45,7.19
2025-10-30 00:00:00,25.2,83,0.0,24.29,10.38,7.37
2025-10-30 01:00:00,25.5,82,0.0,24.35,10.35,7.35
2025-10-30 02:00:00,26.5,80,0.0,24.7,10.24,7.63
2025-10-30 03:00:00,27.9,76,0.0,25.36,10.02,7.69
2025-10-30 04:00:00,29.2,71,0.0,26.21,9.75,7.48
2025-10-30 05:00:00,30.0,66,0.1,27.05,9.48,7.81
2025-10-30 06:00:00,30.8,61,0.1,27.87,9.22,7.92
2025-10-30 07:00:00,30.6,62,0.2,28.39,9.14,7.66
2025-10-30 08:00:00,30.3,65,0.2,28.66,9.13,7.55
2025-10-30 09:00:00,30.1,67,0.0,28.79,9.14,7.87
2025-10-30 10:00:00,29.6,72,0.0,28.74,9.24,7.39
2025-10-30 11:00:00,28.9,74,0.0,28.49,9.33,7.45
2025-10-30 12:00:00,28.6,76,0.0,28.22,9.42,7.4
2025-10-30 13:00:00,27.6,78,0.0,27.73,9.56,7.44
2025-10-30 14:00:00,27.1,80,0.0,27.24,9.7,7.27
2025-10-30 15:00:00,26.5,82,0.0,26.72,9.85,7.13
2025-10-30 16:00:00,25.9,85,0.0,26.17,10.02,7.04
2025-10-30 17:00:00,25.5,85,0.0,25.67,10.13,7.08
2025-10-30 18:00:00,25.5,81,0.0,25.32,10.13,7.01
2025-10-30 19:00:00,25.5,79,0.0,25.07,10.14,7.12
2025-10-30 20:00:00,25.2,78,0.0,24.81,10.18,7.1
2025-10-30 21:00:00,25.0,78,0.0,24.57,10.23,7.05
2025-10-30 22:00:00,24.9,77,0.0,24.37,10.25,7.39
2025-10-30 23:00:00,24.8,75,0.0,24.2,10.25,7.29
2025-10-31 00:00:00,24.5,78,0.0,23.99,10.35,7.29
2025-10-31 01:00:00,24.8,74,0.0,23.93,10.28,7.48
2025-10-31 02:00:00,26.3,70,0.0,24.34,10.12,7.57
2025-10-31 03:00:00,28.5,68,0.0,25.29,9.89,7.44
2025-10-31 04:00:00,30.3,57,0.0,26.49,9.43,7.69
2025-10-31 05:00:00,31.3,52,0.0,27.63,9.11,7.57
2025-10-31 06:00:00,32.0,48,0.0,28.64,8.84,7.84
2025-10-31 07:00:00,32.1,48,0.0,29.38,8.69,7.71
2025-10-31 08:00:00,31.7,53,0.0,29.78,8.7,7.58
2025-10-31 09:00:00,31.1,62,0.0,29.87,8.83,7.5
2025-10-31 10:00:00,30.3,67,0.0,29.7,8.95,7.5
2025-10-31 11:00:00,29.5,70,0.0,29.34,9.08,7.51
2025-10-31 12:00:00,28.7,75,0.0,28.85,9.27,7.37
2025-10-31 13:00:00,27.8,75,0.0,28.23,9.4,7.28
2025-10-31 14:00:00,27.1,78,0.0,27.59,9.59,7.24
2025-10-31 15:00:00,26.6,80,0.0,27.0,9.75,7.12
2025-10-31 16:00:00,26.1,82,0.0,26.43,9.91,7.1
2025-10-31 17:00:00,25.7,83,0.0,25.91,10.04,6.9
2025-10-31 18:00:00,25.2,85,0.0,25.4,10.19,7.2
2025-10-31 19:00:00,25.1,85,0.0,25.01,10.27,7.15
2025-10-31 20:00:00,24.8,86,0.0,24.65,10.37,7.08
2025-10-31 21:00:00,25.0,84,0.0,24.45,10.37,7.39
2025-10-31 22:00:00,25.1,82,0.0,24.35,10.35,7.28
2025-10-31 23:00:00,24.9,82,0.0,24.21,10.38,7.24
2025-11-01 00:00:00,24.9,83,0.0,24.12,10.42,7.5
2025-11-01 01:00:00,25.1,81,0.0,24.11,10.38,7.54
2025-11-01 02:00:00,26.2,80,0.0,24.44,10.29,7.61
2025-11-01 03:00:00,27.9,75,0.0,25.18,10.04,7.58
2025-11-01 04:00:00,29.5,68,0.0,26.17,9.7,7.7
2025-11-01 05:00:00,30.7,63,0.0,27.23,9.39,7.65
2025-11-01 06:00:00,31.9,57,0.0,28.33,9.06,7.73
2025-11-01 07:00:00,32.2,56,0.0,29.19,8.87,7.47
2025-11-01 08:00:00,32.0,56,0.0,29.73,8.76,7.58
2025-11-01 09:00:00,31.1,65,0.0,29.84,8.89,7.75
2025-11-01 10:00:00,30.0,73,0.0,29.59,9.08,7.44
2025-11-01 11:00:00,29.3,72,0.0,29.2,9.14,7.39
2025-11-01 12:00:00,28.5,76,0.0,28.69,9.32,7.33
2025-11-01 13:00:00,27.7,75,0.0,28.09,9.43,7.18
2025-11-01 14:00:00,27.1,77,0.0,27.5,9.59,7.01
2025-11-01 15:00:00,26.6,78,0.0,26.93,9.73,7.16
2025-11-01 16:00:00,25.9,79,0.0,26.32,9.88,7.15
2025-11-01 17:00:00,25.4,80,0.0,25.74,10.02,7.11
2025-11-01 18:00:00,25.0,81,0.0,25.22,10.15,7.09
2025-11-01 19:00:00,25.0,80,0.0,24.85,10.21,7.13
2025-11-01 20:00:00,24.9,82,0.0,24.57,10.31,7.26
2025-11-01 21:00:00,24.8,82,0.0,24.34,10.36,7.19
2025-11-01 22:00:00,24.9,81,0.0,24.21,10.36,7.21
2025-11-01 23:00:00,25.0,79,0.0,24.14,10.34,7.31
2025-11-02 00:00:00,25.0,77,0.0,24.1,10.31,7.48
2025-11-02 01:00:00,25.3,74,0.0,24.16,10.24,7.64
2025-11-02 02:00:00,26.1,73,0.0,24.44,10.16,7.5
2025-11-02 03:00:00,27.6,70,0.0,25.09,9.97,7.63
2025-11-02 04:00:00,29.2,64,0.0,26.02,9.66,7.69
2025-11-02 05:00:00,30.2,60,0.0,26.98,9.39,7.58
2025-11-02 06:00:00,31.4,55,0.0,28.0,9.09,7.68
2025-11-02 07:00:00,31.7,54,0.0,28.81,8.91,7.52
2025-11-02 08:00:00,31.7,55,0.0,29.38,8.81,7.45
2025-11-02 09:00:00,31.2,57,0.0,29.62,8.8,7.61
2025-11-02 10:00:00,30.4,61,0.0,29.56,8.88,7.48
2025-11-02 11:00:00,29.3,67,0.0,29.18,9.06,7.47
2025-11-02 12:00:00,29.0,65,0.0,28.83,9.1,7.37
2025-11-02 13:00:00,28.0,68,0.0,28.28,9.27,7.2
2025-11-02 14:00:00,27.4,71,0.0,27.71,9.44,7.23
2025-11-02 15:00:00,27.0,71,0.0,27.2,9.54,7.05
2025-11-02 16:00:00,26.4,72,0.0,26.66,9.68,7.27
2025-11-02 17:00:00,26.0,74,0.0,26.16,9.82,6.97
2025-11-02 18:00:00,25.5,76,0.0,25.66,9.96,7.08
2025-11-02 19:00:00,25.6,75,0.0,25.34,10.01,7.01
2025-11-02 20:00:00,25.4,73,0.0,25.06,10.03,7.21
2025-11-02 21:00:00,25.4,72,0.0,24.86,10.05,7.17
2025-11-02 22:00:00,25.4,72,0.0,24.72,10.08,7.21
2025-11-02 23:00:00,25.3,73,0.0,24.6,10.13,7.42
2025-11-03 00:00:00,25.4,75,0.0,24.54,10.18,7.42
2025-11-03 01:00:00,25.6,75,0.0,24.56,10.17,7.54
2025-11-03 02:00:00,26.5,74,0.0,24.84,10.09,7.46
2025-11-03 03:00:00,28.1,68,0.0,25.52,9.84,7.48
2025-11-03 04:00:00,29.7,61,0.0,26.47,9.51,7.67
2025-11-03 05:00:00,30.7,59,0.0,27.44,9.28,7.64
2025-11-03 06:00:00,31.9,55,0.0,28.48,8.99,7.74
2025-11-03 07:00:00,32.0,56,0.0,29.23,8.86,7.65
2025-11-03 08:00:00,32.1,56,0.0,29.79,8.74,7.64
2025-11-03 09:00:00,31.5,61,0.0,30.01,8.79,7.41
2025-11-03 10:00:00,30.7,65,0.0,29.91,8.88,7.7
2025-11-03 11:00:00,29.5,69,0.0,29.49,9.03,7.43
2025-11-03 12:00:00,28.6,74,0.0,28.92,9.24,7.44
2025-11-03 13:00:00,27.9,74,0.0,28.32,9.37,7.22
2025-11-03 14:00:00,27.7,74,0.0,27.83,9.47,7.26
2025-11-03 15:00:00,27.2,76,0.0,27.34,9.61,7.04
2025-11-03 16:00:00,26.9,79,0.0,26.91,9.75,7.18
2025-11-03 17:00:00,26.5,83,0.0,26.49,9.92,7.07
2025-11-03 18:00:00,26.1,86,0.0,26.07,10.06,7.1
2025-11-03 19:00:00,25.9,86,0.0,25.72,10.14,7.18
2025-11-03 20:00:00,25.6,87,0.0,25.38,10.23,7.02
2025-11-03 21:00:00,25.6,84,0.0,25.15,10.22,7.13
2025-11-03 22:00:00,25.7,81,0.0,25.01,10.19,7.31
2025-11-03 23:00:00,25.7,79,0.0,24.92,10.17,7.54
2025-11-04 00:00:00,25.7,82,0.0,24.85,10.25,7.4
2025-11-04 01:00:00,25.8,80,0.0,24.84,10.21,7.55
2025-11-04 02:00:00,26.4,78,0.0,25.01,10.14,7.55
2025-11-04 03:00:00,27.9,71,0.0,25.57,9.88,7.81
2025-11-04 04:00:00,29.2,65,0.0,26.36,9.61,7.48
2025-11-04 05:00:00,30.3,60,0.0,27.24,9.33,7.69
2025-11-04 06:00:00,31.3,56,0.0,28.16,9.08,7.52
2025-11-04 07:00:00,31.7,53,0.0,28.92,8.87,7.41
2025-11-04 08:00:00,31.7,53,0.0,29.46,8.76,7.65
2025-11-04 09:00:00,30.5,62,0.0,29.47,8.92,7.59
2025-11-04 10:00:00,29.9,65,0.0,29.3,9.0,7.49
2025-11-04 11:00:00,28.9,69,0.0,28.88,9.16,7.44
2025-11-04 12:00:00,28.4,71,0.0,28.44,9.29,7.69
2025-11-04 13:00:00,27.7,72,0.0,27.91,9.41,7.28
2025-11-04 14:00:00,27.4,72,0.0,27.46,9.51,7.29
2025-11-04 15:00:00,27.1,72,0.0,27.05,9.59,7.11
2025-11-04 16:00:00,26.8,73,0.0,26.68,9.69,7.16
2025-11-04 17:00:00,26.7,75,0.0,26.38,9.79,7.08
2025-11-04 18:00:00,26.5,78,0.0,26.12,9.9,7.06
2025-11-04 19:00:00,26.0,81,0.0,25.78,10.03,7.29
2025-11-04 20:00:00,25.5,84,0.0,25.4,10.17,7.26
2025-11-04 21:00:00,25.3,86,0.0,25.07,10.28,7.21
2025-11-04 22:00:00,25.1,86,0.0,24.78,10.34,7.03
2025-11-04 23:00:00,24.7,87,0.0,24.45,10.43,7.3
2025-11-05 00:00:00,25.4,88,0.0,24.44,10.45,7.69
2025-11-05 01:00:00,25.4,88,0.0,24.43,10.45,7.47
2025-11-05 02:00:00,26.5,83,0.0,24.75,10.29,7.67
2025-11-05 03:00:00,27.7,78,0.0,25.33,10.07,7.76
2025-11-05 04:00:00,29.1,71,0.0,26.16,9.76,7.68
2025-11-05 05:00:00,30.0,67,0.0,27.01,9.51,7.6
2025-11-05 06:00:00,31.3,63,0.0,28.0,9.23,7.44
2025-11-05 07:00:00,30.6,66,0.1,28.48,9.19,7.73
2025-11-05 08:00:00,29.4,69,0.5,28.46,9.25,7.52
2025-11-05 09:00:00,29.3,70,0.7,28.41,9.27,7.56
2025-11-05 10:00:00,28.7,72,0.1,28.2,9.35,7.4
2025-11-05 11:00:00,28.2,73,0.0,27.9,9.44,7.43
2025-11-05 12:00:00,27.7,77,0.0,27.54,9.58,7.39
2025-11-05 13:00:00,26.9,82,0.0,27.05,9.78,7.34
2025-11-05 14:00:00,26.4,83,0.0,26.55,9.9,7.13
2025-11-05 15:00:00,26.0,81,0.0,26.09,9.96,7.31
2025-11-05 16:00:00,25.8,81,0.0,25.7,10.05,7.08
2025-11-05 17:00:00,25.8,80,0.0,25.43,10.08,6.95
2025-11-05 18:00:00,26.4,79,0.0,25.42,10.07,7.09
2025-11-05 19:00:00,26.6,76,0.0,25.47,10.0,7.12
2025-11-05 20:00:00,26.3,77,0.0,25.42,10.03,7.16
2025-11-05 21:00:00,26.2,77,0.0,25.36,10.04,7.33
2025-11-05 22:00:00,25.9,78,0.0,25.22,10.09,7.23
2025-11-05 23:00:00,25.9,77,0.0,25.12,10.09,7.32
2025-11-06 00:00:00,26.1,80,0.0,25.12,10.15,7.3
2025-11-06 01:00:00,26.1,79,0.0,25.11,10.13,7.57
2025-11-06 02:00:00,26.8,76,0.0,25.32,10.03,7.58
2025-11-06 03:00:00,28.5,67,0.0,25.97,9.73,7.57
2025-11-06 04:00:00,30.0,55,0.0,26.88,9.32,7.46
2025-11-06 05:00:00,30.9,52,0.0,27.79,9.08,7.82
2025-11-06 06:00:00,32.1,45,0.0,28.78,8.76,7.55
2025-11-06 07:00:00,32.3,45,0.0,29.54,8.61,7.6
2025-11-06 08:00:00,32.2,48,0.0,30.04,8.56,7.66
2025-11-06 09:00:00,31.8,52,0.0,30.26,8.58,7.45
2025-11-06 10:00:00,30.9,56,0.0,30.16,8.67,7.36
2025-11-06 11:00:00,30.0,59,0.0,29.81,8.79,7.23
2025-11-06 12:00:00,29.0,65,0.0,29.27,9.01,7.44
2025-11-06 13:00:00,28.0,68,0.0,28.59,9.2,7.24
2025-11-06 14:00:00,27.3,72,0.0,27.9,9.42,7.52
2025-11-06 15:00:00,26.6,75,0.0,27.21,9.62,7.08
2025-11-06 16:00:00,26.1,78,0.0,26.58,9.8,7.04
2025-11-06 17:00:00,25.7,80,0.0,26.01,9.96,7.05
2025-11-06 18:00:00,25.6,82,0.0,25.59,10.09,7.13
2025-11-06 19:00:00,25.4,83,0.0,25.23,10.18,7.07
2025-11-06 20:00:00,25.1,84,0.0,24.89,10.28,7.21
2025-11-06 21:00:00,24.9,84,0.0,24.6,10.34,7.1
2025-11-06 22:00:00,24.7,83,0.0,24.33,10.38,7.13
2025-11-06 23:00:00,24.7,81,0.0,24.14,10.38,7.16
2025-11-07 00:00:00,24.4,85,0.0,23.92,10.5,7.2
2025-11-07 01:00:00,24.9,82,0.0,23.91,10.45,7.45
2025-11-07 02:00:00,26.5,74,0.0,24.39,10.19,7.54
2025-11-07 03:00:00,28.1,68,0.0,25.2,9.9,7.56
2025-11-07 04:00:00,30.0,56,0.0,26.34,9.44,7.78
2025-11-07 05:00:00,31.3,51,0.0,27.53,9.11,7.8
2025-11-07 06:00:00,32.6,45,0.0,28.75,8.76,7.64
2025-11-07 07:00:00,32.4,47,0.0,29.55,8.64,7.47
2025-11-07 08:00:00,32.2,49,0.0,30.04,8.57,7.56
2025-11-07 09:00:00,31.1,59,0.1,30.06,8.74,7.5
2025-11-07 10:00:00,30.3,64,0.0,29.83,8.88,7.45
2025-11-07 11:00:00,29.7,66,0.0,29.49,8.98,7.37
2025-11-07 12:00:00,29.2,67,0.0,29.1,9.08,7.3
2025-11-07 13:00:00,28.5,69,0.0,28.62,9.21,7.26
2025-11-07 14:00:00,27.9,72,0.0,28.11,9.37,7.17
2025-11-07 15:00:00,27.4,74,0.0,27.59,9.52,7.19
2025-11-07 16:00:00,26.8,76,0.0,27.06,9.67,7.17
2025-11-07 17:00:00,26.3,78,0.0,26.53,9.81,7.01
2025-11-07 18:00:00,26.3,79,0.0,26.16,9.91,7.23
2025-11-07 19:00:00,26.0,80,0.0,25.81,10.0,7.01
2025-11-07 20:00:00,25.8,80,0.0,25.51,10.07,6.98
2025-11-07 21:00:00,25.5,80,0.0,25.21,10.13,7.23
2025-11-07 22:00:00,25.3,80,0.0,24.93,10.19,7.18
2025-11-07 23:00:00,25.1,79,0.0,24.68,10.22,7.37
2025-11-08 00:00:00,25.6,82,0.0,24.66,10.29,7.17
2025-11-08 01:00:00,25.9,79,0.0,24.73,10.21,7.63
2025-11-08 02:00:00,26.5,78,0.0,24.96,10.15,7.63
2025-11-08 03:00:00,27.8,74,0.0,25.51,9.95,7.47
2025-11-08 04:00:00,28.9,70,0.0,26.23,9.73,7.51
2025-11-08 05:00:00,30.2,65,0.0,27.12,9.45,7.85
2025-11-08 06:00:00,30.2,67,0.0,27.74,9.36,7.61
2025-11-08 07:00:00,29.4,71,0.2,27.94,9.39,7.57
2025-11-08 08:00:00,27.0,85,0.7,27.36,9.77,7.38
2025-11-08 09:00:00,26.6,85,2.5,26.83,9.88,7.47
2025-11-08 10:00:00,28.3,77,0.2,26.97,9.7,7.5
2025-11-08 11:00:00,26.8,78,0.3,26.62,9.8,7.52
2025-11-08 12:00:00,27.3,80,0.2,26.52,9.85,7.24
2025-11-08 13:00:00,26.5,82,0.0,26.22,9.96,7.17
2025-11-08 14:00:00,26.1,83,0.0,25.88,10.05,7.3
2025-11-08 15:00:00,26.2,82,0.0,25.68,10.07,7.29
2025-11-08 16:00:00,25.8,81,0.1,25.41,10.11,6.98
2025-11-08 17:00:00,24.9,83,0.1,24.96,10.24,7.22
2025-11-08 18:00:00,25.1,80,0.2,24.7,10.24,7.1
2025-11-08 19:00:00,25.5,79,0.0,24.64,10.23,7.23
2025-11-08 20:00:00,25.6,79,0.0,24.63,10.24,7.15
2025-11-08 21:00:00,25.0,82,0.0,24.44,10.33,6.95
2025-11-08 22:00:00,24.4,87,0.0,24.13,10.5,7.25
2025-11-08 23:00:00,24.2,88,0.0,23.85,10.58,7.45
2025-11-09 00:00:00,24.8,88,0.0,23.83,10.58,7.33
2025-11-09 01:00:00,25.2,88,0.0,23.94,10.56,7.46
2025-11-09 02:00:00,26.6,80,0.0,24.44,10.29,7.55
2025-11-09 03:00:00,26.6,80,0.3,24.79,10.22,7.31
2025-11-09 04:00:00,27.1,80,0.1,25.18,10.14,7.83
2025-11-09 05:00:00,28.2,75,0.0,25.79,9.91,7.6
2025-11-09 06:00:00,29.0,71,0.0,26.45,9.7,7.75
2025-11-09 07:00:00,27.5,75,2.2,26.47,9.77,7.58
2025-11-09 08:00:00,27.1,78,0.8,26.36,9.85,7.73
2025-11-09 09:00:00,28.0,75,0.0,26.55,9.75,7.65
2025-11-09 10:00:00,27.7,75,0.0,26.59,9.75,7.52
2025-11-09 11:00:00,26.8,77,0.3,26.36,9.83,7.36
2025-11-09 12:00:00,26.9,79,0.1,26.22,9.9,7.47
2025-11-09 13:00:00,26.0,85,0.0,25.85,10.09,7.14
2025-11-09 14:00:00,25.3,88,0.0,25.39,10.25,7.32
2025-11-09 15:00:00,24.7,90,0.0,24.88,10.39,7.09
2025-11-09 16:00:00,24.7,88,0.0,24.53,10.43,7.28
2025-11-09 17:00:00,24.5,89,0.0,24.22,10.52,7.14
2025-11-09 18:00:00,24.1,90,0.0,23.88,10.61,7.19
2025-11-09 19:00:00,24.3,90,0.0,23.71,10.65,7.14
2025-11-09 20:00:00,24.5,89,0.0,23.65,10.64,6.99
2025-11-09 21:00:00,24.7,89,0.0,23.66,10.64,7.13
2025-11-09 22:00:00,24.4,91,0.0,23.58,10.69,7.34
2025-11-09 23:00:00,24.2,92,0.0,23.47,10.74,7.36
2025-11-10 00:00:00,24.3,92,0.0,23.42,10.75,7.54
2025-11-10 01:00:00,24.9,89,0.0,23.56,10.66,7.54
2025-11-10 02:00:00,25.9,84,0.0,23.96,10.47,7.47
2025-11-10 03:00:00,27.6,75,0.0,24.75,10.13,7.54
2025-11-10 04:00:00,28.6,70,0.1,25.61,9.86,7.67
2025-11-10 05:00:00,29.3,66,0.1,26.42,9.61,7.45
2025-11-10 06:00:00,28.9,67,0.2,26.86,9.54,7.84
2025-11-10 07:00:00,29.6,64,0.1,27.38,9.38,7.71
2025-11-10 08:00:00,29.4,63,0.0,27.69,9.3,7.77
2025-11-10 09:00:00,28.4,68,0.0,27.6,9.41,7.44
2025-11-10 10:00:00,27.3,73,0.0,27.21,9.58,7.66
2025-11-10 11:00:00,27.1,76,0.1,26.88,9.7,7.68
2025-11-10 12:00:00,27.5,74,0.3,26.76,9.69,7.24
2025-11-10 13:00:00,26.6,79,0.0,26.42,9.86,7.4
2025-11-10 14:00:00,26.2,83,0.0,26.05,10.01,7.25
2025-11-10 15:00:00,26.0,85,0.0,25.74,10.11,7.04
2025-11-10 16:00:00,25.6,87,0.0,25.39,10.23,7.2
2025-11-10 17:00:00,25.3,88,0.0,25.07,10.32,7.2
2025-11-10 18:00:00,25.6,89,0.0,24.93,10.36,7.05
2025-11-10 19:00:00,25.4,91,0.0,24.77,10.44,7.24
2025-11-10 20:00:00,25.0,92,0.0,24.54,10.51,6.99
2025-11-10 21:00:00,24.8,93,0.8,24.32,10.57,7.01
2025-11-10 22:00:00,24.6,96,0.7,24.1,10.68,7.24
2025-11-10 23:00:00,24.3,98,0.3,23.86,10.77,7.33
2025-11-11 00:00:00,24.7,94,0.0,23.81,10.7,7.35
2025-11-11 01:00:00,24.7,95,0.0,23.78,10.73,7.58
2025-11-11 02:00:00,25.8,88,0.0,24.09,10.53,7.62
2025-11-11 03:00:00,27.0,84,0.0,24.66,10.33,7.71
2025-11-11 04:00:00,28.3,79,0.1,25.45,10.06,7.65
2025-11-11 05:00:00,29.2,75,0.1,26.28,9.81,7.74
2025-11-11 06:00:00,29.4,73,0.2,26.91,9.64,7.63
2025-11-11 07:00:00,28.1,78,0.2,26.97,9.72,7.87
2025-11-11 08:00:00,28.5,75,0.2,27.13,9.63,7.55
2025-11-11 09:00:00,28.3,77,0.3,27.18,9.66,7.79
2025-11-11 10:00:00,28.4,76,0.3,27.25,9.63,7.52
2025-11-11 11:00:00,27.8,76,1.4,27.11,9.65,7.26
2025-11-11 12:00:00,27.5,78,3.8,26.93,9.73,7.4
2025-11-11 13:00:00,26.1,88,0.0,26.38,10.03,7.33
2025-11-11 14:00:00,25.5,89,0.0,25.82,10.17,7.34
2025-11-11 15:00:00,25.3,89,0.0,25.36,10.27,7.32
2025-11-11 16:00:00,25.1,89,0.0,24.98,10.35,7.18
2025-11-11 17:00:00,25.0,88,0.0,24.69,10.4,7.06
2025-11-11 18:00:00,25.5,86,0.0,24.63,10.37,7.21
2025-11-11 19:00:00,25.4,87,0.0,24.56,10.4,7.12
2025-11-11 20:00:00,24.8,90,0.0,24.33,10.51,7.23
2025-11-11 21:00:00,24.5,92,0.0,24.08,10.61,6.99
2025-11-11 22:00:00,24.3,93,0.0,23.85,10.68,7.32
2025-11-11 23:00:00,24.0,94,0.0,23.59,10.75,7.28
2025-11-12 00:00:00,24.4,90,0.0,23.54,10.68,7.59
2025-11-12 01:00:00,24.9,89,0.0,23.65,10.64,7.56
2025-11-12 02:00:00,26.6,84,0.0,24.23,10.42,7.59
2025-11-12 03:00:00,28.5,75,0.0,25.21,10.04,7.67
2025-11-12 04:00:00,29.7,68,0.0,26.26,9.68,7.56
2025-11-12 05:00:00,30.5,64,0.0,27.23,9.41,7.84
2025-11-12 06:00:00,31.0,58,0.0,28.06,9.13,7.88
2025-11-12 07:00:00,30.3,65,0.1,28.43,9.18,7.7
2025-11-12 08:00:00,29.1,69,1.2,28.33,9.27,7.73
2025-11-12 09:00:00,28.0,77,0.4,27.93,9.5,7.51
2025-11-12 10:00:00,26.8,82,3.0,27.29,9.73,7.35
2025-11-12 11:00:00,25.4,90,3.0,26.43,10.06,7.37
2025-11-12 12:00:00,26.3,87,0.2,26.09,10.08,7.43
2025-11-12 13:00:00,25.2,93,0.2,25.52,10.31,7.27
2025-11-12 14:00:00,25.0,95,0.1,25.06,10.45,7.31
2025-11-12 15:00:00,24.9,95,0.0,24.72,10.53,7.23
2025-11-12 16:00:00,24.6,95,3.0,24.38,10.6,6.95
2025-11-12 17:00:00,24.3,95,0.0,24.06,10.67,7.18
2025-11-12 18:00:00,24.8,92,0.0,23.98,10.63,7.21
2025-11-12 19:00:00,24.6,92,0.0,23.87,10.65,7.15
2025-11-12 20:00:00,24.7,90,0.0,23.82,10.62,7.28
2025-11-12 21:00:00,24.5,90,0.0,23.72,10.64,7.09
2025-11-12 22:00:00,24.3,91,0.0,23.59,10.69,7.32
2025-11-12 23:00:00,24.1,94,0.0,23.45,10.78,7.23
2025-11-13 00:00:00,23.8,89,0.0,23.25,10.73,7.32
2025-11-13 01:00:00,24.4,91,0.0,23.3,10.76,7.44
2025-11-13 02:00:00,25.7,90,0.0,23.72,10.64,7.48
2025-11-13 03:00:00,27.4,81,0.0,24.52,10.3,7.57
2025-11-13 04:00:00,28.4,75,0.1,25.39,10.0,7.64
2025-11-13 05:00:00,29.1,71,0.0,26.2,9.75,7.77
2025-11-13 06:00:00,26.6,85,0.1,26.02,10.05,7.66
2025-11-13 07:00:00,26.7,83,0.5,25.92,10.04,7.5
2025-11-13 08:00:00,26.9,78,0.1,25.92,9.94,7.77
2025-11-13 09:00:00,27.9,76,0.0,26.21,9.84,7.53
2025-11-13 10:00:00,28.3,74,0.2,26.54,9.74,7.52
2025-11-13 11:00:00,28.6,69,0.3,26.86,9.58,7.49
2025-11-13 12:00:00,25.9,89,0.0,26.27,10.08,7.42
2025-11-13 13:00:00,25.2,91,0.0,25.65,10.25,7.44
2025-11-13 14:00:00,25.2,89,0.0,25.21,10.3,7.31
2025-11-13 15:00:00,25.2,89,0.0,24.91,10.37,7.11
2025-11-13 16:00:00,24.8,89,0.0,24.58,10.44,7.37
2025-11-13 17:00:00,24.9,88,0.0,24.37,10.46,7.15
2025-11-13 18:00:00,25.5,86,0.0,24.41,10.42,7.1
2025-11-13 19:00:00,25.7,84,0.0,24.5,10.36,7.22
2025-11-13 20:00:00,25.5,85,0.0,24.5,10.38,7.18
2025-11-13 21:00:00,25.1,86,0.0,24.38,10.42,7.24
2025-11-13 22:00:00,24.7,87,0.0,24.18,10.49,7.52
2025-11-13 23:00:00,24.6,87,0.0,24.0,10.52,7.31
2025-11-14 00:00:00,24.2,91,0.0,23.76,10.66,7.39
2025-11-14 01:00:00,24.8,89,0.0,23.77,10.61,7.51
2025-11-14 02:00:00,25.8,87,0.0,24.08,10.51,7.68
2025-11-14 03:00:00,26.4,83,0.0,24.48,10.35,7.48
2025-11-14 04:00:00,26.9,82,0.0,24.9,10.23,7.47
2025-11-14 05:00:00,27.7,77,0.0,25.44,10.03,7.64
2025-11-14 06:00:00,28.6,69,0.2,26.09,9.74,7.52
2025-11-14 07:00:00,29.2,67,0.2,26.72,9.57,7.63
2025-11-14 08:00:00,29.3,65,0.1,27.2,9.44,7.69
2025-11-14 09:00:00,28.8,67,0.2,27.38,9.43,7.49
2025-11-14 10:00:00,28.1,71,0.2,27.29,9.53,7.38
2025-11-14 11:00:00,27.3,73,0.2,27.0,9.62,7.46
2025-11-14 12:00:00,27.0,76,0.2,26.7,9.74,7.46
2025-11-14 13:00:00,25.5,83,0.1,26.04,10.01,7.14
2025-11-14 14:00:00,24.9,88,0.0,25.4,10.24,7.34
2025-11-14 15:00:00,24.7,88,0.0,24.89,10.35,7.28
2025-11-14 16:00:00,24.3,90,0.0,24.41,10.5,7.25
2025-11-14 17:00:00,24.1,91,0.0,24.02,10.6,7.25
2025-11-14 18:00:00,24.2,93,0.0,23.77,10.69,7.34
2025-11-14 19:00:00,24.3,92,0.0,23.63,10.7,7.1
2025-11-14 20:00:00,24.0,94,0.0,23.44,10.78,7.18
2025-11-14 21:00:00,23.9,94,0.0,23.28,10.82,7.17
2025-11-14 22:00:00,23.7,95,0.0,23.11,10.88,7.28
2025-11-14 23:00:00,23.4,95,0.0,22.89,10.92,7.51
2025-11-15 00:00:00,23.5,92,0.0,22.78,10.89,7.3
2025-11-15 01:00:00,23.9,89,0.0,22.81,10.82,7.42
2025-11-15 02:00:00,25.7,82,0.0,23.38,10.56,7.71
2025-11-15 03:00:00,27.4,70,0.0,24.29,10.13,7.73
2025-11-15 04:00:00,28.5,65,0.0,25.25,9.84,7.63
2025-11-15 05:00:00,29.4,63,0.0,26.19,9.6,7.77
2025-11-15 06:00:00,30.8,54,0.0,27.28,9.22,7.72
2025-11-15 07:00:00,31.3,52,0.0,28.18,9.0,7.82
2025-11-15 08:00:00,29.5,65,0.0,28.28,9.21,7.64
2025-11-15 09:00:00,27.6,80,0.0,27.77,9.59,7.7
2025-11-15 10:00:00,28.1,78,0.0,27.57,9.59,7.8
2025-11-15 11:00:00,27.4,78,0.0,27.22,9.67,7.53
2025-11-15 12:00:00,27.0,81,0.0,26.85,9.8,7.4
2025-11-15 13:00:00,26.1,89,0.1,26.33,10.06,7.38
2025-11-15 14:00:00,25.7,87,0.0,25.84,10.13,7.22
2025-11-15 15:00:00,25.3,88,0.0,25.38,10.25,7.43
2025-11-15 16:00:00,24.7,91,0.0,24.87,10.41,7.17
2025-11-15 17:00:00,24.6,91,0.0,24.49,10.5,7.1
2025-11-15 18:00:00,24.5,94,0.0,24.19,10.62,7.03
2025-11-15 19:00:00,24.9,91,0.0,24.11,10.58,7.24
2025-11-15 20:00:00,24.5,92,0.0,23.92,10.64,7.25
2025-11-15 21:00:00,24.6,90,0.0,23.83,10.62,7.16
2025-11-15 22:00:00,24.1,89,0.0,23.61,10.65,7.33
2025-11-15 23:00:00,23.9,88,0.0,23.4,10.67,7.2
2025-11-16 00:00:00,23.8,83,0.0,23.22,10.61,7.45
2025-11-16 01:00:00,24.1,82,0.0,23.18,10.6,7.55
2025-11-16 02:00:00,26.2,77,0.0,23.79,10.37,7.74
2025-11-16 03:00:00,28.3,66,0.0,24.84,9.94,7.55
2025-11-16 04:00:00,29.8,56,0.0,26.03,9.51,7.53
2025-11-16 05:00:00,31.0,51,0.0,27.22,9.17,7.59
2025-11-16 06:00:00,32.2,47,0.0,28.41,8.86,7.54
2025-11-16 07:00:00,32.7,46,0.0,29.4,8.65,7.79
2025-11-16 08:00:00,32.3,47,0.1,29.97,8.55,7.77
2025-11-16 09:00:00,31.6,51,0.0,30.16,8.59,7.6
2025-11-16 10:00:00,29.6,61,0.4,29.69,8.85,7.61
2025-11-16 11:00:00,28.4,66,0.2,29.0,9.08,7.45
2025-11-16 12:00:00,28.3,71,0.0,28.49,9.28,7.37
2025-11-16 13:00:00,27.5,74,0.0,27.89,9.45,7.27
2025-11-16 14:00:00,26.4,78,0.0,27.15,9.68,7.21
2025-11-16 15:00:00,25.8,83,0.0,26.44,9.93,7.03
2025-11-16 16:00:00,25.2,89,0.0,25.77,10.18,7.17
2025-11-16 17:00:00,25.2,89,0.0,25.3,10.28,7.11
2025-11-16 18:00:00,26.0,83,0.0,25.21,10.19,7.18
2025-11-16 19:00:00,25.7,82,0.0,25.06,10.2,7.13
2025-11-16 20:00:00,25.4,83,0.0,24.86,10.26,7.14
2025-11-16 21:00:00,24.9,87,0.0,24.57,10.4,7.12
2025-11-16 22:00:00,24.5,89,0.0,24.25,10.51,7.27
2025-11-16 23:00:00,24.1,91,0.0,23.91,10.62,7.42
2025-11-17 00:00:00,24.3,93,0.0,23.72,10.7,7.31
2025-11-17 01:00:00,24.6,91,0.0,23.69,10.67,7.51
2025-11-17 02:00:00,26.3,82,0.0,24.17,10.39,7.59
2025-11-17 03:00:00,27.8,71,0.0,24.96,10.01,7.55
2025-11-17 04:00:00,28.9,64,0.0,25.84,9.7,7.6
2025-11-17 05:00:00,29.6,62,0.0,26.67,9.49,7.71
2025-11-17 06:00:00,29.9,57,0.0,27.34,9.26,7.57
2025-11-17 07:00:00,30.4,58,0.0,27.96,9.15,7.71
2025-11-17 08:00:00,30.1,57,0.0,28.3,9.07,7.55
2025-11-17 09:00:00,29.6,57,0.0,28.39,9.05,7.69
2025-11-17 10:00:00,27.5,64,0.1,27.82,9.29,7.76
2025-11-17 11:00:00,26.0,85,1.0,26.98,9.85,7.33
2025-11-17 12:00:00,25.4,94,0.7,26.2,10.18,7.41
2025-11-17 13:00:00,25.0,94,0.0,25.54,10.33,7.25
2025-11-17 14:00:00,24.9,92,0.1,25.05,10.4,7.36
2025-11-17 15:00:00,24.8,92,0.1,24.67,10.48,7.07
2025-11-17 16:00:00,24.7,93,0.2,24.38,10.56,7.19
2025-11-17 17:00:00,24.8,94,0.2,24.21,10.62,7.03
2025-11-17 18:00:00,24.7,96,0.4,24.06,10.69,7.07
2025-11-17 19:00:00,24.7,94,0.3,23.95,10.67,7.01
2025-11-17 20:00:00,24.3,94,0.0,23.75,10.72,7.24
2025-11-17 21:00:00,24.0,95,0.0,23.53,10.78,7.13
2025-11-17 22:00:00,24.0,94,0.0,23.37,10.8,7.33
2025-11-17 23:00:00,23.4,97,0.3,23.08,10.92,7.3
2025-11-18 00:00:00,23.3,98,2.6,22.85,10.99,7.32
2025-11-18 01:00:00,24.1,96,0.9,22.92,10.94,7.47
2025-11-18 02:00:00,24.0,97,1.1,22.95,10.95,7.45
2025-11-18 03:00:00,24.4,91,1.7,23.08,10.8,7.58
2025-11-18 04:00:00,24.6,96,2.0,23.24,10.87,7.75
2025-11-18 05:00:00,26.3,82,0.7,23.86,10.46,7.59
2025-11-18 06:00:00,25.2,90,0.6,23.96,10.59,7.8
2025-11-18 07:00:00,25.9,87,0.7,24.24,10.47,7.81
2025-11-18 08:00:00,25.0,95,2.8,24.17,10.65,7.49
2025-11-18 09:00:00,25.9,88,0.6,24.39,10.46,7.45
2025-11-18 10:00:00,25.8,90,2.3,24.51,10.47,7.5
2025-11-18 11:00:00,25.3,93,4.8,24.45,10.55,7.3
2025-11-18 12:00:00,24.6,94,0.1,24.19,10.62,7.6
2025-11-18 13:00:00,24.1,96,2.1,23.87,10.73,7.26
2025-11-18 14:00:00,23.9,97,2.3,23.58,10.81,7.1
2025-11-18 15:00:00,23.5,96,1.3,23.25,10.86,7.03
2025-11-18 16:00:00,23.0,96,0.9,22.88,10.95,7.23
2025-11-18 17:00:00,23.4,92,0.3,22.73,10.9,7.06
2025-11-18 18:00:00,23.4,93,0.2,22.63,10.94,7.12
2025-11-18 19:00:00,23.3,96,1.0,22.53,11.02,7.19
2025-11-18 20:00:00,23.3,95,0.7,22.46,11.02,7.08
2025-11-18 21:00:00,23.2,96,0.4,22.38,11.05,7.19
2025-11-18 22:00:00,23.4,93,0.2,22.39,10.99,7.27
2025-11-18 23:00:00,22.9,96,0.7,22.24,11.09,7.39
2025-11-19 00:00:00,23.3,92,0.4,22.26,11.0,7.47
2025-11-19 01:00:00,23.4,91,0.0,22.3,10.97,7.49
2025-11-19 02:00:00,23.9,90,0.0,22.48,10.91,7.59
2025-11-19 03:00:00,25.0,86,0.0,22.94,10.73,7.61
2025-11-19 04:00:00,27.1,78,0.0,23.89,10.37,7.53
2025-11-19 05:00:00,28.8,69,0.0,25.06,9.95,7.72
2025-11-19 06:00:00,30.0,68,0.1,26.24,9.69,7.88
2025-11-19 07:00:00,30.7,64,0.0,27.28,9.4,7.59
2025-11-19 08:00:00,30.8,64,0.0,28.04,9.24,7.56
2025-11-19 09:00:00,30.5,62,0.6,28.47,9.12,7.46
2025-11-19 10:00:00,29.4,74,0.2,28.45,9.34,7.58
2025-11-19 11:00:00,27.3,88,4.2,27.81,9.73,7.37
2025-11-19 12:00:00,27.7,79,0.2,27.47,9.63,7.35
2025-11-19 13:00:00,26.7,83,0.0,26.94,9.82,7.22
2025-11-19 14:00:00,26.1,84,0.0,26.39,9.96,7.26
2025-11-19 15:00:00,25.8,83,0.0,25.91,10.04,7.03
2025-11-19 16:00:00,25.8,79,0.0,25.58,10.03,7.16
2025-11-19 17:00:00,25.6,80,0.0,25.29,10.12,7.2
2025-11-19 18:00:00,26.3,76,0.0,25.29,10.04,6.98
2025-11-19 19:00:00,26.1,76,0.0,25.23,10.05,6.96
2025-11-19 20:00:00,25.6,78,0.0,25.04,10.13,7.31
2025-11-19 21:00:00,25.7,76,0.0,24.94,10.11,7.14
2025-11-19 22:00:00,25.7,75,0.0,24.87,10.11,7.37
2025-11-19 23:00:00,25.5,74,0.0,24.76,10.11,7.32
2025-11-20 00:00:00,25.6,73,0.0,24.71,10.1,7.4
2025-11-20 01:00:00,25.5,73,0.0,24.65,10.12,7.54
2025-11-20 02:00:00,26.3,72,0.0,24.84,10.06,7.47
2025-11-20 03:00:00,27.8,68,0.0,25.43,9.86,7.63
2025-11-20 04:00:00,28.9,63,0.0,26.17,9.61,7.62
2025-11-20 05:00:00,29.7,59,0.0,26.93,9.38,7.55
2025-11-20 06:00:00,30.6,57,0.0,27.73,9.18,7.72
2025-11-20 07:00:00,31.1,56,0.0,28.44,9.02,7.64
2025-11-20 08:00:00,31.5,54,0.0,29.06,8.86,7.61
2025-11-20 09:00:00,31.9,53,0.0,29.61,8.73,7.46
2025-11-20 10:00:00,31.5,55,0.1,29.88,8.71,7.66
2025-11-20 11:00:00,30.4,62,0.2,29.73,8.86,7.51
2025-11-20 12:00:00,29.3,70,0.0,29.3,9.09,7.46
2025-11-20 13:00:00,27.6,77,0.0,28.49,9.38,7.27
2025-11-20 14:00:00,26.7,84,0.0,27.66,9.69,7.06
2025-11-20 15:00:00,26.4,84,0.0,26.98,9.83,7.37
2025-11-20 16:00:00,25.8,86,0.0,26.32,10.01,7.13
2025-11-20 17:00:00,25.5,88,0.0,25.78,10.16,7.04
2025-11-20 18:00:00,25.6,87,0.0,25.42,10.22,7.15
2025-11-20 19:00:00,25.8,84,0.0,25.24,10.2,7.23
2025-11-20 20:00:00,25.4,84,0.0,24.99,10.26,7.15
2025-11-20 21:00:00,25.1,86,0.0,24.72,10.35,7.33
2025-11-20 22:00:00,25.1,86,0.0,24.53,10.39,7.37
2025-11-20 23:00:00,24.9,86,0.0,24.34,10.43,7.23
2025-11-21 00:00:00,25.5,75,0.0,24.39,10.21,7.35
2025-11-21 01:00:00,26.1,75,0.0,24.6,10.16,7.59
2025-11-21 02:00:00,27.0,76,0.0,25.02,10.09,7.29
2025-11-21 03:00:00,28.2,72,0.0,25.68,9.88,7.6
2025-11-21 04:00:00,29.5,66,0.0,26.52,9.59,7.51
2025-11-21 05:00:00,30.4,62,0.0,27.39,9.34,7.63
2025-11-21 06:00:00,31.4,58,0.0,28.29,9.09,7.65
2025-11-21 07:00:00,32.0,55,0.0,29.1,8.87,7.62
2025-11-21 08:00:00,32.1,56,0.1,29.7,8.76,7.56
2025-11-21 09:00:00,30.6,61,0.1,29.67,8.86,7.46
2025-11-21 10:00:00,29.1,73,1.1,29.2,9.16,7.69
2025-11-21 11:00:00,28.2,80,2.3,28.6,9.41,7.54
2025-11-21 12:00:00,26.6,86,4.8,27.7,9.71,7.13
2025-11-21 13:00:00,26.0,90,0.6,26.89,9.96,7.43
2025-11-21 14:00:00,25.8,94,1.1,26.26,10.17,7.15
2025-11-21 15:00:00,24.8,97,1.2,25.52,10.39,7.14
2025-11-21 16:00:00,24.6,95,2.7,24.95,10.48,7.04
2025-11-21 17:00:00,24.8,94,0.1,24.6,10.53,7.05
2025-11-21 18:00:00,24.9,91,0.2,24.39,10.52,7.2
2025-11-21 19:00:00,23.6,97,7.6,23.85,10.75,6.97
2025-11-21 20:00:00,23.6,97,0.5,23.48,10.84,7.09
2025-11-21 21:00:00,24.1,91,0.2,23.36,10.74,7.07
2025-11-21 22:00:00,24.1,91,0.1,23.29,10.76,7.18
2025-11-21 23:00:00,24.0,90,0.6,23.2,10.76,7.15
2025-11-22 00:00:00,24.0,97,4.5,23.14,10.91,7.29
2025-11-22 01:00:00,24.3,97,0.4,23.19,10.9,7.36
2025-11-22 02:00:00,24.8,92,3.2,23.37,10.76,7.43
2025-11-22 03:00:00,25.2,91,0.2,23.62,10.69,7.76
2025-11-22 04:00:00,25.9,87,0.6,24.0,10.52,7.76
2025-11-22 05:00:00,26.4,84,0.2,24.42,10.38,7.69
2025-11-22 06:00:00,26.4,85,0.2,24.72,10.33,7.69
2025-11-22 07:00:00,27.1,82,0.3,25.13,10.19,7.87
2025-11-22 08:00:00,27.6,79,0.2,25.57,10.04,7.7
2025-11-22 09:00:00,28.1,77,0.1,26.03,9.9,7.57
2025-11-22 10:00:00,27.4,80,0.7,26.14,9.93,7.36
2025-11-22 11:00:00,26.6,83,0.1,25.98,10.02,7.51
2025-11-22 12:00:00,26.5,83,0.0,25.84,10.06,7.48
2025-11-22 13:00:00,25.6,90,0.1,25.46,10.27,7.26
2025-11-22 14:00:00,25.1,93,0.1,25.06,10.41,7.28
2025-11-22 15:00:00,25.0,94,0.1,24.74,10.5,7.16
2025-11-22 16:00:00,25.4,88,0.0,24.64,10.41,7.14
2025-11-22 17:00:00,25.3,86,0.2,24.54,10.39,6.86
2025-11-22 18:00:00,24.8,89,0.2,24.32,10.5,7.08
2025-11-22 19:00:00,24.5,93,0.1,24.07,10.63,7.22
2025-11-22 20:00:00,24.4,94,0.2,23.87,10.69,7.08
2025-11-22 21:00:00,23.9,96,0.5,23.58,10.79,7.18
2025-11-22 22:00:00,23.8,95,0.4,23.35,10.82,7.17
2025-11-22 23:00:00,24.0,94,0.0,23.24,10.83,7.39
2025-11-23 00:00:00,23.8,97,0.7,23.11,10.92,7.36
2025-11-23 01:00:00,24.3,96,0.2,23.17,10.88,7.4
2025-11-23 02:00:00,24.7,97,0.5,23.33,10.87,7.68
2025-11-23 03:00:00,25.7,89,0.2,23.74,10.62,7.71
2025-11-23 04:00:00,26.1,81,0.7,24.15,10.38,7.58
2025-11-23 05:00:00,26.7,84,0.2,24.61,10.34,7.74
2025-11-23 06:00:00,25.6,93,3.4,24.61,10.51,7.65
2025-11-23 07:00:00,25.3,93,1.3,24.52,10.53,7.7
2025-11-23 08:00:00,25.3,91,0.5,24.45,10.51,7.47
2025-11-23 09:00:00,25.2,91,0.8,24.38,10.52,7.68
2025-11-23 10:00:00,25.5,87,4.4,24.41,10.44,7.37
2025-11-23 11:00:00,24.5,96,1.5,24.14,10.67,7.39
2025-11-23 12:00:00,24.6,94,1.3,23.98,10.67,7.62
2025-11-23 13:00:00,24.0,96,4.0,23.68,10.77,7.25
2025-11-23 14:00:00,23.8,97,2.8,23.42,10.85,7.13
2025-11-23 15:00:00,23.8,96,0.1,23.23,10.87,6.99
2025-11-23 16:00:00,23.6,96,0.2,23.04,10.91,7.29
2025-11-23 17:00:00,23.3,96,3.0,22.82,10.96,6.9
2025-11-23 18:00:00,23.9,90,3.2,22.84,10.83,6.92
2025-11-23 19:00:00,24.0,90,0.2,22.89,10.82,7.09
2025-11-23 20:00:00,24.0,91,0.1,22.92,10.84,7.3
2025-11-23 21:00:00,23.3,97,3.7,22.74,11.0,7.17
2025-11-23 22:00:00,23.3,97,2.7,22.61,11.03,7.16
2025-11-23 23:00:00,23.5,96,0.6,22.57,11.01,7.35
2025-11-24 00:00:00,22.7,97,0.7,22.31,11.09,7.33
2025-11-24 01:00:00,23.2,97,1.6,22.28,11.1,7.45
2025-11-24 02:00:00,23.7,95,1.6,22.4,11.03,7.52
2025-11-24 03:00:00,23.6,94,0.7,22.46,11.0,7.7
2025-11-24 04:00:00,24.6,90,1.1,22.8,10.84,7.73
2025-11-24 05:00:00,24.9,90,0.6,23.13,10.77,7.73
2025-11-24 06:00:00,25.5,85,0.9,23.54,10.58,7.64
2025-11-24 07:00:00,25.9,84,0.7,23.95,10.48,7.74
2025-11-24 08:00:00,25.6,85,0.5,24.15,10.45,7.64
2025-11-24 09:00:00,25.7,83,0.1,24.31,10.38,7.51
2025-11-24 10:00:00,25.6,81,0.0,24.4,10.32,7.53
2025-11-24 11:00:00,25.9,79,0.6,24.55,10.25,7.46
2025-11-24 12:00:00,24.7,89,0.2,24.29,10.5,7.49
2025-11-24 13:00:00,24.8,86,1.0,24.15,10.47,7.27
2025-11-24 14:00:00,25.0,84,0.3,24.1,10.44,7.13
2025-11-24 15:00:00,25.1,83,0.1,24.1,10.43,7.2
2025-11-24 16:00:00,24.8,85,0.1,24.01,10.48,7.16
2025-11-24 17:00:00,24.8,83,0.0,23.95,10.46,7.15
2025-11-24 18:00:00,25.1,81,0.1,23.99,10.41,7.2
2025-11-24 19:00:00,25.3,80,0.0,24.09,10.37,7.23
2025-11-24 20:00:00,25.0,81,0.0,24.06,10.39,7.1
2025-11-24 21:00:00,25.2,80,0.0,24.1,10.37,7.15
2025-11-24 22:00:00,25.2,80,0.0,24.13,10.36,7.16
2025-11-24 23:00:00,25.0,80,0.0,24.09,10.37,7.41
2025-11-25 00:00:00,24.4,83,0.1,23.88,10.47,7.56
2025-11-25 01:00:00,24.5,85,1.4,23.77,10.54,7.4
2025-11-25 02:00:00,24.3,87,2.1,23.63,10.61,7.46
2025-11-25 03:00:00,24.8,85,0.1,23.68,10.55,7.77
2025-11-25 04:00:00,26.4,79,0.0,24.2,10.33,7.73
2025-11-25 05:00:00,26.4,79,0.1,24.56,10.25,7.74
2025-11-25 06:00:00,27.1,73,0.3,25.02,10.04,7.57
2025-11-25 07:00:00,27.2,77,0.5,25.37,10.04,7.73
2025-11-25 08:00:00,26.5,87,1.9,25.41,10.22,7.49
2025-11-25 09:00:00,27.6,78,1.1,25.77,9.98,7.44
2025-11-25 10:00:00,27.4,81,0.2,25.96,9.99,7.5
2025-11-25 11:00:00,27.4,79,0.0,26.09,9.93,7.42
2025-11-25 12:00:00,27.1,84,0.0,26.09,10.02,7.38
2025-11-25 13:00:00,25.7,89,0.0,25.68,10.2,7.18
2025-11-25 14:00:00,25.4,92,0.0,25.29,10.34,7.35
2025-11-25 15:00:00,24.8,94,0.0,24.84,10.48,7.31
2025-11-25 16:00:00,25.0,91,0.0,24.59,10.48,6.96
2025-11-25 17:00:00,25.6,86,0.0,24.59,10.38,7.22
2025-11-25 18:00:00,26.4,74,0.0,24.84,10.1,7.03
2025-11-25 19:00:00,26.4,72,0.0,25.01,10.02,7.21
2025-11-25 20:00:00,26.5,72,0.0,25.15,9.99,7.14
2025-11-25 21:00:00,26.1,74,0.0,25.14,10.03,7.2
2025-11-25 22:00:00,25.6,76,0.0,24.98,10.1,7.24
2025-11-25 23:00:00,25.2,79,0.0,24.74,10.21,7.46
2025-11-26 00:00:00,25.7,75,0.2,24.73,10.14,7.27
2025-11-26 01:00:00,25.7,73,0.1,24.72,10.1,7.54
2025-11-26 02:00:00,24.9,79,0.8,24.47,10.27,7.63
2025-11-26 03:00:00,25.4,76,0.0,24.45,10.21,7.7
2025-11-26 04:00:00,25.6,76,0.0,24.5,10.21,7.91
2025-11-26 05:00:00,26.2,75,0.1,24.71,10.14,7.64
2025-11-26 06:00:00,28.9,70,0.0,25.67,9.85,7.8
2025-11-26 07:00:00,28.6,67,0.0,26.25,9.67,7.68
2025-11-26 08:00:00,26.2,84,1.5,25.93,10.05,7.71
2025-11-26 09:00:00,25.4,93,3.9,25.47,10.32,7.49
2025-11-26 10:00:00,25.1,94,1.6,25.06,10.43,7.44
2025-11-26 11:00:00,24.8,97,1.7,24.68,10.57,7.54
2025-11-26 12:00:00,25.0,93,0.8,24.48,10.54,7.32
2025-11-26 13:00:00,24.6,96,0.7,24.21,10.65,7.16
2025-11-26 14:00:00,24.4,97,0.5,23.97,10.73,7.19
2025-11-26 15:00:00,24.4,95,0.1,23.8,10.73,7.26
2025-11-26 16:00:00,24.3,93,0.0,23.65,10.72,7.3
2025-11-26 17:00:00,24.1,93,0.0,23.48,10.75,7.15
2025-11-26 18:00:00,24.5,94,0.1,23.49,10.77,7.25
2025-11-26 19:00:00,24.1,97,0.3,23.37,10.86,6.98
2025-11-26 20:00:00,23.9,96,0.1,23.23,10.87,7.12
2025-11-26 21:00:00,24.0,96,0.1,23.16,10.88,7.18
2025-11-26 22:00:00,23.9,96,0.1,23.08,10.9,7.26
2025-11-26 23:00:00,24.2,91,0.0,23.12,10.79,7.36
2025-11-27 00:00:00,24.0,92,0.0,23.08,10.82,7.5
2025-11-27 01:00:00,24.1,88,0.0,23.09,10.74,7.46
2025-11-27 02:00:00,24.2,86,0.0,23.12,10.69,7.59
2025-11-27 03:00:00,24.5,82,0.0,23.24,10.59,7.64
2025-11-27 04:00:00,25.3,78,0.1,23.55,10.44,7.58
2025-11-27 05:00:00,26.1,74,0.0,24.02,10.27,7.7
2025-11-27 06:00:00,27.3,70,0.0,24.7,10.05,7.7
2025-11-27 07:00:00,27.7,67,0.0,25.3,9.86,7.68
2025-11-27 08:00:00,27.8,65,0.0,25.75,9.73,7.67
2025-11-27 09:00:00,27.5,65,0.0,25.98,9.69,7.62
2025-11-27 10:00:00,27.2,71,0.0,26.04,9.79,7.51
2025-11-27 11:00:00,26.4,80,0.1,25.85,10.0,7.6
2025-11-27 12:00:00,26.7,71,0.1,25.81,9.84,7.28
2025-11-27 13:00:00,25.7,81,0.0,25.47,10.09,7.26
2025-11-27 14:00:00,24.8,88,0.0,24.97,10.34,7.54
2025-11-27 15:00:00,24.4,89,0.0,24.5,10.46,7.1
2025-11-27 16:00:00,24.6,86,0.0,24.23,10.46,7.02
2025-11-27 17:00:00,24.2,87,0.0,23.92,10.54,7.2
2025-11-27 18:00:00,24.6,84,0.0,23.82,10.5,6.91
2025-11-27 19:00:00,24.6,84,0.0,23.76,10.52,7.11
2025-11-27 20:00:00,24.6,85,0.0,23.71,10.55,7.38
2025-11-27 21:00:00,24.8,88,0.0,23.74,10.6,7.06
2025-11-27 22:00:00,24.5,90,0.1,23.67,10.66,7.07
2025-11-27 23:00:00,23.8,87,0.0,23.41,10.65,7.2
2025-11-28 00:00:00,23.3,82,0.3,23.07,10.62,7.5
2025-11-28 01:00:00,23.2,85,0.2,22.81,10.74,7.61
2025-11-28 02:00:00,23.5,84,0.1,22.72,10.74,7.52
2025-11-28 03:00:00,23.6,83,0.5,22.68,10.73,7.68
2025-11-28 04:00:00,23.8,85,0.6,22.72,10.76,7.79
2025-11-28 05:00:00,24.3,84,0.4,22.89,10.7,7.87
2025-11-28 06:00:00,23.5,86,0.8,22.77,10.77,7.66
2025-11-28 07:00:00,22.8,93,2.4,22.48,10.97,7.4
2025-11-28 08:00:00,22.8,94,2.6,22.28,11.04,7.51
2025-11-28 09:00:00,22.6,92,2.8,22.07,11.04,7.5
2025-11-28 10:00:00,22.1,90,3.2,21.78,11.06,7.45
2025-11-28 11:00:00,21.8,90,2.8,21.49,11.13,7.4
2025-11-28 12:00:00,23.3,94,2.9,21.73,11.16,7.45
2025-11-28 13:00:00,20.9,89,0.9,21.18,11.17,7.45
2025-11-28 14:00:00,20.4,89,1.1,20.65,11.29,7.23
2025-11-28 15:00:00,20.3,91,0.5,20.24,11.42,7.32
2025-11-28 16:00:00,21.0,82,0.2,20.17,11.24,7.22
2025-11-28 17:00:00,21.3,81,0.0,20.21,11.21,7.17
2025-11-28 18:00:00,21.5,86,0.0,20.3,11.3,7.25
2025-11-28 19:00:00,21.4,93,0.9,20.33,11.44,7.12
2025-11-28 20:00:00,22.2,86,0.1,20.59,11.24,7.39
2025-11-28 21:00:00,22.1,80,0.0,20.74,11.08,7.1
2025-11-28 22:00:00,21.9,75,0.0,20.79,10.96,7.25
2025-11-28 23:00:00,22.1,71,0.0,20.88,10.86,7.36
2025-11-29 00:00:00,21.8,83,0.2,20.86,11.12,7.48
2025-11-29 01:00:00,21.9,85,0.2,20.87,11.16,7.64
2025-11-29 02:00:00,21.6,93,0.5,20.79,11.34,7.57
2025-11-29 03:00:00,22.4,94,0.7,20.97,11.32,7.48
2025-11-29 04:00:00,24.0,90,0.6,21.58,11.11,7.75
2025-11-29 05:00:00,25.2,86,0.4,22.37,10.86,7.77
2025-11-29 06:00:00,24.9,82,0.3,22.83,10.68,7.52
2025-11-29 07:00:00,25.2,80,0.2,23.24,10.55,7.7
2025-11-29 08:00:00,25.0,79,0.5,23.47,10.48,7.49
2025-11-29 09:00:00,24.7,80,0.5,23.54,10.49,7.54
2025-11-29 10:00:00,25.5,81,0.1,23.83,10.44,7.47
2025-11-29 11:00:00,25.7,82,0.0,24.09,10.41,7.58
2025-11-29 12:00:00,25.6,86,0.0,24.24,10.45,7.43
2025-11-29 13:00:00,24.2,91,0.0,23.93,10.62,7.21
2025-11-29 14:00:00,23.2,93,0.0,23.41,10.77,7.36
2025-11-29 15:00:00,23.2,92,0.0,23.05,10.83,7.07
2025-11-29 16:00:00,22.7,93,0.0,22.64,10.94,7.21
2025-11-29 17:00:00,22.4,90,0.0,22.27,10.96,7.07
2025-11-29 18:00:00,22.2,91,0.0,21.95,11.05,7.1
2025-11-29 19:00:00,22.5,88,0.0,21.81,11.02,7.2
2025-11-29 20:00:00,21.9,89,0.0,21.54,11.09,7.24
2025-11-29 21:00:00,21.7,87,0.0,21.29,11.11,7.37
2025-11-29 22:00:00,21.4,86,0.0,21.02,11.14,7.29
2025-11-29 23:00:00,21.2,86,0.0,20.78,11.2,7.41
2025-11-30 00:00:00,21.0,86,0.0,20.54,11.25,7.41
2025-11-30 01:00:00,22.0,82,0.0,20.68,11.13,7.55
2025-11-30 02:00:00,24.0,80,0.0,21.38,10.94,7.64
2025-11-30 03:00:00,25.9,77,0.0,22.43,10.66,7.64
2025-11-30 04:00:00,27.1,76,0.0,23.53,10.41,7.5
2025-11-30 05:00:00,28.2,70,0.0,24.63,10.06,7.74
2025-11-30 06:00:00,29.5,65,0.0,25.79,9.72,7.74
2025-11-30 07:00:00,30.0,62,0.0,26.76,9.47,7.61
2025-11-30 08:00:00,29.9,63,0.0,27.4,9.36,7.52
2025-11-30 09:00:00,29.2,70,0.0,27.64,9.44,7.74
2025-11-30 10:00:00,28.7,70,0.0,27.66,9.43,7.58
2025-11-30 11:00:00,28.4,70,0.0,27.58,9.45,7.44
2025-11-30 12:00:00,27.6,78,0.0,27.29,9.65,7.27
2025-11-30 13:00:00,26.8,80,0.0,26.84,9.79,7.23
2025-11-30 14:00:00,26.4,83,0.0,26.41,9.93,7.38
2025-11-30 15:00:00,26.0,85,0.0,25.99,10.06,7.2
2025-11-30 16:00:00,25.5,87,0.0,25.54,10.19,7.09
2025-11-30 17:00:00,25.1,86,0.0,25.11,10.27,7.17
2025-11-30 18:00:00,25.0,83,0.0,24.78,10.28,7.03
2025-11-30 19:00:00,24.9,82,0.0,24.51,10.32,7.28
2025-11-30 20:00:00,24.9,81,0.0,24.33,10.34,7.29
2025-11-30 21:00:00,24.7,81,0.0,24.14,10.38,7.16
2025-11-30 22:00:00,24.7,79,0.0,24.01,10.37,7.21
2025-11-30 23:00:00,24.5,79,0.0,23.86,10.4,7.08
2025-12-01 00:00:00,24.6,80,0.0,23.78,10.43,7.27
2025-12-01 01:00:00,24.4,80,0.0,23.67,10.46,7.37
2025-12-01 02:00:00,25.4,79,0.0,23.89,10.39,7.58
2025-12-01 03:00:00,26.9,75,0.0,24.49,10.19,7.59
2025-12-01 04:00:00,28.3,70,0.0,25.33,9.91,7.53
2025-12-01 05:00:00,29.3,66,0.0,26.22,9.65,7.66
2025-12-01 06:00:00,30.1,63,0.0,27.09,9.42,7.74
2025-12-01 07:00:00,30.5,61,0.0,27.81,9.24,7.72
2025-12-01 08:00:00,30.2,63,0.0,28.23,9.19,7.45
2025-12-01 09:00:00,28.8,70,0.0,28.1,9.34,7.58
2025-12-01 10:00:00,28.4,72,0.0,27.89,9.42,7.39
2025-12-01 11:00:00,28.0,74,0.0,27.62,9.51,7.55
2025-12-01 12:00:00,27.5,77,0.0,27.29,9.64,7.47
2025-12-01 13:00:00,26.5,78,0.0,26.75,9.77,7.23
2025-12-01 14:00:00,26.0,77,0.0,26.23,9.86,7.17
2025-12-01 15:00:00,25.5,80,0.0,25.71,10.03,7.14
2025-12-01 16:00:00,25.0,84,0.0,25.2,10.21,6.92
2025-12-01 17:00:00,24.7,87,0.0,24.75,10.36,7.16
2025-12-01 18:00:00,24.9,88,0.0,24.49,10.44,7.09
2025-12-01 19:00:00,25.1,86,0.0,24.37,10.43,7.22
2025-12-01 20:00:00,24.9,87,0.0,24.23,10.48,7.05
2025-12-01 21:00:00,24.8,87,0.0,24.1,10.5,7.14
2025-12-01 22:00:00,24.6,88,0.0,23.95,10.56,7.12
2025-12-01 23:00:00,24.5,88,0.0,23.82,10.58,7.24
2025-12-02 00:00:00,24.8,84,0.0,23.81,10.51,7.3
2025-12-02 01:00:00,25.0,84,0.0,23.87,10.49,7.6
2025-12-02 02:00:00,26.0,84,0.0,24.21,10.42,7.5
2025-12-02 03:00:00,27.4,80,0.0,24.87,10.2,7.64
2025-12-02 04:00:00,28.4,74,0.0,25.63,9.93,7.63
2025-12-02 05:00:00,29.2,69,0.1,26.4,9.67,7.55
2025-12-02 06:00:00,30.0,66,0.3,27.18,9.46,7.65
2025-12-02 07:00:00,30.3,64,0.1,27.82,9.29,7.72
2025-12-02 08:00:00,29.9,65,0.1,28.14,9.24,7.51
2025-12-02 09:00:00,29.4,67,0.2,28.22,9.26,7.66
2025-12-02 10:00:00,28.9,69,0.0,28.12,9.32,7.44
2025-12-02 11:00:00,28.4,71,0.0,27.91,9.4,7.41
2025-12-02 12:00:00,28.3,74,0.0,27.72,9.49,7.44
2025-12-02 13:00:00,27.4,77,0.0,27.33,9.63,7.24
2025-12-02 14:00:00,26.7,80,0.0,26.84,9.79,7.25
2025-12-02 15:00:00,26.3,82,0.0,26.38,9.92,7.15
2025-12-02 16:00:00,26.1,83,0.0,25.99,10.02,7.15
2025-12-02 17:00:00,25.9,84,0.0,25.67,10.11,6.88
2025-12-02 18:00:00,25.8,82,0.0,25.41,10.13,6.92
2025-12-02 19:00:00,25.7,83,0.0,25.19,10.19,7.18
2025-12-02 20:00:00,25.4,84,0.0,24.96,10.26,7.25
2025-12-02 21:00:00,25.4,84,0.0,24.79,10.3,7.11
2025-12-02 22:00:00,25.3,86,0.0,24.64,10.37,7.24
2025-12-02 23:00:00,25.1,88,0.0,24.48,10.44,7.37
2025-12-03 00:00:00,25.4,82,0.0,24.46,10.33,7.48
2025-12-03 01:00:00,25.7,82,0.0,24.53,10.31,7.29
2025-12-03 02:00:00,26.0,83,0.0,24.67,10.3,7.47
2025-12-03 03:00:00,26.6,83,0.0,24.95,10.24,7.59
2025-12-03 04:00:00,27.6,81,0.0,25.44,10.1,7.74
2025-12-03 05:00:00,28.4,75,0.0,26.03,9.86,7.94
2025-12-03 06:00:00,29.5,70,0.0,26.77,9.62,7.67
2025-12-03 07:00:00,29.8,67,0.0,27.38,9.43,7.54
2025-12-03 08:00:00,29.6,66,0.0,27.75,9.34,7.68
2025-12-03 09:00:00,29.0,66,0.0,27.82,9.32,7.73
2025-12-03 10:00:00,28.8,64,0.0,27.82,9.29,7.54
2025-12-03 11:00:00,28.4,67,0.0,27.69,9.37,7.37
2025-12-03 12:00:00,27.8,73,0.0,27.42,9.53,7.48
2025-12-03 13:00:00,26.1,81,0.0,26.73,9.83,7.38
2025-12-03 14:00:00,25.6,83,0.0,26.09,10.0,7.15
2025-12-03 15:00:00,24.9,86,0.0,25.43,10.2,7.23
2025-12-03 16:00:00,24.4,85,0.0,24.82,10.31,7.25
2025-12-03 17:00:00,24.0,85,0.0,24.28,10.43,7.25
2025-12-03 18:00:00,23.9,88,0.0,23.86,10.57,7.11
2025-12-03 19:00:00,24.7,87,0.0,23.81,10.57,7.1
2025-12-03 20:00:00,24.4,90,0.0,23.69,10.65,7.29
2025-12-03 21:00:00,24.3,88,0.0,23.57,10.64,7.09
2025-12-03 22:00:00,23.8,88,0.0,23.34,10.69,7.32
2025-12-03 23:00:00,23.7,89,0.0,23.15,10.75,7.21
2025-12-04 00:00:00,24.8,88,0.0,23.34,10.69,7.53
2025-12-04 01:00:00,25.3,87,0.0,23.63,10.6,7.48
2025-12-04 02:00:00,26.1,86,0.0,24.07,10.49,7.7
2025-12-04 03:00:00,27.4,81,0.0,24.77,10.24,7.67
2025-12-04 04:00:00,28.4,73,0.0,25.56,9.92,7.54
2025-12-04 05:00:00,28.7,70,0.2,26.2,9.73,7.82
2025-12-04 06:00:00,28.5,74,0.7,26.59,9.73,7.81
2025-12-04 07:00:00,29.1,71,0.2,27.04,9.58,7.75
2025-12-04 08:00:00,27.6,77,0.8,26.91,9.72,7.53
2025-12-04 09:00:00,28.0,72,0.4,26.94,9.62,7.55
2025-12-04 10:00:00,27.6,75,0.1,26.84,9.69,7.55
2025-12-04 11:00:00,27.5,75,0.1,26.74,9.72,7.39
2025-12-04 12:00:00,27.7,72,0.0,26.72,9.66,7.56
2025-12-04 13:00:00,26.9,75,0.0,26.48,9.77,7.33
2025-12-04 14:00:00,26.6,78,0.0,26.21,9.88,6.98
2025-12-04 15:00:00,26.6,76,0.0,26.03,9.88,7.22
2025-12-04 16:00:00,26.7,73,0.0,25.93,9.85,7.11
2025-12-04 17:00:00,26.6,73,0.0,25.83,9.87,7.1
2025-12-04 18:00:00,27.2,72,0.0,25.94,9.83,7.06
2025-12-04 19:00:00,26.7,74,0.0,25.87,9.88,7.19
2025-12-04 20:00:00,26.0,77,0.0,25.61,9.99,7.26
2025-12-04 21:00:00,26.0,77,0.0,25.43,10.03,7.22
2025-12-04 22:00:00,25.8,77,0.0,25.24,10.07,7.22
2025-12-04 23:00:00,25.5,79,0.0,25.02,10.15,7.33
2025-12-05 00:00:00,25.0,86,0.0,24.71,10.35,7.41
2025-12-05 01:00:00,25.1,84,0.0,24.53,10.35,7.41
2025-12-05 02:00:00,25.9,82,0.0,24.64,10.29,7.62
2025-12-05 03:00:00,26.7,80,0.0,24.96,10.18,7.67
2025-12-05 04:00:00,27.9,74,0.0,25.54,9.95,7.82
2025-12-05 05:00:00,28.5,70,0.3,26.13,9.75,7.79
2025-12-05 06:00:00,27.3,79,0.9,26.18,9.91,7.58
2025-12-05 07:00:00,28.4,76,0.2,26.55,9.77,7.75
2025-12-05 08:00:00,28.5,73,0.1,26.83,9.66,7.55
2025-12-05 09:00:00,28.7,71,0.1,27.09,9.57,7.66
2025-12-05 10:00:00,28.9,71,0.2,27.33,9.52,7.47
2025-12-05 11:00:00,28.2,73,0.0,27.29,9.56,7.36
2025-12-05 12:00:00,27.3,78,0.0,27.0,9.72,7.42
2025-12-05 13:00:00,27.0,79,0.0,26.7,9.8,7.05
2025-12-05 14:00:00,26.4,82,0.0,26.31,9.94,7.07
2025-12-05 15:00:00,26.0,84,0.0,25.92,10.06,7.17
2025-12-05 16:00:00,25.6,84,0.0,25.52,10.14,7.15
2025-12-05 17:00:00,25.2,84,0.1,25.12,10.23,7.07
2025-12-05 18:00:00,25.9,79,0.1,25.06,10.14,6.94
2025-12-05 19:00:00,25.5,79,0.0,24.89,10.18,7.04
2025-12-05 20:00:00,25.3,80,0.0,24.71,10.24,7.19
2025-12-05 21:00:00,24.5,83,0.0,24.35,10.37,7.26
2025-12-05 22:00:00,24.4,83,0.0,24.06,10.43,7.27
2025-12-05 23:00:00,24.3,85,0.0,23.84,10.52,7.46
2025-12-06 00:00:00,24.8,85,0.0,23.82,10.52,7.46
2025-12-06 01:00:00,25.0,81,0.0,23.88,10.43,7.42
2025-12-06 02:00:00,25.3,81,0.0,24.0,10.41,7.54
2025-12-06 03:00:00,26.5,79,0.0,24.45,10.27,7.49
2025-12-06 04:00:00,27.0,76,0.0,24.92,10.12,7.66
2025-12-06 05:00:00,27.9,72,0.0,25.51,9.92,7.81
2025-12-06 06:00:00,29.1,66,0.1,26.29,9.64,7.76
2025-12-06 07:00:00,29.6,63,0.0,26.98,9.44,7.82
2025-12-06 08:00:00,29.8,61,0.1,27.53,9.29,7.61
2025-12-06 09:00:00,29.9,59,0.0,27.94,9.17,7.73
2025-12-06 10:00:00,29.9,59,0.0,28.23,9.12,7.51
2025-12-06 11:00:00,29.5,60,0.0,28.31,9.12,7.6
2025-12-06 12:00:00,28.3,67,0.0,28.01,9.3,7.38
2025-12-06 13:00:00,27.8,68,0.0,27.64,9.4,7.38
2025-12-06 14:00:00,27.3,70,0.0,27.24,9.52,7.39
2025-12-06 15:00:00,26.7,73,0.0,26.78,9.67,7.16
2025-12-06 16:00:00,26.2,76,0.0,26.31,9.82,7.16
2025-12-06 17:00:00,26.1,77,0.0,25.94,9.92,7.24
2025-12-06 18:00:00,26.2,75,0.0,25.72,9.93,7.09
2025-12-06 19:00:00,26.1,77,0.0,25.53,10.01,6.98
2025-12-06 20:00:00,25.9,78,0.0,25.34,10.06,7.36
2025-12-06 21:00:00,25.8,79,0.0,25.18,10.12,7.15
2025-12-06 22:00:00,25.4,81,0.0,24.95,10.21,7.28
2025-12-06 23:00:00,25.3,83,0.0,24.75,10.29,7.45
2025-12-07 00:00:00,25.7,80,0.0,24.74,10.23,7.35
2025-12-07 01:00:00,25.7,79,0.0,24.73,10.21,7.39
2025-12-07 02:00:00,25.4,80,0.0,24.63,10.25,7.59
2025-12-07 03:00:00,26.3,79,0.0,24.83,10.19,7.44
2025-12-07 04:00:00,27.4,75,0.0,25.3,10.02,7.64
2025-12-07 05:00:00,27.4,75,0.1,25.63,9.95,7.71
2025-12-07 06:00:00,28.4,71,0.1,26.16,9.76,7.66
2025-12-07 07:00:00,28.9,71,0.1,26.68,9.65,7.52
2025-12-07 08:00:00,29.2,67,0.1,27.14,9.48,7.8
2025-12-07 09:00:00,29.3,68,0.1,27.49,9.43,7.6
2025-12-07 10:00:00,28.6,69,0.1,27.52,9.44,7.67
2025-12-07 11:00:00,28.4,70,0.0,27.48,9.47,7.44
2025-12-07 12:00:00,27.4,76,0.0,27.16,9.64,7.3
2025-12-07 13:00:00,26.3,77,0.0,26.6,9.78,7.34
2025-12-07 14:00:00,26.5,75,0.0,26.27,9.81,7.23
2025-12-07 15:00:00,26.3,76,0.0,25.98,9.89,7.07
2025-12-07 16:00:00,25.3,81,0.0,25.48,10.09,7.29
2025-12-07 17:00:00,25.2,78,0.0,25.09,10.12,7.06
2025-12-07 18:00:00,25.3,78,0.0,24.86,10.17,6.93
2025-12-07 19:00:00,25.1,79,0.0,24.63,10.24,7.26
2025-12-07 20:00:00,25.3,77,0.0,24.53,10.22,7.1
2025-12-07 21:00:00,25.0,79,0.0,24.37,10.29,7.14
2025-12-07 22:00:00,24.8,78,0.0,24.2,10.31,7.09
2025-12-07 23:00:00,24.8,77,0.0,24.08,10.31,7.52
2025-12-08 00:00:00,24.9,75,0.0,24.03,10.28,7.29
2025-12-08 01:00:00,25.1,71,0.0,24.05,10.2,7.5
2025-12-08 02:00:00,25.7,69,0.0,24.24,10.12,7.66
2025-12-08 03:00:00,27.1,64,0.0,24.8,9.91,7.67
2025-12-08 04:00:00,28.2,58,0.0,25.52,9.65,7.66
2025-12-08 05:00:00,29.1,54,0.0,26.29,9.42,7.52
2025-12-08 06:00:00,30.1,52,0.0,27.14,9.21,7.61
2025-12-08 07:00:00,30.2,53,0.0,27.76,9.1,7.69
2025-12-08 08:00:00,30.6,52,0.0,28.31,8.97,7.56
2025-12-08 09:00:00,30.8,51,0.0,28.76,8.87,7.6
2025-12-08 10:00:00,30.6,53,0.0,29.01,8.85,7.59
2025-12-08 11:00:00,30.0,56,0.0,29.01,8.9,7.54
2025-12-08 12:00:00,28.0,67,0.0,28.4,9.22,7.25
2025-12-08 13:00:00,27.3,69,0.0,27.77,9.39,7.52
2025-12-08 14:00:00,27.1,70,0.0,27.27,9.51,7.31
2025-12-08 15:00:00,26.5,75,0.0,26.74,9.71,7.18
2025-12-08 16:00:00,26.5,71,0.0,26.37,9.72,7.25
2025-12-08 17:00:00,26.2,64,0.0,26.02,9.66,7.35
2025-12-08 18:00:00,26.0,63,0.0,25.71,9.7,6.96
2025-12-08 19:00:00,25.5,66,0.0,25.35,9.84,7.09
2025-12-08 20:00:00,25.0,70,0.0,24.94,10.0,6.91
2025-12-08 21:00:00,24.6,72,0.0,24.54,10.12,7.22
2025-12-08 22:00:00,24.4,72,0.0,24.2,10.19,7.3
2025-12-08 23:00:00,24.1,72,0.0,23.87,10.26,7.34
2025-12-09 00:00:00,23.0,78,0.0,23.31,10.49,7.36
2025-12-09 01:00:00,23.8,75,0.0,23.16,10.47,7.3
2025-12-09 02:00:00,25.2,71,0.0,23.47,10.32,7.61
2025-12-09 03:00:00,26.7,66,0.0,24.14,10.09,7.78
2025-12-09 04:00:00,28.6,58,0.0,25.18,9.72,7.61
2025-12-09 05:00:00,29.6,54,0.0,26.2,9.43,7.73
2025-12-09 06:00:00,30.9,52,0.0,27.31,9.17,7.53
2025-12-09 07:00:00,30.9,54,0.0,28.09,9.05,7.71
2025-12-09 08:00:00,31.0,55,0.0,28.66,8.96,7.59
2025-12-09 09:00:00,31.0,53,0.0,29.06,8.84,7.51
2025-12-09 10:00:00,30.7,56,0.0,29.25,8.85,7.44
2025-12-09 11:00:00,30.3,57,0.0,29.27,8.87,7.41
2025-12-09 12:00:00,29.5,62,0.0,29.04,9.0,7.41
2025-12-09 13:00:00,28.2,67,0.0,28.49,9.21,7.17
2025-12-09 14:00:00,27.5,70,0.0,27.89,9.38,7.19
2025-12-09 15:00:00,26.7,75,0.0,27.23,9.61,7.17
2025-12-09 16:00:00,26.5,74,0.0,26.71,9.7,7.02
2025-12-09 17:00:00,26.4,73,0.0,26.32,9.77,7.29
2025-12-09 18:00:00,26.5,72,0.0,26.07,9.8,7.01
2025-12-09 19:00:00,26.3,72,0.0,25.84,9.85,7.04
2025-12-09 20:00:00,25.9,74,0.0,25.56,9.94,7.05
2025-12-09 21:00:00,25.8,73,0.0,25.33,9.97,7.37
2025-12-09 22:00:00,25.2,75,0.0,24.99,10.08,7.32
2025-12-09 23:00:00,24.8,79,0.0,24.63,10.23,7.24
2025-12-10 00:00:00,25.1,71,0.0,24.47,10.11,7.53
2025-12-10 01:00:00,25.2,70,0.0,24.39,10.11,7.51
2025-12-10 02:00:00,25.7,69,0.0,24.48,10.07,7.59
2025-12-10 03:00:00,26.8,66,0.0,24.88,9.93,7.59
2025-12-10 04:00:00,28.0,62,0.0,25.52,9.72,7.59
2025-12-10 05:00:00,28.5,60,0.0,26.11,9.57,7.72
2025-12-10 06:00:00,29.5,57,0.0,26.83,9.36,7.64
2025-12-10 07:00:00,29.2,60,0.0,27.24,9.34,7.86
2025-12-10 08:00:00,29.6,59,0.0,27.65,9.23,7.52
2025-12-10 09:00:00,28.0,67,0.0,27.45,9.42,7.75
2025-12-10 10:00:00,27.6,73,0.1,27.2,9.58,7.52
2025-12-10 11:00:00,26.9,73,0.1,26.81,9.66,7.49
2025-12-10 12:00:00,26.8,73,0.0,26.51,9.73,7.48
2025-12-10 13:00:00,26.4,74,0.0,26.17,9.81,7.26
2025-12-10 14:00:00,26.2,74,0.0,25.88,9.88,7.34
2025-12-10 15:00:00,26.2,74,0.0,25.68,9.92,6.92
2025-12-10 16:00:00,26.3,74,0.0,25.56,9.94,7.07
2025-12-10 17:00:00,26.3,73,0.0,25.48,9.94,7.02
2025-12-10 18:00:00,26.8,69,0.0,25.58,9.84,6.98
2025-12-10 19:00:00,26.4,70,0.0,25.53,9.87,7.09
2025-12-10 20:00:00,25.9,71,0.0,25.34,9.93,7.19
2025-12-10 21:00:00,25.4,72,0.0,25.06,10.01,7.27
2025-12-10 22:00:00,25.1,71,0.0,24.77,10.05,7.29
2025-12-10 23:00:00,24.9,71,0.0,24.51,10.11,7.27
2025-12-11 00:00:00,25.2,69,0.0,24.42,10.09,7.45
2025-12-11 01:00:00,25.1,67,0.0,24.32,10.07,7.51
2025-12-11 02:00:00,25.3,66,0.0,24.31,10.05,7.66
2025-12-11 03:00:00,26.4,62,0.0,24.64,9.9,7.7
2025-12-11 04:00:00,27.8,54,0.0,25.29,9.62,7.67
2025-12-11 05:00:00,28.8,49,0.0,26.04,9.37,7.6
2025-12-11 06:00:00,30.3,46,0.0,27.02,9.12,7.62
2025-12-11 07:00:00,30.4,45,0.0,27.73,8.96,7.62
2025-12-11 08:00:00,30.8,44,0.0,28.35,8.82,7.6
2025-12-11 09:00:00,30.9,45,0.0,28.82,8.75,7.61
2025-12-11 10:00:00,30.8,46,0.0,29.11,8.71,7.59
2025-12-11 11:00:00,30.4,48,0.0,29.2,8.73,7.44
2025-12-11 12:00:00,29.8,50,0.0,29.08,8.78,7.37
2025-12-11 13:00:00,28.7,55,0.0,28.67,8.96,7.31
2025-12-11 14:00:00,27.5,66,0.0,28.02,9.28,7.18
2025-12-11 15:00:00,26.9,69,0.0,27.38,9.47,7.08
2025-12-11 16:00:00,26.6,70,0.0,26.85,9.6,6.96
2025-12-11 17:00:00,26.1,72,0.0,26.32,9.75,7.04
2025-12-11 18:00:00,25.9,73,0.0,25.9,9.85,7.15
2025-12-11 19:00:00,25.7,73,0.0,25.54,9.93,7.04
2025-12-11 20:00:00,25.7,73,0.0,25.29,9.98,7.12
2025-12-11 21:00:00,25.6,73,0.0,25.08,10.02,7.24
2025-12-11 22:00:00,25.5,73,0.0,24.91,10.06,7.31
2025-12-11 23:00:00,25.3,74,0.0,24.72,10.12,7.23
2025-12-12 00:00:00,25.1,72,0.0,24.54,10.12,7.51
2025-12-12 01:00:00,25.1,70,0.0,24.41,10.11,7.61
2025-12-12 02:00:00,26.3,63,0.0,24.67,9.92,7.45
2025-12-12 03:00:00,27.6,58,0.0,25.25,9.7,7.54
2025-12-12 04:00:00,28.8,57,0.0,26.02,9.53,7.78
2025-12-12 05:00:00,29.6,57,0.0,26.79,9.37,7.67
2025-12-12 06:00:00,30.8,52,0.0,27.69,9.1,7.46
2025-12-12 07:00:00,31.2,51,0.0,28.45,8.93,7.53
2025-12-12 08:00:00,31.6,50,0.0,29.09,8.78,7.6
2025-12-12 09:00:00,31.1,53,0.0,29.39,8.77,7.46
2025-12-12 10:00:00,30.6,55,0.3,29.46,8.8,7.45
2025-12-12 11:00:00,30.2,55,0.1,29.38,8.81,7.44
2025-12-12 12:00:00,29.6,59,0.0,29.15,8.93,7.51
2025-12-12 13:00:00,28.3,64,0.0,28.59,9.13,7.27
2025-12-12 14:00:00,27.3,71,0.0,27.9,9.4,7.34
2025-12-12 15:00:00,26.2,78,0.0,27.09,9.7,7.32
2025-12-12 16:00:00,25.4,82,0.0,26.29,9.94,7.28
2025-12-12 17:00:00,25.2,83,0.0,25.66,10.09,7.14
2025-12-12 18:00:00,25.7,81,0.0,25.37,10.12,6.91
2025-12-12 19:00:00,25.4,81,0.0,25.08,10.18,7.17
2025-12-12 20:00:00,25.0,81,0.0,24.76,10.25,7.26
2025-12-12 21:00:00,24.7,80,0.0,24.44,10.29,7.2
2025-12-12 22:00:00,24.7,78,0.0,24.22,10.3,7.44
2025-12-12 23:00:00,24.6,77,0.0,24.03,10.32,7.43
2025-12-13 00:00:00,24.6,76,0.0,23.9,10.33,7.48
2025-12-13 01:00:00,24.7,73,0.0,23.84,10.28,7.61
2025-12-13 02:00:00,25.6,67,0.0,24.07,10.12,7.6
2025-12-13 03:00:00,27.0,58,0.0,24.65,9.83,7.38
2025-12-13 04:00:00,28.4,50,0.0,25.47,9.51,7.62
2025-12-13 05:00:00,29.2,47,0.0,26.29,9.29,7.81
2025-12-13 06:00:00,30.4,46,0.0,27.22,9.08,7.61
2025-12-13 07:00:00,30.5,47,0.0,27.91,8.96,7.65
2025-12-13 08:00:00,30.8,48,0.0,28.47,8.87,7.53
2025-12-13 09:00:00,30.8,48,0.0,28.87,8.79,7.76
2025-12-13 10:00:00,30.6,47,0.0,29.09,8.73,7.69
2025-12-13 11:00:00,30.1,47,0.0,29.09,8.73,7.36
2025-12-13 12:00:00,29.5,49,0.0,28.92,8.8,7.39
2025-12-13 13:00:00,28.1,52,0.0,28.37,8.96,7.23
2025-12-13 14:00:00,27.0,57,0.0,27.66,9.2,7.29
2025-12-13 15:00:00,26.0,67,0.0,26.86,9.54,7.23
2025-12-13 16:00:00,25.4,73,0.0,26.12,9.81,7.22
2025-12-13 17:00:00,25.3,69,0.0,25.58,9.85,7.15
2025-12-13 18:00:00,25.4,67,0.0,25.22,9.88,7.4
2025-12-13 19:00:00,25.2,69,0.0,24.92,9.98,7.02
2025-12-13 20:00:00,24.8,71,0.0,24.58,10.09,6.98
2025-12-13 21:00:00,24.1,73,0.0,24.14,10.22,7.17
2025-12-13 22:00:00,23.7,73,0.0,23.71,10.31,7.12
2025-12-13 23:00:00,23.5,72,0.0,23.34,10.37,7.2
2025-12-14 00:00:00,23.5,71,0.0,23.09,10.4,7.33
2025-12-14 01:00:00,23.5,70,0.0,22.91,10.42,7.42
2025-12-14 02:00:00,24.1,67,0.0,22.97,10.35,7.48
2025-12-14 03:00:00,25.4,60,0.0,23.4,10.12,7.69
2025-12-14 04:00:00,26.8,52,0.0,24.12,9.82,7.63
2025-12-14 05:00:00,27.8,48,0.0,24.92,9.58,7.68
2025-12-14 06:00:00,29.5,41,0.0,26.0,9.23,7.79
2025-12-14 07:00:00,29.9,40,0.0,26.87,9.04,7.6
2025-12-14 08:00:00,30.4,40,0.0,27.63,8.89,7.62
2025-12-14 09:00:00,30.5,39,0.0,28.19,8.77,7.63
2025-12-14 10:00:00,30.3,41,0.0,28.52,8.74,7.33
2025-12-14 11:00:00,29.7,45,0.0,28.58,8.8,7.21
2025-12-14 12:00:00,29.0,50,0.0,28.4,8.92,7.41
2025-12-14 13:00:00,27.8,55,0.0,27.92,9.11,7.35
2025-12-14 14:00:00,26.9,57,0.0,27.32,9.26,7.44
2025-12-14 15:00:00,25.9,60,0.0,26.59,9.47,7.2
2025-12-14 16:00:00,25.3,63,0.0,25.9,9.66,7.22
2025-12-14 17:00:00,25.0,64,0.0,25.33,9.8,7.1
2025-12-14 18:00:00,24.9,65,0.0,24.9,9.91,7.14
2025-12-14 19:00:00,24.8,66,0.0,24.57,10.0,7.29
2025-12-14 20:00:00,24.6,66,0.0,24.28,10.06,6.94
2025-12-14 21:00:00,24.2,67,0.0,23.96,10.14,7.25
2025-12-14 22:00:00,23.7,69,0.0,23.58,10.26,7.49
2025-12-14 23:00:00,23.5,70,0.0,23.26,10.35,7.38
2025-12-15 00:00:00,23.4,71,0.0,23.0,10.42,7.6
2025-12-15 01:00:00,23.3,71,0.0,22.79,10.46,7.45
2025-12-15 02:00:00,23.9,69,0.0,22.82,10.42,7.58
2025-12-15 03:00:00,25.3,62,0.0,23.27,10.19,7.64
2025-12-15 04:00:00,26.8,54,0.0,24.03,9.87,7.46
2025-12-15 05:00:00,28.1,47,0.0,24.95,9.55,7.58
2025-12-15 06:00:00,29.3,45,0.0,25.95,9.32,7.59
2025-12-15 07:00:00,29.6,45,0.0,26.75,9.16,7.76
2025-12-15 08:00:00,30.0,42,0.0,27.42,8.97,7.73
2025-12-15 09:00:00,30.1,41,0.0,27.93,8.85,7.63
2025-12-15 10:00:00,29.7,42,0.0,28.16,8.82,7.61
2025-12-15 11:00:00,29.2,43,0.0,28.17,8.84,7.44
2025-12-15 12:00:00,28.5,47,0.0,27.97,8.95,7.5
2025-12-15 13:00:00,27.1,49,0.0,27.41,9.1,7.31
2025-12-15 14:00:00,26.0,51,0.0,26.69,9.28,7.25
2025-12-15 15:00:00,25.3,52,0.0,25.97,9.44,7.16
2025-12-15 16:00:00,24.9,52,0.0,25.35,9.57,7.22
2025-12-15 17:00:00,25.2,54,0.0,25.0,9.68,7.08
2025-12-15 18:00:00,25.9,58,0.0,24.97,9.76,7.21
2025-12-15 19:00:00,25.7,60,0.0,24.89,9.81,7.01
2025-12-15 20:00:00,25.4,62,0.0,24.74,9.88,7.04
2025-12-15 21:00:00,25.3,64,0.0,24.61,9.95,7.27
2025-12-15 22:00:00,25.2,66,0.0,24.49,10.01,7.26
2025-12-15 23:00:00,25.1,69,0.0,24.37,10.1,7.29
2025-12-16 00:00:00,25.3,69,0.0,24.35,10.1,7.51
2025-12-16 01:00:00,25.4,70,0.0,24.36,10.12,7.43
2025-12-16 02:00:00,26.3,67,0.0,24.65,10.0,7.54
2025-12-16 03:00:00,27.7,60,0.0,25.26,9.74,7.76
2025-12-16 04:00:00,28.7,59,0.0,25.99,9.57,7.81
2025-12-16 05:00:00,29.1,59,0.0,26.63,9.44,7.84
2025-12-16 06:00:00,29.7,58,0.0,27.25,9.3,7.66
2025-12-16 07:00:00,28.7,63,0.0,27.38,9.36,7.8
2025-12-16 08:00:00,28.9,63,0.0,27.54,9.33,7.55
2025-12-16 09:00:00,28.4,67,0.1,27.5,9.41,7.5
2025-12-16 10:00:00,29.4,63,0.1,27.77,9.28,7.29
2025-12-16 11:00:00,28.6,66,0.0,27.72,9.35,7.63
2025-12-16 12:00:00,27.4,72,0.0,27.32,9.54,7.3
2025-12-16 13:00:00,26.7,74,0.0,26.84,9.68,7.3
2025-12-16 14:00:00,26.7,75,0.0,26.49,9.77,7.15
2025-12-16 15:00:00,26.5,76,0.0,26.2,9.85,7.26
2025-12-16 16:00:00,26.4,77,0.0,25.96,9.92,7.1
2025-12-16 17:00:00,25.8,80,0.1,25.61,10.05,6.98
2025-12-16 18:00:00,25.6,81,0.0,25.31,10.13,7.15
2025-12-16 19:00:00,25.6,81,0.0,25.1,10.18,6.98
2025-12-16 20:00:00,25.2,82,0.0,24.83,10.25,7.07
2025-12-16 21:00:00,25.3,82,0.0,24.67,10.28,6.99
2025-12-16 22:00:00,25.3,82,0.0,24.56,10.31,7.12
2025-12-16 23:00:00,24.3,86,0.0,24.18,10.47,7.36
2025-12-17 00:00:00,24.5,89,0.0,23.98,10.57,7.22
2025-12-17 01:00:00,24.0,89,0.1,23.68,10.63,7.35
2025-12-17 02:00:00,24.8,84,0.0,23.72,10.53,7.57
2025-12-17 03:00:00,25.1,81,0.1,23.83,10.44,7.57
2025-12-17 04:00:00,26.7,77,0.1,24.39,10.25,7.87
2025-12-17 05:00:00,27.6,72,0.0,25.06,10.01,7.88
2025-12-17 06:00:00,28.6,68,0.0,25.82,9.78,7.62
2025-12-17 07:00:00,28.1,71,0.5,26.2,9.75,7.71
2025-12-17 08:00:00,28.4,72,0.2,26.56,9.7,7.71
2025-12-17 09:00:00,29.6,66,0.2,27.17,9.46,7.53
2025-12-17 10:00:00,28.7,67,0.1,27.33,9.44,7.38
2025-12-17 11:00:00,28.4,69,0.1,27.35,9.48,7.46
2025-12-17 12:00:00,26.9,78,0.0,26.92,9.73,7.37
2025-12-17 13:00:00,26.6,78,0.0,26.52,9.82,7.27
2025-12-17 14:00:00,26.3,79,0.0,26.16,9.91,7.29
2025-12-17 15:00:00,26.3,80,0.0,25.9,9.99,7.11
2025-12-17 16:00:00,26.4,78,0.0,25.75,9.98,7.03
2025-12-17 17:00:00,26.4,77,0.0,25.64,9.98,7.12
2025-12-17 18:00:00,26.8,75,0.0,25.69,9.93,7.14
2025-12-17 19:00:00,26.4,75,0.0,25.6,9.95,7.0
2025-12-17 20:00:00,25.9,73,0.0,25.39,9.96,7.24
2025-12-17 21:00:00,25.4,70,0.0,25.09,9.96,7.02
2025-12-17 22:00:00,25.0,70,0.0,24.77,10.03,7.2
2025-12-17 23:00:00,24.8,68,0.0,24.48,10.05,7.31
2025-12-18 00:00:00,24.6,65,0.0,24.21,10.05,7.35
2025-12-18 01:00:00,24.9,56,0.0,24.12,9.89,7.44
2025-12-18 02:00:00,25.7,49,0.0,24.29,9.72,7.75
2025-12-18 03:00:00,26.9,48,0.0,24.78,9.61,7.54
2025-12-18 04:00:00,27.6,47,0.0,25.32,9.48,7.91
2025-12-18 05:00:00,28.9,41,0.0,26.1,9.21,7.73
2025-12-18 06:00:00,30.5,36,0.0,27.12,8.92,7.7
2025-12-18 07:00:00,30.5,40,0.0,27.83,8.85,7.72
2025-12-18 08:00:00,30.5,44,0.0,28.33,8.83,7.89
2025-12-18 09:00:00,30.6,46,0.0,28.71,8.79,7.49
2025-12-18 10:00:00,30.7,48,0.0,29.01,8.76,7.41
2025-12-18 11:00:00,30.2,51,0.0,29.07,8.8,7.37
2025-12-18 12:00:00,29.7,52,0.0,28.96,8.84,7.37
2025-12-18 13:00:00,28.2,57,0.0,28.43,9.04,7.13
2025-12-18 14:00:00,27.9,53,0.0,27.97,9.06,7.23
2025-12-18 15:00:00,27.4,55,0.0,27.5,9.19,7.34
2025-12-18 16:00:00,26.6,61,0.0,26.93,9.42,7.15
2025-12-18 17:00:00,26.2,62,0.0,26.41,9.54,7.08
2025-12-18 18:00:00,26.2,63,0.0,26.05,9.63,7.04
2025-12-18 19:00:00,25.6,65,0.0,25.61,9.76,7.2
2025-12-18 20:00:00,25.1,68,0.0,25.16,9.91,7.07
2025-12-18 21:00:00,24.6,71,0.0,24.69,10.07,7.39
2025-12-18 22:00:00,24.2,72,0.0,24.24,10.18,7.46
2025-12-18 23:00:00,24.0,71,0.0,23.87,10.24,7.37
2025-12-19 00:00:00,23.7,71,0.0,23.52,10.31,7.42
2025-12-19 01:00:00,23.9,66,0.0,23.33,10.25,7.61
2025-12-19 02:00:00,24.6,61,0.0,23.41,10.14,7.69
2025-12-19 03:00:00,25.9,54,0.0,23.86,9.91,7.55
2025-12-19 04:00:00,27.1,48,0.0,24.53,9.65,7.62
2025-12-19 05:00:00,28.0,44,0.0,25.27,9.43,7.56
2025-12-19 06:00:00,29.3,40,0.0,26.18,9.18,7.74
2025-12-19 07:00:00,29.6,41,0.0,26.91,9.05,7.75
2025-12-19 08:00:00,30.0,40,0.0,27.53,8.91,7.51
2025-12-19 09:00:00,30.1,40,0.0,28.0,8.82,7.55
2025-12-19 10:00:00,29.9,42,0.0,28.27,8.8,7.39
2025-12-19 11:00:00,29.2,46,0.0,28.25,8.88,7.37
2025-12-19 12:00:00,28.5,48,0.0,28.03,8.96,7.43
2025-12-19 13:00:00,27.2,53,0.0,27.48,9.16,7.23
2025-12-19 14:00:00,26.3,57,0.0,26.82,9.36,7.21
2025-12-19 15:00:00,25.3,67,0.0,26.07,9.71,7.02
2025-12-19 16:00:00,24.6,77,0.0,25.33,10.05,7.17
2025-12-19 17:00:00,24.3,77,0.0,24.72,10.18,7.12
2025-12-19 18:00:00,24.4,73,0.0,24.32,10.18,7.04
2025-12-19 19:00:00,24.0,73,0.0,23.93,10.27,7.11
2025-12-19 20:00:00,23.8,74,0.0,23.59,10.36,7.18
2025-12-19 21:00:00,23.5,75,0.0,23.26,10.45,7.13
2025-12-19 22:00:00,23.2,76,0.0,22.94,10.53,7.13
2025-12-19 23:00:00,22.8,77,0.0,22.6,10.62,7.54
2025-12-20 00:00:00,22.9,75,0.0,22.39,10.63,7.37
2025-12-20 01:00:00,22.8,75,0.0,22.21,10.67,7.51
2025-12-20 02:00:00,23.5,72,0.0,22.3,10.59,7.69
2025-12-20 03:00:00,25.1,66,0.0,22.84,10.35,8.0
2025-12-20 04:00:00,26.4,60,0.0,23.61,10.08,7.56
2025-12-20 05:00:00,27.6,55,0.0,24.51,9.8,7.75
2025-12-20 06:00:00,28.8,51,0.0,25.49,9.52,7.63
2025-12-20 07:00:00,29.2,49,0.0,26.31,9.32,7.63
2025-12-20 08:00:00,29.6,46,0.0,26.99,9.13,7.58
2025-12-20 09:00:00,29.7,44,0.0,27.51,8.99,7.48
2025-12-20 10:00:00,29.4,45,0.0,27.77,8.95,7.53
2025-12-20 11:00:00,28.8,47,0.0,27.78,8.99,7.31
2025-12-20 12:00:00,28.1,49,0.0,27.58,9.07,7.48
2025-12-20 13:00:00,26.8,54,0.0,27.04,9.26,7.32
2025-12-20 14:00:00,25.4,65,0.0,26.25,9.63,7.29
2025-12-20 15:00:00,24.5,70,0.0,25.43,9.9,7.15
2025-12-20 16:00:00,23.9,72,0.0,24.67,10.09,7.12
2025-12-20 17:00:00,23.5,75,0.0,24.02,10.29,7.16
2025-12-20 18:00:00,23.3,77,0.0,23.5,10.43,7.01
2025-12-20 19:00:00,23.6,73,0.0,23.23,10.41,7.1
2025-12-20 20:00:00,23.7,69,0.0,23.07,10.37,7.08
2025-12-20 21:00:00,23.5,67,0.0,22.9,10.36,7.13
2025-12-20 22:00:00,23.3,68,0.0,22.72,10.42,7.07
2025-12-20 23:00:00,23.2,69,0.0,22.56,10.47,7.49
2025-12-21 00:00:00,22.8,70,0.0,22.33,10.54,7.37
2025-12-21 01:00:00,23.0,68,0.0,22.23,10.52,7.63
2025-12-21 02:00:00,24.0,64,0.0,22.46,10.39,7.69
2025-12-21 03:00:00,25.9,56,0.0,23.19,10.08,7.51
2025-12-21 04:00:00,27.4,46,0.0,24.16,9.69,7.57
2025-12-21 05:00:00,28.4,40,0.0,25.13,9.38,7.95
2025-12-21 06:00:00,29.2,42,0.0,26.05,9.24,7.87
2025-12-21 07:00:00,29.3,44,0.0,26.73,9.14,7.68
2025-12-21 08:00:00,29.7,45,0.0,27.32,9.05,7.67
2025-12-21 09:00:00,29.9,44,0.0,27.79,8.93,7.53
2025-12-21 10:00:00,29.6,46,0.0,28.03,8.92,7.57
2025-12-21 11:00:00,29.0,49,0.0,28.02,8.98,7.39
2025-12-21 12:00:00,28.2,52,0.0,27.78,9.08,7.18
2025-12-21 13:00:00,26.8,60,0.0,27.18,9.35,7.18
2025-12-21 14:00:00,25.7,69,0.0,26.44,9.67,7.25
2025-12-21 15:00:00,25.3,71,0.0,25.8,9.84,7.08
2025-12-21 16:00:00,24.9,74,0.0,25.23,10.01,7.14
2025-12-21 17:00:00,24.6,76,0.0,24.74,10.15,7.02
2025-12-21 18:00:00,24.4,78,0.0,24.34,10.28,7.04
2025-12-21 19:00:00,24.3,77,0.0,24.03,10.32,7.22
2025-12-21 20:00:00,24.3,76,0.0,23.81,10.35,7.19
2025-12-21 21:00:00,24.4,75,0.0,23.69,10.36,7.21
2025-12-21 22:00:00,24.2,74,0.0,23.54,10.37,7.36
2025-12-21 23:00:00,23.9,74,0.0,23.35,10.41,7.4
2025-12-22 00:00:00,24.0,71,0.0,23.24,10.37,7.57
2025-12-22 01:00:00,24.1,70,0.0,23.2,10.36,7.46
2025-12-22 02:00:00,24.7,69,0.0,23.35,10.31,7.53
2025-12-22 03:00:00,25.8,66,0.0,23.79,10.16,7.5
2025-12-22 04:00:00,26.7,61,0.0,24.36,9.94,7.63
2025-12-22 05:00:00,27.8,57,0.0,25.09,9.72,7.8
2025-12-22 06:00:00,29.1,52,0.0,25.99,9.44,7.83
2025-12-22 07:00:00,29.4,51,0.0,26.72,9.28,7.78
2025-12-22 08:00:00,29.7,50,0.0,27.31,9.14,7.47
2025-12-22 09:00:00,29.9,48,0.0,27.79,9.01,7.7
2025-12-22 10:00:00,29.7,48,0.0,28.06,8.95,7.35
2025-12-22 11:00:00,29.3,48,0.0,28.13,8.94,7.55
2025-12-22 12:00:00,28.5,51,0.0,27.94,9.03,7.34
2025-12-22 13:00:00,26.9,59,0.0,27.33,9.3,7.38
2025-12-22 14:00:00,25.5,66,0.0,26.48,9.6,7.11
2025-12-22 15:00:00,25.0,68,0.0,25.74,9.79,7.31
2025-12-22 16:00:00,24.4,72,0.0,25.04,10.01,7.0
2025-12-22 17:00:00,24.3,75,0.0,24.52,10.18,7.06
2025-12-22 18:00:00,24.4,73,0.0,24.18,10.21,7.02
2025-12-22 19:00:00,24.3,71,0.0,23.92,10.23,6.96
2025-12-22 20:00:00,24.2,70,0.0,23.7,10.25,7.17
2025-12-22 21:00:00,24.1,70,0.0,23.52,10.29,7.39
2025-12-22 22:00:00,23.9,67,0.0,23.33,10.27,7.54
2025-12-22 23:00:00,24.0,63,0.0,23.23,10.21,7.36
2025-12-23 00:00:00,23.7,62,0.0,23.07,10.22,7.54
2025-12-23 01:00:00,23.7,59,0.0,22.96,10.19,7.53
2025-12-23 02:00:00,24.6,55,0.0,23.15,10.07,7.63
2025-12-23 03:00:00,26.6,50,0.0,23.89,9.82,7.6
2025-12-23 04:00:00,28.0,47,0.0,24.82,9.58,7.69
2025-12-23 05:00:00,29.0,46,0.0,25.77,9.37,7.75
2025-12-23 06:00:00,30.1,45,0.0,26.77,9.15,7.63
2025-12-23 07:00:00,30.5,45,0.0,27.59,8.99,7.67
2025-12-23 08:00:00,31.1,43,0.0,28.34,8.81,7.63
2025-12-23 09:00:00,31.3,42,0.0,28.93,8.67,7.67
2025-12-23 10:00:00,31.1,43,0.0,29.28,8.62,7.41
2025-12-23 11:00:00,30.6,45,0.0,29.38,8.64,7.44
2025-12-23 12:00:00,29.7,52,0.0,29.17,8.8,7.56
2025-12-23 13:00:00,27.8,62,0.0,28.46,9.12,7.41
2025-12-23 14:00:00,26.5,68,0.0,27.57,9.41,7.37
2025-12-23 15:00:00,25.9,68,0.0,26.77,9.58,7.18
2025-12-23 16:00:00,25.2,72,0.0,26.0,9.81,7.17
2025-12-23 17:00:00,25.1,75,0.0,25.43,9.99,7.22
2025-12-23 18:00:00,24.8,76,0.0,24.94,10.11,7.27
2025-12-23 19:00:00,24.5,76,0.0,24.51,10.2,6.93
2025-12-23 20:00:00,24.5,78,0.0,24.21,10.31,7.03
2025-12-23 21:00:00,24.3,82,0.0,23.93,10.44,7.34
2025-12-23 22:00:00,23.8,82,0.0,23.59,10.51,7.25
2025-12-23 23:00:00,23.4,84,0.0,23.24,10.63,7.28
2025-12-24 00:00:00,23.1,84,0.0,22.9,10.7,7.31
2025-12-24 01:00:00,23.0,82,0.0,22.63,10.72,7.46
2025-12-24 02:00:00,24.0,77,0.0,22.74,10.6,7.44
2025-12-24 03:00:00,26.4,66,0.0,23.54,10.21,7.85
2025-12-24 04:00:00,28.2,56,0.0,24.64,9.79,7.67
2025-12-24 05:00:00,29.2,53,0.0,25.71,9.52,7.69
2025-12-24 06:00:00,29.9,51,0.0,26.66,9.29,7.75
2025-12-24 07:00:00,30.6,48,0.0,27.54,9.05,7.77
2025-12-24 08:00:00,31.2,45,0.0,28.34,8.84,7.73
2025-12-24 09:00:00,31.3,44,0.0,28.93,8.71,7.69
2025-12-24 10:00:00,30.9,46,0.0,29.22,8.69,7.45
2025-12-24 11:00:00,30.1,51,0.0,29.18,8.78,7.42
2025-12-24 12:00:00,28.7,61,0.0,28.74,9.05,7.45
2025-12-24 13:00:00,27.2,68,0.0,27.98,9.33,7.25
2025-12-24 14:00:00,26.3,71,0.0,27.17,9.55,7.24
2025-12-24 15:00:00,25.7,72,0.0,26.43,9.72,7.22
2025-12-24 16:00:00,25.3,74,0.0,25.79,9.89,7.22
2025-12-24 17:00:00,24.9,74,0.0,25.22,10.01,6.94
2025-12-24 18:00:00,24.9,74,0.0,24.83,10.1,7.18
2025-12-24 19:00:00,24.7,74,0.0,24.49,10.17,7.1
2025-12-24 20:00:00,24.7,72,0.0,24.25,10.18,7.23
2025-12-24 21:00:00,24.7,70,0.0,24.09,10.17,7.28
2025-12-24 22:00:00,24.4,71,0.0,23.88,10.24,7.43
2025-12-24 23:00:00,24.1,72,0.0,23.65,10.31,7.48
2025-12-25 00:00:00,23.8,75,0.0,23.39,10.42,7.56
2025-12-25 01:00:00,23.6,75,0.0,23.15,10.47,7.65
2025-12-25 02:00:00,24.6,70,0.0,23.29,10.34,7.61
2025-12-25 03:00:00,26.2,63,0.0,23.86,10.08,7.64
2025-12-25 04:00:00,27.5,56,0.0,24.65,9.79,7.76
2025-12-25 05:00:00,28.7,51,0.0,25.57,9.51,7.77
2025-12-25 06:00:00,30.0,48,0.0,26.6,9.24,7.66
2025-12-25 07:00:00,30.7,47,0.0,27.53,9.04,7.71
2025-12-25 08:00:00,31.5,45,0.0,28.42,8.83,7.63
2025-12-25 09:00:00,31.8,42,0.0,29.13,8.63,7.5
2025-12-25 10:00:00,31.0,43,0.0,29.39,8.6,7.65
2025-12-25 11:00:00,29.8,53,0.0,29.22,8.81,7.45
2025-12-25 12:00:00,29.5,52,0.0,29.0,8.84,7.57
2025-12-25 13:00:00,27.7,63,0.0,28.31,9.17,7.14
2025-12-25 14:00:00,26.5,71,0.0,27.47,9.49,7.18
2025-12-25 15:00:00,25.8,76,0.0,26.67,9.75,7.18
2025-12-25 16:00:00,25.3,77,0.0,25.96,9.92,7.25
2025-12-25 17:00:00,25.1,77,0.0,25.4,10.03,7.16
2025-12-25 18:00:00,25.1,79,0.0,25.01,10.15,7.14
2025-12-25 19:00:00,25.0,82,0.0,24.71,10.28,7.01
2025-12-25 20:00:00,25.0,81,0.0,24.49,10.3,7.04
2025-12-25 21:00:00,24.6,81,0.0,24.23,10.36,7.24
2025-12-25 22:00:00,24.2,81,0.0,23.92,10.42,7.13
2025-12-25 23:00:00,23.9,80,0.0,23.61,10.47,7.29
2025-12-26 00:00:00,23.3,84,0.0,23.22,10.63,7.48
2025-12-26 01:00:00,23.6,82,0.0,23.03,10.63,7.41
2025-12-26 02:00:00,24.7,77,0.0,23.23,10.49,7.74
2025-12-26 03:00:00,26.3,71,0.0,23.85,10.24,7.76
2025-12-26 04:00:00,27.5,64,0.0,24.65,9.94,7.52
2025-12-26 05:00:00,28.7,58,0.0,25.56,9.64,7.6
2025-12-26 06:00:00,30.1,52,0.0,26.62,9.31,7.47
2025-12-26 07:00:00,31.0,46,0.0,27.64,9.0,7.6
2025-12-26 08:00:00,31.7,43,0.0,28.56,8.76,7.71
2025-12-26 09:00:00,31.7,43,0.0,29.2,8.64,7.54
2025-12-26 10:00:00,31.6,44,0.0,29.62,8.57,7.56
2025-12-26 11:00:00,30.9,46,0.0,29.7,8.59,7.29
2025-12-26 12:00:00,29.0,57,0.0,29.19,8.88,7.45
2025-12-26 13:00:00,27.6,62,0.0,28.41,9.13,7.24
2025-12-26 14:00:00,26.8,67,0.0,27.63,9.38,7.23
2025-12-26 15:00:00,26.2,73,0.0,26.9,9.64,7.17
2025-12-26 16:00:00,25.9,76,0.0,26.3,9.83,7.01
2025-12-26 17:00:00,25.5,75,0.0,25.76,9.92,7.0
2025-12-26 18:00:00,25.4,73,0.0,25.35,9.97,7.2
2025-12-26 19:00:00,25.1,75,0.0,24.98,10.08,7.16
2025-12-26 20:00:00,24.7,79,0.0,24.59,10.24,7.26
2025-12-26 21:00:00,24.7,79,0.0,24.33,10.3,7.24
2025-12-26 22:00:00,24.4,76,0.0,24.05,10.3,7.28
2025-12-26 23:00:00,24.4,74,0.0,23.85,10.3,7.17
2025-12-27 00:00:00,24.3,72,0.0,23.69,10.3,7.4
2025-12-27 01:00:00,24.4,72,0.0,23.6,10.31,7.5
2025-12-27 02:00:00,25.1,72,0.0,23.75,10.28,7.77
2025-12-27 03:00:00,26.2,67,0.0,24.19,10.09,7.7
2025-12-27 04:00:00,27.3,62,0.0,24.82,9.87,7.83
2025-12-27 05:00:00,28.5,55,0.0,25.62,9.57,7.75
2025-12-27 06:00:00,29.8,48,0.0,26.58,9.25,7.62
2025-12-27 07:00:00,30.5,45,0.0,27.45,9.02,7.69
2025-12-27 08:00:00,30.9,43,0.0,28.19,8.84,7.66
2025-12-27 09:00:00,31.3,41,0.0,28.82,8.68,7.49
2025-12-27 10:00:00,31.3,40,0.0,29.26,8.57,7.48
2025-12-27 11:00:00,30.8,41,0.0,29.43,8.56,7.42
2025-12-27 12:00:00,30.1,45,0.0,29.33,8.65,7.53
2025-12-27 13:00:00,27.9,58,0.0,28.6,9.02,7.09
2025-12-27 14:00:00,26.3,70,0.0,27.61,9.44,7.35
2025-12-27 15:00:00,26.0,71,0.0,26.83,9.62,7.09
2025-12-27 16:00:00,25.7,73,0.0,26.19,9.79,7.0
2025-12-27 17:00:00,25.4,75,0.0,25.65,9.94,7.23
2025-12-27 18:00:00,25.4,76,0.0,25.28,10.04,7.18
2025-12-27 19:00:00,25.2,76,0.0,24.95,10.11,7.25
2025-12-27 20:00:00,25.0,77,0.0,24.67,10.19,7.23
2025-12-27 21:00:00,24.9,76,0.0,24.44,10.22,7.41
2025-12-27 22:00:00,24.6,75,0.0,24.19,10.25,7.32
2025-12-27 23:00:00,24.4,74,0.0,23.95,10.28,7.33
2025-12-28 00:00:00,24.4,72,0.0,23.79,10.28,7.46
2025-12-28 01:00:00,24.2,72,0.0,23.61,10.31,7.63
2025-12-28 02:00:00,25.0,69,0.0,23.73,10.23,7.49
2025-12-28 03:00:00,26.6,65,0.0,24.29,10.03,7.56
2025-12-28 04:00:00,27.9,59,0.0,25.07,9.76,7.64
2025-12-28 05:00:00,29.0,54,0.0,25.95,9.49,7.48
2025-12-28 06:00:00,30.4,49,0.0,26.99,9.18,7.7
2025-12-28 07:00:00,31.1,46,0.0,27.92,8.94,7.48
2025-12-28 08:00:00,32.2,42,0.0,28.9,8.68,7.64
2025-12-28 09:00:00,32.6,40,0.0,29.71,8.48,7.66
2025-12-28 10:00:00,32.2,41,0.0,30.16,8.41,7.46
2025-12-28 11:00:00,31.7,41,0.0,30.32,8.38,7.6
2025-12-28 12:00:00,30.5,44,0.0,30.07,8.48,7.21
2025-12-28 13:00:00,28.6,53,0.0,29.33,8.79,7.41
2025-12-28 14:00:00,27.1,61,0.0,28.36,9.12,7.29
2025-12-28 15:00:00,26.4,66,0.0,27.47,9.4,7.0
2025-12-28 16:00:00,25.8,73,0.0,26.67,9.69,7.4
2025-12-28 17:00:00,25.4,76,0.0,25.99,9.89,7.1
2025-12-28 18:00:00,25.6,77,0.0,25.57,10.0,7.02
2025-12-28 19:00:00,25.4,79,0.0,25.22,10.11,6.98
2025-12-28 20:00:00,25.0,80,0.0,24.85,10.21,7.13
2025-12-28 21:00:00,24.8,78,0.0,24.54,10.24,7.19
2025-12-28 22:00:00,24.5,78,0.0,24.23,10.3,7.28
2025-12-28 23:00:00,24.3,77,0.0,23.95,10.34,7.31
2025-12-29 00:00:00,24.5,76,0.0,23.81,10.35,7.49
2025-12-29 01:00:00,24.5,74,0.0,23.72,10.33,7.46
2025-12-29 02:00:00,25.2,72,0.0,23.86,10.26,7.38
2025-12-29 03:00:00,26.6,65,0.0,24.38,10.01,7.61
2025-12-29 04:00:00,27.7,61,0.0,25.08,9.79,7.43
2025-12-29 05:00:00,29.0,55,0.0,25.96,9.5,7.73
2025-12-29 06:00:00,30.4,49,0.0,26.99,9.18,7.59
2025-12-29 07:00:00,31.3,46,0.0,27.98,8.93,7.69
2025-12-29 08:00:00,32.1,43,0.0,28.92,8.69,7.76
2025-12-29 09:00:00,32.7,41,0.0,29.75,8.49,7.48
2025-12-29 10:00:00,32.9,40,0.0,30.4,8.35,7.61
2025-12-29 11:00:00,31.9,40,0.0,30.55,8.32,7.39
2025-12-29 12:00:00,30.4,48,0.0,30.2,8.53,7.53
2025-12-29 13:00:00,28.2,61,0.0,29.3,8.93,7.25
2025-12-29 14:00:00,27.4,62,0.0,28.43,9.13,7.14
2025-12-29 15:00:00,26.7,67,0.0,27.61,9.39,7.24
2025-12-29 16:00:00,26.1,76,0.0,26.86,9.71,7.09
2025-12-29 17:00:00,25.7,81,0.0,26.21,9.94,7.02
2025-12-29 18:00:00,25.9,80,0.0,25.82,10.0,7.05
2025-12-29 19:00:00,25.7,80,0.0,25.48,10.07,7.11
2025-12-29 20:00:00,25.4,80,0.0,25.16,10.14,7.28
2025-12-29 21:00:00,25.0,80,0.0,24.81,10.22,7.01
2025-12-29 22:00:00,24.7,81,0.0,24.48,10.31,7.27
2025-12-29 23:00:00,24.4,82,0.0,24.15,10.39,7.4
2025-12-30 00:00:00,24.1,84,0.0,23.84,10.5,7.44
2025-12-30 01:00:00,24.1,84,0.0,23.62,10.55,7.63
2025-12-30 02:00:00,24.8,81,0.0,23.67,10.48,7.57
2025-12-30 03:00:00,26.5,72,0.0,24.22,10.19,7.61
2025-12-30 04:00:00,28.3,61,0.0,25.14,9.78,7.73
2025-12-30 05:00:00,30.0,53,0.0,26.3,9.4,7.7
2025-12-30 06:00:00,31.3,49,0.0,27.5,9.08,7.65
2025-12-30 07:00:00,32.3,45,0.0,28.64,8.78,7.71
2025-12-30 08:00:00,32.1,45,0.0,29.38,8.64,7.56
2025-12-30 09:00:00,31.4,50,0.0,29.68,8.66,7.51
2025-12-30 10:00:00,28.6,72,0.0,29.06,9.17,7.47
2025-12-30 11:00:00,27.4,73,0.0,28.26,9.36,7.59
2025-12-30 12:00:00,27.6,72,0.0,27.76,9.45,7.06
2025-12-30 13:00:00,26.9,76,0.0,27.2,9.64,7.35
2025-12-30 14:00:00,26.4,79,0.0,26.66,9.8,7.25
2025-12-30 15:00:00,25.9,83,0.0,26.13,9.99,7.02
2025-12-30 16:00:00,25.5,87,0.0,25.64,10.17,7.17
2025-12-30 17:00:00,25.3,88,0.0,25.24,10.28,7.17
2025-12-30 18:00:00,25.0,90,0.0,24.87,10.4,7.17
2025-12-30 19:00:00,24.6,89,0.0,24.49,10.46,6.86
2025-12-30 20:00:00,24.2,89,0.0,24.1,10.54,7.3
2025-12-30 21:00:00,23.9,89,0.0,23.74,10.62,7.14
2025-12-30 22:00:00,23.7,89,0.0,23.43,10.69,7.34
2025-12-30 23:00:00,23.4,89,0.0,23.12,10.75,7.43
2025-12-31 00:00:00,23.2,83,0.0,22.84,10.69,7.34
2025-12-31 01:00:00,23.3,82,0.0,22.68,10.71,7.58
2025-12-31 02:00:00,24.9,76,0.0,23.05,10.51,7.54
2025-12-31 03:00:00,27.5,66,0.0,24.08,10.1,7.42
2025-12-31 04:00:00,28.9,63,0.0,25.23,9.8,7.78
2025-12-31 05:00:00,29.7,61,0.0,26.27,9.55,7.61
2025-12-31 06:00:00,29.9,59,0.1,27.06,9.35,7.6
2025-12-31 07:00:00,29.4,64,0.8,27.46,9.36,7.59
2025-12-31 08:00:00,28.9,68,1.7,27.59,9.41,7.59
2025-12-31 09:00:00,29.2,63,0.1,27.77,9.28,7.58
2025-12-31 10:00:00,29.1,60,0.0,27.87,9.21,7.59
2025-12-31 11:00:00,29.4,60,0.0,28.03,9.17,7.32
2025-12-31 12:00:00,28.8,64,0.0,27.96,9.26,7.31
2025-12-31 13:00:00,27.7,70,0.0,27.58,9.45,7.29
2025-12-31 14:00:00,27.2,73,0.0,27.17,9.59,7.43
2025-12-31 15:00:00,26.7,74,0.0,26.73,9.7,7.17
2025-12-31 16:00:00,26.2,76,0.0,26.27,9.83,7.25
2025-12-31 17:00:00,25.7,78,0.0,25.8,9.97,7.12
2025-12-31 18:00:00,25.5,79,0.0,25.41,10.07,7.06
2025-12-31 19:00:00,25.0,81,0.0,24.99,10.2,7.1
2025-12-31 20:00:00,24.6,82,0.0,24.57,10.31,7.14
2025-12-31 21:00:00,24.2,84,0.0,24.16,10.43,7.27
2025-12-31 22:00:00,23.7,88,0.0,23.72,10.6,7.41
2025-12-31 23:00:00,23.8,92,0.0,23.45,10.74,7.38
2026-01-01 00:00:00,23.4,91,0.0,23.13,10.79,7.55
2026-01-01 01:00:00,23.4,90,0.0,22.91,10.82,7.41
2026-01-01 02:00:00,24.5,86,0.0,23.09,10.7,7.54
2026-01-01 03:00:00,26.2,82,0.0,23.72,10.49,7.56
2026-01-01 04:00:00,27.8,73,0.0,24.65,10.12,7.7
2026-01-01 05:00:00,29.4,63,0.1,25.77,9.69,7.65
2026-01-01 06:00:00,30.7,53,0.1,26.95,9.27,7.76
2026-01-01 07:00:00,30.8,55,0.4,27.81,9.13,7.55
2026-01-01 08:00:00,29.1,67,1.3,27.89,9.33,7.58
2026-01-01 09:00:00,28.4,69,0.2,27.75,9.39,7.65
2026-01-01 10:00:00,28.5,62,0.0,27.67,9.28,7.33
2026-01-01 11:00:00,27.9,68,0.2,27.44,9.44,7.66
2026-01-01 12:00:00,25.6,85,0.1,26.59,9.93,7.36
2026-01-01 13:00:00,24.9,89,0.0,25.78,10.18,7.12
2026-01-01 14:00:00,25.1,88,0.0,25.28,10.27,7.27
2026-01-01 15:00:00,24.9,87,0.0,24.86,10.34,7.2
2026-01-01 16:00:00,24.7,87,0.0,24.51,10.41,7.15
2026-01-01 17:00:00,24.6,86,0.1,24.24,10.45,7.22
2026-01-01 18:00:00,24.5,87,0.4,24.02,10.52,7.17
2026-01-01 19:00:00,25.0,85,0.0,24.01,10.48,7.16
2026-01-01 20:00:00,24.4,88,0.0,23.83,10.58,7.21
2026-01-01 21:00:00,23.7,90,0.0,23.49,10.69,7.2
2026-01-01 22:00:00,23.2,90,0.0,23.1,10.78,7.46
2026-01-01 23:00:00,23.3,89,0.0,22.86,10.81,7.21
2026-01-02 00:00:00,24.7,80,0.0,23.11,10.58,7.44
2026-01-02 01:00:00,24.9,78,0.0,23.35,10.49,7.51
2026-01-02 02:00:00,25.3,77,0.0,23.63,10.41,7.65
2026-01-02 03:00:00,26.0,75,0.0,24.04,10.28,7.55
2026-01-02 04:00:00,27.1,69,0.0,24.66,10.04,7.5
2026-01-02 05:00:00,28.4,58,0.0,25.48,9.66,7.71
2026-01-02 06:00:00,29.4,50,0.0,26.36,9.33,7.72
2026-01-02 07:00:00,30.2,47,0.0,27.21,9.1,7.83
2026-01-02 08:00:00,31.7,43,0.0,28.26,8.82,7.51
2026-01-02 09:00:00,32.0,42,0.0,29.08,8.64,7.7
2026-01-02 10:00:00,30.7,49,0.0,29.27,8.73,7.75
2026-01-02 11:00:00,29.1,60,0.0,28.92,8.99,7.41
2026-01-02 12:00:00,28.7,60,0.0,28.55,9.07,7.25
2026-01-02 13:00:00,27.1,73,0.0,27.82,9.45,7.26
2026-01-02 14:00:00,26.5,79,0.0,27.12,9.71,7.24
2026-01-02 15:00:00,26.5,77,0.0,26.63,9.77,7.24
2026-01-02 16:00:00,26.6,75,0.0,26.32,9.8,7.08
2026-01-02 17:00:00,26.1,75,0.0,25.96,9.88,7.27
2026-01-02 18:00:00,26.6,72,0.0,25.85,9.84,6.99
2026-01-02 19:00:00,26.8,71,0.0,25.83,9.83,6.94
2026-01-02 20:00:00,26.2,73,0.0,25.64,9.91,7.25
2026-01-02 21:00:00,25.5,75,0.0,25.3,10.02,6.97
2026-01-02 22:00:00,25.1,77,0.0,24.94,10.13,7.24
2026-01-02 23:00:00,24.8,76,0.0,24.6,10.18,7.65
2026-01-03 00:00:00,24.8,77,0.0,24.36,10.25,7.42
2026-01-03 01:00:00,23.8,82,0.0,23.89,10.45,7.39
2026-01-03 02:00:00,24.9,77,0.0,23.89,10.35,7.57
2026-01-03 03:00:00,27.1,63,0.0,24.56,9.94,7.62
2026-01-03 04:00:00,28.9,51,0.0,25.56,9.51,7.68
2026-01-03 05:00:00,30.0,50,0.0,26.59,9.28,7.75
2026-01-03 06:00:00,30.7,49,0.0,27.52,9.08,7.58
2026-01-03 07:00:00,31.0,48,0.1,28.27,8.91,7.83
2026-01-03 08:00:00,31.8,45,0.0,29.03,8.71,7.65
2026-01-03 09:00:00,31.5,46,0.1,29.47,8.64,7.64
2026-01-03 10:00:00,30.9,48,0.2,29.6,8.65,7.44
2026-01-03 11:00:00,30.6,48,0.0,29.6,8.65,7.57
2026-01-03 12:00:00,29.6,53,0.1,29.3,8.79,7.33
2026-01-03 13:00:00,28.3,59,0.0,28.7,9.02,7.32
2026-01-03 14:00:00,27.4,65,0.0,28.01,9.27,7.14
2026-01-03 15:00:00,26.7,70,0.0,27.32,9.5,7.08
2026-01-03 16:00:00,26.3,71,0.0,26.71,9.65,7.2
2026-01-03 17:00:00,26.1,70,0.0,26.23,9.73,7.06
2026-01-03 18:00:00,25.8,73,0.0,25.8,9.87,7.02
2026-01-03 19:00:00,25.7,73,0.0,25.47,9.94,7.05
2026-01-03 20:00:00,25.3,73,0.0,25.12,10.02,7.22
2026-01-03 21:00:00,24.9,75,0.0,24.75,10.13,7.14
2026-01-03 22:00:00,24.7,72,0.0,24.44,10.14,7.25
2026-01-03 23:00:00,24.4,71,0.0,24.13,10.19,7.34
2026-01-04 00:00:00,24.2,71,0.0,23.85,10.24,7.23
2026-01-04 01:00:00,24.2,70,0.0,23.65,10.26,7.35
2026-01-04 02:00:00,24.9,67,0.0,23.73,10.19,7.61
2026-01-04 03:00:00,26.4,59,0.0,24.23,9.93,7.56
2026-01-04 04:00:00,28.0,49,0.0,25.06,9.57,7.77
2026-01-04 05:00:00,28.5,49,0.0,25.79,9.42,7.79
2026-01-04 06:00:00,29.5,47,0.0,26.6,9.22,7.77
2026-01-04 07:00:00,30.6,43,0.0,27.5,8.97,7.86
2026-01-04 08:00:00,31.2,41,0.0,28.31,8.78,7.63
2026-01-04 09:00:00,31.5,39,0.0,28.97,8.61,7.65
2026-01-04 10:00:00,31.5,38,0.0,29.43,8.51,7.46
2026-01-04 11:00:00,30.6,41,0.0,29.48,8.55,7.69
2026-01-04 12:00:00,28.9,50,0.0,29.01,8.8,7.57
2026-01-04 13:00:00,27.4,58,0.0,28.22,9.1,7.3
2026-01-04 14:00:00,26.3,66,0.0,27.35,9.42,7.28
2026-01-04 15:00:00,25.9,68,0.0,26.61,9.61,7.32
2026-01-04 16:00:00,25.5,70,0.0,25.98,9.78,7.13
2026-01-04 17:00:00,25.2,70,0.0,25.45,9.89,7.05
2026-01-04 18:00:00,24.9,67,0.0,24.98,9.93,7.2
2026-01-04 19:00:00,25.0,65,0.0,24.69,9.95,7.13
2026-01-04 20:00:00,25.1,64,0.0,24.51,9.97,7.17
2026-01-04 21:00:00,24.9,64,0.0,24.33,10.01,7.12
2026-01-04 22:00:00,24.6,65,0.0,24.11,10.07,7.1
2026-01-04 23:00:00,24.4,66,0.0,23.9,10.13,7.37
2026-01-05 00:00:00,24.8,62,0.0,23.87,10.06,7.51
2026-01-05 01:00:00,24.9,60,0.0,23.88,10.02,7.48
2026-01-05 02:00:00,25.4,61,0.0,24.03,10.01,7.71
2026-01-05 03:00:00,26.9,54,0.0,24.59,9.76,7.56
2026-01-05 04:00:00,28.3,47,0.0,25.41,9.46,7.56
2026-01-05 05:00:00,29.1,45,0.0,26.21,9.26,7.68
2026-01-05 06:00:00,30.0,45,0.0,27.05,9.1,7.68
2026-01-05 07:00:00,31.0,42,0.0,27.93,8.87,7.75
2026-01-05 08:00:00,31.9,39,0.0,28.82,8.64,7.55
2026-01-05 09:00:00,33.0,36,0.0,29.78,8.4,7.71
2026-01-05 10:00:00,33.2,36,0.0,30.5,8.26,7.7
2026-01-05 11:00:00,32.5,38,0.0,30.8,8.24,7.43
2026-01-05 12:00:00,30.2,48,0.0,30.32,8.5,7.48
2026-01-05 13:00:00,28.7,56,0.0,29.54,8.8,7.18
2026-01-05 14:00:00,27.2,65,0.0,28.53,9.16,7.33
2026-01-05 15:00:00,26.7,68,0.0,27.68,9.39,7.28
2026-01-05 16:00:00,26.4,67,0.0,27.0,9.51,7.22
2026-01-05 17:00:00,26.3,65,0.0,26.49,9.58,7.1
2026-01-05 18:00:00,25.9,68,0.0,26.01,9.74,6.8
2026-01-05 19:00:00,25.6,67,0.0,25.59,9.8,7.05
2026-01-05 20:00:00,25.3,67,0.0,25.2,9.88,7.09
2026-01-05 21:00:00,25.0,65,0.0,24.84,9.92,7.1
2026-01-05 22:00:00,24.8,66,0.0,24.53,10.0,7.28
2026-01-05 23:00:00,24.7,65,0.0,24.28,10.04,7.3
2026-01-06 00:00:00,24.8,63,0.0,24.14,10.03,7.34
2026-01-06 01:00:00,25.1,61,0.0,24.13,9.99,7.39
2026-01-06 02:00:00,25.6,58,0.0,24.27,9.9,7.5
2026-01-06 03:00:00,26.4,56,0.0,24.61,9.79,7.74
2026-01-06 04:00:00,27.8,52,0.0,25.27,9.59,7.6
2026-01-06 05:00:00,28.7,49,0.0,26.0,9.38,7.64
2026-01-06 06:00:00,29.9,47,0.0,26.87,9.17,7.65
2026-01-06 07:00:00,30.6,44,0.0,27.69,8.95,7.71
2026-01-06 08:00:00,30.6,44,0.0,28.26,8.84,7.68
2026-01-06 09:00:00,31.0,42,0.0,28.78,8.7,7.28
2026-01-06 10:00:00,31.4,41,0.0,29.27,8.59,7.62
2026-01-06 11:00:00,30.5,44,0.0,29.34,8.63,7.59
2026-01-06 12:00:00,28.8,51,0.0,28.88,8.84,7.27
2026-01-06 13:00:00,27.7,56,0.0,28.22,9.06,7.2
2026-01-06 14:00:00,26.7,63,0.0,27.47,9.34,7.19
2026-01-06 15:00:00,26.5,64,0.0,26.88,9.48,7.1
2026-01-06 16:00:00,26.5,63,0.0,26.46,9.55,7.16
2026-01-06 17:00:00,26.2,64,0.0,26.08,9.65,6.91
2026-01-06 18:00:00,26.4,62,0.0,25.88,9.65,6.99
2026-01-06 19:00:00,26.5,60,0.0,25.77,9.64,7.27
2026-01-06 20:00:00,26.2,60,0.0,25.6,9.67,7.05
2026-01-06 21:00:00,26.3,57,0.0,25.51,9.63,7.32
2026-01-06 22:00:00,26.0,57,0.0,25.35,9.66,7.29
2026-01-06 23:00:00,25.7,60,0.0,25.16,9.76,7.15
2026-01-07 00:00:00,25.4,63,0.0,24.93,9.86,7.47
2026-01-07 01:00:00,25.7,62,0.0,24.86,9.86,7.48
2026-01-07 02:00:00,25.9,62,0.0,24.87,9.86,7.52
2026-01-07 03:00:00,26.5,60,0.0,25.06,9.78,7.65
2026-01-07 04:00:00,27.0,58,0.0,25.34,9.68,7.71
2026-01-07 05:00:00,27.4,56,0.0,25.66,9.58,7.76
2026-01-07 06:00:00,28.1,52,0.0,26.09,9.42,7.82
2026-01-07 07:00:00,28.8,51,0.0,26.6,9.3,7.72
2026-01-07 08:00:00,28.9,51,0.0,26.99,9.22,7.51
2026-01-07 09:00:00,28.6,53,0.0,27.18,9.22,7.55
2026-01-07 10:00:00,29.6,48,0.0,27.6,9.04,7.83
2026-01-07 11:00:00,28.1,57,0.0,27.45,9.24,7.54
2026-01-07 12:00:00,28.3,54,0.0,27.41,9.19,7.62
2026-01-07 13:00:00,26.4,66,0.0,26.8,9.53,7.45
2026-01-07 14:00:00,26.1,66,0.0,26.29,9.64,7.27
2026-01-07 15:00:00,26.0,65,0.0,25.91,9.7,7.22
2026-01-07 16:00:00,25.9,63,0.0,25.6,9.73,7.14
2026-01-07 17:00:00,25.7,61,0.0,25.33,9.74,6.94
2026-01-07 18:00:00,25.1,60,0.0,24.96,9.8,7.11
2026-01-07 19:00:00,24.8,59,0.0,24.61,9.85,7.25
2026-01-07 20:00:00,24.4,60,0.0,24.25,9.95,7.1
2026-01-07 21:00:00,24.0,61,0.0,23.87,10.04,7.25
2026-01-07 22:00:00,23.8,61,0.0,23.55,10.11,7.36
2026-01-07 23:00:00,23.7,60,0.0,23.3,10.14,7.26
2026-01-08 00:00:00,24.0,62,0.0,23.21,10.2,7.38
2026-01-08 01:00:00,23.9,63,0.0,23.12,10.24,7.4
2026-01-08 02:00:00,24.3,62,0.0,23.17,10.21,7.5
2026-01-08 03:00:00,25.4,57,0.0,23.54,10.03,7.51
2026-01-08 04:00:00,26.7,51,0.0,24.19,9.78,7.59
2026-01-08 05:00:00,27.7,48,0.0,24.94,9.57,7.84
2026-01-08 06:00:00,28.7,44,0.0,25.77,9.33,7.61
2026-01-08 07:00:00,29.3,42,0.0,26.53,9.15,7.7
2026-01-08 08:00:00,29.8,39,0.0,27.21,8.96,7.6
2026-01-08 09:00:00,30.3,37,0.0,27.84,8.8,7.71
2026-01-08 10:00:00,30.8,37,0.0,28.43,8.68,7.66
2026-01-08 11:00:00,29.5,43,0.0,28.45,8.79,7.54
2026-01-08 12:00:00,28.9,47,0.0,28.28,8.89,7.41
2026-01-08 13:00:00,27.8,50,0.0,27.84,9.03,7.28
2026-01-08 14:00:00,27.1,53,0.0,27.32,9.19,7.12
2026-01-08 15:00:00,26.8,53,0.0,26.86,9.28,7.37
2026-01-08 16:00:00,26.2,56,0.0,26.36,9.44,7.06
2026-01-08 17:00:00,25.7,59,0.0,25.86,9.6,7.18
2026-01-08 18:00:00,25.8,57,0.0,25.55,9.62,7.21
2026-01-08 19:00:00,25.5,57,0.0,25.23,9.69,7.06
2026-01-08 20:00:00,25.2,55,0.0,24.92,9.71,7.25
2026-01-08 21:00:00,24.9,54,0.0,24.62,9.75,7.28
2026-01-08 22:00:00,24.6,54,0.0,24.31,9.82,7.44
2026-01-08 23:00:00,24.5,52,0.0,24.07,9.83,7.29
2026-01-09 00:00:00,24.1,53,0.0,23.78,9.9,7.29
2026-01-09 01:00:00,24.2,55,0.0,23.6,9.98,7.45
2026-01-09 02:00:00,24.5,56,0.0,23.57,10.0,7.6
2026-01-09 03:00:00,25.7,54,0.0,23.91,9.9,7.64
2026-01-09 04:00:00,27.4,48,0.0,24.66,9.63,7.63
2026-01-09 05:00:00,29.0,42,0.0,25.66,9.32,7.5
2026-01-09 06:00:00,29.7,43,0.0,26.57,9.16,7.74
2026-01-09 07:00:00,30.9,44,0.0,27.57,8.98,7.87
2026-01-09 08:00:00,31.5,43,0.0,28.45,8.79,7.68
2026-01-09 09:00:00,31.9,41,0.0,29.18,8.61,7.64
2026-01-09 10:00:00,31.8,41,0.0,29.67,8.51,7.57
2026-01-09 11:00:00,31.2,43,0.0,29.83,8.51,7.48
2026-01-09 12:00:00,30.1,48,0.0,29.61,8.64,7.46
2026-01-09 13:00:00,28.9,51,0.0,29.1,8.8,7.33
2026-01-09 14:00:00,27.8,55,0.0,28.41,9.01,7.19
2026-01-09 15:00:00,27.1,58,0.0,27.72,9.2,7.09
2026-01-09 16:00:00,26.3,62,0.0,26.99,9.42,7.11
2026-01-09 17:00:00,25.9,65,0.0,26.36,9.61,7.14
2026-01-09 18:00:00,25.8,65,0.0,25.89,9.7,7.07
2026-01-09 19:00:00,25.2,67,0.0,25.39,9.85,7.15
2026-01-09 20:00:00,24.9,68,0.0,24.94,9.96,7.19
2026-01-09 21:00:00,24.7,67,0.0,24.57,10.02,7.29
2026-01-09 22:00:00,24.4,67,0.0,24.22,10.09,7.4
2026-01-09 23:00:00,24.1,67,0.0,23.88,10.16,7.35
2026-01-10 00:00:00,24.4,63,0.0,23.74,10.11,7.29
2026-01-10 01:00:00,24.4,63,0.0,23.64,10.13,7.47
2026-01-10 02:00:00,25.1,61,0.0,23.78,10.06,7.58
2026-01-10 03:00:00,27.2,53,0.0,24.5,9.76,7.44
2026-01-10 04:00:00,29.0,48,0.0,25.55,9.45,7.8
2026-01-10 05:00:00,30.8,44,0.0,26.83,9.12,7.7
2026-01-10 06:00:00,32.2,42,0.0,28.14,8.83,7.72
2026-01-10 07:00:00,32.6,43,0.0,29.18,8.64,7.79
2026-01-10 08:00:00,31.9,45,0.0,29.69,8.57,7.56
2026-01-10 09:00:00,31.4,46,0.0,29.91,8.55,7.63
2026-01-10 10:00:00,31.2,47,0.0,29.99,8.55,7.5
2026-01-10 11:00:00,30.2,52,0.0,29.76,8.68,7.42
2026-01-10 12:00:00,30.1,48,0.1,29.56,8.65,7.28
2026-01-10 13:00:00,28.7,53,0.0,29.0,8.85,7.46
2026-01-10 14:00:00,27.1,60,0.0,28.13,9.15,7.19
2026-01-10 15:00:00,26.5,62,0.0,27.34,9.35,7.24
2026-01-10 16:00:00,25.6,66,0.0,26.52,9.59,6.95
2026-01-10 17:00:00,25.5,67,0.0,25.91,9.74,7.23
2026-01-10 18:00:00,24.9,72,0.0,25.31,9.96,7.21
2026-01-10 19:00:00,24.9,72,0.0,24.89,10.05,7.13
2026-01-10 20:00:00,25.3,70,0.0,24.71,10.04,7.13
2026-01-10 21:00:00,25.5,69,0.0,24.65,10.04,7.24
2026-01-10 22:00:00,25.6,68,0.0,24.63,10.02,7.49
2026-01-10 23:00:00,25.6,68,0.0,24.62,10.02,7.16
2026-01-11 00:00:00,25.0,74,0.0,24.44,10.18,7.49
2026-01-11 01:00:00,24.6,78,0.0,24.19,10.31,7.4
2026-01-11 02:00:00,25.1,74,0.0,24.16,10.24,7.57
2026-01-11 03:00:00,27.1,64,0.0,24.74,9.92,7.6
2026-01-11 04:00:00,28.2,59,0.0,25.48,9.68,7.62
2026-01-11 05:00:00,29.0,58,0.0,26.24,9.5,7.69
2026-01-11 06:00:00,29.5,56,0.0,26.91,9.33,7.58
2026-01-11 07:00:00,30.4,53,0.0,27.66,9.12,7.78
2026-01-11 08:00:00,30.7,53,0.0,28.27,9.0,7.46
2026-01-11 09:00:00,30.7,53,0.0,28.7,8.91,7.64
2026-01-11 10:00:00,30.9,52,0.0,29.06,8.82,7.49
2026-01-11 11:00:00,30.5,54,0.0,29.19,8.83,7.33
2026-01-11 12:00:00,29.5,60,0.0,28.98,8.98,7.39
2026-01-11 13:00:00,28.5,65,0.0,28.54,9.16,7.14
2026-01-11 14:00:00,27.9,68,0.0,28.05,9.31,7.23
2026-01-11 15:00:00,27.0,72,0.0,27.43,9.51,7.03
2026-01-11 16:00:00,26.5,74,0.0,26.85,9.67,7.18
2026-01-11 17:00:00,26.3,72,0.0,26.39,9.73,7.01
2026-01-11 18:00:00,26.4,72,0.0,26.09,9.79,7.05
2026-01-11 19:00:00,25.7,76,0.0,25.67,9.96,7.14
2026-01-11 20:00:00,25.1,78,0.0,25.2,10.1,7.07
2026-01-11 21:00:00,24.7,80,0.0,24.75,10.23,7.19
2026-01-11 22:00:00,24.6,79,0.0,24.41,10.28,7.11
2026-01-11 23:00:00,24.7,77,0.0,24.19,10.29,7.4
2026-01-12 00:00:00,24.5,77,0.0,23.99,10.33,7.6
2026-01-12 01:00:00,24.8,75,0.1,23.93,10.3,7.77
2026-01-12 02:00:00,25.0,74,0.0,23.95,10.28,7.58
2026-01-12 03:00:00,25.0,75,0.1,23.97,10.3,7.7
2026-01-12 04:00:00,25.8,71,0.1,24.22,10.17,7.49
2026-01-12 05:00:00,28.3,60,0.0,25.14,9.76,7.85
2026-01-12 06:00:00,30.1,53,0.0,26.33,9.39,7.77
2026-01-12 07:00:00,31.6,47,0.0,27.61,9.02,7.63
2026-01-12 08:00:00,31.9,47,0.0,28.6,8.83,7.76
2026-01-12 09:00:00,32.0,47,0.1,29.32,8.68,7.55
2026-01-12 10:00:00,31.6,48,0.0,29.7,8.62,7.47
2026-01-12 11:00:00,30.6,54,0.0,29.67,8.73,7.49
2026-01-12 12:00:00,29.1,63,0.0,29.2,8.99,7.26
2026-01-12 13:00:00,27.9,69,0.0,28.51,9.24,7.4
2026-01-12 14:00:00,27.3,73,0.0,27.85,9.45,7.13
2026-01-12 15:00:00,26.5,75,0.0,27.14,9.63,7.07
2026-01-12 16:00:00,25.8,77,0.0,26.44,9.81,7.04
2026-01-12 17:00:00,25.5,79,0.0,25.86,9.98,7.19
2026-01-12 18:00:00,25.9,76,0.0,25.57,9.98,7.04
2026-01-12 19:00:00,25.4,78,0.0,25.22,10.09,6.98
2026-01-12 20:00:00,25.2,78,0.0,24.91,10.16,7.09
2026-01-12 21:00:00,24.9,79,0.0,24.61,10.24,7.2
2026-01-12 22:00:00,24.7,81,0.0,24.34,10.34,7.15
2026-01-12 23:00:00,24.6,81,0.0,24.12,10.38,7.23
2026-01-13 00:00:00,24.6,80,0.0,23.96,10.4,7.63
2026-01-13 01:00:00,24.5,79,0.0,23.82,10.41,7.41
2026-01-13 02:00:00,24.9,78,0.0,23.85,10.38,7.54
2026-01-13 03:00:00,26.2,72,0.0,24.25,10.18,7.59
2026-01-13 04:00:00,27.5,67,0.0,24.93,9.94,7.63
2026-01-13 05:00:00,28.9,61,0.0,25.82,9.64,7.75
2026-01-13 06:00:00,30.1,56,0.0,26.8,9.35,7.79
2026-01-13 07:00:00,30.2,56,0.0,27.52,9.2,7.64
2026-01-13 08:00:00,30.5,55,0.0,28.12,9.07,7.52
2026-01-13 09:00:00,30.6,56,0.0,28.56,8.99,7.71
2026-01-13 10:00:00,29.8,59,0.6,28.63,9.03,7.48
2026-01-13 11:00:00,29.7,57,0.0,28.65,8.99,7.62
2026-01-13 12:00:00,29.4,59,0.0,28.58,9.04,7.15
2026-01-13 13:00:00,28.4,61,0.0,28.22,9.15,7.32
2026-01-13 14:00:00,27.6,64,0.0,27.74,9.31,7.42
2026-01-13 15:00:00,27.0,67,0.0,27.22,9.47,7.14
2026-01-13 16:00:00,26.4,69,0.0,26.67,9.62,7.11
2026-01-13 17:00:00,26.0,70,0.0,26.17,9.74,7.14
2026-01-13 18:00:00,26.0,70,0.0,25.82,9.81,7.05
2026-01-13 19:00:00,26.0,68,0.0,25.57,9.83,7.08
2026-01-13 20:00:00,25.9,68,0.0,25.37,9.87,7.11
2026-01-13 21:00:00,25.6,71,0.0,25.14,9.97,7.13
2026-01-13 22:00:00,25.4,72,0.0,24.92,10.04,7.38
2026-01-13 23:00:00,25.3,72,0.0,24.73,10.08,7.38
2026-01-14 00:00:00,25.2,75,0.0,24.57,10.17,7.44
2026-01-14 01:00:00,25.1,75,0.0,24.43,10.2,7.57
2026-01-14 02:00:00,25.5,74,0.0,24.45,10.18,7.54
2026-01-14 03:00:00,27.3,65,0.0,25.01,9.89,7.54
2026-01-14 04:00:00,28.8,57,0.0,25.84,9.56,7.6
2026-01-14 05:00:00,29.8,53,0.0,26.73,9.31,7.68
2026-01-14 06:00:00,31.1,49,0.0,27.74,9.03,7.58
2026-01-14 07:00:00,32.1,46,0.0,28.75,8.78,7.61
2026-01-14 08:00:00,32.9,43,0.0,29.69,8.54,7.57
2026-01-14 09:00:00,32.8,43,0.0,30.33,8.42,7.78
2026-01-14 10:00:00,32.0,48,0.0,30.53,8.46,7.23
2026-01-14 11:00:00,31.6,49,0.0,30.55,8.47,7.41
2026-01-14 12:00:00,29.5,62,0.0,29.93,8.82,7.53
2026-01-14 13:00:00,28.5,68,0.1,29.2,9.07,7.29
2026-01-14 14:00:00,27.6,70,0.0,28.42,9.27,7.3
2026-01-14 15:00:00,27.0,72,0.0,27.7,9.46,7.18
2026-01-14 16:00:00,26.0,77,0.0,26.89,9.72,7.06
2026-01-14 17:00:00,25.8,78,0.0,26.26,9.87,6.88
2026-01-14 18:00:00,25.8,79,0.0,25.82,9.98,7.12
2026-01-14 19:00:00,25.4,80,0.0,25.4,10.09,7.04
2026-01-14 20:00:00,24.8,82,0.0,24.92,10.23,7.07
2026-01-14 21:00:00,24.6,81,0.0,24.52,10.3,7.15
2026-01-14 22:00:00,24.5,78,0.0,24.22,10.3,7.44
2026-01-14 23:00:00,24.2,78,0.0,23.91,10.37,7.58
2026-01-15 00:00:00,24.3,77,0.0,23.73,10.39,7.44
2026-01-15 01:00:00,24.2,77,0.0,23.57,10.42,7.46
2026-01-15 02:00:00,25.0,75,0.0,23.7,10.35,7.46
2026-01-15 03:00:00,26.6,69,0.0,24.27,10.12,7.68
2026-01-15 04:00:00,28.0,60,0.0,25.09,9.77,7.85
2026-01-15 05:00:00,29.4,52,0.0,26.08,9.42,7.66
2026-01-15 06:00:00,30.7,48,0.0,27.17,9.13,7.45
2026-01-15 07:00:00,31.7,44,0.0,28.23,8.85,7.73
2026-01-15 08:00:00,32.1,41,0.0,29.09,8.62,7.73
2026-01-15 09:00:00,32.1,39,0.0,29.69,8.47,7.42
2026-01-15 10:00:00,31.7,38,0.0,29.99,8.39,7.53
2026-01-15 11:00:00,30.9,43,0.0,29.97,8.49,7.48
2026-01-15 12:00:00,29.2,57,0.0,29.44,8.83,7.36
2026-01-15 13:00:00,27.4,66,0.0,28.53,9.18,7.22
2026-01-15 14:00:00,26.8,67,0.0,27.71,9.37,7.33
2026-01-15 15:00:00,26.5,65,0.0,27.05,9.47,7.14
2026-01-15 16:00:00,25.8,66,0.0,26.37,9.62,6.99
2026-01-15 17:00:00,25.4,68,0.0,25.78,9.78,6.91
2026-01-15 18:00:00,25.1,70,0.0,25.28,9.93,7.23
2026-01-15 19:00:00,24.7,72,0.0,24.8,10.06,7.18
2026-01-15 20:00:00,24.3,75,0.0,24.35,10.22,7.17
2026-01-15 21:00:00,24.0,76,0.0,23.95,10.32,7.16
2026-01-15 22:00:00,23.8,76,0.0,23.6,10.39,7.22
2026-01-15 23:00:00,23.8,78,0.0,23.36,10.48,7.24
2026-01-16 00:00:00,24.1,76,0.0,23.28,10.46,7.38
2026-01-16 01:00:00,23.9,79,0.0,23.17,10.54,7.29
2026-01-16 02:00:00,24.5,77,0.0,23.27,10.48,7.5
2026-01-16 03:00:00,26.1,68,0.0,23.82,10.19,7.6
2026-01-16 04:00:00,27.7,59,0.0,24.68,9.84,7.73
2026-01-16 05:00:00,29.2,52,0.0,25.74,9.49,7.69
2026-01-16 06:00:00,30.2,45,0.0,26.78,9.15,7.77
2026-01-16 07:00:00,31.1,42,0.0,27.77,8.9,7.81
2026-01-16 08:00:00,32.0,38,0.0,28.74,8.64,7.74
2026-01-16 09:00:00,32.3,37,0.0,29.51,8.47,7.62
2026-01-16 10:00:00,32.2,37,0.0,30.02,8.37,7.51
2026-01-16 11:00:00,31.4,41,0.0,30.13,8.42,7.34
2026-01-16 12:00:00,28.7,58,0.0,29.4,8.86,7.44
2026-01-16 13:00:00,27.1,62,0.0,28.41,9.13,7.47
2026-01-16 14:00:00,26.5,63,0.0,27.54,9.33,7.27
2026-01-16 15:00:00,26.0,65,0.0,26.78,9.52,7.37
2026-01-16 16:00:00,25.5,69,0.0,26.09,9.74,6.99
2026-01-16 17:00:00,25.2,72,0.0,25.53,9.91,7.0
2026-01-16 18:00:00,24.9,74,0.0,25.04,10.05,7.2
2026-01-16 19:00:00,24.7,75,0.0,24.64,10.16,7.15
2026-01-16 20:00:00,24.3,75,0.0,24.24,10.24,7.29
2026-01-16 21:00:00,24.0,75,0.0,23.86,10.32,7.21
2026-01-16 22:00:00,23.7,76,0.0,23.52,10.41,7.19
2026-01-16 23:00:00,23.7,76,0.0,23.27,10.46,7.33
2026-01-17 00:00:00,23.4,75,0.0,23.01,10.5,7.28
2026-01-17 01:00:00,23.6,73,0.0,22.89,10.48,7.4
2026-01-17 02:00:00,24.3,69,0.0,23.01,10.38,7.68
2026-01-17 03:00:00,26.0,59,0.0,23.61,10.06,7.72
2026-01-17 04:00:00,27.3,54,0.0,24.42,9.79,7.71
2026-01-17 05:00:00,28.4,50,0.0,25.31,9.54,7.52
2026-01-17 06:00:00,29.6,45,0.0,26.3,9.25,7.66
2026-01-17 07:00:00,30.7,41,0.0,27.32,8.97,7.55
2026-01-17 08:00:00,31.6,38,0.0,28.3,8.72,7.75
2026-01-17 09:00:00,32.5,35,0.0,29.26,8.49,7.52
2026-01-17 10:00:00,32.7,33,0.0,29.99,8.31,7.4
2026-01-17 11:00:00,31.9,33,0.0,30.27,8.26,7.44
2026-01-17 12:00:00,30.3,44,0.0,29.98,8.5,7.3
2026-01-17 13:00:00,28.2,55,0.0,29.14,8.86,7.44
2026-01-17 14:00:00,27.2,56,0.0,28.26,9.06,7.15
2026-01-17 15:00:00,26.0,60,0.0,27.28,9.33,7.04
2026-01-17 16:00:00,25.4,65,0.0,26.42,9.6,6.92
2026-01-17 17:00:00,25.0,69,0.0,25.69,9.82,7.11
2026-01-17 18:00:00,24.9,71,0.0,25.15,9.97,7.05
2026-01-17 19:00:00,24.6,74,0.0,24.69,10.13,6.98
2026-01-17 20:00:00,24.2,76,0.0,24.24,10.26,7.28
2026-01-17 21:00:00,24.0,77,0.0,23.87,10.36,7.28
2026-01-17 22:00:00,23.9,76,0.0,23.58,10.4,7.27
2026-01-17 23:00:00,23.9,74,0.0,23.37,10.4,7.49
2026-01-18 00:00:00,23.4,76,0.0,23.08,10.5,7.5
2026-01-18 01:00:00,23.6,73,0.0,22.94,10.47,7.43
2026-01-18 02:00:00,24.3,69,0.0,23.05,10.37,7.48
2026-01-18 03:00:00,26.0,59,0.0,23.63,10.05,7.72
2026-01-18 04:00:00,27.7,52,0.0,24.55,9.73,7.71
2026-01-18 05:00:00,29.1,49,0.0,25.62,9.46,7.71
2026-01-18 06:00:00,30.9,44,0.0,26.9,9.11,7.61
2026-01-18 07:00:00,33.0,36,0.0,28.43,8.66,7.73
2026-01-18 08:00:00,33.4,33,0.0,29.62,8.38,7.55
2026-01-18 09:00:00,32.9,33,0.0,30.31,8.25,7.56
2026-01-18 10:00:00,30.3,50,0.0,30.0,8.6,7.65
2026-01-18 11:00:00,28.2,62,0.0,29.16,8.98,7.38
2026-01-18 12:00:00,27.1,63,0.0,28.24,9.18,7.22
2026-01-18 13:00:00,26.3,68,0.0,27.36,9.46,7.2
2026-01-18 14:00:00,26.2,67,0.0,26.71,9.57,7.34
2026-01-18 15:00:00,25.9,66,0.0,26.17,9.67,7.21
2026-01-18 16:00:00,25.6,68,0.2,25.7,9.8,7.12
2026-01-18 17:00:00,25.4,69,0.1,25.31,9.9,7.06
2026-01-18 18:00:00,25.5,68,0.0,25.07,9.93,7.16
2026-01-18 19:00:00,25.3,69,0.0,24.84,10.0,7.04
2026-01-18 20:00:00,24.9,70,0.0,24.56,10.08,7.19
2026-01-18 21:00:00,24.3,74,0.0,24.18,10.23,7.13
2026-01-18 22:00:00,23.8,80,0.0,23.77,10.44,7.18
2026-01-18 23:00:00,23.8,82,0.0,23.48,10.54,7.28
2026-01-19 00:00:00,23.3,79,0.0,23.12,10.55,7.39
2026-01-19 01:00:00,23.5,74,0.0,22.94,10.49,7.5
2026-01-19 02:00:00,24.2,70,0.0,23.02,10.4,7.6
2026-01-19 03:00:00,26.0,62,0.0,23.61,10.11,7.27
2026-01-19 04:00:00,27.9,55,0.0,24.6,9.78,7.59
2026-01-19 05:00:00,29.4,50,0.0,25.74,9.45,7.65
2026-01-19 06:00:00,31.0,44,0.0,27.02,9.09,7.84
2026-01-19 07:00:00,30.5,46,0.0,27.76,8.98,7.56
2026-01-19 08:00:00,29.2,57,0.1,27.89,9.15,7.65
2026-01-19 09:00:00,27.3,68,0.3,27.42,9.45,7.73
2026-01-19 10:00:00,27.9,62,0.3,27.26,9.37,7.39
2026-01-19 11:00:00,27.6,63,0.0,27.06,9.43,7.51
2026-01-19 12:00:00,26.8,67,0.0,26.68,9.58,7.31
2026-01-19 13:00:00,25.9,71,0.0,26.15,9.76,7.27
2026-01-19 14:00:00,25.9,69,0.0,25.77,9.8,7.17
2026-01-19 15:00:00,25.6,72,0.2,25.42,9.93,7.11
2026-01-19 16:00:00,24.7,83,0.8,24.91,10.25,7.38
2026-01-19 17:00:00,24.2,89,0.4,24.39,10.48,7.18
2026-01-19 18:00:00,24.6,82,0.0,24.16,10.39,7.23
2026-01-19 19:00:00,24.3,84,0.0,23.9,10.49,7.18
2026-01-19 20:00:00,24.3,82,0.0,23.72,10.49,7.0
2026-01-19 21:00:00,23.8,81,0.0,23.44,10.53,7.25
2026-01-19 22:00:00,23.6,81,0.0,23.19,10.58,7.39
2026-01-19 23:00:00,23.4,82,0.0,22.95,10.65,7.27
2026-01-20 00:00:00,23.1,80,0.0,22.7,10.66,7.53
2026-01-20 01:00:00,23.1,80,0.0,22.52,10.7,7.58
2026-01-20 02:00:00,23.7,78,0.0,22.57,10.65,7.77
2026-01-20 03:00:00,25.9,67,0.0,23.27,10.28,7.6
2026-01-20 04:00:00,27.9,56,0.0,24.36,9.84,7.57
2026-01-20 05:00:00,29.6,48,0.0,25.63,9.44,7.66
2026-01-20 06:00:00,31.4,43,0.0,27.06,9.06,7.83
2026-01-20 07:00:00,32.8,37,0.0,28.48,8.67,7.48
2026-01-20 08:00:00,32.9,35,0.0,29.51,8.44,7.42
2026-01-20 09:00:00,30.9,44,0.0,29.63,8.57,7.58
2026-01-20 10:00:00,30.1,55,0.0,29.47,8.79,7.47
2026-01-20 11:00:00,28.9,58,0.1,29.0,8.94,7.44
2026-01-20 12:00:00,28.3,60,0.5,28.49,9.08,7.44
2026-01-20 13:00:00,27.0,65,0.1,27.74,9.32,7.24
2026-01-20 14:00:00,26.8,62,0.0,27.16,9.39,7.05
2026-01-20 15:00:00,26.1,63,0.0,26.54,9.53,7.39
2026-01-20 16:00:00,25.5,66,0.0,25.93,9.72,7.04
2026-01-20 17:00:00,25.1,68,0.0,25.38,9.87,7.01
2026-01-20 18:00:00,24.9,73,0.0,24.94,10.05,7.22
2026-01-20 19:00:00,24.4,77,0.0,24.48,10.23,7.09
2026-01-20 20:00:00,24.2,78,0.0,24.09,10.33,7.15
2026-01-20 21:00:00,23.8,79,0.0,23.7,10.43,7.26
2026-01-20 22:00:00,23.3,80,0.0,23.28,10.54,7.39
2026-01-20 23:00:00,22.8,80,0.0,22.84,10.63,7.32
2026-01-21 00:00:00,22.5,81,0.0,22.44,10.74,7.59
2026-01-21 01:00:00,22.4,80,0.0,22.13,10.79,7.3
2026-01-21 02:00:00,23.2,74,0.0,22.15,10.66,7.66
2026-01-21 03:00:00,25.2,61,0.0,22.76,10.27,7.56
2026-01-21 04:00:00,27.1,50,0.0,23.76,9.85,7.82
2026-01-21 05:00:00,28.5,46,0.0,24.89,9.55,7.72
2026-01-21 06:00:00,30.4,40,0.0,26.24,9.17,7.63
2026-01-21 07:00:00,31.9,35,0.0,27.64,8.8,7.74
2026-01-21 08:00:00,33.0,32,0.0,28.95,8.49,7.72
2026-01-21 09:00:00,33.2,29,0.0,29.92,8.25,7.64
2026-01-21 10:00:00,31.4,39,0.0,30.07,8.4,7.41
2026-01-21 11:00:00,29.4,57,0.0,29.57,8.81,7.39
2026-01-21 12:00:00,29.3,53,0.0,29.19,8.82,7.37
2026-01-21 13:00:00,27.8,57,0.0,28.47,9.03,7.29
2026-01-21 14:00:00,27.1,59,0.0,27.76,9.21,7.31
2026-01-21 15:00:00,26.6,60,0.0,27.11,9.36,6.98
2026-01-21 16:00:00,25.9,64,0.0,26.45,9.57,7.17
2026-01-21 17:00:00,25.5,67,0.0,25.86,9.75,7.08
2026-01-21 18:00:00,25.3,70,0.0,25.39,9.9,7.02
2026-01-21 19:00:00,24.8,74,0.0,24.92,10.08,7.05
2026-01-21 20:00:00,24.4,75,0.0,24.46,10.19,7.13
2026-01-21 21:00:00,23.9,75,0.0,23.99,10.29,6.85
2026-01-21 22:00:00,23.7,74,0.0,23.61,10.35,7.2
2026-01-21 23:00:00,23.6,72,0.0,23.3,10.38,7.26
2026-01-22 00:00:00,23.0,73,0.0,22.91,10.48,7.48
2026-01-22 01:00:00,23.0,70,0.0,22.64,10.48,7.43
2026-01-22 02:00:00,23.8,64,0.0,22.69,10.34,7.56
2026-01-22 03:00:00,25.5,58,0.0,23.23,10.11,7.79
2026-01-22 04:00:00,26.9,51,0.0,24.03,9.81,7.78
2026-01-22 05:00:00,28.3,45,0.0,25.01,9.5,7.79
2026-01-22 06:00:00,29.8,39,0.0,26.15,9.16,7.65
2026-01-22 07:00:00,31.2,33,0.0,27.36,8.82,7.73
2026-01-22 08:00:00,32.3,28,0.0,28.54,8.5,7.61
2026-01-22 09:00:00,32.5,27,0.0,29.43,8.31,7.56
2026-01-22 10:00:00,31.9,34,0.0,29.87,8.35,7.55
2026-01-22 11:00:00,30.9,39,0.0,29.88,8.43,7.38
2026-01-22 12:00:00,28.6,54,0.0,29.2,8.83,7.52
2026-01-22 13:00:00,26.7,67,0.0,28.15,9.28,7.28
2026-01-22 14:00:00,26.2,67,0.0,27.26,9.46,7.3
2026-01-22 15:00:00,25.7,66,0.0,26.49,9.6,7.33
2026-01-22 16:00:00,25.3,66,0.0,25.84,9.73,7.24
2026-01-22 17:00:00,24.9,69,0.0,25.26,9.91,6.98
2026-01-22 18:00:00,24.7,70,0.0,24.79,10.03,7.16
2026-01-22 19:00:00,24.5,70,0.0,24.4,10.11,7.21
2026-01-22 20:00:00,24.2,70,0.0,24.04,10.18,7.25
2026-01-22 21:00:00,24.0,69,0.0,23.73,10.23,7.1
2026-01-22 22:00:00,23.7,70,0.0,23.42,10.31,7.21
2026-01-22 23:00:00,23.4,70,0.0,23.11,10.38,7.45
2026-01-23 00:00:00,22.5,71,0.0,22.63,10.5,7.36
2026-01-23 01:00:00,22.5,70,0.0,22.29,10.55,7.48
2026-01-23 02:00:00,23.5,65,0.0,22.35,10.43,7.74
2026-01-23 03:00:00,25.7,55,0.0,23.06,10.09,7.64
2026-01-23 04:00:00,27.2,49,0.0,24.0,9.78,7.61
2026-01-23 05:00:00,28.6,45,0.0,25.08,9.49,7.61
2026-01-23 06:00:00,30.1,40,0.0,26.29,9.16,7.73
2026-01-23 07:00:00,31.4,36,0.0,27.52,8.84,7.54
2026-01-23 08:00:00,32.2,33,0.0,28.62,8.57,7.61
2026-01-23 09:00:00,32.3,32,0.0,29.43,8.4,7.61
2026-01-23 10:00:00,31.5,39,0.0,29.75,8.46,7.64
2026-01-23 11:00:00,30.4,48,0.0,29.64,8.64,7.51
2026-01-23 12:00:00,27.9,59,0.0,28.82,8.99,7.3
2026-01-23 13:00:00,26.5,68,0.0,27.82,9.36,7.42
2026-01-23 14:00:00,26.0,70,0.0,26.98,9.57,7.21
2026-01-23 15:00:00,25.6,71,0.0,26.26,9.74,7.06
2026-01-23 16:00:00,25.2,70,0.0,25.64,9.85,7.13
2026-01-23 17:00:00,24.9,68,0.0,25.12,9.92,7.26
2026-01-23 18:00:00,24.7,68,0.0,24.69,10.01,7.13
2026-01-23 19:00:00,24.4,71,0.0,24.31,10.15,7.13
2026-01-23 20:00:00,23.8,74,0.0,23.85,10.3,7.33
2026-01-23 21:00:00,23.4,78,0.0,23.42,10.47,7.07
2026-01-23 22:00:00,22.9,79,0.0,22.96,10.59,7.15
2026-01-23 23:00:00,22.4,81,0.0,22.49,10.73,7.2
2026-01-24 00:00:00,22.7,83,0.0,22.26,10.82,7.47
2026-01-24 01:00:00,22.4,83,0.0,22.0,10.87,7.53
2026-01-24 02:00:00,23.5,77,0.0,22.15,10.72,7.74
2026-01-24 03:00:00,26.8,64,0.0,23.24,10.23,7.66
2026-01-24 04:00:00,29.0,54,0.0,24.67,9.74,7.63
2026-01-24 05:00:00,31.1,46,0.0,26.3,9.27,7.69
2026-01-24 06:00:00,32.3,41,0.0,27.8,8.88,7.69
2026-01-24 07:00:00,32.4,40,0.0,28.88,8.65,7.49
2026-01-24 08:00:00,31.2,49,0.0,29.28,8.73,7.9
2026-01-24 09:00:00,29.4,59,0.2,29.01,8.96,7.62
2026-01-24 10:00:00,27.4,67,0.5,28.23,9.26,7.52
2026-01-24 11:00:00,27.4,67,0.2,27.68,9.37,7.51
2026-01-24 12:00:00,27.1,72,0.1,27.21,9.56,7.45
2026-01-24 13:00:00,26.7,74,0.0,26.75,9.69,7.3
2026-01-24 14:00:00,26.5,76,0.0,26.38,9.81,7.18
2026-01-24 15:00:00,26.1,77,0.0,25.99,9.91,7.25
2026-01-24 16:00:00,26.0,78,0.0,25.7,9.99,7.18
2026-01-24 17:00:00,26.3,73,0.0,25.58,9.92,7.03
2026-01-24 18:00:00,25.7,80,0.0,25.31,10.11,7.25
2026-01-24 19:00:00,25.8,78,0.0,25.16,10.1,7.15
2026-01-24 20:00:00,25.8,75,0.0,25.05,10.07,7.22
2026-01-24 21:00:00,25.6,73,0.0,24.92,10.06,7.34
2026-01-24 22:00:00,25.5,72,0.0,24.79,10.07,7.26
2026-01-24 23:00:00,25.4,72,0.0,24.67,10.09,7.37
2026-01-25 00:00:00,24.9,74,0.0,24.44,10.18,7.5
2026-01-25 01:00:00,25.1,73,0.0,24.34,10.18,7.42
2026-01-25 02:00:00,25.7,70,0.0,24.45,10.1,7.57
2026-01-25 03:00:00,26.9,64,0.0,24.88,9.89,7.64
2026-01-25 04:00:00,27.6,61,0.0,25.4,9.73,7.57
2026-01-25 05:00:00,28.3,60,0.0,25.97,9.59,7.92
2026-01-25 06:00:00,31.0,51,0.0,27.18,9.18,7.55
2026-01-25 07:00:00,30.6,53,0.0,27.9,9.07,7.54
2026-01-25 08:00:00,31.5,49,0.0,28.68,8.85,7.76
2026-01-25 09:00:00,31.6,47,0.0,29.26,8.7,7.65
2026-01-25 10:00:00,31.1,49,0.0,29.51,8.68,7.41
2026-01-25 11:00:00,29.6,56,0.2,29.24,8.86,7.49
2026-01-25 12:00:00,30.4,52,0.7,29.29,8.78,7.47
2026-01-25 13:00:00,29.3,56,0.0,28.99,8.91,7.29
2026-01-25 14:00:00,28.1,63,0.0,28.42,9.15,7.49
2026-01-25 15:00:00,27.4,66,0.0,27.82,9.33,7.0
2026-01-25 16:00:00,26.9,68,0.0,27.24,9.48,7.2
2026-01-25 17:00:00,26.5,72,0.0,26.72,9.66,7.22
2026-01-25 18:00:00,26.9,71,0.0,26.47,9.7,7.18
2026-01-25 19:00:00,26.6,71,0.0,26.21,9.75,7.09
2026-01-25 20:00:00,26.3,73,0.0,25.94,9.85,7.11
2026-01-25 21:00:00,25.7,77,0.0,25.57,10.0,7.24
2026-01-25 22:00:00,25.3,79,0.0,25.19,10.12,7.34
2026-01-25 23:00:00,25.2,79,0.0,24.89,10.18,7.39
2026-01-26 00:00:00,24.9,82,0.0,24.59,10.3,7.52
2026-01-26 01:00:00,24.7,83,0.0,24.33,10.38,7.39
2026-01-26 02:00:00,25.2,80,0.0,24.29,10.33,7.54
2026-01-26 03:00:00,26.3,74,0.0,24.59,10.15,7.53
2026-01-26 04:00:00,28.1,66,0.0,25.34,9.84,7.63
2026-01-26 05:00:00,29.3,60,0.0,26.23,9.54,7.79
2026-01-26 06:00:00,31.0,52,0.1,27.36,9.16,7.69
2026-01-26 07:00:00,32.0,49,0.0,28.45,8.89,7.93
2026-01-26 08:00:00,32.0,50,0.2,29.22,8.76,7.63
2026-01-26 09:00:00,32.7,46,0.1,29.96,8.54,7.57
2026-01-26 10:00:00,32.1,48,0.0,30.3,8.51,7.52
2026-01-26 11:00:00,31.5,49,0.0,30.36,8.51,7.37
2026-01-26 12:00:00,29.2,58,0.2,29.71,8.8,7.34
2026-01-26 13:00:00,27.5,65,0.0,28.75,9.12,7.41
2026-01-26 14:00:00,27.0,68,0.0,27.92,9.34,7.24
2026-01-26 15:00:00,27.0,70,0.0,27.35,9.5,7.1
2026-01-26 16:00:00,26.9,70,0.0,26.91,9.59,7.04
2026-01-26 17:00:00,26.7,70,0.0,26.55,9.66,7.06
2026-01-26 18:00:00,26.9,68,0.0,26.35,9.66,7.1
2026-01-26 19:00:00,26.5,70,0.0,26.1,9.76,7.23
2026-01-26 20:00:00,26.1,71,0.0,25.8,9.84,7.01
2026-01-26 21:00:00,25.8,72,0.0,25.5,9.92,7.16
2026-01-26 22:00:00,25.4,74,0.0,25.17,10.03,7.27
2026-01-26 23:00:00,25.3,74,0.0,24.91,10.08,7.15
2026-01-27 00:00:00,25.4,73,0.0,24.76,10.09,7.33
2026-01-27 01:00:00,25.3,74,0.0,24.62,10.14,7.42
2026-01-27 02:00:00,25.6,73,0.0,24.61,10.12,7.48
2026-01-27 03:00:00,27.1,65,0.0,25.06,9.88,7.64
2026-01-27 04:00:00,28.7,55,0.0,25.85,9.52,7.65
2026-01-27 05:00:00,30.1,49,0.0,26.83,9.22,7.63
2026-01-27 06:00:00,31.5,43,0.0,27.93,8.89,7.72
2026-01-27 07:00:00,32.7,39,0.0,29.06,8.59,7.83
2026-01-27 08:00:00,33.6,36,0.0,30.12,8.34,7.78
2026-01-27 09:00:00,33.4,37,0.0,30.81,8.22,7.37
2026-01-27 10:00:00,33.0,38,0.0,31.16,8.17,7.56
2026-01-27 11:00:00,32.5,40,0.1,31.26,8.18,7.4
2026-01-27 12:00:00,30.6,48,0.0,30.77,8.41,7.37
2026-01-27 13:00:00,28.9,55,0.0,29.91,8.71,7.24
2026-01-27 14:00:00,27.7,62,0.0,28.94,9.02,7.23
2026-01-27 15:00:00,26.9,68,0.0,28.03,9.32,7.18
2026-01-27 16:00:00,26.4,71,0.0,27.24,9.54,7.07
2026-01-27 17:00:00,26.1,73,0.0,26.6,9.71,7.01
2026-01-27 18:00:00,25.9,75,0.0,26.09,9.85,7.05
2026-01-27 19:00:00,25.6,75,0.0,25.64,9.95,7.14
2026-01-27 20:00:00,25.3,75,0.0,25.24,10.03,7.21
2026-01-27 21:00:00,25.0,74,0.0,24.87,10.09,7.28
2026-01-27 22:00:00,24.7,74,0.0,24.52,10.16,7.22
2026-01-27 23:00:00,24.3,73,0.0,24.15,10.22,7.37
2026-01-28 00:00:00,24.0,75,0.0,23.81,10.33,7.52
2026-01-28 01:00:00,24.0,74,0.0,23.56,10.36,7.62
2026-01-28 02:00:00,24.5,71,0.0,23.55,10.31,7.57
2026-01-28 03:00:00,26.1,59,0.0,24.01,9.97,7.61
2026-01-28 04:00:00,27.4,54,0.0,24.73,9.73,7.69
2026-01-28 05:00:00,28.9,47,0.0,25.68,9.41,7.58
2026-01-28 06:00:00,30.5,44,0.0,26.83,9.12,7.67
2026-01-28 07:00:00,31.8,40,0.0,28.02,8.82,7.74
2026-01-28 08:00:00,33.4,35,0.0,29.33,8.47,7.69
2026-01-28 09:00:00,34.0,32,0.0,30.43,8.21,7.54
2026-01-28 10:00:00,33.7,33,0.0,31.11,8.09,7.52
2026-01-28 11:00:00,31.2,50,0.0,30.84,8.43,7.35
2026-01-28 12:00:00,29.1,58,0.0,30.02,8.73,7.43
2026-01-28 13:00:00,27.4,63,0.0,28.93,9.04,7.29
2026-01-28 14:00:00,26.7,66,0.0,27.96,9.3,7.2
2026-01-28 15:00:00,26.2,68,0.0,27.13,9.5,7.14
2026-01-28 16:00:00,25.8,70,0.0,26.43,9.69,7.13
2026-01-28 17:00:00,25.4,73,0.0,25.82,9.87,7.07
2026-01-28 18:00:00,25.1,77,0.0,25.31,10.05,7.17
2026-01-28 19:00:00,25.0,78,0.0,24.91,10.16,7.08
2026-01-28 20:00:00,24.7,79,0.0,24.55,10.25,7.31
2026-01-28 21:00:00,24.4,80,0.0,24.21,10.34,7.35
2026-01-28 22:00:00,23.9,81,0.0,23.81,10.45,7.18
2026-01-28 23:00:00,23.6,80,0.0,23.45,10.5,7.35
2026-01-29 00:00:00,23.7,76,0.0,23.22,10.47,7.36
2026-01-29 01:00:00,23.3,77,0.0,22.95,10.55,7.48
2026-01-29 02:00:00,24.1,73,0.0,22.99,10.46,7.78
2026-01-29 03:00:00,26.1,63,0.0,23.63,10.13,7.61
2026-01-29 04:00:00,27.6,56,0.0,24.52,9.81,7.71
2026-01-29 05:00:00,29.2,48,0.0,25.62,9.44,7.75
2026-01-29 06:00:00,31.1,39,0.0,26.97,9.0,7.59
2026-01-29 07:00:00,32.4,34,0.0,28.3,8.65,7.58
2026-01-29 08:00:00,33.5,31,0.0,29.56,8.36,7.5
2026-01-29 09:00:00,34.0,29,0.0,30.59,8.13,7.48
2026-01-29 10:00:00,33.5,28,0.0,31.16,8.0,7.21
2026-01-29 11:00:00,32.2,35,0.0,31.17,8.11,7.48
2026-01-29 12:00:00,30.9,44,0.0,30.79,8.34,7.56
2026-01-29 13:00:00,28.0,63,0.0,29.65,8.89,7.3
2026-01-29 14:00:00,26.9,67,0.0,28.53,9.2,7.08
2026-01-29 15:00:00,26.3,71,0.0,27.56,9.47,7.11
2026-01-29 16:00:00,25.8,74,0.0,26.73,9.7,7.09
2026-01-29 17:00:00,25.3,77,0.0,26.0,9.91,7.01
2026-01-29 18:00:00,24.9,80,0.0,25.37,10.1,7.19
2026-01-29 19:00:00,24.6,80,0.0,24.84,10.21,7.2
2026-01-29 20:00:00,24.3,79,0.0,24.38,10.29,7.04
2026-01-29 21:00:00,24.0,77,0.0,23.96,10.34,7.28
2026-01-29 22:00:00,23.7,76,0.0,23.59,10.4,7.43
2026-01-29 23:00:00,23.4,75,0.0,23.23,10.45,7.54
2026-01-30 00:00:00,22.6,81,0.0,22.74,10.68,7.72
2026-01-30 01:00:00,22.5,78,0.0,22.37,10.69,7.42
2026-01-30 02:00:00,22.9,73,0.0,22.23,10.62,7.87
2026-01-30 03:00:00,25.1,58,0.0,22.79,10.2,7.61
2026-01-30 04:00:00,27.0,50,0.0,23.75,9.85,7.62
2026-01-30 05:00:00,28.6,45,0.0,24.91,9.52,7.73
2026-01-30 06:00:00,30.2,40,0.0,26.19,9.17,7.64
2026-01-30 07:00:00,31.8,33,0.0,27.58,8.78,7.71
2026-01-30 08:00:00,33.0,29,0.0,28.9,8.45,7.5
2026-01-30 09:00:00,33.9,27,0.0,30.1,8.18,7.55
2026-01-30 10:00:00,34.0,26,0.0,30.97,8.0,7.63
2026-01-30 11:00:00,33.1,30,0.0,31.31,8.0,7.42
2026-01-30 12:00:00,30.5,41,0.0,30.77,8.29,7.37
2026-01-30 13:00:00,27.4,57,0.0,29.46,8.83,7.34
2026-01-30 14:00:00,26.5,60,0.0,28.27,9.12,7.34
2026-01-30 15:00:00,25.9,62,0.0,27.26,9.37,7.01
2026-01-30 16:00:00,25.5,64,0.0,26.43,9.57,7.19
2026-01-30 17:00:00,25.3,67,0.0,25.79,9.76,7.09
2026-01-30 18:00:00,25.2,68,0.0,25.31,9.88,7.12
2026-01-30 19:00:00,24.9,69,0.0,24.89,9.99,7.23
2026-01-30 20:00:00,24.7,69,0.0,24.53,10.06,7.04
2026-01-30 21:00:00,24.5,69,0.0,24.22,10.13,7.1
2026-01-30 22:00:00,24.3,69,0.0,23.95,10.18,7.08
2026-01-30 23:00:00,24.2,68,0.0,23.72,10.21,7.29
2026-01-31 00:00:00,23.7,72,0.0,23.42,10.35,7.56
2026-01-31 01:00:00,23.9,67,0.0,23.26,10.29,7.49
2026-01-31 02:00:00,24.8,60,0.0,23.42,10.11,7.44
2026-01-31 03:00:00,26.5,55,0.0,24.05,9.89,7.58
2026-01-31 04:00:00,27.8,49,0.0,24.87,9.61,7.52
2026-01-31 05:00:00,29.4,40,0.0,25.93,9.23,7.58
2026-01-31 06:00:00,31.5,31,0.0,27.3,8.79,7.73
2026-01-31 07:00:00,32.2,31,0.0,28.47,8.57,7.55
2026-01-31 08:00:00,33.1,28,0.0,29.56,8.31,7.74
2026-01-31 09:00:00,33.9,25,0.0,30.56,8.06,7.56
2026-01-31 10:00:00,33.9,23,0.0,31.26,7.9,7.51
2026-01-31 11:00:00,33.3,26,0.0,31.57,7.89,7.39
2026-01-31 12:00:00,32.3,28,0.0,31.49,7.94,7.42
2026-01-31 13:00:00,29.9,41,0.0,30.71,8.3,7.35
2026-01-31 14:00:00,27.6,65,0.0,29.48,8.97,7.25
2026-01-31 15:00:00,27.0,67,0.0,28.44,9.22,7.22
2026-01-31 16:00:00,26.6,69,0.0,27.59,9.43,7.1
2026-01-31 17:00:00,26.3,71,0.0,26.9,9.61,7.16
2026-01-31 18:00:00,26.1,74,0.0,26.36,9.78,7.06
2026-01-31 19:00:00,25.9,76,0.0,25.92,9.91,7.11
2026-01-31 20:00:00,25.7,75,0.0,25.56,9.96,7.12
2026-01-31 21:00:00,25.4,74,0.0,25.21,10.02,7.15
2026-01-31 22:00:00,25.2,74,0.0,24.91,10.08,7.19
2026-01-31 23:00:00,25.1,73,0.0,24.66,10.11,7.38
2026-02-01 00:00:00,25.4,69,0.0,24.58,10.05,7.55
2026-02-01 01:00:00,25.6,65,0.0,24.59,9.97,7.61
2026-02-01 02:00:00,26.4,61,0.0,24.83,9.85,7.44
2026-02-01 03:00:00,27.4,59,0.0,25.3,9.71,7.75
2026-02-01 04:00:00,28.9,55,0.0,26.08,9.48,7.63
2026-02-01 05:00:00,29.8,52,0.0,26.9,9.26,7.74
2026-02-01 06:00:00,30.6,50,0.0,27.71,9.06,7.59
2026-02-01 07:00:00,30.8,50,0.0,28.34,8.93,7.68
2026-02-01 08:00:00,31.2,49,0.0,28.9,8.8,7.66
2026-02-01 09:00:00,32.1,46,0.0,29.56,8.62,7.43
2026-02-01 10:00:00,32.4,45,0.0,30.11,8.49,7.57
2026-02-01 11:00:00,32.4,46,0.0,30.5,8.43,7.57
2026-02-01 12:00:00,31.0,53,0.0,30.35,8.58,7.34
2026-02-01 13:00:00,29.5,59,0.0,29.79,8.8,7.42
2026-02-01 14:00:00,28.2,67,0.0,29.02,9.1,7.2
2026-02-01 15:00:00,27.5,72,0.0,28.26,9.34,7.25
2026-02-01 16:00:00,27.1,74,0.0,27.61,9.51,6.9
2026-02-01 17:00:00,26.7,75,0.0,27.04,9.65,7.34
2026-02-01 18:00:00,26.6,75,0.0,26.61,9.74,7.24
2026-02-01 19:00:00,25.5,80,0.0,25.97,9.97,7.08
2026-02-01 20:00:00,25.2,81,0.0,25.44,10.1,6.95
2026-02-01 21:00:00,24.9,83,0.1,24.98,10.24,7.22
2026-02-01 22:00:00,24.9,82,0.0,24.66,10.29,7.12
2026-02-01 23:00:00,24.8,81,0.0,24.4,10.32,7.38
2026-02-02 00:00:00,24.5,80,0.0,24.13,10.36,7.46
2026-02-02 01:00:00,24.7,78,0.0,24.0,10.35,7.4
2026-02-02 02:00:00,25.5,73,0.0,24.15,10.22,7.68
2026-02-02 03:00:00,27.1,65,0.0,24.74,9.94,7.71
2026-02-02 04:00:00,28.6,59,0.0,25.59,9.65,7.76
2026-02-02 05:00:00,29.8,54,0.0,26.56,9.36,7.69
2026-02-02 06:00:00,30.9,50,0.0,27.56,9.09,7.54
2026-02-02 07:00:00,32.6,44,0.0,28.77,8.74,7.76
2026-02-02 08:00:00,33.5,42,0.0,29.89,8.48,7.59
2026-02-02 09:00:00,33.3,43,0.0,30.61,8.36,7.43
2026-02-02 10:00:00,32.3,48,0.5,30.82,8.4,7.6
2026-02-02 11:00:00,31.4,53,0.1,30.69,8.51,7.63
2026-02-02 12:00:00,30.7,55,0.2,30.4,8.61,7.34
2026-02-02 13:00:00,29.1,65,0.0,29.71,8.92,7.5
2026-02-02 14:00:00,27.8,72,0.0,28.83,9.22,7.23
2026-02-02 15:00:00,27.5,73,0.0,28.13,9.39,7.13
2026-02-02 16:00:00,27.1,75,0.0,27.52,9.55,7.06
2026-02-02 17:00:00,26.6,76,0.0,26.95,9.69,7.26
2026-02-02 18:00:00,26.5,74,0.0,26.51,9.74,7.02
2026-02-02 19:00:00,26.2,74,0.0,26.12,9.83,7.18
2026-02-02 20:00:00,25.8,72,0.0,25.72,9.87,7.09
2026-02-02 21:00:00,25.4,69,0.0,25.33,9.9,7.15
2026-02-02 22:00:00,25.2,68,0.0,24.99,9.95,7.36
2026-02-02 23:00:00,24.9,66,0.0,24.66,9.98,7.3
2026-02-03 00:00:00,24.3,68,0.0,24.25,10.1,7.38
2026-02-03 01:00:00,24.4,64,0.0,24.0,10.07,7.61
2026-02-03 02:00:00,25.1,59,0.0,24.03,9.97,7.73
2026-02-03 03:00:00,26.7,52,0.0,24.53,9.73,7.69
2026-02-03 04:00:00,28.0,50,0.0,25.27,9.55,7.6
2026-02-03 05:00:00,29.4,47,0.0,26.21,9.3,7.64
2026-02-03 06:00:00,31.3,42,0.0,27.44,8.97,7.69
2026-02-03 07:00:00,32.5,38,0.0,28.66,8.66,7.7
2026-02-03 08:00:00,33.2,36,0.0,29.72,8.41,7.52
2026-02-03 09:00:00,33.3,36,0.0,30.49,8.26,7.64
2026-02-03 10:00:00,32.6,40,0.0,30.83,8.27,7.51
2026-02-03 11:00:00,31.6,43,0.0,30.76,8.33,7.26
2026-02-03 12:00:00,29.0,56,0.0,29.93,8.72,7.27
2026-02-03 13:00:00,27.5,60,0.0,28.9,9.0,7.24
2026-02-03 14:00:00,27.1,59,0.0,28.06,9.15,7.22
2026-02-03 15:00:00,26.7,61,0.0,27.35,9.33,7.36
2026-02-03 16:00:00,26.5,63,0.0,26.8,9.48,7.16
2026-02-03 17:00:00,26.3,64,0.0,26.35,9.59,7.02
2026-02-03 18:00:00,26.0,67,0.0,25.94,9.73,7.12
2026-02-03 19:00:00,25.4,72,0.0,25.48,9.92,7.08
2026-02-03 20:00:00,24.8,77,0.0,24.98,10.12,7.18
2026-02-03 21:00:00,24.4,78,0.0,24.5,10.24,7.26
2026-02-03 22:00:00,24.1,78,0.0,24.08,10.33,7.39
2026-02-03 23:00:00,24.0,74,0.0,23.76,10.32,7.34
2026-02-04 00:00:00,24.6,64,0.0,23.71,10.13,7.59
2026-02-04 01:00:00,24.8,57,0.0,23.74,9.99,7.59
2026-02-04 02:00:00,25.6,51,0.0,24.0,9.82,7.5
2026-02-04 03:00:00,27.3,45,0.0,24.69,9.57,7.85
2026-02-04 04:00:00,29.1,39,0.0,25.71,9.25,7.7
2026-02-04 05:00:00,30.4,38,0.0,26.82,9.01,7.6
2026-02-04 06:00:00,30.7,42,0.0,27.68,8.92,7.85
2026-02-04 07:00:00,32.5,37,0.0,28.83,8.6,7.87
2026-02-04 08:00:00,33.4,34,0.0,29.9,8.34,7.62
2026-02-04 09:00:00,33.5,34,0.0,30.68,8.19,7.51
2026-02-04 10:00:00,33.3,36,0.0,31.17,8.13,7.48
2026-02-04 11:00:00,32.0,43,0.0,31.12,8.26,7.5
2026-02-04 12:00:00,30.9,46,0.0,30.75,8.38,7.48
2026-02-04 13:00:00,28.5,60,0.0,29.78,8.82,7.34
2026-02-04 14:00:00,27.4,65,0.0,28.76,9.11,7.23
2026-02-04 15:00:00,26.9,68,0.0,27.9,9.34,7.32
2026-02-04 16:00:00,26.6,71,0.0,27.21,9.54,7.1
2026-02-04 17:00:00,26.4,72,0.0,26.67,9.67,7.21
2026-02-04 18:00:00,26.5,74,0.0,26.32,9.78,7.07
2026-02-04 19:00:00,26.1,75,0.0,25.95,9.88,7.15
2026-02-04 20:00:00,25.6,77,0.0,25.55,10.0,7.13
2026-02-04 21:00:00,25.3,79,0.0,25.17,10.12,7.19
2026-02-04 22:00:00,24.9,81,0.0,24.79,10.24,7.22
2026-02-04 23:00:00,24.7,81,0.0,24.46,10.31,7.47
2026-02-05 00:00:00,24.7,82,0.0,24.23,10.38,7.34
2026-02-05 01:00:00,24.6,82,0.0,24.04,10.42,7.42
2026-02-05 02:00:00,25.2,79,0.0,24.09,10.35,7.78
2026-02-05 03:00:00,26.7,71,0.0,24.57,10.09,7.72
2026-02-05 04:00:00,28.3,63,0.0,25.39,9.77,7.43
2026-02-05 05:00:00,29.6,58,0.0,26.35,9.48,7.63
2026-02-05 06:00:00,30.8,52,0.1,27.39,9.16,7.5
2026-02-05 07:00:00,31.5,51,0.1,28.32,8.95,7.56
2026-02-05 08:00:00,32.5,47,0.0,29.28,8.69,7.31
2026-02-05 09:00:00,32.3,47,0.0,29.88,8.57,7.56
2026-02-05 10:00:00,31.8,49,0.0,30.16,8.55,7.39
2026-02-05 11:00:00,31.2,50,0.0,30.17,8.57,7.44
2026-02-05 12:00:00,31.2,49,0.0,30.18,8.55,7.2
2026-02-05 13:00:00,29.7,54,0.0,29.74,8.72,7.29
2026-02-05 14:00:00,28.5,62,0.0,29.06,9.0,7.18
2026-02-05 15:00:00,27.2,70,0.0,28.21,9.32,7.32
2026-02-05 16:00:00,26.8,72,0.0,27.48,9.5,7.27
2026-02-05 17:00:00,26.5,71,0.0,26.89,9.61,7.18
2026-02-05 18:00:00,26.4,71,0.0,26.44,9.7,7.06
2026-02-05 19:00:00,26.2,72,0.0,26.07,9.8,7.31
2026-02-05 20:00:00,25.9,73,0.0,25.72,9.89,6.99
2026-02-05 21:00:00,25.7,74,0.0,25.41,9.97,7.05
2026-02-05 22:00:00,25.4,74,0.0,25.11,10.04,7.25
2026-02-05 23:00:00,25.4,71,0.0,24.9,10.02,7.56
2026-02-06 00:00:00,25.2,73,0.0,24.69,10.11,7.39
2026-02-06 01:00:00,25.3,70,0.0,24.57,10.07,7.47
2026-02-06 02:00:00,25.7,68,0.0,24.61,10.03,7.42
2026-02-06 03:00:00,27.2,61,0.0,25.09,9.79,7.72
2026-02-06 04:00:00,28.5,54,0.0,25.81,9.51,7.76
2026-02-06 05:00:00,29.9,50,0.0,26.74,9.25,7.76
2026-02-06 06:00:00,31.8,43,0.0,27.96,8.88,7.62
2026-02-06 07:00:00,32.9,40,0.0,29.14,8.6,7.59
2026-02-06 08:00:00,33.3,38,0.0,30.09,8.38,7.49
2026-02-06 09:00:00,33.7,37,0.0,30.87,8.21,7.57
2026-02-06 10:00:00,33.0,42,0.1,31.21,8.22,7.38
2026-02-06 11:00:00,31.4,51,0.3,30.97,8.42,7.29
2026-02-06 12:00:00,31.1,53,0.1,30.71,8.51,7.3
2026-02-06 13:00:00,28.3,68,0.0,29.68,8.97,7.24
2026-02-06 14:00:00,27.3,72,0.0,28.67,9.26,7.17
2026-02-06 15:00:00,26.8,76,0.0,27.81,9.51,7.22
2026-02-06 16:00:00,26.7,75,0.0,27.18,9.62,7.14
2026-02-06 17:00:00,26.4,76,0.0,26.64,9.75,7.07
2026-02-06 18:00:00,26.4,76,0.0,26.27,9.83,7.12
2026-02-06 19:00:00,26.2,75,0.0,25.95,9.88,7.01
2026-02-06 20:00:00,25.8,76,0.0,25.6,9.97,7.15
2026-02-06 21:00:00,25.6,76,0.0,25.3,10.04,7.21
2026-02-06 22:00:00,25.4,76,0.0,25.03,10.09,7.11
2026-02-06 23:00:00,25.3,75,0.0,24.81,10.12,7.43
2026-02-07 00:00:00,25.1,77,0.0,24.6,10.2,7.33
2026-02-07 01:00:00,24.9,77,0.0,24.39,10.25,7.5
2026-02-07 02:00:00,25.3,74,0.0,24.36,10.19,7.68
2026-02-07 03:00:00,26.9,65,0.0,24.82,9.92,7.72
2026-02-07 04:00:00,28.8,54,0.0,25.72,9.53,7.67
2026-02-07 05:00:00,30.5,46,0.0,26.85,9.16,7.65
2026-02-07 06:00:00,31.5,42,0.0,27.95,8.87,7.78
2026-02-07 07:00:00,32.8,39,0.0,29.1,8.59,7.73
2026-02-07 08:00:00,34.2,33,0.0,30.33,8.24,7.55
2026-02-07 09:00:00,34.6,31,0.0,31.31,8.02,7.48
2026-02-07 10:00:00,33.3,39,0.0,31.61,8.1,7.29
2026-02-07 11:00:00,31.2,54,0.0,31.19,8.43,7.44
2026-02-07 12:00:00,29.4,63,0.0,30.35,8.75,7.35
2026-02-07 13:00:00,28.4,61,0.0,29.47,8.9,7.4
2026-02-07 14:00:00,28.2,60,0.0,28.79,9.02,7.26
2026-02-07 15:00:00,27.5,63,0.0,28.1,9.21,7.3
2026-02-07 16:00:00,27.0,68,0.0,27.47,9.43,7.06
2026-02-07 17:00:00,26.5,72,0.0,26.88,9.63,7.22
2026-02-07 18:00:00,26.3,70,0.0,26.41,9.69,7.04
2026-02-07 19:00:00,26.2,69,0.0,26.04,9.75,7.19
2026-02-07 20:00:00,25.8,70,0.0,25.67,9.84,7.0
2026-02-07 21:00:00,25.5,71,0.0,25.32,9.94,7.22
2026-02-07 22:00:00,25.1,70,0.0,24.95,9.99,7.06
2026-02-07 23:00:00,24.6,70,0.0,24.55,10.08,7.31
2026-02-08 00:00:00,24.2,73,0.0,24.14,10.22,7.46
2026-02-08 01:00:00,24.1,72,0.0,23.83,10.27,7.45
2026-02-08 02:00:00,24.9,64,0.0,23.85,10.1,7.47
2026-02-08 03:00:00,26.7,56,0.0,24.41,9.84,7.71
2026-02-08 04:00:00,28.2,52,0.0,25.24,9.59,7.66
2026-02-08 05:00:00,29.6,45,0.0,26.25,9.26,7.64
2026-02-08 06:00:00,30.8,40,0.0,27.32,8.95,7.69
2026-02-08 07:00:00,32.0,36,0.0,28.42,8.67,7.93
2026-02-08 08:00:00,32.9,34,0.0,29.46,8.43,7.74
2026-02-08 09:00:00,33.2,35,0.0,30.29,8.29,7.69
2026-02-08 10:00:00,32.1,46,0.0,30.53,8.43,7.55
2026-02-08 11:00:00,30.3,55,0.0,30.16,8.65,7.45
2026-02-08 12:00:00,28.6,57,0.0,29.39,8.84,7.13
2026-02-08 13:00:00,27.7,57,0.0,28.58,9.01,7.23
2026-02-08 14:00:00,27.2,55,0.0,27.87,9.12,7.18
2026-02-08 15:00:00,26.7,56,0.0,27.22,9.27,6.99
2026-02-08 16:00:00,26.3,59,0.0,26.64,9.44,7.02
2026-02-08 17:00:00,26.0,61,0.0,26.15,9.58,6.91
2026-02-08 18:00:00,25.5,65,0.0,25.66,9.75,7.1
2026-02-08 19:00:00,25.3,66,0.0,25.25,9.86,7.2
2026-02-08 20:00:00,25.0,67,0.0,24.87,9.95,7.26
2026-02-08 21:00:00,24.6,67,0.0,24.49,10.03,7.24
2026-02-08 22:00:00,24.3,67,0.0,24.13,10.11,7.17
2026-02-08 23:00:00,23.8,71,0.0,23.73,10.27,7.15
2026-02-09 00:00:00,23.3,74,0.0,23.3,10.42,7.25
2026-02-09 01:00:00,23.0,76,0.0,22.91,10.54,7.38
2026-02-09 02:00:00,23.6,74,0.0,22.82,10.52,7.49
2026-02-09 03:00:00,25.8,63,0.0,23.41,10.18,7.62
2026-02-09 04:00:00,28.1,45,0.0,24.52,9.6,7.57
2026-02-09 05:00:00,30.0,34,0.0,25.86,9.13,7.73
2026-02-09 06:00:00,30.6,39,0.0,26.98,9.0,7.67
2026-02-09 07:00:00,31.7,37,0.0,28.1,8.75,7.67
2026-02-09 08:00:00,32.8,33,0.0,29.21,8.46,7.74
2026-02-09 09:00:00,32.9,33,0.0,30.02,8.3,7.45
2026-02-09 10:00:00,31.1,52,0.0,30.04,8.63,7.55
2026-02-09 11:00:00,29.9,57,0.0,29.7,8.78,7.44
2026-02-09 12:00:00,27.6,64,0.0,28.77,9.09,7.34
2026-02-09 13:00:00,26.8,66,0.0,27.88,9.31,7.39
2026-02-09 14:00:00,26.6,63,0.0,27.19,9.4,7.33
2026-02-09 15:00:00,26.2,65,0.0,26.6,9.56,7.09
2026-02-09 16:00:00,26.1,66,0.0,26.15,9.67,7.12
2026-02-09 17:00:00,25.9,67,0.0,25.77,9.77,7.14
2026-02-09 18:00:00,25.7,69,0.0,25.45,9.87,7.08
2026-02-09 19:00:00,25.5,70,0.0,25.17,9.95,7.18
2026-02-09 20:00:00,25.3,71,0.0,24.91,10.02,7.18
2026-02-09 21:00:00,25.0,70,0.0,24.63,10.06,7.38
2026-02-09 22:00:00,24.5,70,0.0,24.29,10.13,7.11
2026-02-09 23:00:00,24.2,71,0.0,23.97,10.22,7.33
2026-02-10 00:00:00,23.6,75,0.0,23.56,10.38,7.33
2026-02-10 01:00:00,23.5,76,0.0,23.24,10.47,7.57
2026-02-10 02:00:00,24.3,70,0.0,23.26,10.35,7.42
2026-02-10 03:00:00,26.5,57,0.0,23.93,9.95,7.67
2026-02-10 04:00:00,27.9,49,0.0,24.82,9.62,7.61
2026-02-10 05:00:00,29.3,44,0.0,25.86,9.31,7.62
2026-02-10 06:00:00,30.6,42,0.0,26.99,9.06,7.55
2026-02-10 07:00:00,31.9,37,0.0,28.16,8.73,7.62
2026-02-10 08:00:00,32.7,35,0.0,29.22,8.49,7.74
2026-02-10 09:00:00,32.8,36,0.0,30.0,8.36,7.57
2026-02-10 10:00:00,30.0,56,0.0,29.7,8.76,7.58
2026-02-10 11:00:00,28.6,59,0.0,29.07,8.94,7.61
2026-02-10 12:00:00,27.7,60,0.0,28.36,9.11,7.4
2026-02-10 13:00:00,26.7,63,0.0,27.56,9.32,7.25
2026-02-10 14:00:00,26.5,61,0.0,26.94,9.41,7.29
2026-02-10 15:00:00,26.3,63,0.0,26.45,9.55,7.13
2026-02-10 16:00:00,25.9,67,0.0,25.98,9.72,7.09
2026-02-10 17:00:00,25.6,70,0.0,25.57,9.87,6.96
2026-02-10 18:00:00,25.4,69,0.0,25.22,9.92,7.2
2026-02-10 19:00:00,25.0,68,0.0,24.85,9.98,7.08
2026-02-10 20:00:00,24.5,68,0.0,24.45,10.06,7.17
2026-02-10 21:00:00,24.2,66,0.0,24.07,10.1,7.1
2026-02-10 22:00:00,24.1,65,0.0,23.78,10.14,7.32
2026-02-10 23:00:00,24.0,63,0.0,23.55,10.15,7.27
2026-02-11 00:00:00,23.9,61,0.0,23.35,10.15,7.41
2026-02-11 01:00:00,23.7,63,0.0,23.16,10.23,7.59
2026-02-11 02:00:00,24.2,60,0.0,23.17,10.17,7.66
2026-02-11 03:00:00,25.7,57,0.0,23.63,10.01,7.63
2026-02-11 04:00:00,26.9,53,0.0,24.31,9.8,7.5
2026-02-11 05:00:00,28.5,46,0.0,25.27,9.47,8.0
2026-02-11 06:00:00,30.6,39,0.0,26.57,9.08,7.87
2026-02-11 07:00:00,31.8,35,0.0,27.84,8.76,7.74
2026-02-11 08:00:00,32.9,31,0.0,29.06,8.45,7.55
2026-02-11 09:00:00,33.1,30,0.0,29.97,8.26,7.56
2026-02-11 10:00:00,32.2,35,0.0,30.34,8.28,7.45
2026-02-11 11:00:00,30.4,42,0.0,30.06,8.45,7.56
2026-02-11 12:00:00,28.5,49,0.0,29.29,8.72,7.39
2026-02-11 13:00:00,27.3,53,0.0,28.39,8.97,7.22
2026-02-11 14:00:00,26.4,60,0.0,27.49,9.28,7.19
2026-02-11 15:00:00,26.0,64,0.0,26.75,9.51,7.29
2026-02-11 16:00:00,25.7,67,0.0,26.13,9.69,7.3
2026-02-11 17:00:00,25.3,69,0.0,25.58,9.84,7.27
2026-02-11 18:00:00,24.8,74,0.0,25.05,10.05,7.19
2026-02-11 19:00:00,24.5,74,0.0,24.58,10.15,7.1
2026-02-11 20:00:00,24.3,73,0.0,24.2,10.21,6.83
2026-02-11 21:00:00,23.9,75,0.0,23.81,10.33,7.24
2026-02-11 22:00:00,23.7,74,0.0,23.48,10.38,7.28
2026-02-11 23:00:00,23.5,72,0.0,23.18,10.4,7.36
2026-02-12 00:00:00,23.6,71,0.0,23.01,10.42,7.44
2026-02-12 01:00:00,23.7,70,0.0,22.92,10.42,7.38
2026-02-12 02:00:00,24.3,66,0.0,23.03,10.31,7.64
2026-02-12 03:00:00,26.4,56,0.0,23.74,9.97,7.7
2026-02-12 04:00:00,28.4,47,0.0,24.84,9.57,7.74
2026-02-12 05:00:00,29.9,43,0.0,26.06,9.26,7.78
2026-02-12 06:00:00,31.8,36,0.0,27.48,8.85,7.75
2026-02-12 07:00:00,32.8,34,0.0,28.78,8.56,7.62
2026-02-12 08:00:00,33.6,32,0.0,29.92,8.31,7.61
2026-02-12 09:00:00,32.7,40,0.0,30.46,8.34,7.58
2026-02-12 10:00:00,31.6,51,0.0,30.5,8.52,7.52
2026-02-12 11:00:00,30.1,60,0.0,30.08,8.76,7.54
2026-02-12 12:00:00,30.4,54,0.0,29.88,8.69,7.43
2026-02-12 13:00:00,29.3,48,0.0,29.4,8.68,7.5
2026-02-12 14:00:00,27.6,52,0.0,28.56,8.92,7.45
2026-02-12 15:00:00,26.6,57,0.0,27.67,9.19,7.18
2026-02-12 16:00:00,26.3,61,0.0,26.96,9.41,6.75
2026-02-12 17:00:00,26.2,69,0.0,26.43,9.67,7.23
2026-02-12 18:00:00,26.1,76,0.0,26.03,9.88,7.05
2026-02-12 19:00:00,25.9,80,0.0,25.69,10.03,7.03
2026-02-12 20:00:00,25.5,82,0.0,25.34,10.14,7.11
2026-02-12 21:00:00,25.1,83,0.0,24.96,10.24,7.15
2026-02-12 22:00:00,25.0,81,0.0,24.68,10.26,7.32
2026-02-12 23:00:00,25.2,78,0.0,24.53,10.24,7.18
2026-02-13 00:00:00,25.3,75,0.0,24.46,10.19,7.31
2026-02-13 01:00:00,25.5,73,0.0,24.47,10.15,7.53
2026-02-13 02:00:00,26.1,70,0.0,24.66,10.05,7.63
2026-02-13 03:00:00,27.4,63,0.0,25.18,9.81,7.68
2026-02-13 04:00:00,29.0,58,0.0,26.03,9.54,7.58
2026-02-13 05:00:00,30.5,52,0.0,27.07,9.22,7.58
2026-02-13 06:00:00,31.7,46,0.0,28.16,8.9,7.63
2026-02-13 07:00:00,32.5,44,0.0,29.16,8.66,7.68
2026-02-13 08:00:00,33.2,42,0.0,30.07,8.45,7.77
2026-02-13 09:00:00,33.3,41,0.0,30.74,8.3,7.36
2026-02-13 10:00:00,33.1,43,0.0,31.15,8.25,7.48
2026-02-13 11:00:00,32.6,44,0.0,31.28,8.24,7.29
2026-02-13 12:00:00,29.8,57,0.0,30.54,8.61,7.19
2026-02-13 13:00:00,28.3,63,0.0,29.57,8.91,7.38
2026-02-13 14:00:00,27.5,65,0.0,28.65,9.14,7.28
2026-02-13 15:00:00,27.0,68,0.0,27.85,9.35,7.21
2026-02-13 16:00:00,26.8,67,0.0,27.24,9.46,7.22
2026-02-13 17:00:00,26.5,68,0.0,26.72,9.59,7.06
2026-02-13 18:00:00,26.6,69,0.0,26.38,9.68,7.05
2026-02-13 19:00:00,26.4,70,0.0,26.09,9.76,7.33
2026-02-13 20:00:00,26.1,72,0.0,25.79,9.86,7.12
2026-02-13 21:00:00,25.7,74,0.0,25.46,9.96,7.27
2026-02-13 22:00:00,25.6,75,0.0,25.2,10.04,7.26
2026-02-13 23:00:00,25.3,77,0.0,24.93,10.13,7.15
2026-02-14 00:00:00,24.7,78,0.0,24.56,10.23,7.21
2026-02-14 01:00:00,24.6,77,0.0,24.27,10.27,7.44
2026-02-14 02:00:00,25.4,73,0.0,24.31,10.19,7.67
2026-02-14 03:00:00,27.2,64,0.0,24.88,9.89,7.7
2026-02-14 04:00:00,28.8,55,0.0,25.75,9.54,7.75
2026-02-14 05:00:00,30.6,47,0.0,26.91,9.16,7.58
2026-02-14 06:00:00,32.2,41,0.0,28.2,8.8,7.84
2026-02-14 07:00:00,33.4,38,0.0,29.46,8.5,7.56
2026-02-14 08:00:00,34.4,35,0.0,30.64,8.22,7.63
2026-02-14 09:00:00,34.5,35,0.0,31.5,8.05,7.56
2026-02-14 10:00:00,32.7,44,0.3,31.56,8.19,7.46
2026-02-14 11:00:00,31.2,52,0.3,31.15,8.4,7.54
2026-02-14 12:00:00,31.5,46,0.0,30.96,8.34,7.28
2026-02-14 13:00:00,29.4,58,0.0,30.19,8.7,7.15
2026-02-14 14:00:00,28.7,61,0.0,29.44,8.9,7.22
2026-02-14 15:00:00,27.8,64,0.0,28.65,9.12,7.12
2026-02-14 16:00:00,27.3,67,0.0,27.94,9.32,7.46
2026-02-14 17:00:00,26.8,69,0.0,27.3,9.49,7.16
2026-02-14 18:00:00,26.5,69,0.0,26.76,9.6,7.05
2026-02-14 19:00:00,26.4,68,0.0,26.35,9.67,7.0
2026-02-14 20:00:00,26.2,69,0.0,26.01,9.76,6.95
2026-02-14 21:00:00,25.7,70,0.0,25.61,9.86,7.09
2026-02-14 22:00:00,25.4,71,0.0,25.25,9.95,7.27
2026-02-14 23:00:00,25.0,72,0.0,24.88,10.05,7.48
2026-02-15 00:00:00,24.6,74,0.0,24.49,10.17,7.53
2026-02-15 01:00:00,24.4,74,0.0,24.16,10.24,7.52
2026-02-15 02:00:00,25.2,71,0.0,24.18,10.18,7.54
2026-02-15 03:00:00,27.3,59,0.0,24.81,9.81,7.65
2026-02-15 04:00:00,29.4,45,0.0,25.89,9.33,7.61
2026-02-15 05:00:00,31.4,34,0.0,27.24,8.86,7.85
2026-02-15 06:00:00,32.7,30,0.0,28.58,8.53,7.66
2026-02-15 07:00:00,33.6,29,0.0,29.79,8.28,7.64
2026-02-15 08:00:00,34.0,30,0.0,30.75,8.11,7.39
2026-02-15 09:00:00,33.6,33,0.0,31.3,8.06,7.54
2026-02-15 10:00:00,32.9,43,0.0,31.48,8.19,7.58
2026-02-15 11:00:00,31.2,57,0.0,31.1,8.5,7.32
2026-02-15 12:00:00,29.3,62,0.0,30.26,8.75,7.28
2026-02-15 13:00:00,28.2,64,0.0,29.34,8.98,7.37
2026-02-15 14:00:00,27.9,60,0.0,28.61,9.06,7.08
2026-02-15 15:00:00,27.5,63,0.0,27.98,9.24,7.27
2026-02-15 16:00:00,27.4,63,0.0,27.5,9.34,7.07
2026-02-15 17:00:00,27.1,62,0.0,27.08,9.4,7.06
2026-02-15 18:00:00,26.8,60,0.0,26.7,9.45,6.98
2026-02-15 19:00:00,26.6,58,0.0,26.37,9.48,7.14
2026-02-15 20:00:00,26.4,58,0.0,26.08,9.53,7.39
2026-02-15 21:00:00,26.6,58,0.0,25.93,9.56,7.27
2026-02-15 22:00:00,26.3,58,0.0,25.74,9.6,7.17
2026-02-15 23:00:00,26.0,57,0.0,25.52,9.63,7.44
2026-02-16 00:00:00,25.0,69,0.0,25.06,9.95,7.38
2026-02-16 01:00:00,25.1,67,0.0,24.78,9.97,7.63
2026-02-16 02:00:00,25.8,59,0.0,24.78,9.82,7.64
2026-02-16 03:00:00,27.7,48,0.0,25.36,9.49,7.32
2026-02-16 04:00:00,29.2,42,0.0,26.21,9.21,7.56
2026-02-16 05:00:00,30.7,38,0.0,27.26,8.93,7.77
2026-02-16 06:00:00,31.8,37,0.0,28.32,8.7,7.69
2026-02-16 07:00:00,33.1,34,0.0,29.45,8.43,7.55
2026-02-16 08:00:00,34.1,31,0.0,30.55,8.17,7.55
2026-02-16 09:00:00,34.1,30,0.0,31.31,8.0,7.37
2026-02-16 10:00:00,32.7,44,0.0,31.43,8.21,7.49
2026-02-16 11:00:00,30.8,56,0.0,30.94,8.51,7.65
2026-02-16 12:00:00,28.7,56,0.0,29.97,8.71,7.44
2026-02-16 13:00:00,27.9,53,0.0,29.05,8.84,7.51
2026-02-16 14:00:00,27.3,52,0.0,28.22,8.99,7.32
2026-02-16 15:00:00,27.0,53,0.0,27.56,9.14,7.28
2026-02-16 16:00:00,26.5,57,0.0,26.94,9.34,7.33
2026-02-16 17:00:00,26.2,61,0.0,26.42,9.52,7.14
2026-02-16 18:00:00,25.9,64,0.0,25.96,9.67,7.08
2026-02-16 19:00:00,25.7,65,0.0,25.58,9.77,7.22
2026-02-16 20:00:00,25.4,65,0.0,25.23,9.84,7.29
2026-02-16 21:00:00,24.9,67,0.0,24.83,9.96,7.15
2026-02-16 22:00:00,24.3,70,0.0,24.37,10.11,7.19
2026-02-16 23:00:00,23.8,73,0.0,23.9,10.27,7.36
2026-02-17 00:00:00,23.2,75,0.0,23.39,10.42,7.51
2026-02-17 01:00:00,22.7,77,0.0,22.88,10.56,7.59
2026-02-17 02:00:00,23.5,72,0.0,22.77,10.49,7.44
2026-02-17 03:00:00,26.2,56,0.0,23.5,10.02,7.83
2026-02-17 04:00:00,28.8,35,0.0,24.79,9.35,7.61
2026-02-17 05:00:00,30.9,26,0.0,26.32,8.89,7.66
2026-02-17 06:00:00,32.1,26,0.0,27.76,8.61,7.59
2026-02-17 07:00:00,33.0,27,0.0,29.03,8.39,7.93
2026-02-17 08:00:00,34.1,26,0.0,30.25,8.14,7.64
2026-02-17 09:00:00,33.7,33,0.0,30.99,8.12,7.48
2026-02-17 10:00:00,32.6,42,0.0,31.17,8.23,7.58
2026-02-17 11:00:00,30.1,58,0.0,30.55,8.63,7.51
2026-02-17 12:00:00,28.5,62,0.0,29.63,8.88,7.34
2026-02-17 13:00:00,27.3,64,0.0,28.63,9.12,7.38
2026-02-17 14:00:00,26.8,65,0.0,27.78,9.31,7.15
2026-02-17 15:00:00,26.9,66,0.0,27.22,9.45,7.13
2026-02-17 16:00:00,26.6,69,0.0,26.73,9.61,6.93
2026-02-17 17:00:00,26.3,71,0.0,26.3,9.73,6.97
2026-02-17 18:00:00,26.1,72,0.0,25.94,9.83,7.28
2026-02-17 19:00:00,26.0,72,0.0,25.66,9.88,7.28
2026-02-17 20:00:00,26.3,69,0.0,25.55,9.85,7.15
2026-02-17 21:00:00,26.1,67,0.0,25.42,9.84,7.36
2026-02-17 22:00:00,25.8,67,0.0,25.23,9.88,7.24
2026-02-17 23:00:00,25.9,66,0.0,25.13,9.88,7.31
2026-02-18 00:00:00,26.0,66,0.0,25.09,9.89,7.41
2026-02-18 01:00:00,25.9,66,0.0,25.03,9.9,7.47
2026-02-18 02:00:00,25.9,65,0.0,24.99,9.89,7.54
2026-02-18 03:00:00,27.2,58,0.0,25.36,9.68,7.73
2026-02-18 04:00:00,28.7,51,0.0,26.06,9.41,7.67
2026-02-18 05:00:00,30.4,44,0.0,27.06,9.08,7.75
2026-02-18 06:00:00,32.0,39,0.0,28.24,8.75,7.78
2026-02-18 07:00:00,33.5,34,0.0,29.52,8.42,7.69
2026-02-18 08:00:00,34.1,33,0.0,30.59,8.19,7.52
2026-02-18 09:00:00,33.9,36,0.0,31.29,8.11,7.42
2026-02-18 10:00:00,33.0,42,0.0,31.5,8.17,7.51
2026-02-18 11:00:00,31.9,46,0.0,31.32,8.27,7.41
2026-02-18 12:00:00,30.0,55,0.0,30.62,8.56,7.36
2026-02-18 13:00:00,28.5,60,0.0,29.69,8.84,7.28
2026-02-18 14:00:00,28.0,60,0.0,28.88,9.0,7.48
2026-02-18 15:00:00,27.6,63,0.0,28.2,9.19,7.03
2026-02-18 16:00:00,27.1,65,0.0,27.57,9.36,6.93
2026-02-18 17:00:00,26.6,68,0.0,26.98,9.54,7.13
2026-02-18 18:00:00,26.2,69,0.0,26.44,9.67,7.06
2026-02-18 19:00:00,26.1,71,0.0,26.04,9.79,7.14
2026-02-18 20:00:00,25.9,73,0.0,25.7,9.9,7.2
2026-02-18 21:00:00,25.7,75,0.0,25.4,10.0,7.32
2026-02-18 22:00:00,25.3,77,0.0,25.07,10.1,7.11
2026-02-18 23:00:00,25.2,77,0.0,24.81,10.16,7.28
2026-02-19 00:00:00,25.2,77,0.0,24.63,10.2,7.46
2026-02-19 01:00:00,25.2,77,0.0,24.5,10.22,7.57
2026-02-19 02:00:00,25.8,73,0.0,24.59,10.13,7.78
2026-02-19 03:00:00,27.4,64,0.0,25.13,9.84,7.72
2026-02-19 04:00:00,29.0,56,0.0,25.99,9.51,7.65
2026-02-19 05:00:00,30.9,48,0.0,27.16,9.13,7.59
2026-02-19 06:00:00,32.9,41,0.0,28.59,8.72,7.62
2026-02-19 07:00:00,34.3,36,0.0,30.0,8.36,7.59
2026-02-19 08:00:00,34.9,33,0.0,31.17,8.08,7.67
2026-02-19 09:00:00,34.6,34,0.0,31.9,7.96,7.58
2026-02-19 10:00:00,34.0,39,0.0,32.23,7.97,7.36
2026-02-19 11:00:00,33.6,40,0.0,32.34,7.97,7.37
2026-02-19 12:00:00,32.4,45,0.0,32.06,8.11,7.43
2026-02-19 13:00:00,30.6,54,0.0,31.32,8.4,7.3
2026-02-19 14:00:00,29.3,61,0.0,30.41,8.7,7.26
2026-02-19 15:00:00,28.5,65,0.0,29.54,8.95,7.19
2026-02-19 16:00:00,28.2,69,0.0,28.84,9.17,7.27
2026-02-19 17:00:00,28.1,68,0.0,28.32,9.26,7.11
2026-02-19 18:00:00,27.6,68,0.0,27.8,9.37,7.04
2026-02-19 19:00:00,27.0,71,0.0,27.26,9.53,7.01
2026-02-19 20:00:00,26.6,71,0.0,26.76,9.64,7.16
2026-02-19 21:00:00,26.3,70,0.0,26.32,9.71,6.94
2026-02-19 22:00:00,26.2,67,0.0,25.99,9.72,7.23
2026-02-19 23:00:00,26.2,63,0.0,25.75,9.7,7.3
2026-02-20 00:00:00,25.6,66,0.0,25.41,9.82,7.27
2026-02-20 01:00:00,25.5,65,0.0,25.13,9.86,7.39
2026-02-20 02:00:00,26.2,63,0.0,25.15,9.82,7.64
2026-02-20 03:00:00,28.2,54,0.0,25.77,9.52,7.64
2026-02-20 04:00:00,29.8,47,0.0,26.68,9.21,7.66
2026-02-20 05:00:00,31.1,45,0.0,27.7,8.97,7.7
2026-02-20 06:00:00,33.4,38,0.0,29.11,8.57,7.68
2026-02-20 07:00:00,34.5,36,0.0,30.43,8.28,7.77
2026-02-20 08:00:00,34.3,38,0.0,31.29,8.14,7.62
2026-02-20 09:00:00,33.5,43,0.1,31.65,8.15,7.4
2026-02-20 10:00:00,32.4,49,0.5,31.58,8.27,7.62
2026-02-20 11:00:00,32.2,49,0.1,31.46,8.29,7.45
2026-02-20 12:00:00,31.0,53,0.1,31.02,8.45,7.28
2026-02-20 13:00:00,29.7,60,0.0,30.33,8.71,7.15
2026-02-20 14:00:00,28.8,64,0.0,29.57,8.93,7.25
2026-02-20 15:00:00,28.1,67,0.0,28.83,9.13,7.15
2026-02-20 16:00:00,27.7,71,0.0,28.19,9.34,7.28
2026-02-20 17:00:00,27.5,72,0.0,27.68,9.46,7.06
2026-02-20 18:00:00,27.6,71,0.0,27.36,9.51,7.0
2026-02-20 19:00:00,27.4,71,0.0,27.07,9.57,7.19
2026-02-20 20:00:00,27.1,70,0.0,26.78,9.61,7.22
2026-02-20 21:00:00,26.8,71,0.0,26.49,9.69,7.2
2026-02-20 22:00:00,26.7,69,0.0,26.25,9.71,7.32
2026-02-20 23:00:00,26.4,69,0.0,25.99,9.76,7.32
2026-02-21 00:00:00,26.0,72,0.0,25.7,9.88,7.43
2026-02-21 01:00:00,26.0,72,0.0,25.49,9.92,7.6
2026-02-21 02:00:00,26.9,67,0.0,25.61,9.8,7.62
2026-02-21 03:00:00,28.8,58,0.0,26.27,9.5,7.59
2026-02-21 04:00:00,30.8,48,0.0,27.33,9.1,7.78
2026-02-21 05:00:00,32.6,42,0.0,28.61,8.74,7.43
2026-02-21 06:00:00,34.1,38,0.0,29.96,8.4,7.87
2026-02-21 07:00:00,33.5,42,0.0,30.72,8.32,7.47
2026-02-21 08:00:00,30.0,65,3.7,30.2,8.82,7.43
2026-02-21 09:00:00,28.2,76,2.7,29.3,9.19,7.47
2026-02-21 10:00:00,26.6,82,8.2,28.19,9.54,7.34
2026-02-21 11:00:00,25.9,87,7.0,27.2,9.84,7.4
2026-02-21 12:00:00,27.1,78,2.0,26.87,9.74,7.2
2026-02-21 13:00:00,26.7,83,0.4,26.52,9.91,7.32
2026-02-21 14:00:00,25.0,93,2.0,25.76,10.26,7.11
2026-02-21 15:00:00,25.0,93,0.3,25.24,10.37,7.2
2026-02-21 16:00:00,24.8,97,0.4,24.8,10.55,7.12
2026-02-21 17:00:00,24.9,97,0.2,24.53,10.6,7.12
2026-02-21 18:00:00,25.4,93,0.0,24.49,10.54,7.06
2026-02-21 19:00:00,24.9,93,0.0,24.32,10.57,7.08
2026-02-21 20:00:00,24.6,92,0.0,24.1,10.6,7.19
2026-02-21 21:00:00,22.8,97,4.9,23.41,10.85,7.17
2026-02-21 22:00:00,23.5,96,0.3,23.14,10.89,7.2
2026-02-21 23:00:00,23.5,97,0.1,22.95,10.95,7.26
2026-02-22 00:00:00,24.7,94,0.0,23.17,10.84,7.49
2026-02-22 01:00:00,24.5,94,0.0,23.27,10.82,7.5
2026-02-22 02:00:00,24.7,91,0.1,23.4,10.73,7.65
2026-02-22 03:00:00,25.6,86,0.0,23.76,10.56,7.54
2026-02-22 04:00:00,26.8,81,0.0,24.37,10.33,7.5
2026-02-22 05:00:00,28.6,74,0.0,25.34,9.99,7.64
2026-02-22 06:00:00,29.3,73,0.1,26.23,9.78,7.61
2026-02-22 07:00:00,30.0,70,0.0,27.06,9.56,7.67
2026-02-22 08:00:00,26.8,88,5.4,26.68,9.97,7.44
2026-02-22 09:00:00,28.1,78,0.2,26.81,9.76,7.66
2026-02-22 10:00:00,28.2,76,0.0,26.93,9.69,7.51
2026-02-22 11:00:00,28.5,74,0.0,27.1,9.62,7.48
2026-02-22 12:00:00,26.0,89,0.0,26.47,10.03,7.41
2026-02-22 13:00:00,26.1,89,0.0,26.06,10.12,7.34
2026-02-22 14:00:00,26.0,88,0.0,25.74,10.17,7.25
2026-02-22 15:00:00,25.8,90,0.0,25.46,10.27,7.24
2026-02-22 16:00:00,25.6,90,0.0,25.2,10.32,7.07
2026-02-22 17:00:00,25.5,90,0.0,24.99,10.37,7.26
2026-02-22 18:00:00,25.7,90,0.0,24.9,10.39,7.09
2026-02-22 19:00:00,25.5,86,0.0,24.78,10.34,6.99
2026-02-22 20:00:00,25.4,84,0.0,24.67,10.32,7.17
2026-02-22 21:00:00,24.2,92,0.9,24.23,10.57,7.07
2026-02-22 22:00:00,24.1,94,0.0,23.89,10.69,7.34
2026-02-22 23:00:00,23.7,95,0.0,23.53,10.78,7.57
2026-02-23 00:00:00,24.9,92,0.0,23.64,10.7,7.34
2026-02-23 01:00:00,25.0,91,0.0,23.75,10.66,7.53
2026-02-23 02:00:00,25.4,89,0.0,23.94,10.58,7.4
2026-02-23 03:00:00,27.4,78,0.0,24.68,10.2,7.67
2026-02-23 04:00:00,29.1,68,0.0,25.71,9.8,7.57
2026-02-23 05:00:00,30.0,64,0.0,26.69,9.52,7.62
2026-02-23 06:00:00,30.0,66,0.2,27.39,9.41,7.56
2026-02-23 07:00:00,29.2,75,0.2,27.63,9.53,7.73
2026-02-23 08:00:00,28.8,79,0.4,27.68,9.59,7.72
2026-02-23 09:00:00,29.7,72,0.1,27.99,9.4,7.59
2026-02-23 10:00:00,28.8,75,0.8,27.93,9.46,7.4
2026-02-23 11:00:00,26.8,86,1.9,27.29,9.8,7.54
2026-02-23 12:00:00,28.0,77,0.2,27.2,9.65,7.3
2026-02-23 13:00:00,27.3,84,0.0,26.93,9.84,7.1
2026-02-23 14:00:00,26.6,87,0.0,26.53,9.98,7.29
2026-02-23 15:00:00,26.6,86,0.0,26.25,10.02,7.07
2026-02-23 16:00:00,26.2,88,0.0,25.94,10.13,7.24
2026-02-23 17:00:00,25.5,90,0.0,25.51,10.26,7.08
2026-02-23 18:00:00,25.1,93,0.0,25.08,10.41,7.17
2026-02-23 19:00:00,25.0,93,0.0,24.76,10.48,7.26
2026-02-23 20:00:00,24.7,94,0.0,24.44,10.57,7.03
2026-02-23 21:00:00,24.4,94,0.0,24.13,10.63,7.15
2026-02-23 22:00:00,24.3,94,0.0,23.88,10.69,7.26
2026-02-23 23:00:00,24.4,93,0.0,23.74,10.7,7.5
2026-02-24 00:00:00,24.4,93,0.0,23.64,10.72,7.36
2026-02-24 01:00:00,24.6,91,0.0,23.62,10.68,7.44
2026-02-24 02:00:00,25.7,85,0.0,23.95,10.5,7.62
2026-02-24 03:00:00,27.6,74,0.0,24.74,10.11,7.57
2026-02-24 04:00:00,29.3,64,0.0,25.81,9.7,7.68
2026-02-24 05:00:00,30.8,58,0.0,27.01,9.35,7.52
2026-02-24 06:00:00,30.6,59,0.0,27.78,9.21,7.9
2026-02-24 07:00:00,30.1,69,0.1,28.18,9.3,7.53
2026-02-24 08:00:00,29.6,72,0.4,28.31,9.33,7.58
2026-02-24 09:00:00,28.4,73,0.0,28.03,9.41,7.59
2026-02-24 10:00:00,28.7,70,0.1,27.93,9.37,7.71
2026-02-24 11:00:00,28.4,72,0.1,27.77,9.44,7.32
2026-02-24 12:00:00,28.2,74,0.0,27.6,9.52,7.58
2026-02-24 13:00:00,27.2,83,0.0,27.18,9.77,7.39
2026-02-24 14:00:00,26.6,86,0.0,26.71,9.93,7.28
2026-02-24 15:00:00,26.3,87,0.0,26.28,10.03,7.09
2026-02-24 16:00:00,26.1,87,0.0,25.93,10.11,7.2
2026-02-24 17:00:00,25.7,90,0.0,25.56,10.25,7.04
2026-02-24 18:00:00,25.4,91,0.0,25.21,10.34,7.23
2026-02-24 19:00:00,25.3,89,0.0,24.94,10.36,7.02
2026-02-24 20:00:00,24.5,91,0.0,24.51,10.49,7.14
2026-02-24 21:00:00,24.0,91,0.0,24.05,10.59,7.15
2026-02-24 22:00:00,23.8,90,0.0,23.68,10.65,7.17
2026-02-24 23:00:00,23.5,90,0.0,23.32,10.73,7.42
2026-02-25 00:00:00,24.2,91,0.0,23.29,10.76,7.48
2026-02-25 01:00:00,24.4,90,0.0,23.32,10.73,7.63
2026-02-25 02:00:00,26.1,82,0.0,23.85,10.46,7.39
2026-02-25 03:00:00,27.7,75,0.0,24.71,10.14,7.73
2026-02-25 04:00:00,29.1,69,0.0,25.73,9.81,7.91
2026-02-25 05:00:00,30.3,64,0.0,26.8,9.5,7.64
2026-02-25 06:00:00,26.3,85,0.1,26.35,9.98,7.88
2026-02-25 07:00:00,29.1,68,0.1,26.87,9.56,7.65
2026-02-25 08:00:00,25.4,85,6.3,26.13,10.03,7.36
2026-02-25 09:00:00,27.6,76,0.2,26.27,9.83,7.56
2026-02-25 10:00:00,28.7,70,0.0,26.7,9.63,7.65
2026-02-25 11:00:00,28.6,69,0.2,26.97,9.56,7.37
2026-02-25 12:00:00,27.7,78,0.1,26.89,9.74,7.32
2026-02-25 13:00:00,26.9,79,0.0,26.59,9.82,7.38
2026-02-25 14:00:00,25.8,86,0.0,26.05,10.07,7.25
2026-02-25 15:00:00,25.5,87,0.0,25.59,10.18,7.25
2026-02-25 16:00:00,24.9,87,0.0,25.08,10.29,7.17
2026-02-25 17:00:00,24.6,88,0.0,24.64,10.41,7.17
2026-02-25 18:00:00,24.8,88,0.0,24.39,10.46,7.07
2026-02-25 19:00:00,25.1,87,0.0,24.3,10.46,7.15
2026-02-25 20:00:00,24.8,88,0.0,24.15,10.51,7.07
2026-02-25 21:00:00,24.3,91,0.0,23.9,10.63,7.34
2026-02-25 22:00:00,23.9,93,0.0,23.6,10.73,7.21
2026-02-25 23:00:00,23.8,91,0.0,23.36,10.74,7.46
2026-02-26 00:00:00,23.8,90,0.0,23.19,10.76,7.4
2026-02-26 01:00:00,24.1,92,0.0,23.16,10.8,7.53
2026-02-26 02:00:00,24.9,89,0.0,23.38,10.7,7.53
2026-02-26 03:00:00,27.0,79,0.0,24.17,10.33,7.53
2026-02-26 04:00:00,29.0,68,0.0,25.32,9.88,7.49
2026-02-26 05:00:00,30.2,62,0.0,26.48,9.53,7.58
2026-02-26 06:00:00,30.4,63,0.0,27.36,9.37,7.65
2026-02-26 07:00:00,30.1,67,0.0,27.88,9.33,7.69
2026-02-26 08:00:00,28.6,73,0.2,27.8,9.46,7.73
2026-02-26 09:00:00,28.9,70,0.2,27.83,9.4,7.53
2026-02-26 10:00:00,29.5,65,0.1,28.03,9.26,7.43
2026-02-26 11:00:00,29.5,64,0.0,28.17,9.22,7.31
2026-02-26 12:00:00,27.5,75,0.0,27.67,9.52,7.43
2026-02-26 13:00:00,26.8,81,0.0,27.11,9.75,7.45
2026-02-26 14:00:00,26.3,85,0.0,26.57,9.94,7.37
2026-02-26 15:00:00,26.0,85,0.0,26.1,10.04,7.26
2026-02-26 16:00:00,25.8,85,0.0,25.71,10.12,7.21
2026-02-26 17:00:00,25.4,86,0.0,25.32,10.22,7.29
2026-02-26 18:00:00,25.5,88,0.0,25.07,10.31,7.14
2026-02-26 19:00:00,24.7,88,0.0,24.66,10.4,7.19
2026-02-26 20:00:00,24.4,89,0.0,24.28,10.5,7.13
2026-02-26 21:00:00,23.9,92,0.0,23.87,10.65,7.07
2026-02-26 22:00:00,24.0,91,0.0,23.61,10.69,7.21
2026-02-26 23:00:00,23.8,90,0.0,23.36,10.72,7.35
2026-02-27 00:00:00,23.0,95,0.0,22.96,10.91,7.44
2026-02-27 01:00:00,22.8,93,1.3,22.61,10.94,7.64
2026-02-27 02:00:00,24.2,91,0.0,22.79,10.87,7.59
2026-02-27 03:00:00,26.3,85,0.0,23.54,10.58,7.75
2026-02-27 04:00:00,28.0,72,0.0,24.58,10.11,7.63
2026-02-27 05:00:00,30.1,59,0.0,25.93,9.58,7.66
2026-02-27 06:00:00,31.2,56,0.0,27.21,9.27,7.55
2026-02-27 07:00:00,31.8,56,0.0,28.29,9.05,7.59
2026-02-27 08:00:00,29.8,64,0.8,28.44,9.16,7.64
2026-02-27 09:00:00,29.3,66,0.5,28.4,9.21,7.56
2026-02-27 10:00:00,29.7,59,0.4,28.49,9.06,7.59
2026-02-27 11:00:00,29.5,59,0.0,28.49,9.06,7.47
2026-02-27 12:00:00,28.6,68,0.0,28.23,9.28,7.34
2026-02-27 13:00:00,27.9,69,0.0,27.83,9.38,7.52
2026-02-27 14:00:00,26.6,78,0.0,27.16,9.68,7.23
2026-02-27 15:00:00,25.9,81,0.0,26.48,9.88,7.3
2026-02-27 16:00:00,25.4,82,0.0,25.86,10.03,7.1
2026-02-27 17:00:00,24.7,84,0.0,25.21,10.21,7.19
2026-02-27 18:00:00,24.8,81,0.0,24.79,10.24,7.2
2026-02-27 19:00:00,24.8,81,0.0,24.49,10.3,7.15
2026-02-27 20:00:00,24.3,84,0.0,24.13,10.44,6.92
2026-02-27 21:00:00,24.3,89,0.0,23.88,10.59,7.21
2026-02-27 22:00:00,24.3,92,0.0,23.71,10.69,7.4
2026-02-27 23:00:00,24.1,93,0.0,23.53,10.75,7.4
2026-02-28 00:00:00,23.7,87,0.0,23.28,10.68,7.47
2026-02-28 01:00:00,23.6,94,0.6,23.07,10.86,7.3
2026-02-28 02:00:00,25.1,91,0.0,23.38,10.74,7.5
2026-02-28 03:00:00,27.0,80,0.0,24.17,10.35,7.67
2026-02-28 04:00:00,28.7,69,0.0,25.23,9.92,7.71
2026-02-28 05:00:00,30.4,58,0.0,26.48,9.45,7.81
2026-02-28 06:00:00,30.8,57,0.0,27.48,9.23,7.67
2026-02-28 07:00:00,30.1,65,0.0,27.96,9.28,7.71
2026-02-28 08:00:00,29.6,64,0.1,28.15,9.22,7.63
2026-02-28 09:00:00,29.2,63,0.1,28.17,9.2,7.48
2026-02-28 10:00:00,29.6,60,0.1,28.3,9.12,7.29
2026-02-28 11:00:00,28.8,62,0.2,28.15,9.19,7.48
2026-02-28 12:00:00,28.7,61,0.0,28.01,9.2,7.4
2026-02-28 13:00:00,28.0,63,0.0,27.71,9.29,7.24
2026-02-28 14:00:00,27.6,66,0.0,27.38,9.42,7.07
2026-02-28 15:00:00,26.9,69,0.0,26.93,9.56,7.24
2026-02-28 16:00:00,25.7,74,0.0,26.26,9.8,7.11
2026-02-28 17:00:00,24.9,76,0.0,25.55,9.98,7.17
2026-02-28 18:00:00,24.5,79,0.0,24.94,10.17,7.3
2026-02-28 19:00:00,24.5,78,0.0,24.51,10.24,6.91
2026-02-28 20:00:00,23.8,81,0.0,23.99,10.41,7.09
2026-02-28 21:00:00,23.0,84,0.0,23.4,10.6,7.19
2026-02-28 22:00:00,22.6,85,0.0,22.86,10.73,7.43
2026-02-28 23:00:00,22.4,84,0.0,22.42,10.8,7.19
2026-03-01 00:00:00,22.9,85,0.0,22.26,10.86,7.63
2026-03-01 01:00:00,23.1,83,0.0,22.21,10.83,7.53
2026-03-01 02:00:00,25.1,78,0.0,22.78,10.61,7.57
2026-03-01 03:00:00,27.9,66,0.0,24.02,10.11,7.61
2026-03-01 04:00:00,29.8,55,0.0,25.45,9.6,7.62
2026-03-01 05:00:00,31.4,45,0.0,26.94,9.12,7.79
2026-03-01 06:00:00,31.4,48,0.0,27.98,8.97,7.57
2026-03-01 07:00:00,31.4,54,0.0,28.7,8.93,7.7
2026-03-01 08:00:00,30.8,55,0.1,29.03,8.88,7.58
2026-03-01 09:00:00,30.4,52,0.0,29.14,8.81,7.5
2026-03-01 10:00:00,30.3,61,0.0,29.19,8.95,7.78
2026-03-01 11:00:00,29.3,64,0.3,28.92,9.06,7.47
2026-03-01 12:00:00,28.8,65,0.0,28.59,9.15,7.44
2026-03-01 13:00:00,27.7,72,0.0,28.02,9.39,7.42
2026-03-01 14:00:00,26.2,81,0.0,27.17,9.73,7.1
2026-03-01 15:00:00,26.0,82,0.0,26.52,9.89,7.36
2026-03-01 16:00:00,25.1,84,0.0,25.8,10.08,6.89
2026-03-01 17:00:00,24.0,87,0.0,24.96,10.32,7.04
2026-03-01 18:00:00,23.9,83,0.0,24.34,10.37,7.07
2026-03-01 19:00:00,23.9,80,0.0,23.91,10.41,7.19
2026-03-01 20:00:00,23.5,79,0.0,23.49,10.48,7.19
2026-03-01 21:00:00,23.0,79,0.0,23.04,10.57,7.2
2026-03-01 22:00:00,23.1,77,0.0,22.76,10.59,7.28
2026-03-01 23:00:00,22.7,79,0.0,22.44,10.7,7.26
2026-03-02 00:00:00,22.4,81,0.0,22.13,10.81,7.29
2026-03-02 01:00:00,22.6,79,0.0,21.97,10.8,7.59
2026-03-02 02:00:00,25.0,69,0.0,22.58,10.47,7.65
2026-03-02 03:00:00,28.2,59,0.0,23.97,9.98,7.79
2026-03-02 04:00:00,30.1,45,0.0,25.51,9.4,7.59
2026-03-02 05:00:00,31.6,39,0.0,27.03,8.99,7.75
2026-03-02 06:00:00,31.8,41,0.0,28.16,8.81,7.65
2026-03-02 07:00:00,31.6,50,0.0,28.89,8.82,7.78
2026-03-02 08:00:00,30.6,52,0.0,29.11,8.81,7.73
2026-03-02 09:00:00,30.1,51,0.0,29.1,8.8,7.6
2026-03-02 10:00:00,30.4,57,0.0,29.19,8.88,7.48
2026-03-02 11:00:00,30.2,56,0.1,29.2,8.87,7.53
2026-03-02 12:00:00,29.5,57,0.0,28.99,8.93,7.43
2026-03-02 13:00:00,28.2,65,0.0,28.45,9.18,7.23
2026-03-02 14:00:00,26.9,70,0.0,27.69,9.43,7.1
2026-03-02 15:00:00,26.2,73,0.0,26.94,9.64,7.15
2026-03-02 16:00:00,25.4,77,0.0,26.18,9.87,7.29
2026-03-02 17:00:00,24.9,80,0.0,25.49,10.07,7.23
2026-03-02 18:00:00,24.8,81,0.0,24.99,10.2,7.0
2026-03-02 19:00:00,24.6,82,0.0,24.57,10.31,7.01
2026-03-02 20:00:00,24.1,84,0.0,24.13,10.44,7.29
2026-03-02 21:00:00,23.6,86,0.0,23.67,10.58,7.1
2026-03-02 22:00:00,23.2,89,0.0,23.23,10.73,7.33
2026-03-02 23:00:00,22.6,90,0.0,22.74,10.86,7.29
2026-03-03 00:00:00,22.4,86,0.0,22.34,10.86,7.6
2026-03-03 01:00:00,22.6,79,0.0,22.12,10.77,7.44
2026-03-03 02:00:00,24.8,65,0.0,22.62,10.38,7.7
2026-03-03 03:00:00,27.7,55,0.0,23.85,9.93,7.65
2026-03-03 04:00:00,29.6,49,0.0,25.27,9.53,7.69
2026-03-03 05:00:00,31.2,41,0.0,26.75,9.08,7.49
2026-03-03 06:00:00,32.0,38,0.0,28.03,8.78,7.46
2026-03-03 07:00:00,31.0,53,0.0,28.62,8.93,7.64
2026-03-03 08:00:00,29.5,61,0.1,28.58,9.08,7.65
2026-03-03 09:00:00,29.6,58,0.0,28.59,9.02,7.47
2026-03-03 10:00:00,29.0,60,0.0,28.41,9.1,7.42
2026-03-03 11:00:00,28.6,62,0.0,28.17,9.18,7.51
2026-03-03 12:00:00,27.5,66,0.0,27.67,9.36,7.44
2026-03-03 13:00:00,26.9,67,0.0,27.14,9.48,7.3
2026-03-03 14:00:00,26.1,72,0.0,26.53,9.7,7.32
2026-03-03 15:00:00,25.5,74,0.0,25.92,9.87,7.07
2026-03-03 16:00:00,24.8,78,0.0,25.28,10.08,7.11
2026-03-03 17:00:00,24.4,79,0.0,24.72,10.22,7.29
2026-03-03 18:00:00,24.4,76,0.0,24.32,10.24,7.12
2026-03-03 19:00:00,23.5,78,0.0,23.78,10.4,7.15
2026-03-03 20:00:00,22.8,81,0.0,23.18,10.58,7.4
2026-03-03 21:00:00,22.6,82,0.0,22.71,10.7,7.08
2026-03-03 22:00:00,22.8,77,0.0,22.44,10.66,7.37
2026-03-03 23:00:00,23.9,66,0.0,22.57,10.41,7.52
2026-03-04 00:00:00,24.0,61,0.0,22.7,10.28,7.4
2026-03-04 01:00:00,24.1,61,0.0,22.82,10.26,7.6
2026-03-04 02:00:00,25.1,55,0.0,23.21,10.06,7.48
2026-03-04 03:00:00,28.4,46,0.0,24.46,9.63,7.56
2026-03-04 04:00:00,29.9,50,0.0,25.79,9.44,7.7
2026-03-04 05:00:00,31.3,45,0.0,27.15,9.08,7.76
2026-03-04 06:00:00,32.5,38,0.0,28.45,8.7,7.79
2026-03-04 07:00:00,32.9,41,0.0,29.49,8.55,7.81
2026-03-04 08:00:00,30.4,57,0.2,29.46,8.83,7.6
2026-03-04 09:00:00,30.5,54,0.0,29.47,8.78,7.7
2026-03-04 10:00:00,30.0,62,0.0,29.33,8.94,7.48
2026-03-04 11:00:00,29.3,65,0.0,29.02,9.06,7.54
2026-03-04 12:00:00,28.4,72,0.0,28.54,9.28,7.4
2026-03-04 13:00:00,27.6,76,0.0,27.95,9.48,7.35
2026-03-04 14:00:00,27.2,79,0.0,27.43,9.64,7.28
2026-03-04 15:00:00,26.7,81,0.0,26.91,9.79,7.02
2026-03-04 16:00:00,26.2,84,0.0,26.4,9.95,7.02
2026-03-04 17:00:00,25.7,86,0.0,25.89,10.1,7.12
2026-03-04 18:00:00,24.9,91,0.0,25.29,10.32,6.94
2026-03-04 19:00:00,25.1,89,0.0,24.93,10.36,7.2
2026-03-04 20:00:00,25.1,87,0.0,24.68,10.38,7.24
2026-03-04 21:00:00,25.0,86,0.7,24.48,10.4,7.19
2026-03-04 22:00:00,24.5,89,0.0,24.19,10.52,7.16
2026-03-04 23:00:00,23.9,94,0.1,23.8,10.71,7.47
2026-03-05 00:00:00,23.9,92,0.0,23.53,10.73,7.63
2026-03-05 01:00:00,24.1,92,0.0,23.4,10.75,7.52
2026-03-05 02:00:00,25.3,85,0.0,23.67,10.56,7.62
2026-03-05 03:00:00,27.8,68,0.0,24.61,10.03,7.65
2026-03-05 04:00:00,30.2,57,0.0,25.99,9.53,7.71
2026-03-05 05:00:00,32.4,45,0.0,27.61,8.99,7.66
2026-03-05 06:00:00,33.2,41,0.0,28.99,8.64,7.67
2026-03-05 07:00:00,31.3,59,0.6,29.38,8.88,7.71
2026-03-05 08:00:00,29.1,68,2.3,29.0,9.12,7.77
2026-03-05 09:00:00,29.2,63,0.2,28.76,9.08,7.43
2026-03-05 10:00:00,30.7,55,0.0,29.04,8.88,7.51
2026-03-05 11:00:00,28.4,71,0.7,28.55,9.26,7.29
2026-03-05 12:00:00,27.5,73,0.2,27.93,9.43,7.53
2026-03-05 13:00:00,27.3,72,0.0,27.44,9.51,7.25
2026-03-05 14:00:00,26.6,77,0.0,26.89,9.72,7.1
2026-03-05 15:00:00,26.2,81,0.0,26.38,9.9,7.25
2026-03-05 16:00:00,25.6,85,0.0,25.85,10.09,7.32
2026-03-05 17:00:00,25.0,88,0.0,25.29,10.27,7.18
2026-03-05 18:00:00,25.1,89,0.0,24.94,10.36,7.13
2026-03-05 19:00:00,25.1,86,0.0,24.68,10.36,7.16
2026-03-05 20:00:00,24.6,85,0.0,24.36,10.41,7.3
2026-03-05 21:00:00,24.2,85,0.0,24.01,10.48,7.12
2026-03-05 22:00:00,24.1,85,0.0,23.74,10.54,7.26
2026-03-05 23:00:00,23.8,87,0.0,23.46,10.64,7.3
2026-03-06 00:00:00,23.6,88,0.0,23.2,10.72,7.31
2026-03-06 01:00:00,24.2,85,0.0,23.2,10.66,7.47
2026-03-06 02:00:00,25.9,78,0.0,23.71,10.41,7.68
2026-03-06 03:00:00,28.6,68,0.0,24.88,9.97,7.68
2026-03-06 04:00:00,30.8,52,0.0,26.35,9.37,7.72
2026-03-06 05:00:00,32.4,44,0.0,27.87,8.92,7.69
2026-03-06 06:00:00,32.6,45,0.0,28.99,8.71,7.72
2026-03-06 07:00:00,31.8,54,0.0,29.53,8.76,7.57
2026-03-06 08:00:00,31.8,47,0.0,29.91,8.57,7.59
2026-03-06 09:00:00,32.0,46,0.0,30.24,8.48,7.59
2026-03-06 10:00:00,31.7,52,0.0,30.38,8.56,7.53
2026-03-06 11:00:00,30.7,54,0.0,30.17,8.63,7.47
2026-03-06 12:00:00,29.6,58,0.0,29.7,8.8,7.35
2026-03-06 13:00:00,28.6,63,0.0,29.07,9.01,7.25
2026-03-06 14:00:00,27.9,70,0.0,28.42,9.27,7.54
2026-03-06 15:00:00,27.3,76,0.0,27.78,9.51,7.26
2026-03-06 16:00:00,26.8,77,0.0,27.19,9.66,7.17
2026-03-06 17:00:00,26.3,79,0.0,26.62,9.81,7.08
2026-03-06 18:00:00,25.9,82,0.0,26.11,9.98,7.05
2026-03-06 19:00:00,25.7,82,0.0,25.68,10.07,7.1
2026-03-06 20:00:00,25.4,84,0.0,25.3,10.19,7.18
2026-03-06 21:00:00,25.1,86,0.0,24.94,10.3,7.01
2026-03-06 22:00:00,24.9,87,0.0,24.63,10.39,7.11
2026-03-06 23:00:00,24.7,87,0.0,24.35,10.45,7.28
2026-03-07 00:00:00,25.2,86,0.0,24.3,10.44,7.44
2026-03-07 01:00:00,25.1,86,0.0,24.24,10.45,7.47
2026-03-07 02:00:00,26.2,80,0.0,24.53,10.28,7.71
2026-03-07 03:00:00,28.6,71,0.0,25.45,9.91,7.47
2026-03-07 04:00:00,31.0,58,0.0,26.82,9.38,7.58
2026-03-07 05:00:00,32.9,46,0.0,28.34,8.86,7.82
2026-03-07 06:00:00,33.5,42,0.0,29.59,8.54,7.68
2026-03-07 07:00:00,32.6,51,0.0,30.19,8.58,7.74
2026-03-07 08:00:00,32.5,52,0.0,30.58,8.52,7.82
2026-03-07 09:00:00,32.1,51,0.0,30.74,8.47,7.5
2026-03-07 10:00:00,31.8,54,0.0,30.76,8.52,7.49
2026-03-07 11:00:00,31.1,56,0.0,30.56,8.59,7.4
2026-03-07 12:00:00,30.1,60,0.0,30.12,8.75,7.16
2026-03-07 13:00:00,29.0,64,0.0,29.49,8.95,7.26
2026-03-07 14:00:00,28.0,73,0.0,28.74,9.26,7.31
2026-03-07 15:00:00,27.5,75,0.0,28.07,9.44,7.22
2026-03-07 16:00:00,27.0,76,0.0,27.45,9.58,7.19
2026-03-07 17:00:00,26.6,78,0.0,26.89,9.74,7.06
2026-03-07 18:00:00,26.3,80,0.0,26.42,9.88,7.03
2026-03-07 19:00:00,25.8,83,0.0,25.93,10.04,7.24
2026-03-07 20:00:00,25.3,85,0.0,25.44,10.18,7.1
2026-03-07 21:00:00,24.8,87,0.0,24.95,10.32,7.23
2026-03-07 22:00:00,24.2,90,0.0,24.42,10.49,7.28
2026-03-07 23:00:00,23.8,92,0.0,23.94,10.64,7.49
2026-03-08 00:00:00,23.5,92,0.0,23.51,10.73,7.52
2026-03-08 01:00:00,23.2,92,0.0,23.11,10.82,7.38
2026-03-08 02:00:00,25.1,79,0.0,23.41,10.49,7.46
2026-03-08 03:00:00,28.1,62,0.0,24.52,9.93,7.68
2026-03-08 04:00:00,31.2,45,0.0,26.22,9.26,7.65
2026-03-08 05:00:00,33.0,39,0.0,27.96,8.81,7.62
2026-03-08 06:00:00,33.2,42,0.0,29.23,8.61,7.77
2026-03-08 07:00:00,31.1,63,1.2,29.49,8.93,7.61
2026-03-08 08:00:00,31.3,60,1.4,29.73,8.83,7.56
2026-03-08 09:00:00,30.4,60,0.5,29.63,8.85,7.62
2026-03-08 10:00:00,29.9,64,0.3,29.41,8.96,7.46
2026-03-08 11:00:00,29.5,66,0.0,29.14,9.05,7.6
2026-03-08 12:00:00,29.0,69,0.0,28.8,9.18,7.29
2026-03-08 13:00:00,28.1,73,0.0,28.29,9.35,7.37
2026-03-08 14:00:00,27.2,78,0.0,27.66,9.58,7.38
2026-03-08 15:00:00,26.2,84,0.0,26.92,9.84,7.04
2026-03-08 16:00:00,26.0,84,0.0,26.35,9.97,7.1
2026-03-08 17:00:00,25.5,84,0.0,25.79,10.08,7.23
2026-03-08 18:00:00,24.8,86,0.0,25.19,10.25,7.22
2026-03-08 19:00:00,24.2,88,0.0,24.6,10.42,7.11
2026-03-08 20:00:00,23.4,91,0.0,23.94,10.62,7.09
2026-03-08 21:00:00,22.7,92,0.0,23.27,10.78,7.31
2026-03-08 22:00:00,22.2,90,0.0,22.65,10.88,7.4
2026-03-08 23:00:00,22.5,82,0.0,22.3,10.79,7.24
