id,timestamp,air_temp,humidity,rain,water_temp,do,ph
1,2025-02-21 00:00:00,22.0,83,0.0,21.0,11.09,7.44
2,2025-02-21 01:00:00,22.4,83,0.0,21.12,11.06,7.66
3,2025-02-21 02:00:00,22.8,78,0.0,21.32,10.91,7.61
4,2025-02-21 03:00:00,24.3,70,0.0,21.92,10.63,7.69
5,2025-02-21 04:00:00,26.4,60,0.0,22.96,10.21,7.64
6,2025-02-21 05:00:00,28.3,51,0.0,24.26,9.77,7.66
7,2025-02-21 06:00:00,30.5,41,0.0,25.83,9.26,7.65
8,2025-02-21 07:00:00,32.5,32,0.0,27.53,8.77,7.72
9,2025-02-21 08:00:00,33.8,27,0.0,29.11,8.37,7.7
10,2025-02-21 09:00:00,34.5,25,0.0,30.43,8.09,7.6
11,2025-02-21 10:00:00,34.5,23,0.0,31.35,7.88,7.42
12,2025-02-21 11:00:00,34.0,23,0.0,31.85,7.79,7.41
13,2025-02-21 12:00:00,33.2,25,0.0,31.95,7.8,7.35
14,2025-02-21 13:00:00,31.4,31,0.0,31.49,7.99,7.33
15,2025-02-21 14:00:00,29.6,36,0.0,30.62,8.24,7.28
16,2025-02-21 15:00:00,28.9,41,0.0,29.8,8.48,7.09
17,2025-02-21 16:00:00,28.2,44,0.0,29.02,8.69,7.16
18,2025-02-21 17:00:00,27.6,49,0.0,28.3,8.92,7.08
19,2025-02-21 18:00:00,27.0,51,0.0,27.61,9.1,7.12
20,2025-02-21 19:00:00,26.3,54,0.0,26.92,9.29,7.05
21,2025-02-21 20:00:00,25.4,61,0.0,26.16,9.57,7.18
22,2025-02-21 21:00:00,24.3,72,0.0,25.3,9.96,7.24
23,2025-02-21 22:00:00,23.4,78,0.0,24.43,10.26,7.25
24,2025-02-21 23:00:00,22.8,80,0.0,23.64,10.46,7.38
25,2025-02-22 00:00:00,22.2,83,0.0,22.91,10.68,7.49
26,2025-02-22 01:00:00,22.3,85,0.0,22.43,10.82,7.52
27,2025-02-22 02:00:00,22.5,84,0.0,22.15,10.86,7.64
28,2025-02-22 03:00:00,24.4,73,0.0,22.52,10.56,7.6
29,2025-02-22 04:00:00,26.5,61,0.0,23.42,10.13,7.71
30,2025-02-22 05:00:00,28.5,52,0.0,24.64,9.71,7.71
31,2025-02-22 06:00:00,30.5,43,0.0,26.1,9.25,7.62
32,2025-02-22 07:00:00,32.5,34,0.0,27.72,8.77,7.62
33,2025-02-22 08:00:00,33.2,29,0.0,29.06,8.42,7.47
34,2025-02-22 09:00:00,33.9,26,0.0,30.21,8.15,7.58
35,2025-02-22 10:00:00,34.0,25,0.0,31.05,7.97,7.53
36,2025-02-22 11:00:00,33.4,27,0.0,31.46,7.93,7.34
37,2025-02-22 12:00:00,32.5,29,0.0,31.47,7.96,7.4
38,2025-02-22 13:00:00,31.2,33,0.0,31.09,8.1,7.29
39,2025-02-22 14:00:00,29.5,37,0.0,30.31,8.32,7.18
40,2025-02-22 15:00:00,28.9,39,0.0,29.59,8.49,7.12
41,2025-02-22 16:00:00,28.1,43,0.0,28.84,8.71,7.21
42,2025-02-22 17:00:00,27.5,46,0.0,28.14,8.9,7.12
43,2025-02-22 18:00:00,26.8,49,0.0,27.44,9.09,7.08
44,2025-02-22 19:00:00,26.5,49,0.0,26.86,9.21,7.22
45,2025-02-22 20:00:00,26.0,50,0.0,26.3,9.34,7.14
46,2025-02-22 21:00:00,25.3,53,0.0,25.7,9.52,7.16
47,2025-02-22 22:00:00,24.4,58,0.0,25.01,9.75,7.28
48,2025-02-22 23:00:00,23.3,70,0.0,24.2,10.15,7.32
49,2025-02-23 00:00:00,22.4,82,0.0,23.36,10.56,7.38
50,2025-02-23 01:00:00,22.6,86,0.0,22.83,10.76,7.5
51,2025-02-23 02:00:00,23.2,80,0.0,22.64,10.68,7.63
52,2025-02-23 03:00:00,25.5,60,0.0,23.2,10.16,7.63
53,2025-02-23 04:00:00,27.3,51,0.0,24.13,9.79,7.62
54,2025-02-23 05:00:00,29.3,47,0.0,25.38,9.47,7.65
55,2025-02-23 06:00:00,31.4,38,0.0,26.89,9.0,7.67
56,2025-02-23 07:00:00,33.2,29,0.0,28.48,8.53,7.67
57,2025-02-23 08:00:00,34.3,25,0.0,29.93,8.18,7.58
58,2025-02-23 09:00:00,34.8,22,0.0,31.09,7.91,7.55
59,2025-02-23 10:00:00,34.7,22,0.0,31.87,7.76,7.55
60,2025-02-23 11:00:00,34.3,21,0.0,32.3,7.67,7.33
61,2025-02-23 12:00:00,33.0,24,0.0,32.21,7.73,7.3
62,2025-02-23 13:00:00,32.0,25,0.0,31.85,7.82,7.23
63,2025-02-23 14:00:00,30.0,34,0.0,30.99,8.13,7.24
64,2025-02-23 15:00:00,29.3,37,0.0,30.19,8.34,7.16
65,2025-02-23 16:00:00,28.2,39,0.0,29.29,8.55,7.17
66,2025-02-23 17:00:00,27.4,43,0.0,28.42,8.79,7.1
67,2025-02-23 18:00:00,26.8,45,0.0,27.64,8.98,7.07
68,2025-02-23 19:00:00,26.0,47,0.0,26.85,9.18,7.1
69,2025-02-23 20:00:00,25.1,52,0.0,26.02,9.43,7.11
70,2025-02-23 21:00:00,24.2,57,0.0,25.18,9.7,7.15
71,2025-02-23 22:00:00,23.5,61,0.0,24.37,9.94,7.33
72,2025-02-23 23:00:00,22.9,64,0.0,23.63,10.15,7.28
73,2025-02-24 00:00:00,22.4,68,0.0,22.96,10.37,7.47
74,2025-02-24 01:00:00,22.9,67,0.0,22.64,10.41,7.49
75,2025-02-24 02:00:00,23.5,65,0.0,22.6,10.38,7.63
76,2025-02-24 03:00:00,25.4,58,0.0,23.14,10.13,7.74
77,2025-02-24 04:00:00,27.3,49,0.0,24.09,9.76,7.69
78,2025-02-24 05:00:00,29.6,39,0.0,25.44,9.3,7.71
79,2025-02-24 06:00:00,31.9,27,0.0,27.08,8.76,7.71
80,2025-02-24 07:00:00,33.0,22,0.0,28.56,8.39,7.7
81,2025-02-24 08:00:00,33.7,19,0.0,29.8,8.1,7.67
82,2025-02-24 09:00:00,34.1,19,0.0,30.79,7.92,7.51
83,2025-02-24 10:00:00,34.3,19,0.0,31.54,7.78,7.49
84,2025-02-24 11:00:00,33.8,22,0.0,31.92,7.76,7.45
85,2025-02-24 12:00:00,32.5,25,0.0,31.79,7.83,7.35
86,2025-02-24 13:00:00,30.1,31,0.0,30.99,8.08,7.22
87,2025-02-24 14:00:00,29.5,31,0.0,30.24,8.23,7.2
88,2025-02-24 15:00:00,28.9,33,0.0,29.54,8.4,7.24
89,2025-02-24 16:00:00,28.0,37,0.0,28.78,8.61,7.16
90,2025-02-24 17:00:00,27.2,44,0.0,28.0,8.89,7.06
91,2025-02-24 18:00:00,26.1,51,0.0,27.13,9.19,7.2
92,2025-02-24 19:00:00,25.1,55,0.0,26.22,9.45,7.13
93,2025-02-24 20:00:00,24.3,59,0.0,25.35,9.7,7.18
94,2025-02-24 21:00:00,23.8,64,0.0,24.58,9.95,7.18
95,2025-02-24 22:00:00,23.1,68,0.0,23.84,10.19,7.26
96,2025-02-24 23:00:00,22.8,72,0.0,23.23,10.39,7.38
97,2025-02-25 00:00:00,22.3,76,0.0,22.65,10.59,7.37
98,2025-02-25 01:00:00,22.5,80,0.0,22.3,10.75,7.58
99,2025-02-25 02:00:00,23.1,76,0.0,22.24,10.68,7.61
100,2025-02-25 03:00:00,25.0,64,0.0,22.77,10.33,7.66
101,2025-02-25 04:00:00,27.1,52,0.0,23.77,9.89,7.72
102,2025-02-25 05:00:00,29.1,41,0.0,25.07,9.41,7.73
103,2025-02-25 06:00:00,31.0,33,0.0,26.55,8.97,7.71
104,2025-02-25 07:00:00,32.0,31,0.0,27.88,8.68,7.65
105,2025-02-25 08:00:00,33.7,28,0.0,29.33,8.35,7.67
106,2025-02-25 09:00:00,33.8,26,0.0,30.37,8.12,7.53
107,2025-02-25 10:00:00,34.0,26,0.0,31.16,7.97,7.54
108,2025-02-25 11:00:00,33.8,27,0.0,31.65,7.89,7.47
109,2025-02-25 12:00:00,32.9,29,0.0,31.73,7.91,7.35
110,2025-02-25 13:00:00,30.0,41,0.0,30.91,8.27,7.24
111,2025-02-25 14:00:00,29.2,43,0.0,30.1,8.46,7.18
112,2025-02-25 15:00:00,28.0,50,0.0,29.17,8.77,7.15
113,2025-02-25 16:00:00,27.0,57,0.0,28.22,9.08,7.05
114,2025-02-25 17:00:00,26.1,63,0.0,27.28,9.38,6.98
115,2025-02-25 18:00:00,25.4,68,0.0,26.42,9.65,7.15
116,2025-02-25 19:00:00,24.9,70,0.0,25.66,9.85,7.09
117,2025-02-25 20:00:00,24.5,69,0.0,25.01,9.96,7.08
118,2025-02-25 21:00:00,24.0,67,0.0,24.41,10.05,7.21
119,2025-02-25 22:00:00,23.5,68,0.0,23.84,10.19,7.24
120,2025-02-25 23:00:00,23.0,70,0.0,23.29,10.34,7.42
121,2025-02-26 00:00:00,22.6,71,0.0,22.78,10.47,7.36
122,2025-02-26 01:00:00,23.1,67,0.0,22.58,10.43,7.49
123,2025-02-26 02:00:00,23.9,61,0.0,22.67,10.29,7.57
124,2025-02-26 03:00:00,25.9,49,0.0,23.34,9.91,7.65
125,2025-02-26 04:00:00,27.8,40,0.0,24.38,9.53,7.69
126,2025-02-26 05:00:00,29.8,35,0.0,25.71,9.18,7.67
127,2025-02-26 06:00:00,31.3,33,0.0,27.08,8.87,7.68
128,2025-02-26 07:00:00,32.5,32,0.0,28.41,8.6,7.72
129,2025-02-26 08:00:00,33.8,29,0.0,29.73,8.29,7.67
130,2025-02-26 09:00:00,33.0,32,0.0,30.41,8.21,7.61
131,2025-02-26 10:00:00,34.1,29,0.0,31.22,8.01,7.57
132,2025-02-26 11:00:00,33.2,31,0.0,31.51,7.98,7.34
133,2025-02-26 12:00:00,32.5,34,0.0,31.51,8.03,7.34
134,2025-02-26 13:00:00,31.1,38,0.0,31.09,8.18,7.31
135,2025-02-26 14:00:00,30.2,40,0.0,30.52,8.33,7.23
136,2025-02-26 15:00:00,29.6,43,0.0,29.94,8.49,7.09
137,2025-02-26 16:00:00,28.7,45,0.0,29.27,8.66,7.04
138,2025-02-26 17:00:00,27.4,46,0.0,28.41,8.85,7.2
139,2025-02-26 18:00:00,26.3,49,0.0,27.48,9.09,7.07
140,2025-02-26 19:00:00,25.5,53,0.0,26.58,9.34,7.12
141,2025-02-26 20:00:00,24.8,57,0.0,25.75,9.58,7.14
142,2025-02-26 21:00:00,24.1,60,0.0,24.95,9.8,7.18
143,2025-02-26 22:00:00,23.5,63,0.0,24.22,10.01,7.3
144,2025-02-26 23:00:00,22.9,65,0.0,23.52,10.19,7.27
145,2025-02-27 00:00:00,22.3,68,0.0,22.86,10.39,7.44
146,2025-02-27 01:00:00,22.5,70,0.0,22.45,10.51,7.52
147,2025-02-27 02:00:00,23.4,66,0.0,22.43,10.44,7.52
148,2025-02-27 03:00:00,25.5,55,0.0,23.05,10.09,7.69
149,2025-02-27 04:00:00,27.5,45,0.0,24.09,9.68,7.62
150,2025-02-27 05:00:00,29.5,37,0.0,25.41,9.27,7.74
151,2025-02-27 06:00:00,31.5,32,0.0,26.94,8.88,7.61
152,2025-02-27 07:00:00,32.8,29,0.0,28.4,8.55,7.7
153,2025-02-27 08:00:00,33.7,28,0.0,29.69,8.28,7.58
154,2025-02-27 09:00:00,34.2,26,0.0,30.74,8.05,7.56
155,2025-02-27 10:00:00,34.3,26,0.0,31.51,7.9,7.55
156,2025-02-27 11:00:00,33.8,27,0.0,31.9,7.84,7.45
157,2025-02-27 12:00:00,32.8,31,0.0,31.87,7.91,7.25
158,2025-02-27 13:00:00,31.2,30,0.0,31.37,7.99,7.3
159,2025-02-27 14:00:00,30.0,32,0.0,30.66,8.16,7.17
160,2025-02-27 15:00:00,29.5,35,0.0,30.01,8.34,7.12
161,2025-02-27 16:00:00,29.0,38,0.0,29.41,8.51,7.15
162,2025-02-27 17:00:00,28.0,48,0.0,28.68,8.83,7.08
163,2025-02-27 18:00:00,26.9,56,0.0,27.85,9.14,7.1
164,2025-02-27 19:00:00,25.6,62,0.0,26.87,9.45,7.1
165,2025-02-27 20:00:00,24.8,68,0.0,25.95,9.75,7.13
166,2025-02-27 21:00:00,24.1,73,0.0,25.1,10.02,7.21
167,2025-02-27 22:00:00,23.3,78,0.0,24.26,10.29,7.29
168,2025-02-27 23:00:00,22.6,83,0.0,23.46,10.56,7.46
169,2025-02-28 00:00:00,22.0,89,0.0,22.72,10.84,7.46
170,2025-02-28 01:00:00,22.9,84,0.0,22.48,10.79,7.58
171,2025-02-28 02:00:00,23.7,79,0.0,22.54,10.68,7.62
172,2025-02-28 03:00:00,25.6,66,0.0,23.16,10.29,7.64
173,2025-02-28 04:00:00,27.8,51,0.0,24.25,9.77,7.69
174,2025-02-28 05:00:00,29.9,42,0.0,25.65,9.32,7.78
175,2025-02-28 06:00:00,31.7,35,0.0,27.16,8.89,7.69
176,2025-02-28 07:00:00,33.0,33,0.0,28.61,8.58,7.7
177,2025-02-28 08:00:00,33.8,32,0.0,29.87,8.32,7.65
178,2025-02-28 09:00:00,33.7,34,0.0,30.72,8.19,7.55
179,2025-02-28 10:00:00,34.1,35,0.0,31.43,8.06,7.48
180,2025-02-28 11:00:00,30.2,50,0.6,30.76,8.45,7.4
181,2025-02-28 12:00:00,30.4,49,0.2,30.35,8.51,7.36
182,2025-02-28 13:00:00,29.8,48,0.0,29.89,8.59,7.26
183,2025-02-28 14:00:00,28.2,61,0.0,29.08,8.98,7.15
184,2025-02-28 15:00:00,27.8,62,0.0,28.4,9.13,7.08
185,2025-02-28 16:00:00,27.2,64,0.0,27.74,9.31,7.23
186,2025-02-28 17:00:00,26.4,71,0.0,27.04,9.58,7.15
187,2025-02-28 18:00:00,25.5,77,0.0,26.28,9.85,7.01
188,2025-02-28 19:00:00,24.8,81,0.1,25.53,10.08,7.08
189,2025-02-28 20:00:00,23.9,86,0.1,24.74,10.35,7.09
190,2025-02-28 21:00:00,23.0,90,0.2,23.92,10.6,7.16
191,2025-02-28 22:00:00,23.1,88,0.3,23.37,10.68,7.26
192,2025-02-28 23:00:00,22.6,91,0.4,22.84,10.85,7.34
193,2025-03-01 00:00:00,22.5,92,0.2,22.44,10.96,7.37
194,2025-03-01 01:00:00,22.8,89,0.1,22.25,10.94,7.57
195,2025-03-01 02:00:00,23.5,82,0.1,22.32,10.78,7.6
196,2025-03-01 03:00:00,24.6,77,0.1,22.71,10.6,7.6
197,2025-03-01 04:00:00,26.6,66,0.2,23.57,10.2,7.71
198,2025-03-01 05:00:00,28.0,60,0.3,24.6,9.87,7.73
199,2025-03-01 06:00:00,29.8,53,0.3,25.86,9.48,7.7
200,2025-03-01 07:00:00,31.0,49,0.0,27.1,9.16,7.69
201,2025-03-01 08:00:00,31.4,47,0.0,28.09,8.93,7.55
202,2025-03-01 09:00:00,32.6,44,0.0,29.14,8.67,7.53
203,2025-03-01 10:00:00,32.8,42,0.0,29.94,8.47,7.53
204,2025-03-01 11:00:00,32.0,46,0.0,30.26,8.48,7.51
205,2025-03-01 12:00:00,31.1,48,0.0,30.21,8.52,7.41
206,2025-03-01 13:00:00,31.0,46,0.1,30.15,8.5,7.36
207,2025-03-01 14:00:00,29.6,54,0.0,29.68,8.73,7.28
208,2025-03-01 15:00:00,28.4,62,0.0,29.0,9.01,7.09
209,2025-03-01 16:00:00,26.9,68,0.0,28.07,9.31,7.15
210,2025-03-01 17:00:00,25.6,76,0.4,27.03,9.67,7.05
211,2025-03-01 18:00:00,24.0,86,0.6,25.82,10.12,7.04
212,2025-03-01 19:00:00,22.0,88,1.0,24.37,10.46,7.1
213,2025-03-01 20:00:00,21.9,87,0.4,23.33,10.67,7.14
214,2025-03-01 21:00:00,22.1,88,0.1,22.66,10.83,7.18
215,2025-03-01 22:00:00,22.5,89,0.0,22.31,10.93,7.28
216,2025-03-01 23:00:00,22.7,91,0.1,22.13,11.01,7.38
217,2025-03-02 00:00:00,22.6,92,0.1,21.97,11.06,7.4
218,2025-03-02 01:00:00,22.8,96,0.0,21.92,11.16,7.53
219,2025-03-02 02:00:00,23.5,90,0.1,22.09,11.0,7.53
220,2025-03-02 03:00:00,24.6,83,0.1,22.55,10.76,7.65
221,2025-03-02 04:00:00,25.7,76,0.1,23.19,10.48,7.71
222,2025-03-02 05:00:00,27.0,70,0.2,24.03,10.18,7.7
223,2025-03-02 06:00:00,28.8,61,0.1,25.16,9.78,7.72
224,2025-03-02 07:00:00,30.0,55,0.0,26.31,9.43,7.69
225,2025-03-02 08:00:00,30.8,51,0.0,27.36,9.15,7.71
226,2025-03-02 09:00:00,31.4,50,0.0,28.27,8.95,7.66
227,2025-03-02 10:00:00,31.5,48,0.0,28.94,8.78,7.55
228,2025-03-02 11:00:00,31.4,47,0.0,29.38,8.67,7.35
229,2025-03-02 12:00:00,30.4,51,0.0,29.38,8.74,7.44
230,2025-03-02 13:00:00,29.2,62,0.0,29.03,9.01,7.32
231,2025-03-02 14:00:00,28.4,61,0.0,28.54,9.09,7.18
232,2025-03-02 15:00:00,27.6,62,0.0,27.96,9.22,7.18
233,2025-03-02 16:00:00,26.0,76,0.0,27.07,9.66,7.07
234,2025-03-02 17:00:00,25.5,78,0.1,26.3,9.86,7.12
235,2025-03-02 18:00:00,25.0,84,0.0,25.61,10.12,7.08
236,2025-03-02 19:00:00,22.6,91,1.4,24.41,10.52,7.03
237,2025-03-02 20:00:00,22.1,93,0.4,23.41,10.77,7.12
238,2025-03-02 21:00:00,22.0,93,0.1,22.69,10.93,7.27
239,2025-03-02 22:00:00,22.2,91,0.3,22.24,10.98,7.28
240,2025-03-02 23:00:00,22.3,91,0.1,21.96,11.04,7.39
241,2025-03-03 00:00:00,22.0,89,0.1,21.67,11.07,7.45
242,2025-03-03 01:00:00,22.4,83,0.0,21.59,10.96,7.59
243,2025-03-03 02:00:00,23.2,84,0.0,21.77,10.94,7.63
244,2025-03-03 03:00:00,24.8,79,0.0,22.38,10.71,7.6
245,2025-03-03 04:00:00,26.5,72,0.0,23.32,10.37,7.62
246,2025-03-03 05:00:00,27.7,65,0.0,24.33,10.03,7.83
247,2025-03-03 06:00:00,28.9,59,0.0,25.4,9.69,7.78
248,2025-03-03 07:00:00,31.0,50,0.0,26.78,9.24,7.73
249,2025-03-03 08:00:00,32.3,43,0.0,28.14,8.85,7.71
250,2025-03-03 09:00:00,32.8,38,0.0,29.24,8.54,7.7
251,2025-03-03 10:00:00,33.2,36,0.0,30.13,8.33,7.55
252,2025-03-03 11:00:00,33.0,34,0.0,30.69,8.19,7.36
253,2025-03-03 12:00:00,32.9,33,0.0,31.05,8.1,7.4
254,2025-03-03 13:00:00,29.6,51,0.0,30.32,8.55,7.25
255,2025-03-03 14:00:00,28.5,60,0.0,29.47,8.88,7.23
256,2025-03-03 15:00:00,28.0,61,0.0,28.73,9.05,7.07
257,2025-03-03 16:00:00,27.6,61,0.0,28.09,9.18,7.08
258,2025-03-03 17:00:00,27.5,59,0.0,27.61,9.24,7.08
259,2025-03-03 18:00:00,27.0,60,0.0,27.13,9.36,7.15
260,2025-03-03 19:00:00,26.0,62,0.0,26.49,9.53,7.18
261,2025-03-03 20:00:00,25.2,64,0.0,25.8,9.7,7.21
262,2025-03-03 21:00:00,24.6,65,0.0,25.14,9.86,7.27
263,2025-03-03 22:00:00,24.1,67,0.0,24.53,10.02,7.29
264,2025-03-03 23:00:00,23.4,73,0.0,23.89,10.27,7.42
265,2025-03-04 00:00:00,22.6,85,0.0,23.2,10.66,7.38
266,2025-03-04 01:00:00,23.6,90,0.0,23.02,10.8,7.51
267,2025-03-04 02:00:00,24.2,88,0.0,23.08,10.74,7.53
268,2025-03-04 03:00:00,26.0,76,0.0,23.65,10.38,7.75
269,2025-03-04 04:00:00,28.2,62,0.0,24.72,9.89,7.64
270,2025-03-04 05:00:00,30.4,51,0.0,26.12,9.39,7.7
271,2025-03-04 06:00:00,32.0,42,0.0,27.59,8.94,7.68
272,2025-03-04 07:00:00,33.5,34,0.0,29.06,8.51,7.68
273,2025-03-04 08:00:00,34.8,25,0.0,30.48,8.08,7.64
274,2025-03-04 09:00:00,35.4,24,0.0,31.66,7.84,7.49
275,2025-03-04 10:00:00,34.5,27,0.0,32.21,7.78,7.48
276,2025-03-04 11:00:00,34.6,26,0.0,32.63,7.69,7.41
277,2025-03-04 12:00:00,34.5,25,0.0,32.89,7.62,7.39
278,2025-03-04 13:00:00,31.9,30,0.0,32.29,7.82,7.26
279,2025-03-04 14:00:00,30.0,31,0.0,31.3,8.02,7.27
280,2025-03-04 15:00:00,29.0,32,0.0,30.31,8.23,7.13
281,2025-03-04 16:00:00,28.0,35,0.0,29.32,8.47,7.16
282,2025-03-04 17:00:00,27.0,40,0.0,28.32,8.76,7.09
283,2025-03-04 18:00:00,26.7,41,0.0,27.54,8.93,6.97
284,2025-03-04 19:00:00,26.2,42,0.0,26.84,9.09,7.0
285,2025-03-04 20:00:00,26.1,44,0.0,26.31,9.22,7.15
286,2025-03-04 21:00:00,25.0,52,0.0,25.62,9.51,7.28
287,2025-03-04 22:00:00,25.3,47,0.0,25.22,9.5,7.23
288,2025-03-04 23:00:00,24.5,48,0.0,24.71,9.62,7.35
289,2025-03-05 00:00:00,23.3,56,0.0,23.98,9.92,7.44
290,2025-03-05 01:00:00,23.8,68,0.0,23.63,10.23,7.47
291,2025-03-05 02:00:00,24.6,70,0.0,23.62,10.27,7.6
292,2025-03-05 03:00:00,26.9,60,0.0,24.3,9.93,7.72
293,2025-03-05 04:00:00,28.9,53,0.0,25.38,9.58,7.52
294,2025-03-05 05:00:00,31.2,42,0.0,26.83,9.09,7.74
295,2025-03-05 06:00:00,33.2,31,0.0,28.44,8.57,7.69
296,2025-03-05 07:00:00,34.3,28,0.0,29.9,8.24,7.69
297,2025-03-05 08:00:00,35.8,23,0.0,31.37,7.88,7.59
298,2025-03-05 09:00:00,36.3,18,0.0,32.55,7.57,7.55
299,2025-03-05 10:00:00,35.9,20,0.0,33.25,7.47,7.47
300,2025-03-05 11:00:00,36.2,20,0.0,33.84,7.36,7.37
301,2025-03-05 12:00:00,35.0,21,0.0,33.89,7.37,7.35
302,2025-03-05 13:00:00,31.6,41,0.0,32.9,7.88,7.26
303,2025-03-05 14:00:00,30.2,39,0.0,31.79,8.06,7.22
304,2025-03-05 15:00:00,29.8,38,0.0,30.89,8.22,7.11
305,2025-03-05 16:00:00,27.4,60,0.0,29.55,8.86,7.04
306,2025-03-05 17:00:00,26.6,67,0.0,28.36,9.23,7.04
307,2025-03-05 18:00:00,25.7,72,0.0,27.26,9.55,7.08
308,2025-03-05 19:00:00,25.0,76,0.0,26.28,9.83,7.12
309,2025-03-05 20:00:00,24.7,79,0.0,25.51,10.05,7.05
310,2025-03-05 21:00:00,24.4,84,0.0,24.88,10.28,7.21
311,2025-03-05 22:00:00,24.1,85,0.0,24.34,10.41,7.33
312,2025-03-05 23:00:00,23.9,88,0.0,23.91,10.56,7.39
313,2025-03-06 00:00:00,23.6,91,0.0,23.52,10.71,7.38
314,2025-03-06 01:00:00,23.8,91,0.0,23.3,10.75,7.48
315,2025-03-06 02:00:00,24.5,85,0.0,23.36,10.62,7.59
316,2025-03-06 03:00:00,26.8,68,0.0,24.09,10.13,7.6
317,2025-03-06 04:00:00,29.5,51,0.0,25.42,9.54,7.67
318,2025-03-06 05:00:00,31.9,38,0.0,27.06,8.97,7.69
319,2025-03-06 06:00:00,33.4,31,0.0,28.66,8.53,7.65
320,2025-03-06 07:00:00,34.8,26,0.0,30.2,8.15,7.61
321,2025-03-06 08:00:00,35.9,23,0.0,31.61,7.83,7.6
322,2025-03-06 09:00:00,36.1,24,0.0,32.66,7.65,7.48
323,2025-03-06 10:00:00,36.1,22,0.0,33.39,7.48,7.43
324,2025-03-06 11:00:00,36.2,21,0.0,33.93,7.36,7.45
325,2025-03-06 12:00:00,35.3,22,0.0,34.04,7.35,7.31
326,2025-03-06 13:00:00,33.3,24,0.0,33.52,7.49,7.22
327,2025-03-06 14:00:00,31.9,29,0.0,32.73,7.71,7.13
328,2025-03-06 15:00:00,31.5,28,0.0,32.06,7.83,7.11
329,2025-03-06 16:00:00,29.0,45,0.0,30.84,8.35,7.09
330,2025-03-06 17:00:00,27.6,64,0.0,29.57,8.93,7.1
331,2025-03-06 18:00:00,26.8,73,0.0,28.44,9.32,7.11
332,2025-03-06 19:00:00,26.2,76,0.0,27.47,9.58,7.17
333,2025-03-06 20:00:00,25.3,82,0.0,26.52,9.89,7.18
334,2025-03-06 21:00:00,24.6,88,0.0,25.64,10.19,7.17
335,2025-03-06 22:00:00,24.4,78,0.0,24.97,10.14,7.22
336,2025-03-06 23:00:00,24.2,58,0.0,24.44,9.87,7.38
337,2025-03-07 00:00:00,23.8,52,0.0,23.95,9.85,7.43
338,2025-03-07 01:00:00,23.9,71,0.0,23.63,10.29,7.49
339,2025-03-07 02:00:00,24.5,75,0.0,23.59,10.38,7.53
340,2025-03-07 03:00:00,26.4,70,0.0,24.14,10.16,7.61
341,2025-03-07 04:00:00,28.5,60,0.0,25.14,9.76,7.69
342,2025-03-07 05:00:00,30.8,47,0.0,26.54,9.24,7.63
343,2025-03-07 06:00:00,32.6,37,0.0,28.06,8.75,7.66
344,2025-03-07 07:00:00,34.0,30,0.0,29.54,8.34,7.68
345,2025-03-07 08:00:00,35.1,25,0.0,30.91,8.0,7.65
346,2025-03-07 09:00:00,35.5,23,0.0,31.99,7.76,7.5
347,2025-03-07 10:00:00,36.0,21,0.0,32.89,7.56,7.5
348,2025-03-07 11:00:00,35.4,20,0.0,33.34,7.46,7.36
349,2025-03-07 12:00:00,34.7,20,0.0,33.45,7.44,7.38
350,2025-03-07 13:00:00,33.0,23,0.0,33.02,7.57,7.29
351,2025-03-07 14:00:00,31.2,31,0.0,32.17,7.86,7.12
352,2025-03-07 15:00:00,28.3,59,0.0,30.71,8.61,7.1
353,2025-03-07 16:00:00,27.1,68,0.0,29.33,9.05,7.07
354,2025-03-07 17:00:00,26.4,74,0.0,28.15,9.4,7.1
355,2025-03-07 18:00:00,25.5,79,0.0,27.05,9.72,7.15
356,2025-03-07 19:00:00,24.8,81,0.0,26.08,9.97,7.17
357,2025-03-07 20:00:00,24.2,84,0.0,25.21,10.21,7.22
358,2025-03-07 21:00:00,23.9,87,0.0,24.52,10.41,7.18
359,2025-03-07 22:00:00,23.5,89,0.0,23.91,10.58,7.26
360,2025-03-07 23:00:00,23.0,92,0.0,23.34,10.77,7.38
361,2025-03-08 00:00:00,22.8,93,0.0,22.88,10.89,7.43
362,2025-03-08 01:00:00,23.4,92,0.0,22.73,10.9,7.63
363,2025-03-08 02:00:00,24.5,78,0.0,22.96,10.57,7.62
364,2025-03-08 03:00:00,26.4,65,0.0,23.69,10.16,7.63
365,2025-03-08 04:00:00,28.0,59,0.0,24.69,9.84,7.73
366,2025-03-08 05:00:00,30.5,47,0.0,26.13,9.32,7.77
367,2025-03-08 06:00:00,32.7,39,0.0,27.8,8.84,7.72
368,2025-03-08 07:00:00,34.2,32,0.0,29.42,8.4,7.72
369,2025-03-08 08:00:00,35.2,28,0.0,30.85,8.06,7.63
370,2025-03-08 09:00:00,35.8,26,0.0,32.04,7.8,7.41
371,2025-03-08 10:00:00,35.7,26,0.0,32.84,7.65,7.49
372,2025-03-08 11:00:00,34.8,27,0.0,33.13,7.61,7.37
373,2025-03-08 12:00:00,34.1,28,0.0,33.12,7.63,7.33
374,2025-03-08 13:00:00,33.7,26,0.0,32.99,7.62,7.27
375,2025-03-08 14:00:00,32.8,25,0.0,32.63,7.67,7.15
376,2025-03-08 15:00:00,30.9,36,0.0,31.81,8.01,7.08
377,2025-03-08 16:00:00,29.5,49,0.0,30.82,8.42,7.11
378,2025-03-08 17:00:00,28.0,62,0.0,29.67,8.87,7.09
379,2025-03-08 18:00:00,26.5,78,0.0,28.42,9.41,7.11
380,2025-03-08 19:00:00,26.0,83,0.0,27.4,9.72,7.05
381,2025-03-08 20:00:00,25.5,87,0.0,26.53,9.98,7.15
382,2025-03-08 21:00:00,25.1,88,0.0,25.8,10.16,7.17
383,2025-03-08 22:00:00,24.8,85,0.0,25.2,10.23,7.3
384,2025-03-08 23:00:00,24.2,80,0.0,24.6,10.26,7.39
385,2025-03-09 00:00:00,23.9,72,0.0,24.09,10.21,7.44
386,2025-03-09 01:00:00,24.2,82,0.0,23.82,10.46,7.46
387,2025-03-09 02:00:00,24.9,79,0.0,23.85,10.4,7.51
388,2025-03-09 03:00:00,26.6,69,0.0,24.37,10.1,7.59
389,2025-03-09 04:00:00,28.8,57,0.0,25.4,9.65,7.66
390,2025-03-09 05:00:00,30.8,44,0.0,26.72,9.14,7.81
391,2025-03-09 06:00:00,32.5,38,0.0,28.15,8.75,7.76
392,2025-03-09 07:00:00,33.8,32,0.0,29.55,8.38,7.6
393,2025-03-09 08:00:00,35.2,26,0.0,30.94,8.01,7.61
394,2025-03-09 09:00:00,35.8,22,0.0,32.1,7.72,7.6
395,2025-03-09 10:00:00,35.8,20,0.0,32.91,7.54,7.48
396,2025-03-09 11:00:00,35.5,20,0.0,33.39,7.45,7.3
397,2025-03-09 12:00:00,34.5,22,0.0,33.42,7.47,7.29
398,2025-03-09 13:00:00,32.7,24,0.0,32.9,7.6,7.26
399,2025-03-09 14:00:00,31.0,29,0.0,32.03,7.85,7.12
400,2025-03-09 15:00:00,30.1,32,0.0,31.15,8.07,7.15
401,2025-03-09 16:00:00,29.0,35,0.0,30.21,8.3,7.1
402,2025-03-09 17:00:00,28.1,40,0.0,29.28,8.57,7.0
403,2025-03-09 18:00:00,27.0,50,0.0,28.29,8.94,7.01
404,2025-03-09 19:00:00,25.6,58,0.0,27.18,9.31,7.17
405,2025-03-09 20:00:00,24.5,64,0.0,26.08,9.65,7.16
406,2025-03-09 21:00:00,23.6,68,0.0,25.04,9.94,7.16
407,2025-03-09 22:00:00,22.9,73,0.0,24.09,10.23,7.3
408,2025-03-09 23:00:00,22.2,77,0.0,23.23,10.49,7.29
409,2025-03-10 00:00:00,21.8,81,0.0,22.5,10.73,7.39
410,2025-03-10 01:00:00,21.9,79,0.0,22.02,10.79,7.42
411,2025-03-10 02:00:00,22.3,79,0.0,21.8,10.83,7.57
412,2025-03-10 03:00:00,24.0,69,0.0,22.16,10.55,7.58
413,2025-03-10 04:00:00,26.0,58,0.0,23.01,10.16,7.76
414,2025-03-10 05:00:00,27.9,49,0.0,24.18,9.74,7.67
415,2025-03-10 06:00:00,29.9,41,0.0,25.6,9.31,7.7
416,2025-03-10 07:00:00,31.7,34,0.0,27.13,8.88,7.7
417,2025-03-10 08:00:00,33.0,29,0.0,28.59,8.51,7.62
418,2025-03-10 09:00:00,33.8,26,0.0,29.85,8.22,7.54
419,2025-03-10 10:00:00,34.2,25,0.0,30.86,8.01,7.45
420,2025-03-10 11:00:00,34.0,24,0.0,31.5,7.87,7.41
421,2025-03-10 12:00:00,33.1,25,0.0,31.68,7.85,7.42
422,2025-03-10 13:00:00,31.9,29,0.0,31.45,7.96,7.32
423,2025-03-10 14:00:00,30.5,34,0.0,30.86,8.16,7.13
424,2025-03-10 15:00:00,29.9,38,0.0,30.27,8.34,7.17
425,2025-03-10 16:00:00,29.7,37,0.0,29.8,8.42,7.03
426,2025-03-10 17:00:00,29.1,39,0.0,29.29,8.55,7.07
427,2025-03-10 18:00:00,27.0,57,0.0,28.3,9.06,7.06
428,2025-03-10 19:00:00,25.7,67,0.0,27.22,9.47,7.1
429,2025-03-10 20:00:00,24.9,70,0.0,26.23,9.73,7.18
430,2025-03-10 21:00:00,24.2,72,0.0,25.32,9.96,7.15
431,2025-03-10 22:00:00,24.0,72,0.0,24.62,10.1,7.26
432,2025-03-10 23:00:00,23.6,74,0.0,24.02,10.27,7.42
433,2025-03-11 00:00:00,23.1,77,0.0,23.44,10.45,7.37
434,2025-03-11 01:00:00,24.0,77,0.0,23.31,10.47,7.54
435,2025-03-11 02:00:00,24.6,74,0.0,23.4,10.4,7.54
436,2025-03-11 03:00:00,26.6,58,0.0,24.06,9.95,7.57
437,2025-03-11 04:00:00,28.5,49,0.0,25.09,9.56,7.71
438,2025-03-11 05:00:00,30.5,46,0.0,26.41,9.24,7.67
439,2025-03-11 06:00:00,30.5,48,0.0,27.34,9.1,7.69
440,2025-03-11 07:00:00,30.5,48,0.0,27.99,8.97,7.68
441,2025-03-11 08:00:00,31.9,46,0.0,28.86,8.76,7.65
442,2025-03-11 09:00:00,25.1,81,5.4,27.43,9.68,7.49
443,2025-03-11 10:00:00,26.0,75,0.2,26.7,9.72,7.55
444,2025-03-11 11:00:00,24.4,83,1.5,25.71,10.08,7.38
445,2025-03-11 12:00:00,24.1,83,0.8,24.93,10.25,7.36
446,2025-03-11 13:00:00,23.2,91,2.0,24.11,10.58,7.23
447,2025-03-11 14:00:00,22.9,94,2.7,23.45,10.78,7.26
448,2025-03-11 15:00:00,23.4,92,1.9,23.13,10.81,7.2
449,2025-03-11 16:00:00,22.9,93,2.7,22.76,10.91,7.1
450,2025-03-11 17:00:00,22.8,94,0.0,22.47,10.99,7.11
451,2025-03-11 18:00:00,22.6,94,0.0,22.21,11.05,7.13
452,2025-03-11 19:00:00,22.8,92,0.0,22.09,11.04,7.21
453,2025-03-11 20:00:00,22.7,91,0.0,21.97,11.04,7.18
454,2025-03-11 21:00:00,22.8,90,0.0,21.92,11.03,7.27
455,2025-03-11 22:00:00,23.0,88,0.0,21.94,10.99,7.33
456,2025-03-11 23:00:00,22.7,90,0.0,21.87,11.04,7.3
457,2025-03-12 00:00:00,22.6,91,0.0,21.79,11.08,7.4
458,2025-03-12 01:00:00,22.9,88,0.0,21.82,11.01,7.62
459,2025-03-12 02:00:00,23.7,86,0.0,22.09,10.92,7.58
460,2025-03-12 03:00:00,25.4,76,0.0,22.78,10.57,7.62
461,2025-03-12 04:00:00,27.1,67,0.0,23.78,10.18,7.6
462,2025-03-12 05:00:00,28.7,60,0.0,24.95,9.8,7.65
463,2025-03-12 06:00:00,29.7,56,0.1,26.08,9.5,7.71
464,2025-03-12 07:00:00,30.5,54,0.2,27.1,9.25,7.64
465,2025-03-12 08:00:00,30.9,53,0.0,27.94,9.07,7.53
466,2025-03-12 09:00:00,31.1,54,1.0,28.59,8.95,7.53
467,2025-03-12 10:00:00,26.6,76,4.1,27.69,9.53,7.29
468,2025-03-12 11:00:00,24.4,82,2.8,26.41,9.92,7.36
469,2025-03-12 12:00:00,23.4,90,3.3,25.2,10.32,7.32
470,2025-03-12 13:00:00,24.4,84,3.8,24.66,10.32,7.24
471,2025-03-12 14:00:00,23.2,92,0.7,23.92,10.64,7.26
472,2025-03-12 15:00:00,23.0,93,0.1,23.35,10.78,7.25
473,2025-03-12 16:00:00,23.1,90,0.0,22.97,10.81,7.17
474,2025-03-12 17:00:00,23.1,89,0.0,22.71,10.84,7.13
475,2025-03-12 18:00:00,22.7,90,0.0,22.41,10.93,7.09
476,2025-03-12 19:00:00,22.4,91,0.0,22.11,11.01,7.2
477,2025-03-12 20:00:00,22.2,91,0.0,21.83,11.07,7.28
478,2025-03-12 21:00:00,22.2,91,0.0,21.64,11.11,7.19
479,2025-03-12 22:00:00,22.2,90,0.0,21.51,11.12,7.17
480,2025-03-12 23:00:00,22.1,91,0.0,21.39,11.17,7.35
481,2025-03-13 00:00:00,22.0,92,0.0,21.27,11.21,7.47
482,2025-03-13 01:00:00,22.9,95,0.0,21.46,11.24,7.47
483,2025-03-13 02:00:00,23.6,91,0.0,21.8,11.08,7.54
484,2025-03-13 03:00:00,25.0,85,0.0,22.46,10.82,7.59
485,2025-03-13 04:00:00,26.6,76,0.0,23.4,10.44,7.6
486,2025-03-13 05:00:00,28.5,67,0.0,24.63,10.0,7.72
487,2025-03-13 06:00:00,30.0,61,0.0,25.94,9.62,7.64
488,2025-03-13 07:00:00,31.1,56,0.0,27.19,9.27,7.67
489,2025-03-13 08:00:00,32.0,51,0.0,28.33,8.95,7.68
490,2025-03-13 09:00:00,32.3,49,0.0,29.22,8.74,7.6
491,2025-03-13 10:00:00,32.5,48,0.0,29.91,8.58,7.59
492,2025-03-13 11:00:00,32.1,48,0.0,30.26,8.51,7.39
493,2025-03-13 12:00:00,31.0,52,0.0,30.18,8.6,7.31
494,2025-03-13 13:00:00,29.0,63,0.0,29.53,8.92,7.26
495,2025-03-13 14:00:00,28.1,64,0.0,28.8,9.09,7.2
496,2025-03-13 15:00:00,27.2,67,0.0,28.02,9.3,7.2
497,2025-03-13 16:00:00,25.8,75,0.0,27.05,9.65,7.09
498,2025-03-13 17:00:00,25.3,79,0.0,26.23,9.9,7.17
499,2025-03-13 18:00:00,25.1,78,0.0,25.59,10.01,7.1
500,2025-03-13 19:00:00,24.3,83,0.0,24.9,10.25,7.11
501,2025-03-13 20:00:00,23.8,86,0.0,24.27,10.45,7.13
502,2025-03-13 21:00:00,23.3,87,0.0,23.68,10.59,7.23
503,2025-03-13 22:00:00,23.0,88,0.0,23.18,10.72,7.29
504,2025-03-13 23:00:00,22.8,89,0.0,22.76,10.83,7.36
505,2025-03-14 00:00:00,22.5,90,0.0,22.38,10.93,7.46
506,2025-03-14 01:00:00,23.0,88,0.0,22.27,10.92,7.61
507,2025-03-14 02:00:00,24.4,81,0.0,22.61,10.7,7.59
508,2025-03-14 03:00:00,26.0,73,0.0,23.33,10.39,7.64
509,2025-03-14 04:00:00,27.8,66,0.0,24.37,10.04,7.76
510,2025-03-14 05:00:00,29.5,58,0.0,25.61,9.63,7.71
511,2025-03-14 06:00:00,31.0,50,0.0,26.93,9.21,7.8
512,2025-03-14 07:00:00,32.2,44,0.0,28.21,8.85,7.65
513,2025-03-14 08:00:00,32.8,41,0.0,29.29,8.59,7.63
514,2025-03-14 09:00:00,33.4,37,0.0,30.22,8.33,7.62
515,2025-03-14 10:00:00,33.7,32,0.0,30.96,8.1,7.54
516,2025-03-14 11:00:00,33.7,31,0.0,31.48,7.99,7.42
517,2025-03-14 12:00:00,32.3,37,0.0,31.43,8.1,7.31
518,2025-03-14 13:00:00,29.2,53,0.0,30.46,8.56,7.24
519,2025-03-14 14:00:00,27.7,59,0.0,29.33,8.89,7.14
520,2025-03-14 15:00:00,26.6,65,0.0,28.21,9.23,7.1
521,2025-03-14 16:00:00,26.8,51,0.0,27.49,9.12,7.08
522,2025-03-14 17:00:00,25.8,56,0.0,26.68,9.37,7.14
523,2025-03-14 18:00:00,25.4,54,0.0,26.0,9.48,6.96
524,2025-03-14 19:00:00,24.2,60,0.0,25.16,9.76,7.1
525,2025-03-14 20:00:00,23.6,64,0.0,24.39,9.99,7.21
526,2025-03-14 21:00:00,22.9,70,0.0,23.64,10.27,7.11
527,2025-03-14 22:00:00,22.5,70,0.0,23.0,10.4,7.22
528,2025-03-14 23:00:00,21.9,73,0.0,22.37,10.59,7.36
529,2025-03-15 00:00:00,21.4,72,0.0,21.78,10.69,7.46
530,2025-03-15 01:00:00,22.1,73,0.0,21.58,10.76,7.61
531,2025-03-15 02:00:00,23.0,77,0.0,21.7,10.81,7.68
532,2025-03-15 03:00:00,25.2,77,0.0,22.45,10.66,7.61
533,2025-03-15 04:00:00,27.5,64,0.0,23.67,10.14,7.63
534,2025-03-15 05:00:00,29.2,54,0.0,25.03,9.67,7.65
535,2025-03-15 06:00:00,31.1,40,0.0,26.55,9.1,7.72
536,2025-03-15 07:00:00,32.6,32,0.0,28.06,8.66,7.62
537,2025-03-15 08:00:00,33.5,32,0.0,29.39,8.41,7.65
538,2025-03-15 09:00:00,34.0,31,0.0,30.48,8.18,7.58
539,2025-03-15 10:00:00,34.2,27,0.0,31.29,7.96,7.46
540,2025-03-15 11:00:00,34.1,25,0.0,31.84,7.82,7.33
541,2025-03-15 12:00:00,33.0,26,0.0,31.88,7.83,7.4
542,2025-03-15 13:00:00,30.5,32,0.0,31.17,8.06,7.3
543,2025-03-15 14:00:00,29.2,34,0.0,30.28,8.27,7.25
544,2025-03-15 15:00:00,27.7,42,0.0,29.2,8.62,7.03
545,2025-03-15 16:00:00,27.3,53,0.0,28.33,8.99,7.2
546,2025-03-15 17:00:00,26.2,55,0.0,27.39,9.21,7.12
547,2025-03-15 18:00:00,25.5,60,0.0,26.53,9.48,7.15
548,2025-03-15 19:00:00,24.6,63,0.0,25.65,9.72,7.19
549,2025-03-15 20:00:00,24.6,63,0.0,25.03,9.84,7.17
550,2025-03-15 21:00:00,24.1,61,0.0,24.45,9.92,7.29
551,2025-03-15 22:00:00,24.0,55,0.0,24.02,9.89,7.26
552,2025-03-15 23:00:00,23.5,56,0.0,23.56,10.01,7.33
553,2025-03-16 00:00:00,23.0,59,0.0,23.09,10.16,7.46
554,2025-03-16 01:00:00,23.8,63,0.0,23.01,10.26,7.51
555,2025-03-16 02:00:00,25.0,63,0.0,23.3,10.2,7.59
556,2025-03-16 03:00:00,26.6,69,0.0,23.99,10.17,7.66
557,2025-03-16 04:00:00,28.5,61,0.0,25.04,9.8,7.71
558,2025-03-16 05:00:00,30.5,51,0.0,26.38,9.34,7.74
559,2025-03-16 06:00:00,32.2,44,0.0,27.83,8.93,7.7
560,2025-03-16 07:00:00,33.7,39,0.0,29.29,8.55,7.59
561,2025-03-16 08:00:00,34.7,36,0.0,30.61,8.24,7.61
562,2025-03-16 09:00:00,34.9,36,0.0,31.6,8.05,7.57
563,2025-03-16 10:00:00,34.5,37,0.0,32.17,7.95,7.45
564,2025-03-16 11:00:00,31.5,47,0.6,31.67,8.22,7.4
565,2025-03-16 12:00:00,25.1,78,3.5,29.4,9.21,7.23
566,2025-03-16 13:00:00,25.0,84,0.6,27.78,9.66,7.3
567,2025-03-16 14:00:00,25.8,81,0.1,26.88,9.79,7.2
568,2025-03-16 15:00:00,25.7,82,0.0,26.23,9.95,7.19
569,2025-03-16 16:00:00,25.6,86,0.0,25.74,10.13,7.17
570,2025-03-16 17:00:00,25.3,88,0.0,25.31,10.26,7.11
571,2025-03-16 18:00:00,25.0,91,0.0,24.92,10.41,7.02
572,2025-03-16 19:00:00,24.6,92,0.0,24.52,10.51,7.15
573,2025-03-16 20:00:00,24.1,93,0.0,24.09,10.62,7.19
574,2025-03-16 21:00:00,23.4,96,0.0,23.59,10.79,7.2
575,2025-03-16 22:00:00,23.0,97,0.0,23.11,10.92,7.26
576,2025-03-16 23:00:00,23.0,97,0.0,22.78,10.99,7.32
577,2025-03-17 00:00:00,22.7,98,0.0,22.45,11.08,7.42
578,2025-03-17 01:00:00,23.8,95,0.0,22.56,11.0,7.52
579,2025-03-17 02:00:00,24.2,92,0.0,22.75,10.89,7.54
580,2025-03-17 03:00:00,26.0,83,0.0,23.43,10.57,7.73
581,2025-03-17 04:00:00,28.3,71,0.0,24.59,10.09,7.7
582,2025-03-17 05:00:00,30.1,62,0.0,25.94,9.64,7.75
583,2025-03-17 06:00:00,31.4,55,0.0,27.28,9.24,7.7
584,2025-03-17 07:00:00,32.6,50,0.0,28.58,8.88,7.71
585,2025-03-17 08:00:00,33.1,47,0.0,29.63,8.62,7.61
586,2025-03-17 09:00:00,34.1,42,0.0,30.67,8.33,7.6
587,2025-03-17 10:00:00,30.7,54,0.5,30.38,8.59,7.5
588,2025-03-17 11:00:00,30.3,60,0.1,30.06,8.76,7.49
589,2025-03-17 12:00:00,29.8,59,0.0,29.68,8.82,7.38
590,2025-03-17 13:00:00,27.5,72,0.0,28.73,9.24,7.27
591,2025-03-17 14:00:00,26.8,76,0.0,27.85,9.5,7.19
592,2025-03-17 15:00:00,26.1,80,0.0,27.02,9.75,7.11
593,2025-03-17 16:00:00,25.7,84,0.0,26.33,9.97,7.12
594,2025-03-17 17:00:00,25.3,87,0.0,25.72,10.16,7.07
595,2025-03-17 18:00:00,24.8,91,0.0,25.14,10.36,7.17
596,2025-03-17 19:00:00,24.2,95,0.0,24.56,10.56,7.11
597,2025-03-17 20:00:00,23.9,96,0.0,24.06,10.69,7.13
598,2025-03-17 21:00:00,23.7,95,0.0,23.65,10.76,7.29
599,2025-03-17 22:00:00,23.5,92,0.0,23.31,10.77,7.39
600,2025-03-17 23:00:00,23.4,91,0.0,23.04,10.81,7.33
601,2025-03-18 00:00:00,23.4,92,0.0,22.84,10.87,7.42
602,2025-03-18 01:00:00,23.8,88,0.0,22.83,10.8,7.52
603,2025-03-18 02:00:00,24.8,85,0.0,23.12,10.67,7.5
604,2025-03-18 03:00:00,26.7,74,0.0,23.9,10.29,7.6
605,2025-03-18 04:00:00,28.5,65,0.0,24.98,9.89,7.69
606,2025-03-18 05:00:00,30.1,58,0.0,26.21,9.51,7.6
607,2025-03-18 06:00:00,31.5,53,0.0,27.5,9.15,7.65
608,2025-03-18 07:00:00,32.7,47,0.0,28.76,8.79,7.67
609,2025-03-18 08:00:00,33.7,41,0.0,29.94,8.46,7.6
610,2025-03-18 09:00:00,34.3,36,0.0,30.95,8.17,7.56
611,2025-03-18 10:00:00,34.0,36,0.0,31.56,8.06,7.53
612,2025-03-18 11:00:00,33.5,36,0.0,31.85,8.0,7.42
613,2025-03-18 12:00:00,32.2,40,0.0,31.65,8.1,7.4
614,2025-03-18 13:00:00,31.0,53,0.0,31.16,8.42,7.3
615,2025-03-18 14:00:00,30.9,45,0.0,30.78,8.36,7.28
616,2025-03-18 15:00:00,27.6,71,0.2,29.53,9.06,7.24
617,2025-03-18 16:00:00,27.6,72,0.0,28.65,9.26,7.15
618,2025-03-18 17:00:00,26.4,77,0.0,27.67,9.55,6.99
619,2025-03-18 18:00:00,25.6,81,0.0,26.75,9.82,6.97
620,2025-03-18 19:00:00,25.1,84,0.0,25.96,10.05,7.11
621,2025-03-18 20:00:00,24.8,86,0.0,25.31,10.22,7.11
622,2025-03-18 21:00:00,24.4,88,0.0,24.74,10.39,7.12
623,2025-03-18 22:00:00,24.0,89,0.0,24.22,10.52,7.27
624,2025-03-18 23:00:00,23.6,89,0.0,23.73,10.62,7.34
625,2025-03-19 00:00:00,23.0,91,0.0,23.21,10.77,7.47
626,2025-03-19 01:00:00,24.4,89,0.0,23.27,10.72,7.49
627,2025-03-19 02:00:00,25.5,82,0.0,23.64,10.5,7.64
628,2025-03-19 03:00:00,27.2,72,0.0,24.41,10.15,7.61
629,2025-03-19 04:00:00,29.1,61,0.0,25.51,9.71,7.65
630,2025-03-19 05:00:00,30.9,52,0.0,26.83,9.27,7.67
631,2025-03-19 06:00:00,32.7,42,0.0,28.29,8.8,7.61
632,2025-03-19 07:00:00,33.8,37,0.0,29.64,8.45,7.7
633,2025-03-19 08:00:00,34.7,34,0.0,30.86,8.16,7.68
634,2025-03-19 09:00:00,34.7,35,0.0,31.71,8.01,7.51
635,2025-03-19 10:00:00,34.4,34,0.0,32.22,7.9,7.5
636,2025-03-19 11:00:00,34.4,33,0.0,32.57,7.81,7.37
637,2025-03-19 12:00:00,34.2,32,0.0,32.76,7.76,7.32
638,2025-03-19 13:00:00,32.7,36,0.0,32.44,7.88,7.16
639,2025-03-19 14:00:00,31.0,41,0.0,31.71,8.11,7.24
640,2025-03-19 15:00:00,30.3,45,0.0,30.99,8.32,7.17
641,2025-03-19 16:00:00,29.0,52,0.0,30.09,8.62,7.13
642,2025-03-19 17:00:00,27.5,70,0.0,29.01,9.15,7.14
643,2025-03-19 18:00:00,27.0,64,0.0,28.11,9.23,7.1
644,2025-03-19 19:00:00,26.4,65,0.0,27.3,9.41,7.16
645,2025-03-19 20:00:00,25.6,70,0.0,26.49,9.67,7.14
646,2025-03-19 21:00:00,24.0,78,0.0,25.44,10.04,7.19
647,2025-03-19 22:00:00,23.1,82,0.0,24.44,10.33,7.19
648,2025-03-19 23:00:00,23.0,83,0.0,23.71,10.51,7.37
649,2025-03-20 00:00:00,23.2,85,0.0,23.26,10.65,7.45
650,2025-03-20 01:00:00,24.6,81,0.0,23.36,10.54,7.48
651,2025-03-20 02:00:00,25.3,78,0.0,23.64,10.42,7.54
652,2025-03-20 03:00:00,26.8,70,0.0,24.29,10.13,7.62
653,2025-03-20 04:00:00,28.6,58,0.0,25.28,9.7,7.7
654,2025-03-20 05:00:00,30.9,43,0.0,26.67,9.14,7.65
655,2025-03-20 06:00:00,32.7,33,0.0,28.18,8.66,7.71
656,2025-03-20 07:00:00,33.8,30,0.0,29.56,8.34,7.66
657,2025-03-20 08:00:00,34.6,30,0.0,30.77,8.11,7.64
658,2025-03-20 09:00:00,35.0,29,0.0,31.74,7.9,7.45
659,2025-03-20 10:00:00,35.2,27,0.0,32.48,7.73,7.43
660,2025-03-20 11:00:00,34.9,25,0.0,32.91,7.62,7.46
661,2025-03-20 12:00:00,34.2,24,0.0,32.99,7.59,7.31
662,2025-03-20 13:00:00,32.2,29,0.0,32.46,7.77,7.32
663,2025-03-20 14:00:00,31.0,34,0.0,31.72,7.99,7.13
664,2025-03-20 15:00:00,30.0,41,0.0,30.9,8.27,7.06
665,2025-03-20 16:00:00,28.8,46,0.0,29.97,8.54,7.13
666,2025-03-20 17:00:00,27.5,56,0.0,28.93,8.92,7.07
667,2025-03-20 18:00:00,27.0,60,0.0,28.05,9.17,7.15
668,2025-03-20 19:00:00,26.2,69,0.0,27.2,9.51,7.09
669,2025-03-20 20:00:00,25.5,77,0.0,26.39,9.83,7.07
670,2025-03-20 21:00:00,25.2,73,0.0,25.73,9.89,7.15
671,2025-03-20 22:00:00,25.0,64,0.0,25.21,9.83,7.29
672,2025-03-20 23:00:00,24.2,71,0.0,24.61,10.08,7.35
673,2025-03-21 00:00:00,23.8,84,0.0,24.07,10.45,7.41
674,2025-03-21 01:00:00,24.5,83,0.0,23.9,10.47,7.66
675,2025-03-21 02:00:00,25.1,80,0.0,23.96,10.4,7.6
676,2025-03-21 03:00:00,26.6,71,0.0,24.45,10.12,7.65
677,2025-03-21 04:00:00,28.6,61,0.0,25.4,9.73,7.69
678,2025-03-21 05:00:00,30.4,54,0.0,26.6,9.35,7.76
679,2025-03-21 06:00:00,31.9,47,0.0,27.89,8.97,7.68
680,2025-03-21 07:00:00,33.5,42,0.0,29.27,8.61,7.63
681,2025-03-21 08:00:00,34.7,38,0.0,30.6,8.28,7.62
682,2025-03-21 09:00:00,35.0,37,0.0,31.62,8.06,7.52
683,2025-03-21 10:00:00,34.2,38,0.0,32.09,7.98,7.46
684,2025-03-21 11:00:00,34.3,37,0.0,32.46,7.9,7.29
685,2025-03-21 12:00:00,28.0,64,1.8,30.82,8.67,7.27
686,2025-03-21 13:00:00,31.0,46,0.2,30.57,8.42,7.32
687,2025-03-21 14:00:00,30.0,50,0.0,30.1,8.58,7.19
688,2025-03-21 15:00:00,27.5,61,0.1,29.02,8.99,7.14
689,2025-03-21 16:00:00,27.1,64,0.1,28.14,9.22,7.06
690,2025-03-21 17:00:00,26.4,67,0.1,27.32,9.45,7.14
691,2025-03-21 18:00:00,25.4,76,0.9,26.44,9.8,7.09
692,2025-03-21 19:00:00,24.5,84,0.4,25.56,10.13,7.17
693,2025-03-21 20:00:00,24.4,83,0.0,24.91,10.25,7.18
694,2025-03-21 21:00:00,24.1,83,0.0,24.37,10.37,7.18
695,2025-03-21 22:00:00,24.0,83,0.0,23.96,10.46,7.29
696,2025-03-21 23:00:00,23.8,85,0.0,23.61,10.57,7.36
697,2025-03-22 00:00:00,23.6,85,0.0,23.31,10.63,7.5
698,2025-03-22 01:00:00,24.6,85,0.0,23.4,10.62,7.54
699,2025-03-22 02:00:00,24.9,83,0.0,23.55,10.54,7.57
700,2025-03-22 03:00:00,26.0,79,0.0,23.98,10.37,7.62
701,2025-03-22 04:00:00,27.4,74,0.0,24.71,10.12,7.7
702,2025-03-22 05:00:00,29.0,68,0.0,25.7,9.8,7.73
703,2025-03-22 06:00:00,30.4,63,0.1,26.81,9.48,7.69
704,2025-03-22 07:00:00,31.4,58,0.1,27.88,9.17,7.65
705,2025-03-22 08:00:00,32.0,54,0.0,28.82,8.91,7.68
706,2025-03-22 09:00:00,33.0,48,0.0,29.77,8.61,7.57
707,2025-03-22 10:00:00,32.3,48,0.0,30.23,8.52,7.48
708,2025-03-22 11:00:00,25.1,89,11.7,28.39,9.62,7.28
709,2025-03-22 12:00:00,25.1,87,0.3,27.1,9.86,7.4
710,2025-03-22 13:00:00,26.5,75,0.0,26.62,9.74,7.24
711,2025-03-22 14:00:00,26.1,78,0.0,26.17,9.89,7.22
712,2025-03-22 15:00:00,25.5,82,0.0,25.67,10.07,7.14
713,2025-03-22 16:00:00,25.0,88,0.0,25.17,10.29,7.13
714,2025-03-22 17:00:00,24.5,91,0.0,24.67,10.46,7.13
715,2025-03-22 18:00:00,24.5,85,0.0,24.32,10.42,7.16
716,2025-03-22 19:00:00,24.4,78,0.0,24.04,10.34,7.16
717,2025-03-22 20:00:00,24.0,81,0.0,23.73,10.47,7.15
718,2025-03-22 21:00:00,23.5,85,0.0,23.36,10.62,7.15
719,2025-03-22 22:00:00,23.2,87,0.0,23.01,10.74,7.28
720,2025-03-22 23:00:00,22.9,89,0.0,22.68,10.85,7.31
721,2025-03-23 00:00:00,22.7,90,0.0,22.39,10.93,7.43
722,2025-03-23 01:00:00,24.2,84,0.0,22.63,10.76,7.47
723,2025-03-23 02:00:00,25.0,82,0.0,23.04,10.63,7.62
724,2025-03-23 03:00:00,26.3,77,0.0,23.72,10.39,7.58
725,2025-03-23 04:00:00,27.8,68,0.0,24.64,10.02,7.76
726,2025-03-23 05:00:00,29.2,59,0.0,25.71,9.63,7.76
727,2025-03-23 06:00:00,30.3,55,0.0,26.79,9.34,7.68
728,2025-03-23 07:00:00,31.1,54,0.0,27.78,9.12,7.68
729,2025-03-23 08:00:00,31.7,53,0.0,28.66,8.92,7.66
730,2025-03-23 09:00:00,32.2,51,0.0,29.42,8.73,7.64
731,2025-03-23 10:00:00,29.0,63,2.3,28.99,9.03,7.4
732,2025-03-23 11:00:00,27.0,72,3.8,28.1,9.38,7.33
733,2025-03-23 12:00:00,24.1,87,12.6,26.6,9.97,7.24
734,2025-03-23 13:00:00,25.9,79,0.0,26.09,9.93,7.3
735,2025-03-23 14:00:00,25.0,86,0.0,25.46,10.19,7.23
736,2025-03-23 15:00:00,24.9,87,0.0,24.99,10.31,7.22
737,2025-03-23 16:00:00,24.6,91,0.0,24.58,10.48,7.17
738,2025-03-23 17:00:00,24.6,89,0.0,24.28,10.5,7.05
739,2025-03-23 18:00:00,24.2,89,0.0,23.96,10.57,7.12
740,2025-03-23 19:00:00,23.8,82,0.1,23.61,10.51,7.12
741,2025-03-23 20:00:00,23.5,83,0.0,23.28,10.6,7.12
742,2025-03-23 21:00:00,23.3,85,0.0,22.98,10.7,7.27
743,2025-03-23 22:00:00,23.0,86,0.0,22.69,10.79,7.28
744,2025-03-23 23:00:00,22.6,89,0.0,22.36,10.92,7.29
745,2025-03-24 00:00:00,22.3,91,0.0,22.04,11.03,7.45
746,2025-03-24 01:00:00,23.5,87,0.0,22.18,10.92,7.59
747,2025-03-24 02:00:00,24.5,84,0.0,22.58,10.77,7.53
748,2025-03-24 03:00:00,26.0,79,0.0,23.3,10.52,7.62
749,2025-03-24 04:00:00,27.1,74,0.2,24.14,10.24,7.61
750,2025-03-24 05:00:00,28.5,68,0.1,25.15,9.91,7.75
751,2025-03-24 06:00:00,29.8,63,0.0,26.24,9.59,7.68
752,2025-03-24 07:00:00,30.8,56,0.0,27.31,9.25,7.69
753,2025-03-24 08:00:00,31.9,52,0.0,28.39,8.96,7.66
754,2025-03-24 09:00:00,32.7,49,0.0,29.38,8.71,7.56
755,2025-03-24 10:00:00,32.7,47,0.0,30.08,8.53,7.48
756,2025-03-24 11:00:00,32.0,48,0.0,30.35,8.5,7.41
757,2025-03-24 12:00:00,29.4,57,0.0,29.77,8.77,7.47
758,2025-03-24 13:00:00,29.2,61,0.0,29.3,8.93,7.28
759,2025-03-24 14:00:00,27.8,63,0.0,28.55,9.12,7.21
760,2025-03-24 15:00:00,27.4,62,0.0,27.9,9.24,7.15
761,2025-03-24 16:00:00,27.0,62,0.0,27.33,9.35,7.11
762,2025-03-24 17:00:00,26.1,70,0.0,26.66,9.64,7.1
763,2025-03-24 18:00:00,25.9,71,0.0,26.13,9.77,7.13
764,2025-03-24 19:00:00,25.1,74,0.0,25.52,9.95,7.16
765,2025-03-24 20:00:00,25.0,72,0.0,25.07,10.01,7.19
766,2025-03-24 21:00:00,24.4,72,0.0,24.57,10.11,7.23
767,2025-03-24 22:00:00,24.0,75,0.0,24.1,10.27,7.24
768,2025-03-24 23:00:00,23.6,81,0.0,23.65,10.48,7.36
769,2025-03-25 00:00:00,23.4,85,0.0,23.27,10.64,7.4
770,2025-03-25 01:00:00,24.1,89,0.0,23.22,10.73,7.57
771,2025-03-25 02:00:00,25.0,86,0.0,23.45,10.62,7.51
772,2025-03-25 03:00:00,26.5,74,0.0,24.07,10.26,7.64
773,2025-03-25 04:00:00,28.0,65,0.0,24.95,9.9,7.68
774,2025-03-25 05:00:00,29.5,58,0.0,26.01,9.55,7.69
775,2025-03-25 06:00:00,30.8,52,0.0,27.15,9.21,7.62
776,2025-03-25 07:00:00,32.2,44,0.0,28.36,8.82,7.64
777,2025-03-25 08:00:00,33.0,37,0.0,29.46,8.48,7.57
778,2025-03-25 09:00:00,33.5,33,0.0,30.37,8.24,7.63
779,2025-03-25 10:00:00,33.7,32,0.0,31.07,8.08,7.52
780,2025-03-25 11:00:00,32.7,33,0.0,31.26,8.06,7.36
781,2025-03-25 12:00:00,31.2,39,0.0,30.94,8.23,7.36
782,2025-03-25 13:00:00,30.4,53,0.0,30.48,8.56,7.26
783,2025-03-25 14:00:00,29.4,54,0.0,29.85,8.7,7.24
784,2025-03-25 15:00:00,27.4,59,0.0,28.82,9.0,7.09
785,2025-03-25 16:00:00,26.4,68,0.0,27.79,9.37,7.14
786,2025-03-25 17:00:00,25.6,75,0.0,26.83,9.69,7.07
787,2025-03-25 18:00:00,24.8,83,0.0,25.92,10.04,7.02
788,2025-03-25 19:00:00,24.8,83,0.0,25.29,10.17,7.2
789,2025-03-25 20:00:00,24.4,88,0.0,24.72,10.39,7.14
790,2025-03-25 21:00:00,23.9,91,0.0,24.17,10.57,7.22
791,2025-03-25 22:00:00,23.5,93,0.0,23.67,10.71,7.27
792,2025-03-25 23:00:00,23.0,95,0.0,23.17,10.86,7.4
793,2025-03-26 00:00:00,22.6,95,0.0,22.7,10.97,7.49
794,2025-03-26 01:00:00,24.1,88,0.0,22.82,10.8,7.55
795,2025-03-26 02:00:00,25.1,75,0.0,23.2,10.46,7.62
796,2025-03-26 03:00:00,26.6,70,0.0,23.92,10.21,7.61
797,2025-03-26 04:00:00,28.2,65,0.0,24.91,9.91,7.7
798,2025-03-26 05:00:00,29.8,57,0.0,26.07,9.52,7.62
799,2025-03-26 06:00:00,31.2,50,0.0,27.31,9.14,7.67
800,2025-03-26 07:00:00,32.6,43,0.0,28.6,8.76,7.69
801,2025-03-26 08:00:00,33.3,36,0.0,29.71,8.42,7.66
802,2025-03-26 09:00:00,34.0,32,0.0,30.7,8.16,7.6
803,2025-03-26 10:00:00,33.9,31,0.0,31.36,8.01,7.57
804,2025-03-26 11:00:00,33.8,31,0.0,31.79,7.93,7.47
805,2025-03-26 12:00:00,32.5,34,0.0,31.7,8.0,7.46
806,2025-03-26 13:00:00,31.0,41,0.0,31.19,8.21,7.23
807,2025-03-26 14:00:00,28.2,58,0.0,29.99,8.74,7.14
808,2025-03-26 15:00:00,27.0,66,0.0,28.8,9.12,7.14
809,2025-03-26 16:00:00,26.4,69,0.0,27.78,9.39,7.09
810,2025-03-26 17:00:00,25.7,78,0.0,26.85,9.75,7.05
811,2025-03-26 18:00:00,25.4,80,0.0,26.12,9.94,7.14
812,2025-03-26 19:00:00,24.8,84,0.0,25.42,10.16,7.11
813,2025-03-26 20:00:00,24.2,88,0.0,24.76,10.38,7.12
814,2025-03-26 21:00:00,23.9,89,0.0,24.2,10.52,7.26
815,2025-03-26 22:00:00,23.5,90,0.0,23.69,10.65,7.25
816,2025-03-26 23:00:00,23.0,93,0.0,23.18,10.82,7.4
817,2025-03-27 00:00:00,22.6,96,0.0,22.71,10.98,7.42
818,2025-03-27 01:00:00,23.6,91,0.0,22.68,10.89,7.45
819,2025-03-27 02:00:00,25.1,83,0.0,23.1,10.64,7.57
820,2025-03-27 03:00:00,27.1,68,0.0,24.0,10.15,7.61
821,2025-03-27 04:00:00,29.1,59,0.0,25.23,9.73,7.6
822,2025-03-27 05:00:00,31.2,48,0.0,26.72,9.22,7.66
823,2025-03-27 06:00:00,32.8,41,0.0,28.25,8.79,7.64
824,2025-03-27 07:00:00,33.8,36,0.0,29.61,8.43,7.67
825,2025-03-27 08:00:00,34.3,33,0.0,30.72,8.17,7.58
826,2025-03-27 09:00:00,34.5,32,0.0,31.55,7.99,7.59
827,2025-03-27 10:00:00,34.1,32,0.0,32.02,7.9,7.55
828,2025-03-27 11:00:00,32.3,36,0.1,31.8,8.01,7.41
829,2025-03-27 12:00:00,30.2,45,0.0,31.02,8.31,7.3
830,2025-03-27 13:00:00,30.2,46,0.0,30.47,8.44,7.34
831,2025-03-27 14:00:00,29.2,57,0.0,29.79,8.76,7.24
832,2025-03-27 15:00:00,27.9,67,0.0,28.92,9.11,7.11
833,2025-03-27 16:00:00,26.8,74,0.0,27.99,9.43,7.06
834,2025-03-27 17:00:00,26.0,80,0.0,27.09,9.73,7.07
835,2025-03-27 18:00:00,25.5,83,0.0,26.31,9.95,7.13
836,2025-03-27 19:00:00,25.0,87,0.0,25.62,10.18,7.11
837,2025-03-27 20:00:00,24.8,89,0.0,25.07,10.33,7.12
838,2025-03-27 21:00:00,24.5,90,0.0,24.6,10.45,7.21
839,2025-03-27 22:00:00,24.5,90,0.0,24.27,10.53,7.26
840,2025-03-27 23:00:00,24.2,91,0.0,23.95,10.61,7.27
841,2025-03-28 00:00:00,24.0,92,0.0,23.66,10.7,7.36
842,2025-03-28 01:00:00,24.4,91,0.0,23.59,10.69,7.51
843,2025-03-28 02:00:00,25.9,83,0.0,23.98,10.45,7.56
844,2025-03-28 03:00:00,27.9,70,0.0,24.86,10.01,7.62
845,2025-03-28 04:00:00,30.2,56,0.0,26.16,9.48,7.67
846,2025-03-28 05:00:00,32.3,45,0.0,27.7,8.97,7.72
847,2025-03-28 06:00:00,33.8,36,0.0,29.23,8.51,7.64
848,2025-03-28 07:00:00,34.7,32,0.0,30.57,8.18,7.64
849,2025-03-28 08:00:00,35.7,29,0.0,31.81,7.89,7.61
850,2025-03-28 09:00:00,36.7,25,0.0,32.98,7.6,7.6
851,2025-03-28 10:00:00,37.2,20,0.0,33.94,7.34,7.59
852,2025-03-28 11:00:00,36.6,20,0.0,34.44,7.25,7.31
853,2025-03-28 12:00:00,35.2,23,0.0,34.37,7.31,7.33
854,2025-03-28 13:00:00,33.1,27,0.0,33.69,7.5,7.19
855,2025-03-28 14:00:00,32.7,29,0.0,33.09,7.65,7.18
856,2025-03-28 15:00:00,30.4,41,0.0,31.98,8.06,7.22
857,2025-03-28 16:00:00,29.1,53,0.0,30.82,8.49,7.06
858,2025-03-28 17:00:00,27.9,66,0.0,29.64,8.95,7.04
859,2025-03-28 18:00:00,26.9,73,0.0,28.52,9.31,7.04
860,2025-03-28 19:00:00,26.2,76,0.0,27.52,9.57,7.06
861,2025-03-28 20:00:00,25.6,83,0.0,26.65,9.88,7.19
862,2025-03-28 21:00:00,25.4,88,0.0,25.97,10.12,7.14
863,2025-03-28 22:00:00,25.1,85,0.0,25.41,10.18,7.3
864,2025-03-28 23:00:00,24.7,86,0.0,24.9,10.31,7.32
865,2025-03-29 00:00:00,23.8,92,0.0,24.27,10.57,7.46
866,2025-03-29 01:00:00,24.8,90,0.0,24.13,10.56,7.48
867,2025-03-29 02:00:00,25.2,86,0.0,24.15,10.47,7.66
868,2025-03-29 03:00:00,27.6,71,0.0,24.88,10.03,7.64
869,2025-03-29 04:00:00,30.1,56,0.0,26.15,9.48,7.56
870,2025-03-29 05:00:00,32.5,40,0.0,27.75,8.87,7.65
871,2025-03-29 06:00:00,34.5,30,0.0,29.48,8.36,7.75
872,2025-03-29 07:00:00,35.9,26,0.0,31.1,7.98,7.65
873,2025-03-29 08:00:00,37.2,20,0.0,32.63,7.59,7.59
874,2025-03-29 09:00:00,38.2,12,0.0,34.0,7.21,7.43
875,2025-03-29 10:00:00,37.3,14,0.0,34.69,7.11,7.48
876,2025-03-29 11:00:00,36.8,16,0.0,35.02,7.08,7.39
877,2025-03-29 12:00:00,36.2,16,0.0,35.08,7.07,7.29
878,2025-03-29 13:00:00,33.7,23,0.0,34.36,7.31,7.18
879,2025-03-29 14:00:00,32.1,26,0.0,33.38,7.54,7.12
880,2025-03-29 15:00:00,31.6,26,0.0,32.55,7.7,7.15
881,2025-03-29 16:00:00,30.1,26,0.0,31.51,7.9,7.18
882,2025-03-29 17:00:00,27.7,40,0.0,30.07,8.41,7.0
883,2025-03-29 18:00:00,26.5,53,0.0,28.7,8.91,7.11
884,2025-03-29 19:00:00,26.2,52,0.0,27.65,9.11,7.1
885,2025-03-29 20:00:00,25.4,53,0.0,26.67,9.32,7.19
886,2025-03-29 21:00:00,25.0,44,0.0,25.87,9.31,7.18
887,2025-03-29 22:00:00,25.1,37,0.0,25.34,9.28,7.28
888,2025-03-29 23:00:00,24.5,38,0.0,24.79,9.41,7.33
889,2025-03-30 00:00:00,23.6,41,0.0,24.13,9.6,7.43
890,2025-03-30 01:00:00,24.7,42,0.0,24.0,9.64,7.48
891,2025-03-30 02:00:00,26.0,41,0.0,24.3,9.56,7.52
892,2025-03-30 03:00:00,27.9,44,0.0,25.08,9.47,7.58
893,2025-03-30 04:00:00,30.3,39,0.0,26.35,9.13,7.64
894,2025-03-30 05:00:00,32.6,31,0.0,27.92,8.67,7.57
895,2025-03-30 06:00:00,34.5,24,0.0,29.6,8.23,7.63
896,2025-03-30 07:00:00,35.6,20,0.0,31.1,7.88,7.65
897,2025-03-30 08:00:00,36.0,18,0.0,32.27,7.63,7.65
898,2025-03-30 09:00:00,36.3,18,0.0,33.18,7.45,7.52
899,2025-03-30 10:00:00,37.2,17,0.0,34.08,7.27,7.44
900,2025-03-30 11:00:00,36.7,15,0.0,34.57,7.15,7.41
901,2025-03-30 12:00:00,36.6,14,0.0,34.88,7.08,7.23
902,2025-03-30 13:00:00,34.0,19,0.0,34.31,7.26,7.19
903,2025-03-30 14:00:00,32.0,21,0.0,33.32,7.48,7.12
904,2025-03-30 15:00:00,31.0,22,0.0,32.32,7.68,7.17
905,2025-03-30 16:00:00,28.8,31,0.0,30.97,8.09,7.04
906,2025-03-30 17:00:00,27.0,51,0.0,29.48,8.72,7.04
907,2025-03-30 18:00:00,27.0,52,0.0,28.43,8.95,7.12
908,2025-03-30 19:00:00,26.5,50,0.0,27.55,9.09,7.03
909,2025-03-30 20:00:00,25.8,63,0.0,26.73,9.5,7.1
910,2025-03-30 21:00:00,25.0,73,0.0,25.91,9.85,7.18
911,2025-03-30 22:00:00,24.5,80,0.0,25.19,10.14,7.27
912,2025-03-30 23:00:00,23.9,86,0.0,24.5,10.4,7.34
913,2025-03-31 00:00:00,23.6,84,0.0,23.93,10.48,7.47
914,2025-03-31 01:00:00,24.8,68,0.0,23.89,10.18,7.5
915,2025-03-31 02:00:00,26.6,42,0.0,24.4,9.56,7.54
916,2025-03-31 03:00:00,28.5,36,0.0,25.33,9.27,7.53
917,2025-03-31 04:00:00,30.2,37,0.0,26.49,9.06,7.71
918,2025-03-31 05:00:00,32.1,33,0.0,27.88,8.72,7.58
919,2025-03-31 06:00:00,34.0,28,0.0,29.41,8.33,7.61
920,2025-03-31 07:00:00,35.5,24,0.0,30.94,7.97,7.7
921,2025-03-31 08:00:00,36.3,22,0.0,32.25,7.69,7.61
922,2025-03-31 09:00:00,36.5,23,0.0,33.22,7.53,7.59
923,2025-03-31 10:00:00,37.5,21,0.0,34.21,7.31,7.41
924,2025-03-31 11:00:00,36.8,21,0.0,34.68,7.22,7.38
925,2025-03-31 12:00:00,35.3,24,0.0,34.57,7.29,7.37
926,2025-03-31 13:00:00,33.8,27,0.0,34.04,7.43,7.23
927,2025-03-31 14:00:00,32.8,30,0.0,33.37,7.61,7.22
928,2025-03-31 15:00:00,31.0,36,0.0,32.36,7.9,7.07
929,2025-03-31 16:00:00,28.0,61,0.0,30.75,8.64,7.1
930,2025-03-31 17:00:00,27.4,68,0.0,29.44,9.02,7.04
931,2025-03-31 18:00:00,26.9,71,0.0,28.38,9.3,7.13
932,2025-03-31 19:00:00,26.2,74,0.0,27.43,9.55,7.06
933,2025-03-31 20:00:00,25.8,76,0.0,26.64,9.75,7.13
934,2025-03-31 21:00:00,25.3,81,0.0,25.94,10.0,7.25
935,2025-03-31 22:00:00,24.6,87,0.0,25.24,10.26,7.25
936,2025-03-31 23:00:00,24.0,91,0.0,24.57,10.48,7.32
937,2025-04-01 00:00:00,24.0,84,0.0,24.1,10.45,7.41
938,2025-04-01 01:00:00,24.9,79,0.0,24.04,10.36,7.44
939,2025-04-01 02:00:00,25.5,77,0.1,24.18,10.29,7.58
940,2025-04-01 03:00:00,26.7,70,0.3,24.63,10.06,7.49
941,2025-04-01 04:00:00,28.5,62,0.1,25.49,9.73,7.66
942,2025-04-01 05:00:00,30.4,53,0.0,26.67,9.32,7.75
943,2025-04-01 06:00:00,32.2,46,0.0,28.03,8.92,7.69
944,2025-04-01 07:00:00,33.7,38,0.0,29.43,8.51,7.68
945,2025-04-01 08:00:00,34.9,31,0.0,30.77,8.13,7.7
946,2025-04-01 09:00:00,35.3,29,0.0,31.83,7.89,7.51
947,2025-04-01 10:00:00,34.7,29,0.1,32.39,7.78,7.49
948,2025-04-01 11:00:00,34.7,28,0.0,32.78,7.69,7.5
949,2025-04-01 12:00:00,33.7,29,0.0,32.76,7.71,7.29
950,2025-04-01 13:00:00,33.3,30,0.0,32.62,7.75,7.21
951,2025-04-01 14:00:00,31.4,38,0.0,31.95,8.01,7.11
952,2025-04-01 15:00:00,29.4,55,0.0,30.89,8.51,7.12
953,2025-04-01 16:00:00,28.9,59,0.0,29.99,8.76,7.04
954,2025-04-01 17:00:00,28.4,61,0.0,29.21,8.95,7.09
955,2025-04-01 18:00:00,27.4,65,0.0,28.37,9.19,7.05
956,2025-04-01 19:00:00,27.0,63,0.0,27.66,9.3,7.01
957,2025-04-01 20:00:00,26.5,63,0.0,27.01,9.44,7.15
958,2025-04-01 21:00:00,26.0,64,0.0,26.41,9.58,7.18
959,2025-04-01 22:00:00,25.4,66,0.0,25.81,9.74,7.29
960,2025-04-01 23:00:00,25.0,68,0.0,25.26,9.89,7.35
961,2025-04-02 00:00:00,24.6,70,0.0,24.76,10.03,7.41
962,2025-04-02 01:00:00,24.4,77,0.0,24.36,10.25,7.43
963,2025-04-02 02:00:00,24.4,78,0.0,24.07,10.33,7.49
964,2025-04-02 03:00:00,25.4,75,0.0,24.17,10.25,7.72
965,2025-04-02 04:00:00,26.3,71,0.0,24.51,10.11,7.74
966,2025-04-02 05:00:00,28.6,61,0.0,25.44,9.72,7.73
967,2025-04-02 06:00:00,31.2,50,0.0,26.86,9.23,7.7
968,2025-04-02 07:00:00,32.9,44,0.0,28.38,8.82,7.66
969,2025-04-02 08:00:00,33.7,41,0.0,29.67,8.51,7.55
970,2025-04-02 09:00:00,33.8,40,0.0,30.61,8.31,7.47
971,2025-04-02 10:00:00,33.2,40,0.1,31.09,8.21,7.53
972,2025-04-02 11:00:00,32.0,43,0.4,31.06,8.27,7.51
973,2025-04-02 12:00:00,29.1,58,0.4,30.17,8.7,7.35
974,2025-04-02 13:00:00,29.5,58,0.0,29.67,8.8,7.3
975,2025-04-02 14:00:00,27.8,68,0.0,28.81,9.16,7.2
976,2025-04-02 15:00:00,26.9,73,0.0,27.94,9.43,7.17
977,2025-04-02 16:00:00,25.8,79,0.0,27.0,9.73,7.09
978,2025-04-02 17:00:00,24.5,81,0.4,25.95,9.99,7.04
979,2025-04-02 18:00:00,24.1,81,0.1,25.09,10.18,7.09
980,2025-04-02 19:00:00,24.1,80,0.0,24.5,10.28,7.19
981,2025-04-02 20:00:00,23.9,81,0.0,24.02,10.4,7.21
982,2025-04-02 21:00:00,23.6,82,0.0,23.59,10.51,7.22
983,2025-04-02 22:00:00,23.4,83,0.0,23.23,10.61,7.24
984,2025-04-02 23:00:00,23.3,83,0.0,22.95,10.67,7.28
985,2025-04-03 00:00:00,23.2,84,0.0,22.73,10.74,7.44
986,2025-04-03 01:00:00,24.8,81,0.0,23.05,10.61,7.59
987,2025-04-03 02:00:00,24.6,81,0.1,23.21,10.57,7.53
988,2025-04-03 03:00:00,25.2,78,0.2,23.51,10.45,7.56
989,2025-04-03 04:00:00,27.7,67,0.1,24.47,10.04,7.66
990,2025-04-03 05:00:00,26.6,71,2.1,24.81,10.04,7.65
991,2025-04-03 06:00:00,27.6,69,0.2,25.34,9.89,7.69
992,2025-04-03 07:00:00,30.4,58,0.1,26.56,9.44,7.67
993,2025-04-03 08:00:00,32.0,51,0.0,27.89,9.04,7.64
994,2025-04-03 09:00:00,31.8,51,0.1,28.77,8.86,7.5
995,2025-04-03 10:00:00,32.0,49,0.0,29.44,8.7,7.6
996,2025-04-03 11:00:00,32.2,47,0.0,29.96,8.56,7.42
997,2025-04-03 12:00:00,26.8,74,1.2,28.72,9.28,7.37
998,2025-04-03 13:00:00,25.1,83,1.7,27.33,9.74,7.27
999,2025-04-03 14:00:00,23.8,91,0.2,25.97,10.18,7.22
1000,2025-04-03 15:00:00,24.0,87,0.2,25.08,10.29,7.2
1001,2025-04-03 16:00:00,24.3,85,0.1,24.55,10.37,7.15
1002,2025-04-03 17:00:00,23.9,88,0.0,24.05,10.53,7.16
1003,2025-04-03 18:00:00,23.8,89,0.0,23.68,10.63,7.18
1004,2025-04-03 19:00:00,23.6,90,0.0,23.35,10.72,7.12
1005,2025-04-03 20:00:00,23.4,94,0.0,23.07,10.87,7.16
1006,2025-04-03 21:00:00,23.1,96,0.0,22.78,10.97,7.36
1007,2025-04-03 22:00:00,23.0,94,0.0,22.54,10.98,7.22
1008,2025-04-03 23:00:00,23.0,92,0.0,22.38,10.97,7.4
1009,2025-04-04 00:00:00,22.9,90,0.0,22.24,10.96,7.46
1010,2025-04-04 01:00:00,23.8,92,0.0,22.41,10.97,7.4
1011,2025-04-04 02:00:00,24.9,84,0.0,22.85,10.71,7.59
1012,2025-04-04 03:00:00,26.5,75,0.0,23.65,10.36,7.58
1013,2025-04-04 04:00:00,28.1,66,0.0,24.68,9.97,7.68
1014,2025-04-04 05:00:00,29.7,60,0.0,25.89,9.61,7.62
1015,2025-04-04 06:00:00,31.3,54,0.0,27.21,9.23,7.69
1016,2025-04-04 07:00:00,32.2,51,0.0,28.41,8.94,7.76
1017,2025-04-04 08:00:00,32.8,47,0.0,29.43,8.66,7.6
1018,2025-04-04 09:00:00,32.2,46,0.0,29.96,8.54,7.51
1019,2025-04-04 10:00:00,31.1,49,0.0,30.0,8.58,7.46
1020,2025-04-04 11:00:00,27.6,69,2.3,28.98,9.14,7.36
1021,2025-04-04 12:00:00,26.4,74,0.1,27.91,9.45,7.48
1022,2025-04-04 13:00:00,28.2,63,0.0,27.69,9.3,7.36
1023,2025-04-04 14:00:00,27.0,70,0.0,27.19,9.53,7.29
1024,2025-04-04 15:00:00,26.7,73,0.0,26.74,9.68,7.19
1025,2025-04-04 16:00:00,25.0,82,0.5,25.92,10.02,7.21
1026,2025-04-04 17:00:00,23.5,89,0.9,24.89,10.37,7.1
1027,2025-04-04 18:00:00,23.5,92,0.3,24.17,10.59,7.17
1028,2025-04-04 19:00:00,23.8,90,0.1,23.76,10.64,7.07
1029,2025-04-04 20:00:00,23.8,89,0.0,23.47,10.68,7.21
1030,2025-04-04 21:00:00,23.5,90,0.0,23.18,10.76,7.16
1031,2025-04-04 22:00:00,23.2,92,0.0,22.89,10.86,7.38
1032,2025-04-04 23:00:00,22.9,94,0.1,22.59,10.97,7.41
1033,2025-04-05 00:00:00,22.6,96,0.0,22.29,11.07,7.31
1034,2025-04-05 01:00:00,23.2,89,0.0,22.27,10.94,7.46
1035,2025-04-05 02:00:00,24.0,84,0.0,22.49,10.79,7.69
1036,2025-04-05 03:00:00,25.5,75,0.0,23.09,10.48,7.63
1037,2025-04-05 04:00:00,27.2,68,0.0,24.02,10.15,7.65
1038,2025-04-05 05:00:00,29.0,61,0.0,25.22,9.77,7.64
1039,2025-04-05 06:00:00,30.4,55,0.0,26.47,9.4,7.76
1040,2025-04-05 07:00:00,31.5,50,0.0,27.68,9.06,7.67
1041,2025-04-05 08:00:00,32.7,45,0.0,28.89,8.73,7.6
1042,2025-04-05 09:00:00,32.7,44,0.0,29.73,8.55,7.62
1043,2025-04-05 10:00:00,28.8,63,0.5,29.15,9.0,7.47
1044,2025-04-05 11:00:00,27.1,71,0.1,28.24,9.33,7.51
1045,2025-04-05 12:00:00,27.5,69,0.0,27.72,9.4,7.34
1046,2025-04-05 13:00:00,27.4,71,0.0,27.32,9.52,7.3
1047,2025-04-05 14:00:00,26.1,78,0.0,26.65,9.79,7.33
1048,2025-04-05 15:00:00,25.7,81,0.0,26.07,9.97,7.23
1049,2025-04-05 16:00:00,25.1,85,0.0,25.48,10.17,7.13
1050,2025-04-05 17:00:00,24.6,87,0.0,24.91,10.33,7.17
1051,2025-04-05 18:00:00,24.3,89,0.0,24.43,10.47,7.2
1052,2025-04-05 19:00:00,24.0,91,0.0,24.0,10.6,7.05
1053,2025-04-05 20:00:00,23.9,92,0.0,23.67,10.69,7.14
1054,2025-04-05 21:00:00,23.5,94,0.0,23.32,10.81,7.24
1055,2025-04-05 22:00:00,23.4,95,0.0,23.04,10.89,7.38
1056,2025-04-05 23:00:00,23.1,96,0.0,22.76,10.97,7.35
1057,2025-04-06 00:00:00,23.2,94,0.0,22.59,10.97,7.43
1058,2025-04-06 01:00:00,24.2,93,0.0,22.77,10.91,7.4
1059,2025-04-06 02:00:00,25.5,85,0.0,23.29,10.64,7.53
1060,2025-04-06 03:00:00,27.4,74,0.0,24.22,10.22,7.67
1061,2025-04-06 04:00:00,29.3,63,0.1,25.45,9.76,7.67
1062,2025-04-06 05:00:00,30.9,57,0.0,26.78,9.37,7.7
1063,2025-04-06 06:00:00,32.2,52,0.0,28.11,9.01,7.67
1064,2025-04-06 07:00:00,33.0,50,0.0,29.28,8.74,7.66
1065,2025-04-06 08:00:00,34.9,43,0.0,30.66,8.35,7.63
1066,2025-04-06 09:00:00,29.5,62,5.4,30.01,8.8,7.43
1067,2025-04-06 10:00:00,30.0,59,0.1,29.71,8.81,7.45
1068,2025-04-06 11:00:00,26.6,77,2.5,28.48,9.39,7.41
1069,2025-04-06 12:00:00,27.1,75,0.1,27.76,9.5,7.43
1070,2025-04-06 13:00:00,29.1,62,0.0,27.86,9.24,7.29
1071,2025-04-06 14:00:00,28.0,70,0.0,27.61,9.44,7.25
1072,2025-04-06 15:00:00,27.6,71,0.2,27.3,9.52,7.17
1073,2025-04-06 16:00:00,26.9,76,0.2,26.88,9.7,7.21
1074,2025-04-06 17:00:00,26.1,79,0.0,26.35,9.87,7.24
1075,2025-04-06 18:00:00,24.6,87,0.7,25.52,10.2,7.04
1076,2025-04-06 19:00:00,24.5,89,0.0,24.92,10.37,7.12
1077,2025-04-06 20:00:00,24.0,93,0.0,24.34,10.57,7.11
1078,2025-04-06 21:00:00,24.0,93,0.0,23.94,10.66,7.28
1079,2025-04-06 22:00:00,23.6,95,0.0,23.54,10.78,7.23
1080,2025-04-06 23:00:00,23.3,97,0.0,23.17,10.9,7.38
1081,2025-04-07 00:00:00,23.0,99,0.0,22.82,11.02,7.43
1082,2025-04-07 01:00:00,24.2,89,0.0,22.93,10.79,7.55
1083,2025-04-07 02:00:00,25.5,78,0.0,23.4,10.48,7.56
1084,2025-04-07 03:00:00,27.1,70,0.0,24.21,10.15,7.67
1085,2025-04-07 04:00:00,29.5,58,0.0,25.5,9.65,7.66
1086,2025-04-07 05:00:00,31.5,50,0.0,27.0,9.2,7.64
1087,2025-04-07 06:00:00,33.4,42,0.0,28.62,8.73,7.69
1088,2025-04-07 07:00:00,34.9,36,0.0,30.2,8.32,7.65
1089,2025-04-07 08:00:00,35.7,32,0.0,31.55,7.99,7.53
1090,2025-04-07 09:00:00,36.2,27,0.0,32.65,7.7,7.49
1091,2025-04-07 10:00:00,36.7,23,0.0,33.56,7.46,7.54
1092,2025-04-07 11:00:00,35.7,24,0.0,33.9,7.41,7.43
1093,2025-04-07 12:00:00,34.3,27,0.0,33.72,7.49,7.4
1094,2025-04-07 13:00:00,32.7,34,0.0,33.12,7.72,7.25
1095,2025-04-07 14:00:00,31.6,38,0.0,32.36,7.93,7.14
1096,2025-04-07 15:00:00,30.8,41,0.0,31.59,8.13,7.13
1097,2025-04-07 16:00:00,28.9,51,0.2,30.48,8.52,7.06
1098,2025-04-07 17:00:00,27.5,66,0.0,29.29,9.02,7.12
1099,2025-04-07 18:00:00,27.7,68,0.0,28.51,9.22,7.08
1100,2025-04-07 19:00:00,27.1,75,0.0,27.79,9.49,7.16
1101,2025-04-07 20:00:00,26.7,75,0.0,27.16,9.63,7.1
1102,2025-04-07 21:00:00,25.6,84,0.0,26.39,9.96,7.14
1103,2025-04-07 22:00:00,25.0,83,0.0,25.68,10.09,7.24
1104,2025-04-07 23:00:00,25.1,74,0.0,25.2,10.02,7.31
1105,2025-04-08 00:00:00,24.7,70,0.0,24.75,10.04,7.32
1106,2025-04-08 01:00:00,25.4,76,0.0,24.65,10.17,7.53
1107,2025-04-08 02:00:00,26.6,77,0.0,24.93,10.13,7.55
1108,2025-04-08 03:00:00,28.4,69,0.0,25.67,9.83,7.6
1109,2025-04-08 04:00:00,30.5,56,0.0,26.82,9.35,7.61
1110,2025-04-08 05:00:00,32.5,48,0.0,28.22,8.92,7.73
1111,2025-04-08 06:00:00,34.2,38,0.0,29.72,8.45,7.72
1112,2025-04-08 07:00:00,35.3,32,0.0,31.09,8.08,7.6
1113,2025-04-08 08:00:00,36.2,26,0.0,32.32,7.74,7.62
1114,2025-04-08 09:00:00,37.0,21,0.0,33.43,7.46,7.52
1115,2025-04-08 10:00:00,36.8,20,0.0,34.14,7.31,7.49
1116,2025-04-08 11:00:00,36.0,20,0.0,34.4,7.26,7.37
1117,2025-04-08 12:00:00,34.4,24,0.0,34.1,7.38,7.37
1118,2025-04-08 13:00:00,32.3,30,0.0,33.26,7.63,7.21
1119,2025-04-08 14:00:00,31.6,32,0.0,32.46,7.82,7.21
1120,2025-04-08 15:00:00,29.6,42,0.0,31.3,8.21,7.1
1121,2025-04-08 16:00:00,28.0,61,0.0,30.01,8.79,7.09
1122,2025-04-08 17:00:00,27.9,61,0.0,29.08,8.98,7.04
1123,2025-04-08 18:00:00,27.0,65,0.0,28.15,9.24,7.11
1124,2025-04-08 19:00:00,26.4,70,0.0,27.33,9.5,7.05
1125,2025-04-08 20:00:00,25.7,78,0.0,26.54,9.81,7.16
1126,2025-04-08 21:00:00,25.3,83,0.0,25.87,10.05,7.21
1127,2025-04-08 22:00:00,25.0,85,0.0,25.31,10.21,7.22
1128,2025-04-08 23:00:00,24.5,87,0.0,24.77,10.36,7.38
1129,2025-04-09 00:00:00,24.1,90,0.0,24.27,10.53,7.39
1130,2025-04-09 01:00:00,24.2,87,0.0,23.95,10.54,7.52
1131,2025-04-09 02:00:00,25.6,79,0.0,24.14,10.34,7.6
1132,2025-04-09 03:00:00,27.5,70,0.0,24.85,10.02,7.68
1133,2025-04-09 04:00:00,29.4,60,0.0,25.91,9.61,7.7
1134,2025-04-09 05:00:00,31.5,51,0.0,27.29,9.16,7.64
1135,2025-04-09 06:00:00,33.5,37,0.0,28.85,8.6,7.71
1136,2025-04-09 07:00:00,35.2,30,0.0,30.46,8.17,7.66
1137,2025-04-09 08:00:00,36.0,26,0.0,31.82,7.84,7.54
1138,2025-04-09 09:00:00,36.5,23,0.0,32.92,7.58,7.64
1139,2025-04-09 10:00:00,37.0,19,0.0,33.85,7.35,7.38
1140,2025-04-09 11:00:00,36.0,20,0.0,34.19,7.3,7.42
1141,2025-04-09 12:00:00,34.5,24,0.0,33.98,7.4,7.34
1142,2025-04-09 13:00:00,32.8,29,0.0,33.33,7.6,7.18
1143,2025-04-09 14:00:00,31.2,34,0.0,32.39,7.86,7.23
1144,2025-04-09 15:00:00,28.0,62,0.0,30.77,8.65,7.2
1145,2025-04-09 16:00:00,26.6,72,0.0,29.22,9.14,7.15
1146,2025-04-09 17:00:00,26.5,75,0.0,28.1,9.43,7.22
1147,2025-04-09 18:00:00,25.9,78,0.0,27.14,9.68,7.17
1148,2025-04-09 19:00:00,25.1,83,0.0,26.23,9.97,7.14
1149,2025-04-09 20:00:00,24.8,83,0.0,25.5,10.13,7.18
1150,2025-04-09 21:00:00,24.2,86,0.0,24.81,10.33,7.17
1151,2025-04-09 22:00:00,23.8,87,0.0,24.21,10.48,7.2
1152,2025-04-09 23:00:00,23.6,88,0.0,23.73,10.6,7.29
1153,2025-04-10 00:00:00,23.5,88,0.0,23.36,10.68,7.44
1154,2025-04-10 01:00:00,24.7,83,0.0,23.46,10.56,7.44
1155,2025-04-10 02:00:00,25.5,79,0.0,23.77,10.42,7.56
1156,2025-04-10 03:00:00,27.2,70,0.0,24.5,10.09,7.6
1157,2025-04-10 04:00:00,28.8,64,0.0,25.49,9.77,7.66
1158,2025-04-10 05:00:00,30.5,56,0.0,26.69,9.37,7.64
1159,2025-04-10 06:00:00,33.0,44,0.0,28.29,8.84,7.73
1160,2025-04-10 07:00:00,34.2,39,0.1,29.76,8.46,7.64
1161,2025-04-10 08:00:00,34.0,38,0.4,30.73,8.25,7.57
1162,2025-04-10 09:00:00,34.0,37,0.0,31.41,8.1,7.55
1163,2025-04-10 10:00:00,32.8,41,0.0,31.53,8.14,7.5
1164,2025-04-10 11:00:00,30.4,55,0.0,30.89,8.51,7.41
1165,2025-04-10 12:00:00,29.2,59,0.0,30.08,8.74,7.41
1166,2025-04-10 13:00:00,28.3,63,0.0,29.25,8.98,7.3
1167,2025-04-10 14:00:00,27.4,67,0.0,28.39,9.22,7.33
1168,2025-04-10 15:00:00,26.6,71,0.0,27.56,9.47,7.24
1169,2025-04-10 16:00:00,26.1,74,0.0,26.82,9.68,6.95
1170,2025-04-10 17:00:00,25.5,78,0.0,26.12,9.9,7.07
1171,2025-04-10 18:00:00,25.0,82,0.0,25.49,10.11,7.11
1172,2025-04-10 19:00:00,24.6,85,0.0,24.92,10.29,7.15
1173,2025-04-10 20:00:00,24.4,87,0.0,24.46,10.43,7.1
1174,2025-04-10 21:00:00,24.2,88,0.0,24.08,10.53,7.29
1175,2025-04-10 22:00:00,24.0,89,0.0,23.76,10.62,7.24
1176,2025-04-10 23:00:00,23.7,91,0.0,23.44,10.72,7.32
1177,2025-04-11 00:00:00,23.4,94,0.0,23.13,10.85,7.37
1178,2025-04-11 01:00:00,23.9,91,0.0,23.06,10.81,7.58
1179,2025-04-11 02:00:00,25.3,83,0.0,23.43,10.57,7.6
1180,2025-04-11 03:00:00,27.5,72,0.0,24.35,10.16,7.7
1181,2025-04-11 04:00:00,29.7,60,0.0,25.66,9.66,7.58
1182,2025-04-11 05:00:00,31.5,51,0.0,27.11,9.2,7.72
1183,2025-04-11 06:00:00,33.0,43,0.0,28.58,8.76,7.71
1184,2025-04-11 07:00:00,34.5,37,0.0,30.05,8.37,7.62
1185,2025-04-11 08:00:00,35.0,37,0.0,31.24,8.14,7.6
1186,2025-04-11 09:00:00,33.4,44,1.1,31.59,8.18,7.55
1187,2025-04-11 10:00:00,32.1,47,0.2,31.44,8.26,7.48
1188,2025-04-11 11:00:00,31.5,50,0.0,31.16,8.37,7.49
1189,2025-04-11 12:00:00,30.0,58,0.0,30.51,8.63,7.37
1190,2025-04-11 13:00:00,29.7,59,0.0,29.97,8.76,7.35
1191,2025-04-11 14:00:00,28.4,66,0.0,29.2,9.04,7.22
1192,2025-04-11 15:00:00,27.5,72,0.0,28.39,9.31,7.17
1193,2025-04-11 16:00:00,26.8,76,0.0,27.61,9.55,7.18
1194,2025-04-11 17:00:00,25.5,84,1.6,26.68,9.89,7.05
1195,2025-04-11 18:00:00,24.8,90,1.2,25.81,10.19,6.97
1196,2025-04-11 19:00:00,24.5,89,0.1,25.12,10.32,7.12
1197,2025-04-11 20:00:00,24.1,89,0.0,24.51,10.45,7.24
1198,2025-04-11 21:00:00,23.5,90,0.0,23.91,10.6,7.21
1199,2025-04-11 22:00:00,23.4,90,0.0,23.46,10.7,7.2
1200,2025-04-11 23:00:00,23.0,91,0.0,23.02,10.82,7.32
1201,2025-04-12 00:00:00,22.6,93,0.0,22.59,10.95,7.4
1202,2025-04-12 01:00:00,23.5,90,0.0,22.57,10.89,7.56
1203,2025-04-12 02:00:00,24.9,84,0.0,22.97,10.69,7.55
1204,2025-04-12 03:00:00,27.0,73,0.0,23.88,10.28,7.56
1205,2025-04-12 04:00:00,29.2,61,0.0,25.17,9.78,7.69
1206,2025-04-12 05:00:00,30.9,53,0.0,26.59,9.34,7.58
1207,2025-04-12 06:00:00,32.0,48,0.0,27.91,8.98,7.64
1208,2025-04-12 07:00:00,31.6,50,0.0,28.72,8.86,7.66
1209,2025-04-12 08:00:00,32.7,45,0.0,29.61,8.59,7.64
1210,2025-04-12 09:00:00,32.5,46,0.5,30.18,8.5,7.62
1211,2025-04-12 10:00:00,29.1,62,1.7,29.56,8.9,7.4
1212,2025-04-12 11:00:00,29.3,60,0.0,29.18,8.94,7.51
1213,2025-04-12 12:00:00,27.9,66,0.0,28.5,9.19,7.3
1214,2025-04-12 13:00:00,28.5,65,0.0,28.2,9.23,7.3
1215,2025-04-12 14:00:00,27.2,73,0.0,27.6,9.5,7.24
1216,2025-04-12 15:00:00,26.3,78,0.0,26.91,9.73,7.2
1217,2025-04-12 16:00:00,25.7,81,0.0,26.25,9.93,7.14
1218,2025-04-12 17:00:00,25.4,83,0.0,25.69,10.09,7.06
1219,2025-04-12 18:00:00,24.9,86,0.0,25.15,10.26,7.11
1220,2025-04-12 19:00:00,24.6,88,0.0,24.69,10.4,7.12
1221,2025-04-12 20:00:00,24.1,91,0.0,24.21,10.56,7.23
1222,2025-04-12 21:00:00,23.9,92,0.0,23.82,10.66,7.26
1223,2025-04-12 22:00:00,23.5,94,0.0,23.42,10.79,7.22
1224,2025-04-12 23:00:00,23.3,96,0.0,23.09,10.9,7.35
1225,2025-04-13 00:00:00,23.2,96,0.0,22.82,10.96,7.39
1226,2025-04-13 01:00:00,24.2,90,0.0,22.93,10.81,7.46
1227,2025-04-13 02:00:00,25.5,82,0.0,23.4,10.55,7.53
1228,2025-04-13 03:00:00,26.4,77,0.0,24.0,10.33,7.67
1229,2025-04-13 04:00:00,28.2,67,0.0,24.96,9.93,7.61
1230,2025-04-13 05:00:00,30.1,56,0.0,26.2,9.47,7.66
1231,2025-04-13 06:00:00,31.5,49,0.0,27.49,9.08,7.65
1232,2025-04-13 07:00:00,32.5,46,0.0,28.69,8.79,7.6
1233,2025-04-13 08:00:00,32.5,47,0.0,29.54,8.64,7.67
1234,2025-04-13 09:00:00,33.1,42,0.0,30.31,8.4,7.63
1235,2025-04-13 10:00:00,34.0,37,0.0,31.11,8.16,7.58
1236,2025-04-13 11:00:00,33.3,38,0.0,31.47,8.11,7.41
1237,2025-04-13 12:00:00,32.3,44,0.0,31.42,8.22,7.39
1238,2025-04-13 13:00:00,29.9,59,0.0,30.66,8.62,7.21
1239,2025-04-13 14:00:00,28.6,67,0.0,29.74,8.95,7.15
1240,2025-04-13 15:00:00,27.5,73,0.0,28.77,9.25,7.28
1241,2025-04-13 16:00:00,26.6,77,0.0,27.82,9.52,7.09
1242,2025-04-13 17:00:00,26.4,77,0.0,27.09,9.68,7.0
1243,2025-04-13 18:00:00,26.0,79,0.0,26.47,9.85,7.06
1244,2025-04-13 19:00:00,25.6,80,0.0,25.91,9.98,7.05
1245,2025-04-13 20:00:00,25.4,80,0.0,25.45,10.08,7.1
1246,2025-04-13 21:00:00,25.0,84,0.0,25.02,10.25,7.25
1247,2025-04-13 22:00:00,24.9,85,0.0,24.68,10.34,7.25
1248,2025-04-13 23:00:00,24.6,87,0.0,24.36,10.45,7.39
1249,2025-04-14 00:00:00,24.4,90,0.0,24.07,10.57,7.37
1250,2025-04-14 01:00:00,25.1,80,0.0,24.08,10.37,7.5
1251,2025-04-14 02:00:00,27.0,64,0.0,24.66,9.94,7.59
1252,2025-04-14 03:00:00,29.6,51,0.0,25.84,9.45,7.61
1253,2025-04-14 04:00:00,31.5,46,0.0,27.24,9.08,7.64
1254,2025-04-14 05:00:00,32.6,43,0.0,28.55,8.77,7.75
1255,2025-04-14 06:00:00,34.1,39,0.0,29.91,8.43,7.67
1256,2025-04-14 07:00:00,35.2,35,0.0,31.2,8.11,7.68
1257,2025-04-14 08:00:00,35.9,32,0.0,32.31,7.85,7.54
1258,2025-04-14 09:00:00,35.5,33,0.0,32.97,7.73,7.6
1259,2025-04-14 10:00:00,36.0,32,0.0,33.58,7.6,7.48
1260,2025-04-14 11:00:00,29.5,53,0.9,32.05,8.24,7.43
1261,2025-04-14 12:00:00,29.9,50,0.4,31.11,8.38,7.27
1262,2025-04-14 13:00:00,29.0,59,0.0,30.18,8.72,7.21
1263,2025-04-14 14:00:00,27.9,69,0.0,29.19,9.09,7.15
1264,2025-04-14 15:00:00,26.5,78,0.0,28.08,9.49,7.11
1265,2025-04-14 16:00:00,25.8,81,0.0,27.1,9.75,7.1
1266,2025-04-14 17:00:00,25.6,83,0.0,26.35,9.95,7.2
1267,2025-04-14 18:00:00,25.5,82,0.0,25.79,10.05,7.08
1268,2025-04-14 19:00:00,24.4,85,0.0,25.08,10.26,7.13
1269,2025-04-14 20:00:00,24.0,87,0.1,24.45,10.43,7.2
1270,2025-04-14 21:00:00,24.0,88,0.0,24.02,10.54,7.09
1271,2025-04-14 22:00:00,24.5,84,0.0,23.86,10.5,7.29
1272,2025-04-14 23:00:00,24.2,85,0.0,23.66,10.56,7.37
1273,2025-04-15 00:00:00,24.1,87,0.0,23.49,10.63,7.46
1274,2025-04-15 01:00:00,24.1,80,0.0,23.38,10.52,7.45
1275,2025-04-15 02:00:00,25.4,71,0.0,23.68,10.28,7.61
1276,2025-04-15 03:00:00,26.5,66,0.0,24.23,10.07,7.56
1277,2025-04-15 04:00:00,27.6,59,0.0,24.94,9.79,7.75
1278,2025-04-15 05:00:00,31.0,42,0.0,26.46,9.16,7.7
1279,2025-04-15 06:00:00,32.7,35,0.0,28.03,8.72,7.62
1280,2025-04-15 07:00:00,34.3,30,0.0,29.61,8.33,7.71
1281,2025-04-15 08:00:00,35.5,27,0.0,31.08,8.0,7.58
1282,2025-04-15 09:00:00,35.8,25,0.0,32.19,7.75,7.52
1283,2025-04-15 10:00:00,35.8,25,0.0,32.98,7.6,7.55
1284,2025-04-15 11:00:00,34.8,26,0.0,33.22,7.57,7.45
1285,2025-04-15 12:00:00,34.4,27,0.0,33.28,7.58,7.31
1286,2025-04-15 13:00:00,34.2,28,0.0,33.25,7.6,7.28
1287,2025-04-15 14:00:00,31.9,34,0.0,32.55,7.83,7.16
1288,2025-04-15 15:00:00,29.8,52,0.0,31.42,8.35,7.17
1289,2025-04-15 16:00:00,28.7,58,0.0,30.31,8.68,7.08
1290,2025-04-15 17:00:00,27.5,66,0.0,29.16,9.05,7.02
1291,2025-04-15 18:00:00,27.1,69,0.0,28.25,9.29,7.04
1292,2025-04-15 19:00:00,26.6,74,0.0,27.45,9.55,7.04
1293,2025-04-15 20:00:00,26.1,78,0.0,26.75,9.77,7.17
1294,2025-04-15 21:00:00,25.4,84,0.0,26.04,10.03,7.28
1295,2025-04-15 22:00:00,25.0,88,0.0,25.43,10.24,7.23
1296,2025-04-15 23:00:00,24.8,88,0.0,24.94,10.34,7.41
1297,2025-04-16 00:00:00,24.5,86,0.0,24.51,10.4,7.37
1298,2025-04-16 01:00:00,25.2,78,0.0,24.42,10.26,7.61
1299,2025-04-16 02:00:00,26.7,71,0.0,24.8,10.04,7.54
1300,2025-04-16 03:00:00,28.6,63,0.0,25.64,9.72,7.64
1301,2025-04-16 04:00:00,30.7,52,0.0,26.86,9.27,7.68
1302,2025-04-16 05:00:00,32.5,44,0.0,28.25,8.84,7.7
1303,2025-04-16 06:00:00,34.1,39,0.0,29.71,8.47,7.63
1304,2025-04-16 07:00:00,35.5,35,0.0,31.14,8.12,7.65
1305,2025-04-16 08:00:00,36.1,32,0.0,32.33,7.84,7.66
1306,2025-04-16 09:00:00,33.3,40,0.0,32.32,7.97,7.61
1307,2025-04-16 10:00:00,34.4,35,0.0,32.65,7.83,7.42
1308,2025-04-16 11:00:00,33.0,41,0.0,32.45,7.96,7.31
1309,2025-04-16 12:00:00,31.4,51,0.0,31.84,8.25,7.31
1310,2025-04-16 13:00:00,29.8,57,0.1,30.93,8.53,7.27
1311,2025-04-16 14:00:00,29.1,61,0.0,30.08,8.77,7.19
1312,2025-04-16 15:00:00,28.4,65,0.0,29.27,9.01,7.16
1313,2025-04-16 16:00:00,27.9,68,0.0,28.56,9.21,7.06
1314,2025-04-16 17:00:00,27.3,71,0.0,27.88,9.4,7.16
1315,2025-04-16 18:00:00,26.9,74,0.0,27.29,9.58,7.08
1316,2025-04-16 19:00:00,26.4,78,0.0,26.72,9.77,7.07
1317,2025-04-16 20:00:00,25.6,86,0.0,26.09,10.06,7.12
1318,2025-04-16 21:00:00,25.4,90,0.0,25.58,10.24,7.18
1319,2025-04-16 22:00:00,25.1,92,0.0,25.14,10.38,7.2
1320,2025-04-16 23:00:00,25.0,92,0.0,24.8,10.45,7.42
1321,2025-04-17 00:00:00,24.9,93,0.0,24.53,10.53,7.39
1322,2025-04-17 01:00:00,22.9,89,0.0,23.74,10.62,7.5
1323,2025-04-17 02:00:00,25.0,80,0.0,23.82,10.43,7.63
1324,2025-04-17 03:00:00,27.9,66,0.0,24.74,9.96,7.6
1325,2025-04-17 04:00:00,30.2,55,0.0,26.08,9.48,7.65
1326,2025-04-17 05:00:00,32.2,47,0.0,27.62,9.02,7.74
1327,2025-04-17 06:00:00,34.1,40,0.0,29.26,8.57,7.64
1328,2025-04-17 07:00:00,35.4,35,0.0,30.8,8.19,7.62
1329,2025-04-17 08:00:00,36.0,32,0.0,32.06,7.89,7.57
1330,2025-04-17 09:00:00,36.3,30,0.0,33.03,7.67,7.51
1331,2025-04-17 10:00:00,35.8,30,0.0,33.56,7.57,7.36
1332,2025-04-17 11:00:00,34.2,37,0.1,33.45,7.7,7.34
1333,2025-04-17 12:00:00,31.6,49,0.3,32.6,8.06,7.25
1334,2025-04-17 13:00:00,30.2,57,0.1,31.58,8.4,7.29
1335,2025-04-17 14:00:00,29.5,64,0.0,30.66,8.71,7.18
1336,2025-04-17 15:00:00,28.5,69,0.0,29.71,8.99,7.17
1337,2025-04-17 16:00:00,27.9,72,0.0,28.87,9.22,7.04
1338,2025-04-17 17:00:00,27.4,75,0.0,28.13,9.42,7.15
1339,2025-04-17 18:00:00,26.8,79,0.0,27.43,9.64,7.09
1340,2025-04-17 19:00:00,26.1,84,0.0,26.73,9.88,7.15
1341,2025-04-17 20:00:00,25.5,88,0.0,26.06,10.1,7.2
1342,2025-04-17 21:00:00,25.0,90,0.0,25.44,10.27,7.05
1343,2025-04-17 22:00:00,24.8,90,0.0,24.95,10.38,7.18
1344,2025-04-17 23:00:00,24.5,92,0.0,24.51,10.51,7.36
1345,2025-04-18 00:00:00,24.3,92,0.0,24.15,10.59,7.4
1346,2025-04-18 01:00:00,25.1,91,0.0,24.14,10.57,7.41
1347,2025-04-18 02:00:00,26.0,85,0.0,24.39,10.4,7.63
1348,2025-04-18 03:00:00,28.5,68,0.0,25.33,9.88,7.63
1349,2025-04-18 04:00:00,31.0,52,0.0,26.73,9.29,7.64
1350,2025-04-18 05:00:00,32.8,44,0.0,28.25,8.84,7.71
1351,2025-04-18 06:00:00,34.5,38,0.0,29.82,8.43,7.68
1352,2025-04-18 07:00:00,35.8,34,0.0,31.32,8.07,7.64
1353,2025-04-18 08:00:00,36.4,34,0.0,32.54,7.83,7.57
1354,2025-04-18 09:00:00,35.7,35,0.5,33.19,7.72,7.59
1355,2025-04-18 10:00:00,34.2,38,0.0,33.19,7.77,7.44
1356,2025-04-18 11:00:00,30.6,57,0.4,32.11,8.29,7.45
1357,2025-04-18 12:00:00,30.1,59,0.0,31.21,8.51,7.42
1358,2025-04-18 13:00:00,29.2,62,0.0,30.31,8.74,7.3
1359,2025-04-18 14:00:00,28.4,68,0.0,29.44,9.03,7.19
1360,2025-04-18 15:00:00,27.4,73,0.0,28.52,9.3,7.15
1361,2025-04-18 16:00:00,27.0,76,0.0,27.77,9.52,7.18
1362,2025-04-18 17:00:00,26.4,78,0.0,27.06,9.7,7.12
1363,2025-04-18 18:00:00,26.0,80,0.0,26.44,9.87,6.99
1364,2025-04-18 19:00:00,25.3,84,0.0,25.8,10.08,7.15
1365,2025-04-18 20:00:00,24.6,89,0.0,25.14,10.32,7.15
1366,2025-04-18 21:00:00,24.3,90,0.0,24.59,10.46,7.23
1367,2025-04-18 22:00:00,24.0,91,0.0,24.11,10.58,7.24
1368,2025-04-18 23:00:00,23.8,92,0.0,23.72,10.68,7.32
1369,2025-04-19 00:00:00,23.5,93,0.0,23.35,10.78,7.47
1370,2025-04-19 01:00:00,24.5,91,0.0,23.4,10.73,7.5
1371,2025-04-19 02:00:00,25.9,83,0.0,23.85,10.48,7.59
1372,2025-04-19 03:00:00,28.3,69,0.0,24.88,9.99,7.64
1373,2025-04-19 04:00:00,30.5,58,0.0,26.27,9.5,7.65
1374,2025-04-19 05:00:00,32.4,48,0.0,27.81,9.0,7.66
1375,2025-04-19 06:00:00,34.0,43,0.0,29.37,8.6,7.74
1376,2025-04-19 07:00:00,35.5,39,0.0,30.91,8.23,7.6
1377,2025-04-19 08:00:00,34.3,42,0.5,31.62,8.14,7.52
1378,2025-04-19 09:00:00,33.2,46,1.0,31.8,8.17,7.46
1379,2025-04-19 10:00:00,31.8,53,0.6,31.5,8.35,7.47
1380,2025-04-19 11:00:00,32.0,51,0.0,31.35,8.35,7.5
1381,2025-04-19 12:00:00,29.8,60,0.3,30.58,8.65,7.38
1382,2025-04-19 13:00:00,29.0,67,0.0,29.81,8.93,7.23
1383,2025-04-19 14:00:00,27.8,74,0.0,28.91,9.24,7.25
1384,2025-04-19 15:00:00,27.1,76,0.0,28.06,9.45,7.13
1385,2025-04-19 16:00:00,26.6,78,0.0,27.33,9.65,7.13
1386,2025-04-19 17:00:00,26.1,81,0.0,26.66,9.84,7.16
1387,2025-04-19 18:00:00,25.7,83,0.0,26.07,10.01,7.15
1388,2025-04-19 19:00:00,25.4,84,0.0,25.57,10.13,7.13
1389,2025-04-19 20:00:00,25.3,83,0.0,25.19,10.19,7.07
1390,2025-04-19 21:00:00,25.0,83,0.0,24.83,10.27,7.23
1391,2025-04-19 22:00:00,24.8,83,0.0,24.52,10.34,7.35
1392,2025-04-19 23:00:00,24.5,84,0.0,24.22,10.42,7.37
1393,2025-04-20 00:00:00,24.4,85,0.0,23.97,10.49,7.43
1394,2025-04-20 01:00:00,25.0,82,0.0,23.98,10.43,7.48
1395,2025-04-20 02:00:00,26.6,74,0.0,24.47,10.17,7.54
1396,2025-04-20 03:00:00,28.8,62,0.0,25.47,9.73,7.67
1397,2025-04-20 04:00:00,30.9,53,0.0,26.8,9.3,7.77
1398,2025-04-20 05:00:00,32.7,45,0.0,28.27,8.86,7.7
1399,2025-04-20 06:00:00,34.2,40,0.0,29.75,8.48,7.69
1400,2025-04-20 07:00:00,35.1,36,0.0,31.05,8.15,7.61
1401,2025-04-20 08:00:00,35.8,33,0.0,32.18,7.89,7.57
1402,2025-04-20 09:00:00,36.7,31,0.0,33.23,7.65,7.52
1403,2025-04-20 10:00:00,36.0,33,0.0,33.76,7.58,7.49
1404,2025-04-20 11:00:00,31.6,53,0.7,32.81,8.09,7.31
1405,2025-04-20 12:00:00,30.6,57,0.0,31.85,8.35,7.26
1406,2025-04-20 13:00:00,29.2,63,0.0,30.76,8.67,7.3
1407,2025-04-20 14:00:00,28.5,68,0.0,29.78,8.96,7.23
1408,2025-04-20 15:00:00,27.8,72,0.0,28.89,9.21,7.2
1409,2025-04-20 16:00:00,27.4,75,0.0,28.14,9.42,7.07
1410,2025-04-20 17:00:00,26.6,78,0.0,27.38,9.64,7.11
1411,2025-04-20 18:00:00,26.2,81,0.0,26.72,9.83,7.15
1412,2025-04-20 19:00:00,25.7,84,0.0,26.12,10.01,7.12
1413,2025-04-20 20:00:00,25.2,86,0.0,25.54,10.18,7.11
1414,2025-04-20 21:00:00,24.8,89,0.0,25.02,10.34,7.25
1415,2025-04-20 22:00:00,24.5,90,0.0,24.56,10.46,7.24
1416,2025-04-20 23:00:00,24.3,90,0.0,24.18,10.54,7.37
1417,2025-04-21 00:00:00,24.0,89,0.0,23.83,10.6,7.37
1418,2025-04-21 01:00:00,25.0,84,0.0,23.88,10.49,7.49
1419,2025-04-21 02:00:00,26.5,76,0.0,24.37,10.23,7.64
1420,2025-04-21 03:00:00,28.5,65,0.0,25.31,9.82,7.61
1421,2025-04-21 04:00:00,30.8,51,0.0,26.65,9.29,7.73
1422,2025-04-21 05:00:00,32.8,43,0.0,28.2,8.83,7.69
1423,2025-04-21 06:00:00,34.3,38,0.0,29.73,8.45,7.66
1424,2025-04-21 07:00:00,35.7,32,0.0,31.22,8.06,7.66
1425,2025-04-21 08:00:00,36.4,31,0.0,32.47,7.8,7.59
1426,2025-04-21 09:00:00,36.5,30,0.0,33.38,7.61,7.53
1427,2025-04-21 10:00:00,36.2,29,0.0,33.93,7.49,7.49
1428,2025-04-21 11:00:00,35.7,29,0.0,34.16,7.44,7.35
1429,2025-04-21 12:00:00,35.5,28,0.0,34.26,7.41,7.36
1430,2025-04-21 13:00:00,33.5,31,0.1,33.73,7.55,7.26
1431,2025-04-21 14:00:00,29.2,66,0.2,32.07,8.45,7.22
1432,2025-04-21 15:00:00,28.2,70,0.0,30.61,8.82,7.15
1433,2025-04-21 16:00:00,27.9,70,0.0,29.5,9.05,7.14
1434,2025-04-21 17:00:00,27.1,76,0.0,28.48,9.37,7.12
1435,2025-04-21 18:00:00,26.4,81,0.0,27.55,9.65,7.18
1436,2025-04-21 19:00:00,25.9,84,0.0,26.76,9.88,7.16
1437,2025-04-21 20:00:00,25.1,88,0.0,25.96,10.12,7.1
1438,2025-04-21 21:00:00,24.7,90,0.0,25.28,10.31,7.15
1439,2025-04-21 22:00:00,24.3,92,0.0,24.69,10.47,7.27
1440,2025-04-21 23:00:00,24.1,93,0.0,24.21,10.6,7.34
1441,2025-04-22 00:00:00,24.1,93,0.0,23.88,10.67,7.5
1442,2025-04-22 01:00:00,24.9,93,0.0,23.88,10.67,7.55
1443,2025-04-22 02:00:00,26.5,80,0.0,24.37,10.31,7.42
1444,2025-04-22 03:00:00,28.7,67,0.0,25.37,9.85,7.57
1445,2025-04-22 04:00:00,30.9,55,0.0,26.73,9.35,7.64
1446,2025-04-22 05:00:00,33.1,43,0.0,28.34,8.81,7.65
1447,2025-04-22 06:00:00,34.7,36,0.0,29.95,8.37,7.73
1448,2025-04-22 07:00:00,35.8,31,0.0,31.4,8.0,7.6
1449,2025-04-22 08:00:00,36.2,28,0.0,32.54,7.74,7.57
1450,2025-04-22 09:00:00,36.7,25,0.0,33.49,7.51,7.51
1451,2025-04-22 10:00:00,36.7,24,0.0,34.15,7.37,7.48
1452,2025-04-22 11:00:00,36.2,24,0.0,34.47,7.31,7.45
1453,2025-04-22 12:00:00,36.0,24,0.0,34.63,7.28,7.3
1454,2025-04-22 13:00:00,34.2,29,0.0,34.2,7.43,7.17
1455,2025-04-22 14:00:00,32.3,35,0.0,33.33,7.7,7.19
1456,2025-04-22 15:00:00,29.3,63,0.0,31.82,8.45,7.1
1457,2025-04-22 16:00:00,28.6,66,0.0,30.55,8.76,7.12
1458,2025-04-22 17:00:00,27.4,75,0.0,29.31,9.18,6.97
1459,2025-04-22 18:00:00,26.5,80,0.0,28.17,9.5,7.11
1460,2025-04-22 19:00:00,25.8,85,0.0,27.16,9.81,7.09
1461,2025-04-22 20:00:00,25.4,86,0.0,26.33,10.01,7.18
1462,2025-04-22 21:00:00,24.7,90,0.0,25.54,10.25,7.08
1463,2025-04-22 22:00:00,24.5,91,0.0,24.93,10.4,7.28
1464,2025-04-22 23:00:00,24.5,91,0.0,24.5,10.5,7.32
1465,2025-04-23 00:00:00,24.4,91,0.0,24.17,10.57,7.42
1466,2025-04-23 01:00:00,25.5,87,0.0,24.27,10.47,7.5
1467,2025-04-23 02:00:00,26.9,79,0.0,24.76,10.21,7.62
1468,2025-04-23 03:00:00,28.7,67,0.0,25.64,9.79,7.59
1469,2025-04-23 04:00:00,30.8,54,0.0,26.89,9.3,7.68
1470,2025-04-23 05:00:00,32.8,44,0.0,28.36,8.82,7.6
1471,2025-04-23 06:00:00,34.3,36,0.0,29.84,8.39,7.61
1472,2025-04-23 07:00:00,35.2,33,0.1,31.15,8.09,7.66
1473,2025-04-23 08:00:00,35.5,32,0.1,32.16,7.87,7.53
1474,2025-04-23 09:00:00,35.9,30,0.0,32.98,7.68,7.56
1475,2025-04-23 10:00:00,35.8,29,0.0,33.53,7.56,7.6
1476,2025-04-23 11:00:00,35.5,29,0.0,33.82,7.51,7.44
1477,2025-04-23 12:00:00,30.8,54,0.0,32.61,8.14,7.44
1478,2025-04-23 13:00:00,29.0,63,0.0,31.23,8.57,7.31
1479,2025-04-23 14:00:00,28.5,68,0.0,30.11,8.89,7.23
1480,2025-04-23 15:00:00,27.5,73,0.0,29.03,9.2,7.09
1481,2025-04-23 16:00:00,26.7,78,0.0,28.03,9.5,7.16
1482,2025-04-23 17:00:00,25.8,84,0.0,27.06,9.81,7.08
1483,2025-04-23 18:00:00,25.2,87,0.0,26.2,10.05,7.17
1484,2025-04-23 19:00:00,24.9,88,0.0,25.51,10.22,7.0
1485,2025-04-23 20:00:00,24.8,89,0.0,25.0,10.35,7.09
1486,2025-04-23 21:00:00,24.6,89,0.0,24.58,10.44,7.12
1487,2025-04-23 22:00:00,24.6,89,0.0,24.29,10.5,7.32
1488,2025-04-23 23:00:00,24.7,89,0.0,24.11,10.54,7.36
1489,2025-04-24 00:00:00,24.4,91,0.0,23.9,10.63,7.4
1490,2025-04-24 01:00:00,24.8,92,0.0,23.87,10.65,7.46
1491,2025-04-24 02:00:00,26.4,82,0.0,24.33,10.36,7.62
1492,2025-04-24 03:00:00,28.6,68,0.0,25.31,9.88,7.62
1493,2025-04-24 04:00:00,30.6,58,0.0,26.6,9.43,7.7
1494,2025-04-24 05:00:00,32.5,48,0.0,28.07,8.95,7.7
1495,2025-04-24 06:00:00,34.0,42,0.0,29.55,8.55,7.63
1496,2025-04-24 07:00:00,35.3,37,0.0,30.97,8.19,7.6
1497,2025-04-24 08:00:00,36.4,32,0.0,32.3,7.85,7.7
1498,2025-04-24 09:00:00,36.8,30,0.0,33.35,7.61,7.56
1499,2025-04-24 10:00:00,36.8,29,0.0,34.09,7.46,7.44
1500,2025-04-24 11:00:00,33.1,44,0.0,33.49,7.81,7.37
1501,2025-04-24 12:00:00,31.4,54,0.0,32.56,8.15,7.38
1502,2025-04-24 13:00:00,30.6,57,0.1,31.67,8.38,7.19
1503,2025-04-24 14:00:00,29.5,62,0.0,30.72,8.66,7.2
1504,2025-04-24 15:00:00,28.6,69,0.0,29.79,8.97,7.21
1505,2025-04-24 16:00:00,28.0,73,0.0,28.95,9.22,7.07
1506,2025-04-24 17:00:00,27.6,75,0.0,28.24,9.4,7.05
1507,2025-04-24 18:00:00,27.0,78,0.0,27.57,9.59,7.06
1508,2025-04-24 19:00:00,26.4,82,0.0,26.92,9.81,7.1
1509,2025-04-24 20:00:00,25.8,85,0.0,26.28,10.0,7.15
1510,2025-04-24 21:00:00,25.0,89,0.0,25.6,10.22,7.22
1511,2025-04-24 22:00:00,24.9,88,0.0,25.09,10.31,7.34
1512,2025-04-24 23:00:00,24.8,88,0.0,24.7,10.39,7.3
1513,2025-04-25 00:00:00,24.5,90,0.0,24.34,10.51,7.52
1514,2025-04-25 01:00:00,25.6,88,0.0,24.42,10.45,7.49
1515,2025-04-25 02:00:00,27.0,79,0.0,24.89,10.18,7.56
1516,2025-04-25 03:00:00,29.0,67,0.0,25.83,9.76,7.63
1517,2025-04-25 04:00:00,31.4,53,0.0,27.2,9.22,7.56
1518,2025-04-25 05:00:00,33.2,45,0.0,28.7,8.77,7.66
1519,2025-04-25 06:00:00,34.8,38,0.0,30.23,8.35,7.76
1520,2025-04-25 07:00:00,36.2,33,0.0,31.72,7.98,7.64
1521,2025-04-25 08:00:00,36.9,30,0.0,32.97,7.68,7.58
1522,2025-04-25 09:00:00,37.5,28,0.0,34.03,7.45,7.56
1523,2025-04-25 10:00:00,36.8,28,0.0,34.56,7.35,7.53
1524,2025-04-25 11:00:00,31.5,55,0.2,33.34,8.01,7.35
1525,2025-04-25 12:00:00,30.6,56,0.1,32.22,8.25,7.3
1526,2025-04-25 13:00:00,29.5,64,0.0,31.1,8.61,7.26
1527,2025-04-25 14:00:00,27.4,76,0.0,29.69,9.11,7.14
1528,2025-04-25 15:00:00,26.9,77,0.0,28.56,9.37,7.12
1529,2025-04-25 16:00:00,26.5,78,0.0,27.64,9.58,7.14
1530,2025-04-25 17:00:00,26.2,81,0.0,26.91,9.79,7.11
1531,2025-04-25 18:00:00,25.5,86,0.0,26.18,10.04,7.11
1532,2025-04-25 19:00:00,25.4,87,0.0,25.65,10.17,7.17
1533,2025-04-25 20:00:00,25.1,88,0.0,25.18,10.29,7.23
1534,2025-04-25 21:00:00,25.0,89,0.0,24.83,10.39,7.21
1535,2025-04-25 22:00:00,24.7,91,0.0,24.49,10.5,7.35
1536,2025-04-25 23:00:00,24.5,92,0.0,24.19,10.58,7.35
1537,2025-04-26 00:00:00,24.4,92,0.0,23.96,10.63,7.36
1538,2025-04-26 01:00:00,25.4,87,0.0,24.09,10.51,7.44
1539,2025-04-26 02:00:00,26.9,75,0.0,24.63,10.16,7.54
1540,2025-04-26 03:00:00,29.0,65,0.0,25.64,9.76,7.68
1541,2025-04-26 04:00:00,31.4,52,0.0,27.07,9.22,7.63
1542,2025-04-26 05:00:00,33.3,43,0.0,28.64,8.75,7.63
1543,2025-04-26 06:00:00,34.8,36,0.0,30.19,8.32,7.65
1544,2025-04-26 07:00:00,35.8,32,0.0,31.57,7.99,7.6
1545,2025-04-26 08:00:00,35.8,31,0.0,32.54,7.78,7.62
1546,2025-04-26 09:00:00,36.5,28,0.0,33.43,7.57,7.48
1547,2025-04-26 10:00:00,36.9,26,0.0,34.17,7.39,7.49
1548,2025-04-26 11:00:00,36.3,27,0.0,34.51,7.34,7.4
1549,2025-04-26 12:00:00,35.4,28,0.0,34.48,7.37,7.32
1550,2025-04-26 13:00:00,34.7,27,0.0,34.24,7.39,7.24
1551,2025-04-26 14:00:00,32.2,39,0.0,33.33,7.76,7.2
1552,2025-04-26 15:00:00,29.0,64,0.0,31.73,8.48,7.13
1553,2025-04-26 16:00:00,27.0,74,0.0,30.01,9.01,7.08
1554,2025-04-26 17:00:00,26.8,76,0.0,28.75,9.31,7.03
1555,2025-04-26 18:00:00,26.6,77,0.0,27.8,9.53,7.12
1556,2025-04-26 19:00:00,26.4,77,0.0,27.08,9.68,7.06
1557,2025-04-26 20:00:00,25.8,80,0.0,26.4,9.88,7.1
1558,2025-04-26 21:00:00,24.9,87,0.0,25.65,10.17,7.28
1559,2025-04-26 22:00:00,24.4,90,0.0,24.97,10.37,7.34
1560,2025-04-26 23:00:00,24.0,92,0.0,24.38,10.54,7.42
1561,2025-04-27 00:00:00,23.8,93,0.0,23.91,10.66,7.36
1562,2025-04-27 01:00:00,25.0,86,0.0,23.94,10.52,7.47
1563,2025-04-27 02:00:00,26.5,77,0.0,24.4,10.24,7.59
1564,2025-04-27 03:00:00,29.2,61,0.0,25.54,9.7,7.67
1565,2025-04-27 04:00:00,31.4,52,0.0,27.0,9.24,7.64
1566,2025-04-27 05:00:00,33.2,44,0.0,28.56,8.78,7.77
1567,2025-04-27 06:00:00,34.8,35,0.0,30.13,8.32,7.6
1568,2025-04-27 07:00:00,35.9,28,0.0,31.56,7.92,7.69
1569,2025-04-27 08:00:00,36.6,26,0.0,32.77,7.66,7.61
1570,2025-04-27 09:00:00,36.8,25,0.0,33.68,7.47,7.45
1571,2025-04-27 10:00:00,37.0,24,0.0,34.38,7.32,7.42
1572,2025-04-27 11:00:00,36.8,23,0.0,34.8,7.23,7.46
1573,2025-04-27 12:00:00,30.7,55,0.0,33.27,8.02,7.25
1574,2025-04-27 13:00:00,30.0,59,0.0,31.99,8.35,7.24
1575,2025-04-27 14:00:00,29.1,62,0.0,30.82,8.64,7.17
1576,2025-04-27 15:00:00,27.9,70,0.0,29.65,9.02,7.15
1577,2025-04-27 16:00:00,27.2,73,0.0,28.61,9.29,7.14
1578,2025-04-27 17:00:00,26.4,78,0.0,27.65,9.58,7.19
1579,2025-04-27 18:00:00,26.2,79,0.0,26.91,9.75,7.06
1580,2025-04-27 19:00:00,25.8,81,0.0,26.28,9.92,7.1
1581,2025-04-27 20:00:00,25.4,84,0.0,25.72,10.1,7.13
1582,2025-04-27 21:00:00,25.4,82,0.0,25.32,10.15,7.09
1583,2025-04-27 22:00:00,25.3,81,0.0,25.01,10.19,7.26
1584,2025-04-27 23:00:00,25.0,81,0.0,24.71,10.26,7.26
1585,2025-04-28 00:00:00,24.8,82,0.0,24.44,10.33,7.41
1586,2025-04-28 01:00:00,26.4,76,0.0,24.73,10.16,7.49
1587,2025-04-28 02:00:00,27.5,71,0.0,25.26,9.95,7.56
1588,2025-04-28 03:00:00,29.1,64,0.0,26.11,9.64,7.62
1589,2025-04-28 04:00:00,30.9,56,0.0,27.25,9.26,7.65
1590,2025-04-28 05:00:00,32.5,49,0.1,28.52,8.88,7.68
1591,2025-04-28 06:00:00,33.5,46,0.2,29.72,8.59,7.62
1592,2025-04-28 07:00:00,34.3,43,0.0,30.79,8.32,7.62
1593,2025-04-28 08:00:00,35.2,39,0.0,31.81,8.06,7.57
1594,2025-04-28 09:00:00,35.8,35,0.0,32.71,7.82,7.6
1595,2025-04-28 10:00:00,32.0,48,0.2,32.2,8.13,7.45
1596,2025-04-28 11:00:00,32.0,48,0.2,31.84,8.2,7.41
1597,2025-04-28 12:00:00,31.1,53,0.0,31.32,8.39,7.32
1598,2025-04-28 13:00:00,31.6,45,0.2,31.1,8.3,7.33
1599,2025-04-28 14:00:00,29.0,62,0.1,30.17,8.77,7.22
1600,2025-04-28 15:00:00,28.9,64,0.0,29.49,8.95,7.19
1601,2025-04-28 16:00:00,27.1,76,0.0,28.47,9.37,7.11
1602,2025-04-28 17:00:00,26.5,79,0.0,27.58,9.61,7.1
1603,2025-04-28 18:00:00,26.5,78,0.0,26.96,9.72,7.14
1604,2025-04-28 19:00:00,26.1,80,0.0,26.4,9.88,7.11
1605,2025-04-28 20:00:00,25.6,82,0.0,25.86,10.03,7.09
1606,2025-04-28 21:00:00,25.2,84,0.0,25.36,10.18,7.11
1607,2025-04-28 22:00:00,25.0,85,0.0,24.95,10.28,7.22
1608,2025-04-28 23:00:00,24.5,87,0.0,24.52,10.41,7.28
1609,2025-04-29 00:00:00,24.4,86,0.0,24.18,10.47,7.35
1610,2025-04-29 01:00:00,25.1,86,0.0,24.16,10.47,7.38
1611,2025-04-29 02:00:00,26.4,78,0.0,24.53,10.24,7.57
1612,2025-04-29 03:00:00,28.6,65,0.0,25.45,9.8,7.63
1613,2025-04-29 04:00:00,30.8,54,0.0,26.76,9.32,7.62
1614,2025-04-29 05:00:00,32.6,47,0.0,28.21,8.9,7.7
1615,2025-04-29 06:00:00,34.0,42,0.0,29.65,8.53,7.72
1616,2025-04-29 07:00:00,35.3,38,0.0,31.04,8.19,7.72
1617,2025-04-29 08:00:00,35.8,35,0.0,32.17,7.92,7.62
1618,2025-04-29 09:00:00,36.0,33,0.0,33.02,7.72,7.51
1619,2025-04-29 10:00:00,36.0,32,0.0,33.61,7.59,7.44
1620,2025-04-29 11:00:00,36.3,31,0.0,34.12,7.48,7.43
1621,2025-04-29 12:00:00,30.0,56,0.2,32.58,8.18,7.26
1622,2025-04-29 13:00:00,30.7,53,0.3,31.72,8.31,7.27
1623,2025-04-29 14:00:00,28.5,68,0.2,30.45,8.82,7.19
1624,2025-04-29 15:00:00,28.4,69,0.0,29.54,9.02,7.17
1625,2025-04-29 16:00:00,28.2,69,0.0,28.84,9.17,7.1
1626,2025-04-29 17:00:00,27.6,72,0.0,28.17,9.36,7.1
1627,2025-04-29 18:00:00,27.2,74,0.0,27.58,9.52,7.04
1628,2025-04-29 19:00:00,26.5,77,0.0,26.95,9.71,7.02
1629,2025-04-29 20:00:00,25.7,83,0.0,26.28,9.96,7.19
1630,2025-04-29 21:00:00,25.1,86,0.0,25.62,10.16,7.21
1631,2025-04-29 22:00:00,24.7,87,0.0,25.05,10.3,7.25
1632,2025-04-29 23:00:00,24.5,88,0.0,24.58,10.42,7.2
1633,2025-04-30 00:00:00,24.4,89,0.0,24.23,10.52,7.45
1634,2025-04-30 01:00:00,25.0,88,0.0,24.16,10.51,7.48
1635,2025-04-30 02:00:00,26.4,80,0.0,24.53,10.28,7.51
1636,2025-04-30 03:00:00,28.9,65,0.0,25.54,9.78,7.73
1637,2025-04-30 04:00:00,31.0,53,0.0,26.88,9.28,7.67
1638,2025-04-30 05:00:00,32.9,45,0.0,28.39,8.83,7.71
1639,2025-04-30 06:00:00,34.5,38,0.0,29.92,8.41,7.59
1640,2025-04-30 07:00:00,35.7,33,0.0,31.35,8.05,7.63
1641,2025-04-30 08:00:00,36.5,28,0.0,32.6,7.72,7.58
1642,2025-04-30 09:00:00,37.0,24,0.0,33.62,7.47,7.62
1643,2025-04-30 10:00:00,36.8,23,0.0,34.27,7.33,7.49
1644,2025-04-30 11:00:00,37.0,22,0.0,34.79,7.21,7.43
1645,2025-04-30 12:00:00,32.5,48,0.0,33.8,7.81,7.23
1646,2025-04-30 13:00:00,30.7,54,0.0,32.57,8.15,7.19
1647,2025-04-30 14:00:00,29.0,55,0.0,31.2,8.44,7.14
1648,2025-04-30 15:00:00,28.5,65,0.0,30.09,8.84,7.17
1649,2025-04-30 16:00:00,27.5,72,0.0,29.01,9.18,7.06
1650,2025-04-30 17:00:00,26.9,77,0.0,28.08,9.47,7.14
1651,2025-04-30 18:00:00,26.9,77,0.0,27.43,9.61,6.97
1652,2025-04-30 19:00:00,26.5,79,0.0,26.85,9.77,7.04
1653,2025-04-30 20:00:00,25.9,82,0.0,26.26,9.95,7.09
1654,2025-04-30 21:00:00,25.5,85,0.0,25.73,10.11,7.23
1655,2025-04-30 22:00:00,25.1,87,0.0,25.24,10.26,7.34
1656,2025-04-30 23:00:00,24.9,89,0.0,24.84,10.38,7.3
1657,2025-05-01 00:00:00,24.6,90,0.0,24.47,10.48,7.43
1658,2025-05-01 01:00:00,25.1,88,0.0,24.36,10.47,7.47
1659,2025-05-01 02:00:00,26.9,79,0.0,24.82,10.19,7.6
1660,2025-05-01 03:00:00,28.9,67,0.0,25.74,9.77,7.65
1661,2025-05-01 04:00:00,30.9,54,0.0,26.99,9.28,7.69
1662,2025-05-01 05:00:00,32.9,44,0.0,28.46,8.8,7.67
1663,2025-05-01 06:00:00,34.5,39,0.0,29.97,8.42,7.74
1664,2025-05-01 07:00:00,36.0,34,0.0,31.48,8.04,7.66
1665,2025-05-01 08:00:00,36.8,32,0.0,32.78,7.75,7.6
1666,2025-05-01 09:00:00,36.3,33,0.0,33.53,7.62,7.57
1667,2025-05-01 10:00:00,34.0,39,0.0,33.37,7.75,7.51
1668,2025-05-01 11:00:00,32.4,47,0.0,32.78,8.0,7.33
1669,2025-05-01 12:00:00,32.0,50,0.0,32.25,8.15,7.38
1670,2025-05-01 13:00:00,30.1,50,0.0,31.3,8.34,7.3
1671,2025-05-01 14:00:00,29.2,58,0.5,30.37,8.66,7.2
1672,2025-05-01 15:00:00,28.8,62,0.0,29.6,8.89,7.18
1673,2025-05-01 16:00:00,28.4,65,0.0,28.94,9.08,7.14
1674,2025-05-01 17:00:00,28.0,69,0.0,28.36,9.27,7.1
1675,2025-05-01 18:00:00,27.2,74,0.0,27.71,9.49,7.15
1676,2025-05-01 19:00:00,26.5,79,0.0,27.05,9.72,7.15
1677,2025-05-01 20:00:00,26.1,82,0.0,26.46,9.9,7.15
1678,2025-05-01 21:00:00,25.7,85,0.0,25.93,10.07,7.2
1679,2025-05-01 22:00:00,25.2,87,0.0,25.41,10.22,7.24
1680,2025-05-01 23:00:00,24.9,89,0.0,24.96,10.36,7.42
1681,2025-05-02 00:00:00,24.6,90,0.0,24.55,10.46,7.41
1682,2025-05-02 01:00:00,25.2,89,0.0,24.45,10.47,7.43
1683,2025-05-02 02:00:00,26.5,83,0.0,24.76,10.28,7.6
1684,2025-05-02 03:00:00,28.7,71,0.0,25.64,9.87,7.61
1685,2025-05-02 04:00:00,31.0,57,0.0,26.95,9.34,7.68
1686,2025-05-02 05:00:00,33.0,46,0.0,28.47,8.84,7.71
1687,2025-05-02 06:00:00,34.6,40,0.0,30.01,8.43,7.68
1688,2025-05-02 07:00:00,36.0,35,0.0,31.5,8.05,7.63
1689,2025-05-02 08:00:00,36.8,32,0.0,32.79,7.75,7.56
1690,2025-05-02 09:00:00,37.2,29,0.0,33.81,7.51,7.55
1691,2025-05-02 10:00:00,34.7,34,0.0,33.78,7.59,7.48
1692,2025-05-02 11:00:00,30.6,57,0.9,32.53,8.21,7.38
1693,2025-05-02 12:00:00,29.9,61,0.1,31.44,8.5,7.33
1694,2025-05-02 13:00:00,27.7,75,0.1,30.02,9.03,7.28
1695,2025-05-02 14:00:00,27.2,76,0.1,28.87,9.28,7.19
1696,2025-05-02 15:00:00,27.2,77,0.0,28.07,9.47,7.22
1697,2025-05-02 16:00:00,25.8,84,0.7,27.09,9.81,7.1
1698,2025-05-02 17:00:00,25.6,84,0.0,26.34,9.97,7.03
1699,2025-05-02 18:00:00,25.4,85,0.0,25.76,10.11,7.05
1700,2025-05-02 19:00:00,25.0,85,0.0,25.23,10.22,7.07
1701,2025-05-02 20:00:00,24.8,86,0.0,24.8,10.33,7.09
1702,2025-05-02 21:00:00,24.4,89,0.0,24.38,10.48,7.18
1703,2025-05-02 22:00:00,23.9,91,0.0,23.94,10.62,7.26
1704,2025-05-02 23:00:00,23.7,92,0.0,23.57,10.72,7.41
1705,2025-05-03 00:00:00,23.7,92,0.0,23.31,10.77,7.41
1706,2025-05-03 01:00:00,24.2,90,0.0,23.27,10.74,7.49
1707,2025-05-03 02:00:00,25.5,84,0.0,23.64,10.54,7.51
1708,2025-05-03 03:00:00,26.8,77,0.0,24.29,10.27,7.54
1709,2025-05-03 04:00:00,29.2,64,0.0,25.46,9.77,7.77
1710,2025-05-03 05:00:00,31.3,55,0.0,26.91,9.31,7.76
1711,2025-05-03 06:00:00,32.8,48,0.0,28.38,8.89,7.57
1712,2025-05-03 07:00:00,34.1,43,0.0,29.8,8.52,7.64
1713,2025-05-03 08:00:00,35.0,40,0.0,31.06,8.22,7.53
1714,2025-05-03 09:00:00,35.5,37,0.0,32.09,7.97,7.48
1715,2025-05-03 10:00:00,34.5,40,0.0,32.51,7.94,7.56
1716,2025-05-03 11:00:00,32.7,50,0.8,32.27,8.15,7.34
1717,2025-05-03 12:00:00,30.4,61,0.0,31.41,8.5,7.39
1718,2025-05-03 13:00:00,30.0,61,0.0,30.69,8.65,7.28
1719,2025-05-03 14:00:00,28.8,69,0.0,29.82,8.96,7.21
1720,2025-05-03 15:00:00,27.4,76,0.0,28.79,9.3,7.19
1721,2025-05-03 16:00:00,26.9,79,0.0,27.93,9.54,7.16
1722,2025-05-03 17:00:00,26.2,82,0.0,27.11,9.77,7.12
1723,2025-05-03 18:00:00,25.8,84,0.0,26.42,9.95,7.06
1724,2025-05-03 19:00:00,25.4,86,0.0,25.81,10.12,7.08
1725,2025-05-03 20:00:00,25.0,88,0.0,25.27,10.27,7.2
1726,2025-05-03 21:00:00,24.7,90,0.0,24.8,10.41,7.15
1727,2025-05-03 22:00:00,24.1,92,0.0,24.29,10.56,7.22
1728,2025-05-03 23:00:00,24.0,91,0.0,23.9,10.62,7.39
1729,2025-05-04 00:00:00,23.8,91,0.0,23.57,10.7,7.49
1730,2025-05-04 01:00:00,24.5,89,0.0,23.55,10.66,7.51
1731,2025-05-04 02:00:00,26.0,81,0.0,23.98,10.41,7.54
1732,2025-05-04 03:00:00,28.3,69,0.0,24.98,9.97,7.56
1733,2025-05-04 04:00:00,30.8,56,0.0,26.43,9.43,7.63
1734,2025-05-04 05:00:00,32.9,45,0.0,28.07,8.9,7.57
1735,2025-05-04 06:00:00,34.6,38,0.0,29.73,8.45,7.7
1736,2025-05-04 07:00:00,35.8,34,0.0,31.25,8.08,7.69
1737,2025-05-04 08:00:00,37.0,30,0.0,32.67,7.74,7.59
1738,2025-05-04 09:00:00,37.2,28,0.0,33.73,7.51,7.6
1739,2025-05-04 10:00:00,33.9,39,0.1,33.48,7.73,7.48
1740,2025-05-04 11:00:00,34.0,38,0.0,33.34,7.74,7.46
1741,2025-05-04 12:00:00,32.5,48,0.0,32.79,8.01,7.29
1742,2025-05-04 13:00:00,31.3,55,0.0,32.04,8.27,7.24
1743,2025-05-04 14:00:00,30.0,62,0.0,31.13,8.58,7.17
1744,2025-05-04 15:00:00,29.2,67,0.0,30.25,8.84,7.18
1745,2025-05-04 16:00:00,28.4,73,0.0,29.39,9.12,7.07
1746,2025-05-04 17:00:00,27.5,78,0.0,28.53,9.39,7.09
1747,2025-05-04 18:00:00,26.9,83,0.0,27.74,9.65,7.07
1748,2025-05-04 19:00:00,26.4,86,0.0,27.04,9.85,7.16
1749,2025-05-04 20:00:00,26.1,87,0.0,26.46,10.0,7.14
1750,2025-05-04 21:00:00,25.8,91,0.0,25.96,10.18,7.16
1751,2025-05-04 22:00:00,25.5,93,0.0,25.52,10.31,7.25
1752,2025-05-04 23:00:00,25.4,94,0.0,25.18,10.4,7.3
1753,2025-05-05 00:00:00,25.2,94,0.0,24.89,10.47,7.33
1754,2025-05-05 01:00:00,24.9,88,0.0,24.59,10.42,7.52
1755,2025-05-05 02:00:00,26.1,81,0.0,24.74,10.25,7.65
1756,2025-05-05 03:00:00,27.8,71,0.0,25.36,9.93,7.65
1757,2025-05-05 04:00:00,30.1,60,0.0,26.48,9.49,7.61
1758,2025-05-05 05:00:00,32.4,50,0.0,27.96,9.01,7.59
1759,2025-05-05 06:00:00,34.0,43,0.0,29.47,8.58,7.76
1760,2025-05-05 07:00:00,35.1,38,0.0,30.86,8.23,7.72
1761,2025-05-05 08:00:00,36.7,32,0.0,32.31,7.84,7.61
1762,2025-05-05 09:00:00,32.6,47,0.4,32.1,8.13,7.58
1763,2025-05-05 10:00:00,33.7,42,0.1,32.28,8.01,7.5
1764,2025-05-05 11:00:00,31.7,53,0.0,31.81,8.29,7.4
1765,2025-05-05 12:00:00,31.6,55,0.0,31.44,8.39,7.37
1766,2025-05-05 13:00:00,29.5,64,0.0,30.56,8.73,7.34
1767,2025-05-05 14:00:00,28.8,68,0.0,29.73,8.97,7.31
1768,2025-05-05 15:00:00,28.2,70,0.0,28.97,9.16,7.2
1769,2025-05-05 16:00:00,27.2,76,0.0,28.14,9.44,7.18
1770,2025-05-05 17:00:00,26.6,80,0.0,27.38,9.67,7.15
1771,2025-05-05 18:00:00,26.3,82,0.0,26.76,9.84,7.18
1772,2025-05-05 19:00:00,25.8,85,0.0,26.17,10.02,7.18
1773,2025-05-05 20:00:00,25.1,89,0.0,25.55,10.23,7.16
1774,2025-05-05 21:00:00,24.8,91,0.0,25.02,10.38,7.19
1775,2025-05-05 22:00:00,24.6,91,0.0,24.6,10.47,7.29
1776,2025-05-05 23:00:00,24.6,92,0.0,24.3,10.56,7.4
1777,2025-05-06 00:00:00,24.5,92,0.0,24.06,10.61,7.51
1778,2025-05-06 01:00:00,24.7,91,0.0,23.95,10.61,7.5
1779,2025-05-06 02:00:00,26.4,81,0.0,24.39,10.33,7.49
1780,2025-05-06 03:00:00,28.5,68,0.0,25.32,9.88,7.66
1781,2025-05-06 04:00:00,31.0,55,0.0,26.72,9.35,7.64
1782,2025-05-06 05:00:00,33.2,46,0.0,28.37,8.86,7.72
1783,2025-05-06 06:00:00,34.5,40,0.0,29.91,8.45,7.66
1784,2025-05-06 07:00:00,35.7,35,0.0,31.34,8.08,7.59
1785,2025-05-06 08:00:00,36.2,31,0.0,32.5,7.79,7.64
1786,2025-05-06 09:00:00,35.6,34,0.1,33.13,7.72,7.54
1787,2025-05-06 10:00:00,32.5,45,0.9,32.64,7.99,7.44
1788,2025-05-06 11:00:00,32.0,48,0.0,32.15,8.14,7.4
1789,2025-05-06 12:00:00,30.6,58,0.0,31.38,8.46,7.31
1790,2025-05-06 13:00:00,29.5,63,0.1,30.52,8.72,7.28
1791,2025-05-06 14:00:00,28.4,69,0.0,29.58,9.01,7.21
1792,2025-05-06 15:00:00,27.6,74,0.0,28.69,9.29,7.22
1793,2025-05-06 16:00:00,27.0,79,0.0,27.88,9.55,7.14
1794,2025-05-06 17:00:00,26.5,81,0.0,27.17,9.73,7.11
1795,2025-05-06 18:00:00,26.2,80,0.0,26.58,9.84,7.1
1796,2025-05-06 19:00:00,25.6,83,0.0,25.98,10.02,7.16
1797,2025-05-06 20:00:00,25.2,85,0.0,25.45,10.18,7.15
1798,2025-05-06 21:00:00,25.0,87,0.0,25.01,10.31,7.17
1799,2025-05-06 22:00:00,24.8,88,0.0,24.65,10.4,7.25
1800,2025-05-06 23:00:00,24.5,89,0.0,24.3,10.5,7.34
1801,2025-05-07 00:00:00,24.3,91,0.0,24.0,10.6,7.42
1802,2025-05-07 01:00:00,24.7,88,0.0,23.91,10.56,7.57
1803,2025-05-07 02:00:00,26.1,82,0.0,24.27,10.37,7.6
1804,2025-05-07 03:00:00,28.1,72,0.0,25.12,10.0,7.63
1805,2025-05-07 04:00:00,30.3,61,0.0,26.37,9.53,7.63
1806,2025-05-07 05:00:00,32.3,50,0.0,27.85,9.03,7.78
1807,2025-05-07 06:00:00,34.0,40,0.0,29.4,8.55,7.72
1808,2025-05-07 07:00:00,35.2,34,0.0,30.84,8.16,7.76
1809,2025-05-07 08:00:00,35.7,30,0.0,32.0,7.87,7.56
1810,2025-05-07 09:00:00,34.4,35,0.0,32.42,7.87,7.55
1811,2025-05-07 10:00:00,34.6,33,0.0,32.77,7.77,7.46
1812,2025-05-07 11:00:00,33.7,36,0.0,32.75,7.82,7.5
1813,2025-05-07 12:00:00,31.8,44,0.0,32.17,8.07,7.3
1814,2025-05-07 13:00:00,29.5,56,0.0,31.07,8.49,7.22
1815,2025-05-07 14:00:00,28.5,60,0.0,30.0,8.77,7.19
1816,2025-05-07 15:00:00,27.5,69,0.0,28.95,9.15,7.18
1817,2025-05-07 16:00:00,26.7,73,0.0,27.97,9.42,7.09
1818,2025-05-07 17:00:00,26.5,73,0.0,27.23,9.57,7.12
1819,2025-05-07 18:00:00,26.3,74,0.0,26.65,9.71,7.11
1820,2025-05-07 19:00:00,25.9,79,0.0,26.13,9.92,7.06
1821,2025-05-07 20:00:00,25.4,82,0.0,25.61,10.08,7.16
1822,2025-05-07 21:00:00,25.0,84,0.0,25.13,10.23,7.23
1823,2025-05-07 22:00:00,24.6,86,0.0,24.67,10.36,7.27
1824,2025-05-07 23:00:00,24.2,89,0.0,24.23,10.52,7.32
1825,2025-05-08 00:00:00,24.0,91,0.0,23.86,10.63,7.36
1826,2025-05-08 01:00:00,23.8,89,0.0,23.54,10.66,7.57
1827,2025-05-08 02:00:00,25.1,83,0.0,23.71,10.51,7.58
1828,2025-05-08 03:00:00,27.6,70,0.0,24.58,10.07,7.62
1829,2025-05-08 04:00:00,29.9,58,0.0,25.87,9.58,7.72
1830,2025-05-08 05:00:00,31.8,48,0.0,27.35,9.09,7.68
1831,2025-05-08 06:00:00,33.3,41,0.0,28.84,8.67,7.68
1832,2025-05-08 07:00:00,34.5,35,0.0,30.24,8.3,7.69
1833,2025-05-08 08:00:00,34.9,35,0.0,31.33,8.08,7.58
1834,2025-05-08 09:00:00,35.0,34,0.0,32.13,7.91,7.56
1835,2025-05-08 10:00:00,34.5,35,0.0,32.54,7.85,7.59
1836,2025-05-08 11:00:00,33.3,37,0.0,32.47,7.9,7.28
1837,2025-05-08 12:00:00,32.2,42,0.0,32.09,8.05,7.32
1838,2025-05-08 13:00:00,30.0,49,0.0,31.16,8.35,7.39
1839,2025-05-08 14:00:00,29.1,51,0.0,30.24,8.57,7.2
1840,2025-05-08 15:00:00,28.2,57,0.0,29.33,8.86,7.17
1841,2025-05-08 16:00:00,27.1,66,0.0,28.36,9.21,7.05
1842,2025-05-08 17:00:00,26.3,72,0.0,27.44,9.51,7.12
1843,2025-05-08 18:00:00,25.5,78,0.0,26.56,9.81,7.09
1844,2025-05-08 19:00:00,25.0,82,0.0,25.79,10.05,7.06
1845,2025-05-08 20:00:00,24.5,86,0.0,25.1,10.27,7.2
1846,2025-05-08 21:00:00,24.1,89,0.0,24.5,10.46,7.13
1847,2025-05-08 22:00:00,23.8,91,0.0,23.99,10.61,7.26
1848,2025-05-08 23:00:00,23.4,94,0.0,23.51,10.77,7.27
1849,2025-05-09 00:00:00,23.1,96,0.0,23.09,10.9,7.33
1850,2025-05-09 01:00:00,24.0,89,0.0,23.06,10.77,7.51
1851,2025-05-09 02:00:00,25.5,81,0.0,23.49,10.52,7.59
1852,2025-05-09 03:00:00,27.8,66,0.0,24.49,10.01,7.74
1853,2025-05-09 04:00:00,30.0,52,0.0,25.84,9.47,7.71
1854,2025-05-09 05:00:00,31.9,41,0.0,27.36,8.96,7.68
1855,2025-05-09 06:00:00,33.0,36,0.0,28.75,8.6,7.69
1856,2025-05-09 07:00:00,34.0,32,0.0,30.03,8.29,7.69
1857,2025-05-09 08:00:00,35.0,28,0.0,31.22,7.99,7.59
1858,2025-05-09 09:00:00,35.6,27,0.0,32.23,7.78,7.58
1859,2025-05-09 10:00:00,35.5,26,0.0,32.91,7.63,7.52
1860,2025-05-09 11:00:00,34.8,29,0.0,33.18,7.63,7.45
1861,2025-05-09 12:00:00,33.5,32,0.0,32.98,7.72,7.4
1862,2025-05-09 13:00:00,31.9,36,0.0,32.35,7.9,7.29
1863,2025-05-09 14:00:00,29.5,52,0.0,31.2,8.39,7.3
1864,2025-05-09 15:00:00,28.4,59,0.0,30.06,8.74,7.11
1865,2025-05-09 16:00:00,27.6,64,0.0,29.02,9.04,7.1
1866,2025-05-09 17:00:00,26.6,70,0.0,27.99,9.36,7.13
1867,2025-05-09 18:00:00,25.9,75,0.0,27.07,9.65,7.1
1868,2025-05-09 19:00:00,25.4,78,0.0,26.27,9.87,7.1
1869,2025-05-09 20:00:00,25.0,79,0.0,25.59,10.03,7.14
1870,2025-05-09 21:00:00,24.6,80,0.0,24.99,10.18,7.23
1871,2025-05-09 22:00:00,24.4,80,0.0,24.51,10.28,7.29
1872,2025-05-09 23:00:00,24.0,82,0.0,24.06,10.41,7.34
1873,2025-05-10 00:00:00,23.9,84,0.0,23.71,10.53,7.41
1874,2025-05-10 01:00:00,24.4,82,0.0,23.62,10.51,7.48
1875,2025-05-10 02:00:00,26.1,74,0.0,24.06,10.26,7.52
1876,2025-05-10 03:00:00,28.1,59,0.0,24.97,9.78,7.61
1877,2025-05-10 04:00:00,30.3,45,0.0,26.27,9.25,7.65
1878,2025-05-10 05:00:00,32.2,37,0.0,27.75,8.81,7.63
1879,2025-05-10 06:00:00,33.6,31,0.0,29.21,8.43,7.72
1880,2025-05-10 07:00:00,34.2,29,0.0,30.4,8.16,7.58
1881,2025-05-10 08:00:00,34.3,30,0.0,31.27,8.01,7.63
1882,2025-05-10 09:00:00,33.8,34,0.0,31.73,7.99,7.57
1883,2025-05-10 10:00:00,33.5,35,0.0,31.96,7.96,7.44
1884,2025-05-10 11:00:00,33.2,35,0.0,32.03,7.95,7.49
1885,2025-05-10 12:00:00,32.3,36,0.0,31.81,8.01,7.39
1886,2025-05-10 13:00:00,31.2,36,0.0,31.33,8.1,7.26
1887,2025-05-10 14:00:00,29.8,40,0.0,30.57,8.32,7.18
1888,2025-05-10 15:00:00,28.4,50,0.0,29.62,8.68,7.26
1889,2025-05-10 16:00:00,27.2,60,0.0,28.59,9.06,7.23
1890,2025-05-10 17:00:00,26.4,66,0.0,27.64,9.36,7.15
1891,2025-05-10 18:00:00,25.4,72,0.0,26.66,9.67,7.15
1892,2025-05-10 19:00:00,24.6,77,0.0,25.75,9.96,7.13
1893,2025-05-10 20:00:00,24.2,79,0.0,24.98,10.16,7.2
1894,2025-05-10 21:00:00,23.9,78,0.0,24.36,10.27,7.22
1895,2025-05-10 22:00:00,23.6,79,0.0,23.83,10.4,7.27
1896,2025-05-10 23:00:00,23.4,80,0.0,23.4,10.51,7.37
1897,2025-05-11 00:00:00,23.1,81,0.0,23.01,10.62,7.41
1898,2025-05-11 01:00:00,23.9,82,0.0,22.98,10.64,7.54
1899,2025-05-11 02:00:00,26.0,72,0.0,23.58,10.32,7.66
1900,2025-05-11 03:00:00,28.4,57,0.0,24.73,9.79,7.66
1901,2025-05-11 04:00:00,30.6,46,0.0,26.19,9.29,7.58
1902,2025-05-11 05:00:00,32.5,38,0.0,27.78,8.83,7.74
1903,2025-05-11 06:00:00,34.0,34,0.0,29.35,8.45,7.68
1904,2025-05-11 07:00:00,35.2,30,0.0,30.8,8.1,7.62
1905,2025-05-11 08:00:00,35.3,29,0.0,31.85,7.88,7.57
1906,2025-05-11 09:00:00,35.3,30,0.0,32.59,7.76,7.53
1907,2025-05-11 10:00:00,34.3,34,0.0,32.8,7.78,7.46
1908,2025-05-11 11:00:00,32.8,39,0.0,32.5,7.92,7.36
1909,2025-05-11 12:00:00,30.5,52,0.0,31.6,8.31,7.37
1910,2025-05-11 13:00:00,29.9,51,0.0,30.79,8.46,7.19
1911,2025-05-11 14:00:00,28.5,59,0.0,29.8,8.79,7.25
1912,2025-05-11 15:00:00,27.8,62,0.0,28.9,9.03,7.09
1913,2025-05-11 16:00:00,27.4,65,0.0,28.15,9.24,7.1
1914,2025-05-11 17:00:00,26.9,68,0.0,27.48,9.43,7.04
1915,2025-05-11 18:00:00,26.4,72,0.0,26.85,9.64,7.08
1916,2025-05-11 19:00:00,26.0,74,0.0,26.3,9.79,7.09
1917,2025-05-11 20:00:00,25.5,77,0.0,25.76,9.96,7.13
1918,2025-05-11 21:00:00,25.0,80,0.0,25.23,10.13,7.32
1919,2025-05-11 22:00:00,24.6,82,0.0,24.74,10.27,7.3
1920,2025-05-11 23:00:00,24.2,85,0.0,24.28,10.43,7.32
1921,2025-05-12 00:00:00,23.8,88,0.0,23.84,10.58,7.37
1922,2025-05-12 01:00:00,24.6,85,0.0,23.76,10.54,7.42
1923,2025-05-12 02:00:00,26.1,77,0.0,24.17,10.29,7.64
1924,2025-05-12 03:00:00,28.3,67,0.0,25.11,9.9,7.64
1925,2025-05-12 04:00:00,30.5,57,0.0,26.42,9.45,7.73
1926,2025-05-12 05:00:00,32.5,48,0.0,27.95,8.97,7.64
1927,2025-05-12 06:00:00,33.8,42,0.0,29.4,8.58,7.71
1928,2025-05-12 07:00:00,34.3,40,0.0,30.57,8.32,7.66
1929,2025-05-12 08:00:00,34.2,41,0.0,31.36,8.18,7.6
1930,2025-05-12 09:00:00,33.0,45,0.0,31.55,8.21,7.67
1931,2025-05-12 10:00:00,32.8,46,0.0,31.63,8.21,7.44
1932,2025-05-12 11:00:00,31.8,50,0.2,31.38,8.32,7.49
1933,2025-05-12 12:00:00,30.0,57,0.0,30.67,8.59,7.32
1934,2025-05-12 13:00:00,29.4,60,0.0,29.99,8.77,7.26
1935,2025-05-12 14:00:00,28.5,64,0.0,29.24,9.0,7.17
1936,2025-05-12 15:00:00,27.9,68,0.0,28.54,9.21,7.14
1937,2025-05-12 16:00:00,27.4,71,0.0,27.9,9.4,7.1
1938,2025-05-12 17:00:00,26.7,75,0.0,27.24,9.61,7.12
1939,2025-05-12 18:00:00,26.1,78,0.0,26.6,9.8,7.01
1940,2025-05-12 19:00:00,26.0,79,0.0,26.12,9.92,7.13
1941,2025-05-12 20:00:00,25.5,81,0.0,25.63,10.06,7.18
1942,2025-05-12 21:00:00,24.8,86,0.0,25.08,10.27,7.22
1943,2025-05-12 22:00:00,24.3,89,0.0,24.55,10.45,7.25
1944,2025-05-12 23:00:00,23.9,91,0.0,24.05,10.59,7.29
1945,2025-05-13 00:00:00,23.6,93,0.0,23.62,10.73,7.45
1946,2025-05-13 01:00:00,25.3,85,0.0,23.82,10.52,7.49
1947,2025-05-13 02:00:00,26.8,77,0.0,24.42,10.24,7.6
1948,2025-05-13 03:00:00,28.8,67,0.0,25.43,9.84,7.64
1949,2025-05-13 04:00:00,30.8,57,0.0,26.74,9.38,7.61
1950,2025-05-13 05:00:00,31.5,53,0.9,27.87,9.08,7.59
1951,2025-05-13 06:00:00,32.7,48,0.0,29.02,8.76,7.61
1952,2025-05-13 07:00:00,33.8,44,0.0,30.15,8.47,7.6
1953,2025-05-13 08:00:00,34.4,42,0.0,31.13,8.24,7.63
1954,2025-05-13 09:00:00,32.8,43,0.0,31.33,8.22,7.5
1955,2025-05-13 10:00:00,33.2,45,0.1,31.59,8.2,7.49
1956,2025-05-13 11:00:00,31.7,53,0.4,31.32,8.39,7.38
1957,2025-05-13 12:00:00,30.7,58,0.0,30.84,8.57,7.36
1958,2025-05-13 13:00:00,29.1,62,0.0,30.02,8.8,7.28
1959,2025-05-13 14:00:00,28.0,70,0.0,29.11,9.13,7.19
1960,2025-05-13 15:00:00,27.0,75,0.0,28.18,9.41,7.15
1961,2025-05-13 16:00:00,26.3,79,0.0,27.31,9.67,7.04
1962,2025-05-13 17:00:00,25.6,84,0.0,26.5,9.93,7.02
1963,2025-05-13 18:00:00,25.0,88,0.0,25.75,10.17,7.13
1964,2025-05-13 19:00:00,24.8,89,0.0,25.16,10.31,7.24
1965,2025-05-13 20:00:00,24.2,92,0.0,24.58,10.5,7.1
1966,2025-05-13 21:00:00,23.8,94,0.0,24.04,10.65,7.28
1967,2025-05-13 22:00:00,23.7,93,0.0,23.64,10.72,7.28
1968,2025-05-13 23:00:00,23.9,91,0.0,23.42,10.73,7.33
1969,2025-05-14 00:00:00,23.9,90,0.0,23.26,10.74,7.32
1970,2025-05-14 01:00:00,24.7,88,0.0,23.39,10.68,7.54
1971,2025-05-14 02:00:00,26.2,78,0.0,23.94,10.36,7.55
1972,2025-05-14 03:00:00,28.5,67,0.0,25.0,9.93,7.57
1973,2025-05-14 04:00:00,30.9,55,0.0,26.47,9.4,7.64
1974,2025-05-14 05:00:00,33.0,46,0.0,28.13,8.9,7.74
1975,2025-05-14 06:00:00,34.7,40,0.0,29.8,8.47,7.65
1976,2025-05-14 07:00:00,35.5,37,0.0,31.21,8.14,7.7
1977,2025-05-14 08:00:00,35.8,36,0.0,32.29,7.91,7.55
1978,2025-05-14 09:00:00,32.5,47,0.0,32.05,8.14,7.5
1979,2025-05-14 10:00:00,31.3,53,0.2,31.53,8.34,7.52
1980,2025-05-14 11:00:00,31.4,55,0.0,31.19,8.45,7.38
1981,2025-05-14 12:00:00,29.8,62,0.0,30.47,8.71,7.39
1982,2025-05-14 13:00:00,27.6,74,0.0,29.31,9.16,7.38
1983,2025-05-14 14:00:00,26.7,78,0.0,28.23,9.46,7.23
1984,2025-05-14 15:00:00,26.1,82,0.0,27.29,9.73,7.14
1985,2025-05-14 16:00:00,25.7,85,0.0,26.51,9.95,7.13
1986,2025-05-14 17:00:00,25.5,86,0.0,25.91,10.1,7.12
1987,2025-05-14 18:00:00,25.4,86,0.0,25.46,10.19,7.13
1988,2025-05-14 19:00:00,25.2,87,0.0,25.08,10.29,7.08
1989,2025-05-14 20:00:00,25.1,88,0.0,24.79,10.38,7.21
1990,2025-05-14 21:00:00,24.8,89,0.0,24.49,10.46,7.19
1991,2025-05-14 22:00:00,24.5,91,0.0,24.19,10.56,7.26
1992,2025-05-14 23:00:00,24.5,91,0.0,23.99,10.61,7.33
1993,2025-05-15 00:00:00,24.6,89,0.0,23.87,10.59,7.51
1994,2025-05-15 01:00:00,23.9,97,0.0,23.58,10.81,7.51
1995,2025-05-15 02:00:00,25.3,88,0.0,23.8,10.59,7.61
1996,2025-05-15 03:00:00,27.0,78,0.0,24.46,10.25,7.67
1997,2025-05-15 04:00:00,29.0,67,0.0,25.52,9.82,7.71
1998,2025-05-15 05:00:00,31.1,56,0.0,26.89,9.33,7.65
1999,2025-05-15 06:00:00,32.8,48,0.0,28.37,8.89,7.65
2000,2025-05-15 07:00:00,33.9,43,0.0,29.73,8.53,7.63
2001,2025-05-15 08:00:00,33.1,45,0.0,30.44,8.43,7.65
2002,2025-05-15 09:00:00,34.1,41,0.0,31.24,8.2,7.61
2003,2025-05-15 10:00:00,32.0,48,0.2,31.17,8.33,7.49
2004,2025-05-15 11:00:00,30.9,56,0.0,30.79,8.54,7.33
2005,2025-05-15 12:00:00,30.2,59,0.0,30.31,8.69,7.42
2006,2025-05-15 13:00:00,28.7,67,0.0,29.53,8.99,7.26
2007,2025-05-15 14:00:00,27.5,72,0.0,28.62,9.27,7.2
2008,2025-05-15 15:00:00,26.7,78,0.0,27.74,9.56,7.19
2009,2025-05-15 16:00:00,26.0,82,0.0,26.92,9.81,7.19
2010,2025-05-15 17:00:00,25.6,84,0.0,26.22,9.99,7.11
2011,2025-05-15 18:00:00,25.2,86,0.0,25.62,10.16,7.15
2012,2025-05-15 19:00:00,25.0,87,0.0,25.13,10.28,7.15
2013,2025-05-15 20:00:00,24.7,88,0.0,24.7,10.39,7.14
2014,2025-05-15 21:00:00,24.6,87,0.0,24.37,10.45,7.17
2015,2025-05-15 22:00:00,24.5,86,0.0,24.11,10.48,7.31
2016,2025-05-15 23:00:00,24.4,85,0.0,23.9,10.51,7.36
2017,2025-05-16 00:00:00,24.2,86,0.0,23.69,10.57,7.44
2018,2025-05-16 01:00:00,25.1,83,0.0,23.81,10.49,7.52
2019,2025-05-16 02:00:00,26.5,78,0.0,24.32,10.28,7.49
2020,2025-05-16 03:00:00,28.4,69,0.0,25.24,9.91,7.57
2021,2025-05-16 04:00:00,30.6,56,0.0,26.55,9.4,7.62
2022,2025-05-16 05:00:00,32.7,48,0.0,28.09,8.95,7.61
2023,2025-05-16 06:00:00,33.9,44,0.0,29.54,8.59,7.69
2024,2025-05-16 07:00:00,34.0,43,0.0,30.58,8.37,7.65
2025,2025-05-16 08:00:00,33.6,44,0.0,31.18,8.26,7.67
2026,2025-05-16 09:00:00,32.9,48,0.1,31.4,8.29,7.54
2027,2025-05-16 10:00:00,32.2,51,0.0,31.34,8.35,7.45
2028,2025-05-16 11:00:00,31.2,55,0.0,31.0,8.48,7.49
2029,2025-05-16 12:00:00,29.8,61,0.0,30.34,8.72,7.35
2030,2025-05-16 13:00:00,28.5,66,0.0,29.49,8.98,7.3
2031,2025-05-16 14:00:00,27.8,69,0.0,28.68,9.2,7.29
2032,2025-05-16 15:00:00,27.1,72,0.0,27.91,9.42,7.21
2033,2025-05-16 16:00:00,26.9,72,0.0,27.3,9.54,7.12
2034,2025-05-16 17:00:00,26.4,77,0.0,26.73,9.75,7.08
2035,2025-05-16 18:00:00,25.9,81,0.0,26.18,9.94,7.02
2036,2025-05-16 19:00:00,25.5,83,0.0,25.68,10.09,7.14
2037,2025-05-16 20:00:00,25.1,85,0.0,25.2,10.23,7.21
2038,2025-05-16 21:00:00,24.8,87,0.0,24.78,10.36,7.2
2039,2025-05-16 22:00:00,24.5,88,0.0,24.4,10.46,7.34
2040,2025-05-16 23:00:00,24.4,90,0.0,24.1,10.56,7.37
2041,2025-05-17 00:00:00,24.1,92,0.0,23.8,10.67,7.45
2042,2025-05-17 01:00:00,24.7,88,0.0,23.77,10.59,7.56
2043,2025-05-17 02:00:00,25.6,83,0.0,24.02,10.44,7.49
2044,2025-05-17 03:00:00,27.4,72,0.0,24.73,10.08,7.61
2045,2025-05-17 04:00:00,28.7,66,0.0,25.62,9.78,7.72
2046,2025-05-17 05:00:00,29.1,63,0.1,26.37,9.57,7.64
2047,2025-05-17 06:00:00,30.6,57,0.0,27.34,9.26,7.6
2048,2025-05-17 07:00:00,31.2,54,0.0,28.2,9.03,7.7
2049,2025-05-17 08:00:00,31.5,52,0.0,28.89,8.86,7.66
2050,2025-05-17 09:00:00,31.1,54,0.0,29.25,8.82,7.63
2051,2025-05-17 10:00:00,30.8,55,0.0,29.42,8.8,7.55
2052,2025-05-17 11:00:00,29.2,61,0.1,29.05,8.98,7.38
2053,2025-05-17 12:00:00,28.6,65,0.0,28.62,9.14,7.33
2054,2025-05-17 13:00:00,27.4,72,0.0,27.95,9.41,7.36
2055,2025-05-17 14:00:00,26.2,79,0.3,27.13,9.71,7.27
2056,2025-05-17 15:00:00,25.7,82,0.0,26.4,9.92,7.28
2057,2025-05-17 16:00:00,25.6,82,0.0,25.86,10.03,7.23
2058,2025-05-17 17:00:00,25.2,85,0.3,25.36,10.19,6.98
2059,2025-05-17 18:00:00,24.6,89,0.2,24.83,10.38,7.08
2060,2025-05-17 19:00:00,24.2,93,0.2,24.34,10.57,7.18
2061,2025-05-17 20:00:00,23.8,95,0.2,23.88,10.71,7.06
2062,2025-05-17 21:00:00,23.4,96,0.2,23.44,10.82,7.17
2063,2025-05-17 22:00:00,23.2,98,0.6,23.07,10.95,7.21
2064,2025-05-17 23:00:00,23.3,98,0.6,22.84,11.0,7.22
2065,2025-05-18 00:00:00,23.2,99,1.1,22.64,11.06,7.32
2066,2025-05-18 01:00:00,24.0,97,0.0,22.75,10.99,7.53
2067,2025-05-18 02:00:00,24.6,93,0.0,23.01,10.86,7.61
2068,2025-05-18 03:00:00,25.8,86,0.0,23.54,10.6,7.61
2069,2025-05-18 04:00:00,27.0,80,0.0,24.28,10.33,7.7
2070,2025-05-18 05:00:00,29.0,69,0.2,25.4,9.88,7.65
2071,2025-05-18 06:00:00,29.5,65,0.2,26.33,9.61,7.74
2072,2025-05-18 07:00:00,29.3,64,0.9,26.92,9.47,7.72
2073,2025-05-18 08:00:00,31.4,56,0.1,27.96,9.12,7.62
2074,2025-05-18 09:00:00,29.2,64,2.0,28.03,9.24,7.54
2075,2025-05-18 10:00:00,29.5,65,0.3,28.17,9.23,7.5
2076,2025-05-18 11:00:00,28.7,67,0.1,28.03,9.3,7.47
2077,2025-05-18 12:00:00,27.8,69,0.0,27.66,9.41,7.37
2078,2025-05-18 13:00:00,27.4,73,0.0,27.28,9.56,7.23
2079,2025-05-18 14:00:00,26.1,80,0.0,26.63,9.83,7.27
2080,2025-05-18 15:00:00,25.6,85,0.0,26.02,10.05,7.2
2081,2025-05-18 16:00:00,25.2,87,0.0,25.47,10.21,7.16
2082,2025-05-18 17:00:00,24.5,91,0.0,24.88,10.41,7.16
2083,2025-05-18 18:00:00,23.8,94,0.1,24.26,10.61,7.15
2084,2025-05-18 19:00:00,23.5,97,1.1,23.73,10.78,7.02
2085,2025-05-18 20:00:00,23.8,96,0.4,23.45,10.82,7.18
2086,2025-05-18 21:00:00,23.5,98,0.1,23.17,10.92,7.17
2087,2025-05-18 22:00:00,23.3,98,0.2,22.91,10.98,7.24
2088,2025-05-18 23:00:00,23.2,99,0.4,22.69,11.05,7.29
2089,2025-05-19 00:00:00,23.0,99,0.3,22.49,11.09,7.51
2090,2025-05-19 01:00:00,23.4,97,0.1,22.46,11.06,7.48
2091,2025-05-19 02:00:00,23.9,93,0.0,22.59,10.95,7.55
2092,2025-05-19 03:00:00,25.1,85,0.0,23.04,10.69,7.7
2093,2025-05-19 04:00:00,26.5,77,0.0,23.78,10.38,7.69
2094,2025-05-19 05:00:00,28.0,70,0.0,24.75,10.04,7.67
2095,2025-05-19 06:00:00,29.5,63,0.1,25.87,9.67,7.66
2096,2025-05-19 07:00:00,30.5,57,0.0,26.96,9.34,7.74
2097,2025-05-19 08:00:00,31.5,53,0.0,28.02,9.05,7.6
2098,2025-05-19 09:00:00,31.0,52,0.6,28.62,8.91,7.61
2099,2025-05-19 10:00:00,27.6,73,4.1,28.01,9.41,7.42
2100,2025-05-19 11:00:00,27.1,76,0.2,27.44,9.59,7.41
2101,2025-05-19 12:00:00,26.6,77,0.0,26.89,9.72,7.38
2102,2025-05-19 13:00:00,27.0,76,0.0,26.62,9.76,7.39
2103,2025-05-19 14:00:00,26.0,82,0.0,26.13,9.97,7.33
2104,2025-05-19 15:00:00,25.5,83,0.0,25.64,10.1,7.2
2105,2025-05-19 16:00:00,25.3,84,0.0,25.24,10.2,7.14
2106,2025-05-19 17:00:00,24.9,86,0.0,24.84,10.33,7.16
2107,2025-05-19 18:00:00,24.8,85,0.0,24.53,10.37,7.16
2108,2025-05-19 19:00:00,24.5,86,0.0,24.22,10.46,7.06
2109,2025-05-19 20:00:00,24.3,87,0.0,23.94,10.54,7.14
2110,2025-05-19 21:00:00,24.0,89,0.0,23.66,10.64,7.22
2111,2025-05-19 22:00:00,24.0,89,0.0,23.46,10.68,7.24
2112,2025-05-19 23:00:00,23.5,92,0.0,23.17,10.8,7.31
2113,2025-05-20 00:00:00,23.4,92,0.0,22.94,10.85,7.35
2114,2025-05-20 01:00:00,23.6,86,0.0,22.84,10.75,7.48
2115,2025-05-20 02:00:00,24.3,85,0.0,22.98,10.7,7.58
2116,2025-05-20 03:00:00,25.4,81,0.0,23.4,10.53,7.63
2117,2025-05-20 04:00:00,27.2,71,0.0,24.24,10.16,7.7
2118,2025-05-20 05:00:00,28.7,64,0.0,25.28,9.81,7.81
2119,2025-05-20 06:00:00,30.0,59,0.0,26.4,9.49,7.77
2120,2025-05-20 07:00:00,31.0,49,0.0,27.48,9.09,7.68
2121,2025-05-20 08:00:00,31.2,45,0.0,28.29,8.85,7.69
2122,2025-05-20 09:00:00,30.5,50,0.0,28.66,8.87,7.56
2123,2025-05-20 10:00:00,29.0,56,0.0,28.46,9.02,7.46
2124,2025-05-20 11:00:00,28.2,59,0.0,28.08,9.15,7.45
2125,2025-05-20 12:00:00,27.2,64,0.0,27.52,9.35,7.48
2126,2025-05-20 13:00:00,25.8,78,0.0,26.7,9.78,7.3
2127,2025-05-20 14:00:00,24.8,85,0.0,25.83,10.09,7.29
2128,2025-05-20 15:00:00,24.3,88,0.0,25.07,10.31,7.24
2129,2025-05-20 16:00:00,23.9,92,0.0,24.42,10.53,7.16
2130,2025-05-20 17:00:00,23.7,93,0.0,23.9,10.66,7.11
2131,2025-05-20 18:00:00,23.5,93,0.0,23.48,10.76,7.14
2132,2025-05-20 19:00:00,23.4,94,0.0,23.16,10.85,7.08
2133,2025-05-20 20:00:00,23.2,95,0.0,22.87,10.93,7.11
2134,2025-05-20 21:00:00,23.0,96,0.0,22.61,11.01,7.16
2135,2025-05-20 22:00:00,23.1,93,0.0,22.46,10.98,7.35
2136,2025-05-20 23:00:00,23.0,94,0.0,22.32,11.03,7.43
2137,2025-05-21 00:00:00,22.8,96,0.0,22.16,11.1,7.4
2138,2025-05-21 01:00:00,23.5,91,0.0,22.26,10.98,7.58
2139,2025-05-21 02:00:00,24.9,82,0.0,22.76,10.69,7.54
2140,2025-05-21 03:00:00,26.0,78,0.0,23.43,10.47,7.67
2141,2025-05-21 04:00:00,27.1,72,0.0,24.23,10.18,7.68
2142,2025-05-21 05:00:00,28.6,63,0.0,25.24,9.8,7.67
2143,2025-05-21 06:00:00,30.9,51,0.0,26.64,9.29,7.73
2144,2025-05-21 07:00:00,31.7,47,0.0,27.86,8.97,7.62
2145,2025-05-21 08:00:00,31.9,47,0.0,28.77,8.79,7.6
2146,2025-05-21 09:00:00,31.0,51,0.0,29.14,8.79,7.56
2147,2025-05-21 10:00:00,29.6,58,0.0,28.98,8.95,7.5
2148,2025-05-21 11:00:00,28.9,62,0.0,28.65,9.08,7.48
2149,2025-05-21 12:00:00,27.4,70,0.0,27.98,9.36,7.29
2150,2025-05-21 13:00:00,27.0,70,0.0,27.38,9.49,7.3
2151,2025-05-21 14:00:00,26.3,74,0.0,26.76,9.69,7.22
2152,2025-05-21 15:00:00,25.7,78,0.0,26.14,9.9,7.13
2153,2025-05-21 16:00:00,24.8,85,0.0,25.44,10.18,7.14
2154,2025-05-21 17:00:00,24.3,89,0.0,24.8,10.39,7.13
2155,2025-05-21 18:00:00,24.1,90,0.0,24.29,10.52,7.18
2156,2025-05-21 19:00:00,23.8,91,0.0,23.84,10.64,7.11
2157,2025-05-21 20:00:00,23.5,91,0.0,23.44,10.72,7.26
2158,2025-05-21 21:00:00,23.1,93,0.0,23.04,10.85,7.2
2159,2025-05-21 22:00:00,22.9,94,0.0,22.7,10.95,7.22
2160,2025-05-21 23:00:00,22.9,94,0.0,22.46,11.0,7.27
2161,2025-05-22 00:00:00,22.9,94,0.0,22.29,11.03,7.42
2162,2025-05-22 01:00:00,23.7,90,0.0,22.41,10.93,7.44
2163,2025-05-22 02:00:00,24.6,87,0.0,22.77,10.79,7.55
2164,2025-05-22 03:00:00,26.0,80,0.0,23.44,10.51,7.63
2165,2025-05-22 04:00:00,27.6,72,0.0,24.39,10.15,7.63
2166,2025-05-22 05:00:00,29.0,65,0.0,25.47,9.79,7.69
2167,2025-05-22 06:00:00,31.5,54,0.0,26.98,9.28,7.69
2168,2025-05-22 07:00:00,33.1,45,0.0,28.52,8.81,7.67
2169,2025-05-22 08:00:00,33.5,42,0.0,29.71,8.52,7.61
2170,2025-05-22 09:00:00,32.2,47,0.0,30.16,8.52,7.59
2171,2025-05-22 10:00:00,30.9,53,0.0,30.08,8.64,7.55
2172,2025-05-22 11:00:00,29.6,61,0.0,29.64,8.86,7.33
2173,2025-05-22 12:00:00,28.2,68,0.0,28.91,9.14,7.37
2174,2025-05-22 13:00:00,27.2,70,0.0,28.09,9.34,7.38
2175,2025-05-22 14:00:00,26.7,71,0.0,27.38,9.51,7.29
2176,2025-05-22 15:00:00,25.7,81,0.0,26.57,9.86,7.19
2177,2025-05-22 16:00:00,25.3,84,0.0,25.89,10.06,7.06
2178,2025-05-22 17:00:00,25.1,83,0.0,25.35,10.16,7.11
2179,2025-05-22 18:00:00,24.5,86,0.0,24.8,10.33,7.03
2180,2025-05-22 19:00:00,24.0,89,0.0,24.26,10.51,7.13
2181,2025-05-22 20:00:00,23.7,91,0.0,23.79,10.65,7.1
2182,2025-05-22 21:00:00,23.5,92,0.0,23.4,10.75,7.24
2183,2025-05-22 22:00:00,23.4,92,0.0,23.1,10.82,7.24
2184,2025-05-22 23:00:00,23.2,92,0.0,22.83,10.88,7.32
2185,2025-05-23 00:00:00,23.1,92,0.0,22.61,10.92,7.45
2186,2025-05-23 01:00:00,25.0,83,0.0,23.03,10.65,7.49
2187,2025-05-23 02:00:00,25.7,81,0.1,23.53,10.51,7.63
2188,2025-05-23 03:00:00,26.1,78,0.1,24.0,10.35,7.51
2189,2025-05-23 04:00:00,27.8,69,0.0,24.84,10.0,7.63
2190,2025-05-23 05:00:00,29.4,62,0.0,25.91,9.64,7.68
2191,2025-05-23 06:00:00,30.5,58,0.0,26.99,9.35,7.7
2192,2025-05-23 07:00:00,31.1,57,0.1,27.92,9.14,7.66
2193,2025-05-23 08:00:00,29.5,64,1.1,28.09,9.23,7.61
2194,2025-05-23 09:00:00,30.2,60,0.1,28.43,9.09,7.61
2195,2025-05-23 10:00:00,29.3,64,0.2,28.39,9.17,7.53
2196,2025-05-23 11:00:00,28.0,72,0.1,27.97,9.4,7.53
2197,2025-05-23 12:00:00,27.4,75,0.0,27.5,9.55,7.45
2198,2025-05-23 13:00:00,24.8,91,0.8,26.39,10.09,7.28
2199,2025-05-23 14:00:00,24.1,93,1.9,25.4,10.34,7.18
2200,2025-05-23 15:00:00,23.9,91,0.3,24.65,10.46,7.21
2201,2025-05-23 16:00:00,23.2,94,0.4,23.92,10.68,7.02
2202,2025-05-23 17:00:00,23.1,93,1.3,23.37,10.78,7.08
2203,2025-05-23 18:00:00,22.5,98,2.6,22.81,11.0,7.01
2204,2025-05-23 19:00:00,22.3,99,3.9,22.36,11.12,7.01
2205,2025-05-23 20:00:00,22.4,97,1.3,22.07,11.14,7.09
2206,2025-05-23 21:00:00,22.3,98,0.0,21.84,11.21,7.2
2207,2025-05-23 22:00:00,22.5,96,0.2,21.74,11.2,7.21
2208,2025-05-23 23:00:00,22.6,94,0.3,21.7,11.16,7.34
2209,2025-05-24 00:00:00,22.6,94,0.1,21.67,11.17,7.4
2210,2025-05-24 01:00:00,22.1,98,0.2,21.5,11.29,7.5
2211,2025-05-24 02:00:00,22.5,96,0.3,21.5,11.25,7.47
2212,2025-05-24 03:00:00,23.6,92,0.8,21.83,11.09,7.53
2213,2025-05-24 04:00:00,24.9,88,0.1,22.45,10.88,7.64
2214,2025-05-24 05:00:00,25.1,87,0.2,22.95,10.75,7.69
2215,2025-05-24 06:00:00,25.2,87,0.4,23.32,10.67,7.65
2216,2025-05-24 07:00:00,25.2,87,0.4,23.59,10.61,7.69
2217,2025-05-24 08:00:00,25.1,87,0.2,23.74,10.58,7.65
2218,2025-05-24 09:00:00,24.1,91,0.2,23.55,10.7,7.65
2219,2025-05-24 10:00:00,24.2,91,0.2,23.44,10.72,7.59
2220,2025-05-24 11:00:00,24.5,89,0.1,23.46,10.68,7.67
2221,2025-05-24 12:00:00,23.6,93,0.4,23.2,10.82,7.37
2222,2025-05-24 13:00:00,23.4,94,1.2,22.96,10.89,7.3
2223,2025-05-24 14:00:00,22.8,98,0.9,22.61,11.04,7.32
2224,2025-05-24 15:00:00,23.0,96,1.5,22.43,11.04,7.19
2225,2025-05-24 16:00:00,22.6,96,2.5,22.18,11.1,7.1
2226,2025-05-24 17:00:00,22.6,97,1.5,22.01,11.16,7.02
2227,2025-05-24 18:00:00,22.0,98,2.0,21.7,11.24,7.09
2228,2025-05-24 19:00:00,22.1,96,1.9,21.52,11.24,7.11
2229,2025-05-24 20:00:00,21.9,98,1.7,21.34,11.32,7.1
2230,2025-05-24 21:00:00,21.6,99,1.6,21.12,11.39,7.18
2231,2025-05-24 22:00:00,21.5,99,0.8,20.93,11.43,7.23
2232,2025-05-24 23:00:00,21.8,97,0.5,20.89,11.4,7.37
2233,2025-05-25 00:00:00,21.9,96,0.6,20.89,11.38,7.39
2234,2025-05-25 01:00:00,22.5,98,1.3,21.08,11.38,7.47
2235,2025-05-25 02:00:00,22.5,96,1.3,21.2,11.31,7.51
2236,2025-05-25 03:00:00,22.9,94,1.1,21.41,11.23,7.6
2237,2025-05-25 04:00:00,24.2,86,0.4,21.95,10.95,7.68
2238,2025-05-25 05:00:00,25.0,86,0.6,22.56,10.81,7.64
2239,2025-05-25 06:00:00,25.0,86,0.4,22.99,10.72,7.66
2240,2025-05-25 07:00:00,25.6,83,0.3,23.48,10.56,7.65
2241,2025-05-25 08:00:00,24.5,89,0.6,23.48,10.68,7.7
2242,2025-05-25 09:00:00,25.1,88,0.4,23.67,10.62,7.68
2243,2025-05-25 10:00:00,23.9,92,0.8,23.44,10.75,7.51
2244,2025-05-25 11:00:00,24.0,91,0.6,23.31,10.75,7.49
2245,2025-05-25 12:00:00,24.0,92,0.5,23.21,10.79,7.41
2246,2025-05-25 13:00:00,22.3,99,0.8,22.64,11.06,7.23
2247,2025-05-25 14:00:00,22.3,99,1.4,22.24,11.15,7.15
2248,2025-05-25 15:00:00,21.8,98,1.5,21.81,11.22,7.23
2249,2025-05-25 16:00:00,22.0,97,1.2,21.56,11.25,7.1
2250,2025-05-25 17:00:00,22.3,96,0.5,21.49,11.25,7.1
2251,2025-05-25 18:00:00,21.8,98,0.7,21.28,11.34,7.08
2252,2025-05-25 19:00:00,21.7,98,0.5,21.11,11.38,7.14
2253,2025-05-25 20:00:00,21.6,98,0.5,20.95,11.41,7.18
2254,2025-05-25 21:00:00,21.5,98,0.5,20.82,11.44,7.24
2255,2025-05-25 22:00:00,21.8,97,0.4,20.81,11.42,7.34
2256,2025-05-25 23:00:00,21.6,98,0.9,20.75,11.45,7.36
2257,2025-05-26 00:00:00,21.5,98,0.7,20.67,11.47,7.5
2258,2025-05-26 01:00:00,22.2,97,1.1,20.83,11.41,7.48
2259,2025-05-26 02:00:00,22.4,97,2.0,21.0,11.38,7.44
2260,2025-05-26 03:00:00,22.4,97,1.7,21.12,11.35,7.54
2261,2025-05-26 04:00:00,22.8,96,1.6,21.33,11.29,7.62
2262,2025-05-26 05:00:00,24.0,91,1.0,21.83,11.07,7.63
2263,2025-05-26 06:00:00,24.2,89,1.7,22.24,10.94,7.66
2264,2025-05-26 07:00:00,24.4,91,0.5,22.59,10.91,7.66
2265,2025-05-26 08:00:00,25.8,87,0.3,23.25,10.69,7.65
2266,2025-05-26 09:00:00,24.6,91,1.1,23.36,10.74,7.57
2267,2025-05-26 10:00:00,23.3,95,1.2,23.04,10.89,7.47
2268,2025-05-26 11:00:00,23.9,90,0.3,23.0,10.8,7.45
2269,2025-05-26 12:00:00,23.1,95,1.0,22.73,10.96,7.43
2270,2025-05-26 13:00:00,22.1,96,1.2,22.24,11.09,7.24
2271,2025-05-26 14:00:00,22.2,96,2.0,21.93,11.15,7.24
2272,2025-05-26 15:00:00,22.5,94,1.9,21.8,11.14,7.2
2273,2025-05-26 16:00:00,22.8,93,1.9,21.8,11.12,7.08
2274,2025-05-26 17:00:00,22.6,94,1.1,21.74,11.15,7.02
2275,2025-05-26 18:00:00,22.5,96,0.8,21.67,11.21,7.24
2276,2025-05-26 19:00:00,22.9,96,0.4,21.74,11.2,7.11
2277,2025-05-26 20:00:00,22.3,97,0.6,21.61,11.24,7.12
2278,2025-05-26 21:00:00,22.4,96,0.8,21.54,11.24,7.17
2279,2025-05-26 22:00:00,22.0,96,0.3,21.38,11.27,7.26
2280,2025-05-26 23:00:00,22.0,96,0.2,21.27,11.3,7.38
2281,2025-05-27 00:00:00,22.2,94,0.5,21.25,11.26,7.38
2282,2025-05-27 01:00:00,22.2,98,0.3,21.23,11.35,7.55
2283,2025-05-27 02:00:00,22.5,94,1.0,21.31,11.25,7.58
2284,2025-05-27 03:00:00,23.2,92,0.2,21.58,11.15,7.62
2285,2025-05-27 04:00:00,23.5,91,0.1,21.86,11.07,7.63
2286,2025-05-27 05:00:00,23.1,92,0.2,21.93,11.07,7.71
2287,2025-05-27 06:00:00,23.6,90,0.1,22.13,10.99,7.76
2288,2025-05-27 07:00:00,24.5,88,0.4,22.54,10.86,7.78
2289,2025-05-27 08:00:00,25.9,80,0.1,23.25,10.55,7.68
2290,2025-05-27 09:00:00,25.2,82,0.2,23.53,10.53,7.68
2291,2025-05-27 10:00:00,24.9,85,0.4,23.64,10.56,7.58
2292,2025-05-27 11:00:00,24.1,89,0.2,23.48,10.68,7.52
2293,2025-05-27 12:00:00,23.3,93,0.1,23.13,10.83,7.41
2294,2025-05-27 13:00:00,23.5,91,0.0,22.94,10.83,7.32
2295,2025-05-27 14:00:00,23.8,89,0.0,22.9,10.8,7.27
2296,2025-05-27 15:00:00,24.3,85,0.0,23.02,10.7,7.17
2297,2025-05-27 16:00:00,23.3,91,0.0,22.8,10.86,7.27
2298,2025-05-27 17:00:00,22.8,93,0.0,22.5,10.97,7.19
2299,2025-05-27 18:00:00,22.5,95,0.0,22.2,11.07,7.12
2300,2025-05-27 19:00:00,22.7,94,0.0,22.05,11.09,7.14
2301,2025-05-27 20:00:00,23.0,91,0.0,22.04,11.03,7.27
2302,2025-05-27 21:00:00,22.5,94,0.1,21.87,11.12,7.16
2303,2025-05-27 22:00:00,22.1,96,0.2,21.64,11.22,7.29
2304,2025-05-27 23:00:00,22.1,95,0.2,21.48,11.23,7.42
2305,2025-05-28 00:00:00,22.0,96,0.2,21.34,11.28,7.45
2306,2025-05-28 01:00:00,23.6,89,0.2,21.72,11.06,7.46
2307,2025-05-28 02:00:00,24.4,85,0.1,22.22,10.87,7.54
2308,2025-05-28 03:00:00,24.9,87,0.1,22.72,10.8,7.62
2309,2025-05-28 04:00:00,25.6,83,0.1,23.29,10.6,7.69
2310,2025-05-28 05:00:00,26.2,82,0.2,23.86,10.46,7.66
2311,2025-05-28 06:00:00,27.0,78,0.2,24.5,10.24,7.73
2312,2025-05-28 07:00:00,28.0,73,0.2,25.25,9.99,7.7
2313,2025-05-28 08:00:00,26.8,78,0.3,25.42,10.05,7.63
2314,2025-05-28 09:00:00,26.9,80,0.3,25.56,10.06,7.54
2315,2025-05-28 10:00:00,25.9,83,0.2,25.36,10.16,7.45
2316,2025-05-28 11:00:00,25.1,88,0.2,24.98,10.33,7.54
2317,2025-05-28 12:00:00,24.5,89,0.2,24.54,10.45,7.44
2318,2025-05-28 13:00:00,23.7,92,0.2,23.99,10.63,7.35
2319,2025-05-28 14:00:00,23.2,93,0.3,23.45,10.76,7.21
2320,2025-05-28 15:00:00,23.1,92,0.2,23.05,10.83,7.16
2321,2025-05-28 16:00:00,23.0,93,0.2,22.73,10.92,7.19
2322,2025-05-28 17:00:00,22.4,95,0.6,22.33,11.05,7.14
2323,2025-05-28 18:00:00,22.6,94,1.1,22.11,11.07,7.02
2324,2025-05-28 19:00:00,22.7,93,0.2,21.99,11.08,7.07
2325,2025-05-28 20:00:00,22.6,93,0.3,21.87,11.1,7.22
2326,2025-05-28 21:00:00,23.2,89,0.2,21.97,11.0,7.2
2327,2025-05-28 22:00:00,22.8,92,0.3,21.92,11.07,7.33
2328,2025-05-28 23:00:00,22.8,91,0.2,21.88,11.06,7.34
2329,2025-05-29 00:00:00,22.6,93,0.2,21.8,11.12,7.38
2330,2025-05-29 01:00:00,23.3,92,0.0,21.95,11.07,7.52
2331,2025-05-29 02:00:00,23.6,91,0.1,22.14,11.01,7.57
2332,2025-05-29 03:00:00,23.8,92,0.2,22.34,10.98,7.61
2333,2025-05-29 04:00:00,24.0,92,0.4,22.54,10.94,7.77
2334,2025-05-29 05:00:00,24.8,87,0.1,22.92,10.76,7.75
2335,2025-05-29 06:00:00,24.0,91,0.1,22.94,10.83,7.73
2336,2025-05-29 07:00:00,23.5,92,0.2,22.81,10.88,7.75
2337,2025-05-29 08:00:00,24.2,92,0.5,22.93,10.86,7.62
2338,2025-05-29 09:00:00,24.6,87,0.2,23.13,10.71,7.58
2339,2025-05-29 10:00:00,23.5,94,0.3,22.94,10.89,7.48
2340,2025-05-29 11:00:00,23.9,92,0.4,22.93,10.86,7.45
2341,2025-05-29 12:00:00,23.8,92,0.4,22.89,10.86,7.36
2342,2025-05-29 13:00:00,23.4,95,0.4,22.74,10.96,7.41
2343,2025-05-29 14:00:00,23.5,93,0.1,22.67,10.93,7.19
2344,2025-05-29 15:00:00,23.2,94,0.1,22.53,10.98,7.13
2345,2025-05-29 16:00:00,23.2,94,0.1,22.43,11.0,7.22
2346,2025-05-29 17:00:00,23.0,95,0.6,22.3,11.05,7.1
2347,2025-05-29 18:00:00,22.6,97,0.5,22.09,11.14,7.19
2348,2025-05-29 19:00:00,22.1,99,0.8,21.79,11.24,7.11
2349,2025-05-29 20:00:00,22.5,96,1.7,21.71,11.2,7.16
2350,2025-05-29 21:00:00,22.4,97,2.0,21.61,11.24,7.23
2351,2025-05-29 22:00:00,22.2,99,1.4,21.49,11.31,7.22
2352,2025-05-29 23:00:00,22.0,100,10.0,21.34,11.36,7.15
2353,2025-05-30 00:00:00,22.1,99,6.1,21.27,11.36,7.31
2354,2025-05-30 01:00:00,22.2,99,0.7,21.25,11.36,7.5
2355,2025-05-30 02:00:00,22.8,96,0.0,21.41,11.27,7.48
2356,2025-05-30 03:00:00,23.0,96,0.1,21.59,11.23,7.71
2357,2025-05-30 04:00:00,23.9,92,0.4,21.98,11.06,7.62
2358,2025-05-30 05:00:00,23.8,97,1.9,22.23,11.11,7.61
2359,2025-05-30 06:00:00,23.4,97,3.2,22.28,11.1,7.66
2360,2025-05-30 07:00:00,24.7,89,0.7,22.71,10.84,7.67
2361,2025-05-30 08:00:00,26.1,83,0.4,23.42,10.57,7.67
2362,2025-05-30 09:00:00,25.6,85,0.0,23.78,10.53,7.66
2363,2025-05-30 10:00:00,25.4,87,0.0,23.96,10.53,7.5
2364,2025-05-30 11:00:00,25.2,87,0.0,24.03,10.52,7.45
2365,2025-05-30 12:00:00,23.5,94,0.1,23.57,10.76,7.43
2366,2025-05-30 13:00:00,23.2,92,0.0,23.16,10.8,7.34
2367,2025-05-30 14:00:00,22.5,97,0.1,22.66,11.01,7.24
2368,2025-05-30 15:00:00,22.4,98,0.0,22.28,11.12,7.25
2369,2025-05-30 16:00:00,22.8,95,0.0,22.14,11.09,7.15
2370,2025-05-30 17:00:00,22.9,94,0.0,22.07,11.08,7.23
2371,2025-05-30 18:00:00,23.0,92,0.0,22.05,11.05,7.05
2372,2025-05-30 19:00:00,23.0,94,0.1,22.03,11.09,7.11
2373,2025-05-30 20:00:00,22.6,94,0.0,21.9,11.12,7.2
2374,2025-05-30 21:00:00,22.1,97,0.0,21.66,11.23,7.14
2375,2025-05-30 22:00:00,22.1,97,0.0,21.49,11.27,7.25
2376,2025-05-30 23:00:00,22.5,96,0.0,21.5,11.25,7.31
2377,2025-05-31 00:00:00,22.2,98,0.0,21.41,11.31,7.45
2378,2025-05-31 01:00:00,22.4,98,0.0,21.4,11.31,7.52
2379,2025-05-31 02:00:00,23.0,94,0.0,21.58,11.19,7.57
2380,2025-05-31 03:00:00,23.4,93,0.0,21.83,11.11,7.58
2381,2025-05-31 04:00:00,23.6,92,0.0,22.06,11.04,7.75
2382,2025-05-31 05:00:00,24.4,89,0.0,22.46,10.9,7.73
2383,2025-05-31 06:00:00,25.1,87,0.0,22.95,10.75,7.66
2384,2025-05-31 07:00:00,26.4,82,0.0,23.69,10.49,7.69
2385,2025-05-31 08:00:00,27.0,79,0.0,24.38,10.29,7.77
2386,2025-05-31 09:00:00,28.0,73,0.0,25.17,10.01,7.68
2387,2025-05-31 10:00:00,28.2,74,0.0,25.78,9.9,7.53
2388,2025-05-31 11:00:00,28.0,74,0.0,26.14,9.82,7.53
2389,2025-05-31 12:00:00,26.8,81,0.0,26.04,9.97,7.44
2390,2025-05-31 13:00:00,25.4,91,0.0,25.55,10.27,7.27
2391,2025-05-31 14:00:00,24.5,95,0.0,24.93,10.48,7.21
2392,2025-05-31 15:00:00,24.0,97,0.0,24.35,10.64,7.2
2393,2025-05-31 16:00:00,23.9,98,0.0,23.92,10.76,7.22
2394,2025-05-31 17:00:00,23.5,99,0.0,23.49,10.87,7.12
2395,2025-05-31 18:00:00,23.3,99,0.0,23.13,10.95,7.13
2396,2025-05-31 19:00:00,23.2,99,0.0,22.85,11.01,7.1
2397,2025-05-31 20:00:00,23.1,99,0.0,22.63,11.06,7.17
2398,2025-05-31 21:00:00,23.1,98,0.0,22.47,11.08,7.27
2399,2025-05-31 22:00:00,22.9,99,0.0,22.3,11.13,7.27
2400,2025-05-31 23:00:00,22.6,99,0.0,22.09,11.18,7.4
2401,2025-06-01 00:00:00,22.5,99,0.0,21.91,11.22,7.45
2402,2025-06-01 01:00:00,23.1,99,0.0,21.97,11.21,7.52
2403,2025-06-01 02:00:00,24.0,94,0.0,22.28,11.04,7.53
2404,2025-06-01 03:00:00,25.4,87,0.0,22.91,10.76,7.68
2405,2025-06-01 04:00:00,27.1,79,0.0,23.87,10.4,7.7
2406,2025-06-01 05:00:00,28.6,73,0.0,24.99,10.04,7.69
2407,2025-06-01 06:00:00,29.7,68,0.0,26.1,9.72,7.71
2408,2025-06-01 07:00:00,30.9,62,0.0,27.24,9.37,7.65
2409,2025-06-01 08:00:00,31.2,59,0.2,28.13,9.14,7.62
2410,2025-06-01 09:00:00,31.1,59,0.0,28.72,9.02,7.59
2411,2025-06-01 10:00:00,30.1,62,0.0,28.83,9.05,7.57
2412,2025-06-01 11:00:00,29.5,63,0.0,28.73,9.08,7.44
2413,2025-06-01 12:00:00,27.9,71,0.0,28.18,9.34,7.39
2414,2025-06-01 13:00:00,26.9,77,0.0,27.5,9.59,7.3
2415,2025-06-01 14:00:00,25.8,83,0.0,26.69,9.87,7.16
2416,2025-06-01 15:00:00,24.8,89,0.0,25.82,10.17,7.16
2417,2025-06-01 16:00:00,23.5,95,0.0,24.83,10.5,7.24
2418,2025-06-01 17:00:00,22.9,98,0.0,23.95,10.75,7.07
2419,2025-06-01 18:00:00,22.6,99,0.0,23.24,10.93,7.14
2420,2025-06-01 19:00:00,22.9,98,0.0,22.84,10.99,7.1
2421,2025-06-01 20:00:00,22.7,98,0.0,22.5,11.07,7.22
2422,2025-06-01 21:00:00,22.5,98,0.0,22.2,11.14,7.32
2423,2025-06-01 22:00:00,22.5,98,0.0,21.99,11.18,7.35
2424,2025-06-01 23:00:00,22.5,97,0.0,21.84,11.19,7.33
2425,2025-06-02 00:00:00,22.4,97,0.0,21.71,11.22,7.4
2426,2025-06-02 01:00:00,23.1,95,0.0,21.83,11.16,7.51
2427,2025-06-02 02:00:00,24.1,91,0.0,22.21,10.99,7.58
2428,2025-06-02 03:00:00,25.5,86,0.0,22.9,10.74,7.64
2429,2025-06-02 04:00:00,27.3,77,0.0,23.92,10.35,7.69
2430,2025-06-02 05:00:00,28.9,71,0.0,25.11,9.98,7.77
2431,2025-06-02 06:00:00,29.7,65,0.0,26.19,9.64,7.76
2432,2025-06-02 07:00:00,29.9,64,0.0,27.0,9.46,7.62
2433,2025-06-02 08:00:00,29.9,64,0.0,27.57,9.34,7.66
2434,2025-06-02 09:00:00,29.2,67,0.0,27.76,9.36,7.55
2435,2025-06-02 10:00:00,28.5,68,0.0,27.68,9.39,7.49
2436,2025-06-02 11:00:00,26.6,78,0.0,27.06,9.7,7.51
2437,2025-06-02 12:00:00,25.1,84,0.0,26.17,10.0,7.4
2438,2025-06-02 13:00:00,26.2,75,0.0,25.88,9.9,7.28
2439,2025-06-02 14:00:00,25.5,80,0.0,25.47,10.08,7.05
2440,2025-06-02 15:00:00,24.7,83,0.0,24.94,10.25,7.21
2441,2025-06-02 16:00:00,24.0,87,0.0,24.36,10.45,7.19
2442,2025-06-02 17:00:00,23.5,91,0.0,23.8,10.65,7.1
2443,2025-06-02 18:00:00,23.3,90,0.0,23.35,10.72,7.19
2444,2025-06-02 19:00:00,22.9,93,0.0,22.91,10.88,7.11
2445,2025-06-02 20:00:00,22.6,94,0.0,22.52,10.98,7.18
2446,2025-06-02 21:00:00,22.1,95,0.0,22.09,11.1,7.1
2447,2025-06-02 22:00:00,22.0,95,0.0,21.77,11.17,7.24
2448,2025-06-02 23:00:00,22.1,96,0.0,21.57,11.23,7.25
2449,2025-06-03 00:00:00,22.1,96,0.0,21.43,11.26,7.43
2450,2025-06-03 01:00:00,23.2,93,0.0,21.66,11.15,7.55
2451,2025-06-03 02:00:00,23.9,91,0.0,22.03,11.03,7.58
2452,2025-06-03 03:00:00,25.3,85,0.0,22.71,10.76,7.69
2453,2025-06-03 04:00:00,26.5,78,0.0,23.55,10.44,7.65
2454,2025-06-03 05:00:00,27.9,71,0.0,24.55,10.1,7.59
2455,2025-06-03 06:00:00,29.0,66,0.0,25.59,9.79,7.76
2456,2025-06-03 07:00:00,29.5,64,0.0,26.46,9.57,7.8
2457,2025-06-03 08:00:00,29.6,65,0.0,27.1,9.45,7.68
2458,2025-06-03 09:00:00,28.4,70,0.0,27.19,9.53,7.68
2459,2025-06-03 10:00:00,27.9,71,0.1,27.1,9.56,7.48
2460,2025-06-03 11:00:00,27.0,75,0.0,26.77,9.71,7.53
2461,2025-06-03 12:00:00,25.9,82,0.0,26.21,9.96,7.33
2462,2025-06-03 13:00:00,25.0,84,0.0,25.55,10.14,7.28
2463,2025-06-03 14:00:00,24.2,89,0.0,24.84,10.38,7.28
2464,2025-06-03 15:00:00,23.6,93,0.0,24.17,10.61,7.14
2465,2025-06-03 16:00:00,23.2,96,0.0,23.58,10.79,7.19
2466,2025-06-03 17:00:00,23.0,97,0.0,23.11,10.92,7.1
2467,2025-06-03 18:00:00,22.6,98,0.0,22.65,11.04,7.21
2468,2025-06-03 19:00:00,22.5,99,0.0,22.31,11.13,7.08
2469,2025-06-03 20:00:00,22.4,99,0.0,22.04,11.19,7.18
2470,2025-06-03 21:00:00,22.2,99,0.0,21.78,11.25,7.17
2471,2025-06-03 22:00:00,22.2,98,0.0,21.61,11.26,7.24
2472,2025-06-03 23:00:00,22.2,97,0.0,21.49,11.27,7.43
2473,2025-06-04 00:00:00,22.3,96,0.0,21.43,11.26,7.43
2474,2025-06-04 01:00:00,22.9,95,0.0,21.57,11.21,7.5
2475,2025-06-04 02:00:00,24.0,89,0.0,22.0,11.0,7.55
2476,2025-06-04 03:00:00,24.9,85,0.0,22.57,10.79,7.7
2477,2025-06-04 04:00:00,25.4,85,0.1,23.12,10.67,7.64
2478,2025-06-04 05:00:00,25.6,84,0.2,23.56,10.56,7.73
2479,2025-06-04 06:00:00,28.0,71,0.3,24.59,10.09,7.72
2480,2025-06-04 07:00:00,29.5,64,2.0,25.77,9.71,7.5
2481,2025-06-04 08:00:00,28.8,68,4.4,26.38,9.66,7.52
2482,2025-06-04 09:00:00,28.5,70,0.6,26.71,9.63,7.57
2483,2025-06-04 10:00:00,28.4,70,0.0,26.92,9.58,7.55
2484,2025-06-04 11:00:00,27.2,75,0.0,26.7,9.72,7.51
2485,2025-06-04 12:00:00,26.0,78,0.0,26.19,9.89,7.4
2486,2025-06-04 13:00:00,25.0,86,0.0,25.53,10.18,7.38
2487,2025-06-04 14:00:00,24.3,89,0.0,24.86,10.38,7.22
2488,2025-06-04 15:00:00,23.5,93,0.0,24.16,10.61,7.27
2489,2025-06-04 16:00:00,23.4,95,0.0,23.63,10.76,7.1
2490,2025-06-04 17:00:00,23.2,96,0.0,23.2,10.88,7.21
2491,2025-06-04 18:00:00,23.0,98,0.0,22.84,11.0,7.16
2492,2025-06-04 19:00:00,22.8,99,0.0,22.53,11.08,7.2
2493,2025-06-04 20:00:00,22.6,99,0.0,22.25,11.14,7.15
2494,2025-06-04 21:00:00,22.4,100,0.0,21.99,11.22,7.24
2495,2025-06-04 22:00:00,22.3,100,0.0,21.79,11.27,7.28
2496,2025-06-04 23:00:00,22.2,100,0.0,21.61,11.31,7.41
2497,2025-06-05 00:00:00,22.1,100,0.0,21.46,11.34,7.5
2498,2025-06-05 01:00:00,22.9,100,0.0,21.59,11.31,7.5
2499,2025-06-05 02:00:00,24.0,94,0.0,22.01,11.09,7.56
2500,2025-06-05 03:00:00,25.5,86,0.0,22.76,10.77,7.55
2501,2025-06-05 04:00:00,27.0,80,0.0,23.73,10.44,7.76
2502,2025-06-05 05:00:00,28.0,74,0.0,24.71,10.12,7.7
2503,2025-06-05 06:00:00,28.9,67,0.0,25.67,9.79,7.71
2504,2025-06-05 07:00:00,29.2,62,0.0,26.43,9.54,7.61
2505,2025-06-05 08:00:00,29.4,62,0.0,27.02,9.42,7.64
2506,2025-06-05 09:00:00,29.8,60,0.1,27.55,9.27,7.53
2507,2025-06-05 10:00:00,30.0,59,0.2,27.99,9.16,7.55
2508,2025-06-05 11:00:00,30.0,59,0.0,28.29,9.1,7.45
2509,2025-06-05 12:00:00,28.5,64,0.0,28.05,9.24,7.36
2510,2025-06-05 13:00:00,27.2,72,0.0,27.5,9.5,7.22
2511,2025-06-05 14:00:00,25.9,79,0.0,26.72,9.79,7.2
2512,2025-06-05 15:00:00,25.1,83,0.0,25.93,10.03,7.22
2513,2025-06-05 16:00:00,24.6,86,0.0,25.23,10.24,7.16
2514,2025-06-05 17:00:00,24.1,88,0.0,24.59,10.42,7.08
2515,2025-06-05 18:00:00,23.8,91,0.0,24.06,10.59,7.09
2516,2025-06-05 19:00:00,23.6,92,0.0,23.62,10.71,7.14
2517,2025-06-05 20:00:00,23.5,94,0.0,23.28,10.82,7.18
2518,2025-06-05 21:00:00,23.5,95,0.0,23.05,10.89,7.24
2519,2025-06-05 22:00:00,23.4,96,0.1,22.85,10.95,7.3
2520,2025-06-05 23:00:00,23.2,96,0.0,22.66,10.99,7.32
2521,2025-06-06 00:00:00,23.1,95,0.0,22.49,11.01,7.47
2522,2025-06-06 01:00:00,23.6,94,0.0,22.52,10.98,7.54
2523,2025-06-06 02:00:00,24.6,91,0.0,22.85,10.85,7.57
2524,2025-06-06 03:00:00,26.2,81,0.0,23.55,10.5,7.63
2525,2025-06-06 04:00:00,27.8,72,0.0,24.53,10.12,7.79
2526,2025-06-06 05:00:00,28.9,65,0.0,25.54,9.78,7.62
2527,2025-06-06 06:00:00,29.6,61,0.0,26.46,9.51,7.69
2528,2025-06-06 07:00:00,30.2,57,0.0,27.28,9.27,7.6
2529,2025-06-06 08:00:00,30.8,52,0.0,28.04,9.03,7.58
2530,2025-06-06 09:00:00,31.6,48,0.0,28.81,8.8,7.62
2531,2025-06-06 10:00:00,31.5,48,0.0,29.31,8.7,7.41
2532,2025-06-06 11:00:00,30.4,53,0.0,29.34,8.78,7.46
2533,2025-06-06 12:00:00,29.1,59,0.0,28.97,8.96,7.4
2534,2025-06-06 13:00:00,27.8,69,0.0,28.32,9.28,7.29
2535,2025-06-06 14:00:00,26.5,76,0.0,27.47,9.58,7.21
2536,2025-06-06 15:00:00,25.6,81,0.0,26.61,9.85,7.12
2537,2025-06-06 16:00:00,25.1,85,0.0,25.86,10.09,7.09
2538,2025-06-06 17:00:00,24.6,88,0.0,25.18,10.29,7.16
2539,2025-06-06 18:00:00,24.1,92,0.0,24.56,10.5,7.08
2540,2025-06-06 19:00:00,23.8,94,0.0,24.03,10.66,7.11
2541,2025-06-06 20:00:00,23.5,97,0.0,23.57,10.82,7.18
2542,2025-06-06 21:00:00,23.4,97,0.0,23.22,10.89,7.31
2543,2025-06-06 22:00:00,23.2,97,0.0,22.91,10.96,7.27
2544,2025-06-06 23:00:00,23.2,96,0.0,22.7,10.99,7.41
2545,2025-06-07 00:00:00,23.2,95,0.0,22.55,11.0,7.39
2546,2025-06-07 01:00:00,23.8,94,0.0,22.62,10.96,7.57
2547,2025-06-07 02:00:00,24.3,89,0.0,22.83,10.82,7.7
2548,2025-06-07 03:00:00,26.0,80,0.0,23.48,10.5,7.75
2549,2025-06-07 04:00:00,27.8,72,0.0,24.48,10.13,7.67
2550,2025-06-07 05:00:00,29.5,64,0.0,25.68,9.73,7.78
2551,2025-06-07 06:00:00,30.7,54,0.0,26.89,9.3,7.71
2552,2025-06-07 07:00:00,31.6,48,0.0,28.0,8.96,7.61
2553,2025-06-07 08:00:00,31.8,48,0.0,28.84,8.8,7.6
2554,2025-06-07 09:00:00,31.5,50,0.0,29.34,8.73,7.65
2555,2025-06-07 10:00:00,30.9,53,0.0,29.51,8.75,7.55
2556,2025-06-07 11:00:00,30.0,55,0.0,29.35,8.82,7.46
2557,2025-06-07 12:00:00,28.5,61,0.0,28.8,9.03,7.36
2558,2025-06-07 13:00:00,27.2,66,0.0,28.02,9.28,7.28
2559,2025-06-07 14:00:00,26.0,74,0.0,27.11,9.62,7.21
2560,2025-06-07 15:00:00,25.2,80,0.0,26.24,9.91,7.14
2561,2025-06-07 16:00:00,24.6,84,0.0,25.45,10.16,7.17
2562,2025-06-07 17:00:00,24.1,87,0.0,24.74,10.37,7.09
2563,2025-06-07 18:00:00,23.6,90,0.0,24.1,10.56,7.08
2564,2025-06-07 19:00:00,23.2,93,0.0,23.53,10.74,7.13
2565,2025-06-07 20:00:00,23.0,95,0.0,23.07,10.88,7.14
2566,2025-06-07 21:00:00,22.9,95,0.0,22.72,10.96,7.29
2567,2025-06-07 22:00:00,22.6,96,0.0,22.38,11.05,7.33
2568,2025-06-07 23:00:00,22.6,95,0.0,22.15,11.09,7.36
2569,2025-06-08 00:00:00,22.5,95,0.0,21.95,11.13,7.51
2570,2025-06-08 01:00:00,23.4,92,0.0,22.09,11.04,7.5
2571,2025-06-08 02:00:00,24.4,87,0.0,22.48,10.85,7.65
2572,2025-06-08 03:00:00,26.0,78,0.0,23.24,10.51,7.63
2573,2025-06-08 04:00:00,27.6,71,0.0,24.25,10.16,7.7
2574,2025-06-08 05:00:00,29.0,64,0.0,25.37,9.79,7.72
2575,2025-06-08 06:00:00,30.1,60,0.1,26.49,9.49,7.66
2576,2025-06-08 07:00:00,31.0,57,0.2,27.54,9.22,7.71
2577,2025-06-08 08:00:00,31.4,54,0.2,28.4,8.99,7.66
2578,2025-06-08 09:00:00,31.3,53,0.1,28.97,8.86,7.58
2579,2025-06-08 10:00:00,31.0,55,0.1,29.28,8.83,7.44
2580,2025-06-08 11:00:00,30.0,60,0.0,29.2,8.94,7.47
2581,2025-06-08 12:00:00,28.3,67,0.0,28.63,9.18,7.33
2582,2025-06-08 13:00:00,27.0,73,0.0,27.84,9.45,7.3
2583,2025-06-08 14:00:00,25.7,80,0.0,26.9,9.77,7.3
2584,2025-06-08 15:00:00,25.0,84,0.0,26.03,10.03,7.14
2585,2025-06-08 16:00:00,24.5,87,0.0,25.27,10.25,7.16
2586,2025-06-08 17:00:00,24.0,89,0.0,24.59,10.44,7.15
2587,2025-06-08 18:00:00,23.6,92,0.0,23.99,10.62,6.98
2588,2025-06-08 19:00:00,23.2,93,0.0,23.45,10.76,7.15
2589,2025-06-08 20:00:00,23.2,92,0.0,23.08,10.82,7.2
2590,2025-06-08 21:00:00,23.0,93,0.0,22.75,10.91,7.19
2591,2025-06-08 22:00:00,22.8,93,0.0,22.47,10.98,7.25
2592,2025-06-08 23:00:00,22.7,93,0.0,22.24,11.03,7.4
2593,2025-06-09 00:00:00,22.2,95,0.0,21.93,11.13,7.52
2594,2025-06-09 01:00:00,23.0,92,0.0,21.95,11.07,7.56
2595,2025-06-09 02:00:00,23.2,90,0.0,22.02,11.01,7.57
2596,2025-06-09 03:00:00,24.6,83,0.0,22.5,10.77,7.64
2597,2025-06-09 04:00:00,26.4,75,0.0,23.37,10.42,7.62
2598,2025-06-09 05:00:00,28.3,67,0.0,24.55,10.02,7.73
2599,2025-06-09 06:00:00,29.2,63,0.0,25.64,9.72,7.69
2600,2025-06-09 07:00:00,29.7,63,0.8,26.56,9.53,7.63
2601,2025-06-09 08:00:00,30.5,58,1.2,27.44,9.26,7.54
2602,2025-06-09 09:00:00,30.8,58,1.1,28.15,9.11,7.64
2603,2025-06-09 10:00:00,28.9,68,6.1,28.07,9.31,7.37
2604,2025-06-09 11:00:00,28.3,68,0.1,27.84,9.36,7.45
2605,2025-06-09 12:00:00,27.3,74,0.1,27.38,9.56,7.28
2606,2025-06-09 13:00:00,27.0,74,0.0,26.97,9.65,7.27
2607,2025-06-09 14:00:00,26.0,80,0.0,26.38,9.88,7.2
2608,2025-06-09 15:00:00,25.6,83,0.0,25.84,10.05,7.21
2609,2025-06-09 16:00:00,25.1,86,0.0,25.32,10.22,7.15
2610,2025-06-09 17:00:00,24.5,91,0.0,24.77,10.44,7.14
2611,2025-06-09 18:00:00,24.0,94,0.0,24.24,10.61,7.12
2612,2025-06-09 19:00:00,23.6,96,0.0,23.75,10.76,7.09
2613,2025-06-09 20:00:00,23.4,98,0.0,23.34,10.88,7.24
2614,2025-06-09 21:00:00,23.4,97,0.0,23.06,10.93,7.18
2615,2025-06-09 22:00:00,23.2,97,0.0,22.8,10.98,7.16
2616,2025-06-09 23:00:00,23.1,97,0.0,22.59,11.03,7.46
2617,2025-06-10 00:00:00,22.9,98,0.0,22.38,11.09,7.41
2618,2025-06-10 01:00:00,23.5,97,0.0,22.42,11.07,7.49
2619,2025-06-10 02:00:00,24.9,90,0.0,22.86,10.83,7.69
2620,2025-06-10 03:00:00,26.2,82,0.0,23.56,10.52,7.62
2621,2025-06-10 04:00:00,28.2,72,0.0,24.66,10.09,7.67
2622,2025-06-10 05:00:00,30.0,61,0.7,25.96,9.62,7.76
2623,2025-06-10 06:00:00,30.0,64,1.6,26.87,9.48,7.57
2624,2025-06-10 07:00:00,29.6,66,1.5,27.39,9.41,7.6
2625,2025-06-10 08:00:00,28.6,70,3.4,27.45,9.47,7.53
2626,2025-06-10 09:00:00,29.0,69,6.0,27.62,9.42,7.44
2627,2025-06-10 10:00:00,28.1,75,2.5,27.46,9.56,7.48
2628,2025-06-10 11:00:00,27.6,75,0.0,27.2,9.62,7.51
2629,2025-06-10 12:00:00,26.3,80,0.0,26.63,9.83,7.29
2630,2025-06-10 13:00:00,25.5,86,0.0,25.99,10.08,7.28
2631,2025-06-10 14:00:00,24.0,93,0.0,25.09,10.41,7.27
2632,2025-06-10 15:00:00,23.9,92,0.0,24.44,10.53,7.19
2633,2025-06-10 16:00:00,23.9,93,0.0,23.98,10.65,7.12
2634,2025-06-10 17:00:00,23.5,95,0.0,23.53,10.78,7.07
2635,2025-06-10 18:00:00,23.1,96,0.0,23.1,10.9,7.2
2636,2025-06-10 19:00:00,22.8,98,0.0,22.71,11.02,7.12
2637,2025-06-10 20:00:00,22.9,98,0.0,22.47,11.08,7.17
2638,2025-06-10 21:00:00,23.2,93,0.0,22.39,10.99,7.23
2639,2025-06-10 22:00:00,22.7,95,0.0,22.18,11.08,7.34
2640,2025-06-10 23:00:00,22.4,95,0.0,21.95,11.13,7.29
2641,2025-06-11 00:00:00,22.0,96,0.0,21.66,11.21,7.43
2642,2025-06-11 01:00:00,22.5,96,0.0,21.61,11.22,7.53
2643,2025-06-11 02:00:00,22.9,94,0.0,21.7,11.16,7.65
2644,2025-06-11 03:00:00,24.1,88,0.0,22.12,10.95,7.73
2645,2025-06-11 04:00:00,25.1,83,0.0,22.71,10.72,7.68
2646,2025-06-11 05:00:00,27.0,75,0.0,23.7,10.35,7.72
2647,2025-06-11 06:00:00,28.8,67,0.0,24.93,9.94,7.68
2648,2025-06-11 07:00:00,30.0,61,1.2,26.15,9.58,7.52
2649,2025-06-11 08:00:00,29.0,68,6.4,26.71,9.59,7.41
2650,2025-06-11 09:00:00,28.2,71,2.6,26.85,9.62,7.54
2651,2025-06-11 10:00:00,27.8,74,0.0,26.84,9.68,7.54
2652,2025-06-11 11:00:00,25.8,82,0.0,26.23,9.95,7.46
2653,2025-06-11 12:00:00,24.9,85,0.0,25.53,10.16,7.43
2654,2025-06-11 13:00:00,24.4,88,0.0,24.89,10.35,7.32
2655,2025-06-11 14:00:00,23.6,91,0.0,24.2,10.56,7.24
2656,2025-06-11 15:00:00,23.5,91,0.0,23.69,10.67,7.22
2657,2025-06-11 16:00:00,23.4,92,0.1,23.3,10.77,7.25
2658,2025-06-11 17:00:00,23.1,94,0.1,22.94,10.89,7.13
2659,2025-06-11 18:00:00,23.0,95,0.2,22.66,10.97,7.19
2660,2025-06-11 19:00:00,22.8,95,0.1,22.4,11.03,7.14
2661,2025-06-11 20:00:00,22.4,96,0.1,22.1,11.12,7.23
2662,2025-06-11 21:00:00,22.2,96,0.0,21.83,11.18,7.18
2663,2025-06-11 22:00:00,22.2,95,0.0,21.64,11.2,7.24
2664,2025-06-11 23:00:00,22.2,95,0.0,21.51,11.22,7.38
2665,2025-06-12 00:00:00,22.3,94,0.0,21.45,11.22,7.4
2666,2025-06-12 01:00:00,22.3,95,0.0,21.4,11.25,7.51
2667,2025-06-12 02:00:00,23.1,92,0.0,21.61,11.14,7.66
2668,2025-06-12 03:00:00,24.6,85,0.0,22.21,10.87,7.67
2669,2025-06-12 04:00:00,25.9,81,0.0,23.02,10.62,7.69
2670,2025-06-12 05:00:00,26.5,79,0.1,23.76,10.42,7.71
2671,2025-06-12 06:00:00,26.5,78,0.0,24.28,10.29,7.62
2672,2025-06-12 07:00:00,27.1,75,0.0,24.83,10.12,7.62
2673,2025-06-12 08:00:00,28.4,69,0.0,25.6,9.84,7.69
2674,2025-06-12 09:00:00,27.6,71,0.0,25.9,9.82,7.59
2675,2025-06-12 10:00:00,26.8,75,0.0,25.87,9.9,7.54
2676,2025-06-12 11:00:00,25.7,81,0.0,25.52,10.08,7.39
2677,2025-06-12 12:00:00,24.2,89,0.0,24.82,10.39,7.5
2678,2025-06-12 13:00:00,23.5,90,0.0,24.13,10.56,7.4
2679,2025-06-12 14:00:00,23.3,90,0.0,23.58,10.68,7.28
2680,2025-06-12 15:00:00,23.2,91,0.0,23.16,10.78,7.32
2681,2025-06-12 16:00:00,22.7,95,0.0,22.73,10.96,7.13
2682,2025-06-12 17:00:00,22.6,96,0.0,22.39,11.05,7.16
2683,2025-06-12 18:00:00,22.6,95,0.0,22.15,11.08,7.21
2684,2025-06-12 19:00:00,22.5,95,0.0,21.96,11.13,7.15
2685,2025-06-12 20:00:00,22.4,96,0.0,21.79,11.18,7.09
2686,2025-06-12 21:00:00,22.2,97,0.0,21.61,11.24,7.19
2687,2025-06-12 22:00:00,22.3,97,0.0,21.52,11.26,7.32
2688,2025-06-12 23:00:00,22.4,96,0.0,21.48,11.25,7.31
2689,2025-06-13 00:00:00,22.4,95,0.0,21.46,11.24,7.43
2690,2025-06-13 01:00:00,23.0,96,0.0,21.62,11.22,7.6
2691,2025-06-13 02:00:00,23.5,94,0.0,21.88,11.12,7.57
2692,2025-06-13 03:00:00,24.1,90,0.1,22.25,10.96,7.68
2693,2025-06-13 04:00:00,25.1,85,0.1,22.8,10.74,7.73
2694,2025-06-13 05:00:00,25.6,83,0.0,23.34,10.59,7.75
2695,2025-06-13 06:00:00,25.5,84,0.2,23.69,10.53,7.72
2696,2025-06-13 07:00:00,26.4,81,0.1,24.2,10.36,7.74
2697,2025-06-13 08:00:00,27.0,77,0.0,24.74,10.17,7.68
2698,2025-06-13 09:00:00,26.2,81,0.1,24.88,10.22,7.61
2699,2025-06-13 10:00:00,25.4,87,0.4,24.74,10.37,7.6
2700,2025-06-13 11:00:00,25.5,85,0.1,24.66,10.34,7.46
2701,2025-06-13 12:00:00,24.2,92,0.3,24.23,10.57,7.36
2702,2025-06-13 13:00:00,23.1,97,1.9,23.59,10.81,7.18
2703,2025-06-13 14:00:00,23.1,95,0.1,23.14,10.87,7.27
2704,2025-06-13 15:00:00,22.8,98,0.2,22.74,11.02,7.2
2705,2025-06-13 16:00:00,22.9,98,0.0,22.49,11.07,7.17
2706,2025-06-13 17:00:00,22.8,98,0.1,22.28,11.12,7.13
2707,2025-06-13 18:00:00,22.6,98,0.5,22.08,11.16,7.23
2708,2025-06-13 19:00:00,22.4,99,1.1,21.87,11.23,7.16
2709,2025-06-13 20:00:00,22.3,99,0.5,21.7,11.27,7.12
2710,2025-06-13 21:00:00,22.2,99,0.1,21.55,11.3,7.24
2711,2025-06-13 22:00:00,22.2,99,0.0,21.45,11.32,7.24
2712,2025-06-13 23:00:00,22.2,99,0.0,21.37,11.34,7.41
2713,2025-06-14 00:00:00,22.1,98,0.0,21.29,11.33,7.39
2714,2025-06-14 01:00:00,22.6,98,0.1,21.38,11.31,7.55
2715,2025-06-14 02:00:00,23.5,91,0.0,21.72,11.1,7.53
2716,2025-06-14 03:00:00,23.7,92,0.0,22.01,11.05,7.67
2717,2025-06-14 04:00:00,25.1,84,0.1,22.64,10.76,7.67
2718,2025-06-14 05:00:00,25.2,85,0.0,23.11,10.68,7.63
2719,2025-06-14 06:00:00,25.0,85,0.0,23.38,10.62,7.64
2720,2025-06-14 07:00:00,25.0,85,0.0,23.56,10.58,7.75
2721,2025-06-14 08:00:00,25.6,83,0.1,23.87,10.47,7.58
2722,2025-06-14 09:00:00,25.2,86,0.2,23.97,10.51,7.7
2723,2025-06-14 10:00:00,25.5,85,0.2,24.13,10.46,7.51
2724,2025-06-14 11:00:00,24.5,90,0.4,23.94,10.6,7.43
2725,2025-06-14 12:00:00,23.9,92,0.5,23.63,10.7,7.41
2726,2025-06-14 13:00:00,23.1,92,0.2,23.17,10.8,7.3
2727,2025-06-14 14:00:00,23.0,94,0.2,22.82,10.92,7.2
2728,2025-06-14 15:00:00,22.5,96,0.2,22.42,11.05,7.3
2729,2025-06-14 16:00:00,22.5,96,1.4,22.15,11.11,7.09
2730,2025-06-14 17:00:00,22.0,99,0.8,21.8,11.24,7.08
2731,2025-06-14 18:00:00,21.9,98,0.5,21.53,11.28,7.16
2732,2025-06-14 19:00:00,21.9,99,0.6,21.34,11.34,7.2
2733,2025-06-14 20:00:00,21.9,99,0.9,21.21,11.37,7.06
2734,2025-06-14 21:00:00,22.0,98,1.6,21.15,11.37,7.15
2735,2025-06-14 22:00:00,21.9,98,0.9,21.07,11.38,7.26
2736,2025-06-14 23:00:00,22.0,96,0.3,21.05,11.35,7.34
2737,2025-06-15 00:00:00,21.9,98,0.1,21.01,11.4,7.35
2738,2025-06-15 01:00:00,22.2,98,0.5,21.06,11.38,7.56
2739,2025-06-15 02:00:00,22.1,99,0.7,21.07,11.4,7.53
2740,2025-06-15 03:00:00,22.5,98,1.2,21.2,11.35,7.58
2741,2025-06-15 04:00:00,22.9,98,1.8,21.41,11.31,7.59
2742,2025-06-15 05:00:00,24.2,92,1.2,21.95,11.07,7.71
2743,2025-06-15 06:00:00,24.4,91,0.9,22.38,10.95,7.74
2744,2025-06-15 07:00:00,24.3,90,1.0,22.66,10.87,7.63
2745,2025-06-15 08:00:00,23.8,93,1.0,22.7,10.92,7.6
2746,2025-06-15 09:00:00,23.8,94,1.2,22.73,10.94,7.67
2747,2025-06-15 10:00:00,23.1,95,1.3,22.54,11.0,7.56
2748,2025-06-15 11:00:00,23.1,96,1.2,22.41,11.05,7.54
2749,2025-06-15 12:00:00,22.9,98,2.0,22.26,11.12,7.37
2750,2025-06-15 13:00:00,23.0,93,0.4,22.18,11.04,7.22
2751,2025-06-15 14:00:00,23.0,92,0.2,22.13,11.03,7.26
2752,2025-06-15 15:00:00,23.0,92,0.6,22.09,11.04,7.19
2753,2025-06-15 16:00:00,22.6,95,2.7,21.94,11.13,7.11
2754,2025-06-15 17:00:00,22.7,93,0.2,21.87,11.11,7.02
2755,2025-06-15 18:00:00,22.3,96,0.1,21.7,11.2,7.12
2756,2025-06-15 19:00:00,22.3,96,0.3,21.58,11.23,7.18
2757,2025-06-15 20:00:00,22.2,95,0.1,21.47,11.23,7.25
2758,2025-06-15 21:00:00,21.6,97,0.5,21.21,11.33,7.26
2759,2025-06-15 22:00:00,21.3,98,0.5,20.93,11.41,7.28
2760,2025-06-15 23:00:00,21.2,98,0.6,20.71,11.46,7.36
2761,2025-06-16 00:00:00,21.4,97,0.9,20.62,11.46,7.49
2762,2025-06-16 01:00:00,21.5,96,0.2,20.58,11.45,7.49
2763,2025-06-16 02:00:00,21.7,96,0.7,20.62,11.44,7.5
2764,2025-06-16 03:00:00,21.9,94,0.7,20.7,11.38,7.58
2765,2025-06-16 04:00:00,22.8,92,0.9,21.03,11.27,7.68
2766,2025-06-16 05:00:00,23.2,91,0.4,21.38,11.17,7.75
2767,2025-06-16 06:00:00,23.5,89,0.2,21.72,11.06,7.68
2768,2025-06-16 07:00:00,24.0,88,0.1,22.1,10.95,7.76
2769,2025-06-16 08:00:00,24.2,87,0.1,22.43,10.86,7.7
2770,2025-06-16 09:00:00,24.6,85,0.1,22.78,10.75,7.64
2771,2025-06-16 10:00:00,23.9,89,0.1,22.82,10.82,7.48
2772,2025-06-16 11:00:00,23.4,91,0.1,22.69,10.89,7.46
2773,2025-06-16 12:00:00,23.8,89,0.1,22.72,10.84,7.45
2774,2025-06-16 13:00:00,22.9,92,0.0,22.48,10.95,7.4
2775,2025-06-16 14:00:00,22.2,96,0.0,22.09,11.12,7.3
2776,2025-06-16 15:00:00,22.1,96,0.1,21.8,11.18,7.2
2777,2025-06-16 16:00:00,22.1,96,0.4,21.59,11.23,7.21
2778,2025-06-16 17:00:00,22.2,95,0.1,21.47,11.23,7.26
2779,2025-06-16 18:00:00,22.4,94,0.1,21.45,11.22,7.16
2780,2025-06-16 19:00:00,22.3,94,0.1,21.4,11.23,7.12
2781,2025-06-16 20:00:00,22.2,94,0.1,21.34,11.24,7.22
2782,2025-06-16 21:00:00,21.9,96,0.1,21.21,11.31,7.17
2783,2025-06-16 22:00:00,21.8,96,0.1,21.09,11.34,7.35
2784,2025-06-16 23:00:00,21.8,96,0.1,21.0,11.36,7.28
2785,2025-06-17 00:00:00,21.5,98,0.1,20.85,11.43,7.39
2786,2025-06-17 01:00:00,22.5,94,0.1,21.05,11.31,7.5
2787,2025-06-17 02:00:00,22.6,92,0.1,21.21,11.23,7.52
2788,2025-06-17 03:00:00,23.2,91,0.1,21.51,11.14,7.67
2789,2025-06-17 04:00:00,24.0,88,0.0,21.96,10.98,7.76
2790,2025-06-17 05:00:00,26.0,78,0.0,22.87,10.59,7.71
2791,2025-06-17 06:00:00,26.3,78,0.0,23.6,10.43,7.78
2792,2025-06-17 07:00:00,27.1,76,0.0,24.35,10.24,7.73
2793,2025-06-17 08:00:00,27.0,75,0.0,24.84,10.11,7.64
2794,2025-06-17 09:00:00,26.9,76,0.1,25.16,10.07,7.67
2795,2025-06-17 10:00:00,26.4,78,0.0,25.23,10.09,7.56
2796,2025-06-17 11:00:00,25.8,82,0.0,25.1,10.19,7.5
2797,2025-06-17 12:00:00,24.6,88,0.0,24.65,10.4,7.38
2798,2025-06-17 13:00:00,24.1,91,0.0,24.19,10.56,7.33
2799,2025-06-17 14:00:00,22.6,96,0.0,23.41,10.83,7.25
2800,2025-06-17 15:00:00,22.2,96,0.0,22.75,10.98,7.22
2801,2025-06-17 16:00:00,22.0,98,0.0,22.22,11.13,7.21
2802,2025-06-17 17:00:00,22.0,97,0.0,21.86,11.19,7.18
2803,2025-06-17 18:00:00,22.0,98,0.0,21.6,11.27,7.14
2804,2025-06-17 19:00:00,21.7,98,0.0,21.33,11.33,7.16
2805,2025-06-17 20:00:00,21.5,99,0.0,21.08,11.4,7.13
2806,2025-06-17 21:00:00,21.6,99,0.0,20.94,11.43,7.15
2807,2025-06-17 22:00:00,21.6,98,0.0,20.84,11.43,7.35
2808,2025-06-17 23:00:00,21.5,99,0.0,20.73,11.48,7.39
2809,2025-06-18 00:00:00,21.4,99,0.0,20.63,11.5,7.42
2810,2025-06-18 01:00:00,22.0,98,0.0,20.74,11.45,7.63
2811,2025-06-18 02:00:00,22.9,94,0.0,21.09,11.3,7.61
2812,2025-06-18 03:00:00,24.6,86,0.0,21.84,10.97,7.72
2813,2025-06-18 04:00:00,26.0,80,0.0,22.79,10.64,7.68
2814,2025-06-18 05:00:00,27.6,74,0.0,23.93,10.28,7.65
2815,2025-06-18 06:00:00,28.2,71,0.0,24.91,10.02,7.63
2816,2025-06-18 07:00:00,29.0,68,0.0,25.84,9.77,7.67
2817,2025-06-18 08:00:00,28.3,71,0.0,26.28,9.74,7.67
2818,2025-06-18 09:00:00,28.2,70,0.0,26.55,9.66,7.53
2819,2025-06-18 10:00:00,27.2,74,0.0,26.45,9.76,7.55
2820,2025-06-18 11:00:00,26.8,78,0.0,26.25,9.87,7.4
2821,2025-06-18 12:00:00,25.6,82,0.0,25.76,10.05,7.37
2822,2025-06-18 13:00:00,23.8,93,0.0,24.87,10.45,7.29
2823,2025-06-18 14:00:00,23.8,93,0.0,24.25,10.59,7.38
2824,2025-06-18 15:00:00,23.0,96,0.0,23.57,10.79,7.26
2825,2025-06-18 16:00:00,22.5,98,0.0,22.95,10.97,7.24
2826,2025-06-18 17:00:00,22.4,97,0.0,22.49,11.05,7.2
2827,2025-06-18 18:00:00,22.2,98,0.0,22.1,11.16,7.2
2828,2025-06-18 19:00:00,21.9,98,0.0,21.74,11.24,7.19
2829,2025-06-18 20:00:00,22.0,98,0.0,21.52,11.28,7.11
2830,2025-06-18 21:00:00,21.8,98,0.0,21.3,11.33,7.28
2831,2025-06-18 22:00:00,21.8,98,0.0,21.15,11.37,7.33
2832,2025-06-18 23:00:00,21.9,98,0.0,21.08,11.38,7.36
2833,2025-06-19 00:00:00,21.9,98,0.0,21.02,11.39,7.43
2834,2025-06-19 01:00:00,22.9,96,0.0,21.29,11.29,7.59
2835,2025-06-19 02:00:00,23.5,94,0.0,21.65,11.17,7.63
2836,2025-06-19 03:00:00,24.8,87,0.0,22.3,10.89,7.72
2837,2025-06-19 04:00:00,26.0,81,0.0,23.11,10.6,7.71
2838,2025-06-19 05:00:00,27.0,76,0.0,23.97,10.31,7.7
2839,2025-06-19 06:00:00,28.4,69,0.0,25.0,9.96,7.66
2840,2025-06-19 07:00:00,28.6,67,0.0,25.78,9.76,7.7
2841,2025-06-19 08:00:00,29.0,66,0.0,26.45,9.61,7.69
2842,2025-06-19 09:00:00,28.2,71,0.0,26.67,9.65,7.57
2843,2025-06-19 10:00:00,27.6,72,0.0,26.65,9.68,7.54
2844,2025-06-19 11:00:00,27.5,73,0.0,26.61,9.71,7.43
2845,2025-06-19 12:00:00,26.2,82,0.0,26.18,9.96,7.35
2846,2025-06-19 13:00:00,23.9,94,0.0,25.2,10.4,7.37
2847,2025-06-19 14:00:00,23.6,94,0.0,24.42,10.57,7.24
2848,2025-06-19 15:00:00,23.4,96,0.0,23.81,10.74,7.18
2849,2025-06-19 16:00:00,23.1,98,0.0,23.3,10.89,7.16
2850,2025-06-19 17:00:00,23.1,98,0.0,22.94,10.97,7.14
2851,2025-06-19 18:00:00,23.1,96,0.0,22.69,10.99,7.04
2852,2025-06-19 19:00:00,22.9,97,0.0,22.45,11.06,7.15
2853,2025-06-19 20:00:00,22.7,96,0.0,22.23,11.09,7.22
2854,2025-06-19 21:00:00,22.2,96,0.0,21.92,11.16,7.31
2855,2025-06-19 22:00:00,21.6,98,0.0,21.52,11.28,7.32
2856,2025-06-19 23:00:00,21.5,98,0.0,21.22,11.35,7.32
2857,2025-06-20 00:00:00,21.6,97,0.0,21.03,11.37,7.5
2858,2025-06-20 01:00:00,22.9,93,0.0,21.29,11.23,7.52
2859,2025-06-20 02:00:00,24.2,85,0.0,21.86,10.94,7.62
2860,2025-06-20 03:00:00,25.0,84,0.0,22.5,10.79,7.68
2861,2025-06-20 04:00:00,26.8,76,0.0,23.49,10.42,7.71
2862,2025-06-20 05:00:00,27.9,71,0.0,24.52,10.1,7.64
2863,2025-06-20 06:00:00,29.0,65,0.0,25.56,9.77,7.76
2864,2025-06-20 07:00:00,29.9,60,0.0,26.56,9.47,7.75
2865,2025-06-20 08:00:00,30.0,60,0.0,27.29,9.32,7.61
2866,2025-06-20 09:00:00,28.8,66,0.0,27.45,9.4,7.66
2867,2025-06-20 10:00:00,28.3,68,0.0,27.4,9.45,7.52
2868,2025-06-20 11:00:00,27.9,72,0.0,27.25,9.55,7.44
2869,2025-06-20 12:00:00,26.7,79,0.0,26.79,9.78,7.45
2870,2025-06-20 13:00:00,25.4,83,0.0,26.07,10.01,7.29
2871,2025-06-20 14:00:00,24.5,87,0.0,25.3,10.25,7.23
2872,2025-06-20 15:00:00,22.9,94,0.0,24.28,10.6,7.17
2873,2025-06-20 16:00:00,22.6,96,0.0,23.48,10.82,7.24
2874,2025-06-20 17:00:00,22.6,96,0.0,22.91,10.94,7.11
2875,2025-06-20 18:00:00,22.6,96,0.0,22.52,11.03,7.15
2876,2025-06-20 19:00:00,22.5,96,0.0,22.21,11.09,7.15
2877,2025-06-20 20:00:00,22.0,98,0.0,21.85,11.21,7.21
2878,2025-06-20 21:00:00,21.9,98,0.0,21.56,11.27,7.12
2879,2025-06-20 22:00:00,21.9,98,0.0,21.37,11.32,7.26
2880,2025-06-20 23:00:00,21.7,99,0.0,21.17,11.38,7.41
2881,2025-06-21 00:00:00,21.6,99,0.0,21.0,11.42,7.38
2882,2025-06-21 01:00:00,22.8,95,0.0,21.24,11.28,7.49
2883,2025-06-21 02:00:00,23.8,91,0.0,21.71,11.1,7.6
2884,2025-06-21 03:00:00,25.2,84,0.0,22.45,10.8,7.6
2885,2025-06-21 04:00:00,27.2,75,0.0,23.58,10.38,7.64
2886,2025-06-21 05:00:00,28.4,71,0.0,24.72,10.06,7.82
2887,2025-06-21 06:00:00,29.1,65,0.2,25.74,9.74,7.69
2888,2025-06-21 07:00:00,29.4,65,0.2,26.54,9.57,7.66
2889,2025-06-21 08:00:00,29.3,65,0.0,27.07,9.46,7.49
2890,2025-06-21 09:00:00,27.5,74,0.0,26.9,9.66,7.62
2891,2025-06-21 10:00:00,27.5,71,0.0,26.78,9.63,7.49
2892,2025-06-21 11:00:00,26.6,77,0.0,26.42,9.82,7.49
2893,2025-06-21 12:00:00,25.4,82,0.0,25.82,10.04,7.37
2894,2025-06-21 13:00:00,25.0,87,0.0,25.27,10.25,7.35
2895,2025-06-21 14:00:00,24.2,90,0.0,24.65,10.44,7.23
2896,2025-06-21 15:00:00,23.6,92,0.0,24.04,10.62,7.14
2897,2025-06-21 16:00:00,23.1,94,0.0,23.45,10.78,7.17
2898,2025-06-21 17:00:00,23.1,95,0.0,23.05,10.89,7.15
2899,2025-06-21 18:00:00,22.9,96,0.0,22.7,10.98,7.09
2900,2025-06-21 19:00:00,22.7,96,0.0,22.4,11.05,7.12
2901,2025-06-21 20:00:00,22.5,96,0.0,22.13,11.11,7.18
2902,2025-06-21 21:00:00,22.4,96,0.0,21.91,11.16,7.23
2903,2025-06-21 22:00:00,22.1,96,0.0,21.67,11.21,7.29
2904,2025-06-21 23:00:00,22.0,98,0.0,21.47,11.3,7.42
2905,2025-06-22 00:00:00,22.0,97,0.0,21.33,11.31,7.44
2906,2025-06-22 01:00:00,22.9,94,0.0,21.5,11.21,7.53
2907,2025-06-22 02:00:00,23.8,90,0.0,21.89,11.04,7.61
2908,2025-06-22 03:00:00,25.5,81,0.0,22.67,10.69,7.7
2909,2025-06-22 04:00:00,27.0,73,0.0,23.67,10.32,7.73
2910,2025-06-22 05:00:00,28.1,68,0.0,24.7,10.01,7.64
2911,2025-06-22 06:00:00,29.1,63,0.0,25.72,9.7,7.59
2912,2025-06-22 07:00:00,28.5,67,0.0,26.25,9.67,7.64
2913,2025-06-22 08:00:00,29.1,64,0.0,26.81,9.5,7.65
2914,2025-06-22 09:00:00,28.6,65,0.0,27.05,9.47,7.59
2915,2025-06-22 10:00:00,27.4,70,0.0,26.85,9.6,7.51
2916,2025-06-22 11:00:00,26.5,75,0.0,26.45,9.78,7.53
2917,2025-06-22 12:00:00,24.9,83,0.0,25.68,10.09,7.43
2918,2025-06-22 13:00:00,23.5,89,0.0,24.73,10.41,7.31
2919,2025-06-22 14:00:00,22.9,90,0.0,23.88,10.61,7.33
2920,2025-06-22 15:00:00,22.5,92,0.0,23.17,10.8,7.29
2921,2025-06-22 16:00:00,22.2,93,0.0,22.58,10.95,7.21
2922,2025-06-22 17:00:00,22.1,94,0.0,22.13,11.07,7.15
2923,2025-06-22 18:00:00,21.6,95,0.0,21.67,11.19,7.14
2924,2025-06-22 19:00:00,21.4,96,0.0,21.29,11.29,7.11
2925,2025-06-22 20:00:00,21.7,94,0.0,21.11,11.29,7.16
2926,2025-06-22 21:00:00,21.5,96,0.0,20.93,11.37,7.21
2927,2025-06-22 22:00:00,21.5,96,0.0,20.8,11.4,7.28
2928,2025-06-22 23:00:00,22.0,93,0.0,20.86,11.32,7.36
2929,2025-06-23 00:00:00,22.0,92,0.0,20.9,11.29,7.44
2930,2025-06-23 01:00:00,21.4,97,0.0,20.75,11.43,7.57
2931,2025-06-23 02:00:00,21.5,97,0.0,20.68,11.45,7.57
2932,2025-06-23 03:00:00,21.9,96,0.0,20.74,11.41,7.74
2933,2025-06-23 04:00:00,23.5,87,0.0,21.27,11.11,7.72
2934,2025-06-23 05:00:00,24.9,82,0.0,22.06,10.84,7.78
2935,2025-06-23 06:00:00,26.0,77,0.0,22.94,10.55,7.71
2936,2025-06-23 07:00:00,27.0,73,0.0,23.86,10.28,7.72
2937,2025-06-23 08:00:00,26.1,74,0.0,24.23,10.22,7.6
2938,2025-06-23 09:00:00,26.5,74,0.0,24.61,10.14,7.69
2939,2025-06-23 10:00:00,25.9,78,0.0,24.7,10.2,7.55
2940,2025-06-23 11:00:00,25.4,80,0.0,24.61,10.26,7.46
2941,2025-06-23 12:00:00,24.5,85,0.0,24.28,10.43,7.44
2942,2025-06-23 13:00:00,24.8,83,0.0,24.13,10.42,7.27
2943,2025-06-23 14:00:00,23.5,90,0.0,23.64,10.66,7.22
2944,2025-06-23 15:00:00,22.6,94,0.0,23.03,10.87,7.17
2945,2025-06-23 16:00:00,22.3,97,0.0,22.51,11.05,7.23
2946,2025-06-23 17:00:00,22.4,96,0.0,22.18,11.1,7.15
2947,2025-06-23 18:00:00,22.1,97,0.0,21.85,11.19,7.1
2948,2025-06-23 19:00:00,21.9,98,0.0,21.57,11.27,7.1
2949,2025-06-23 20:00:00,22.0,98,0.0,21.4,11.31,7.24
2950,2025-06-23 21:00:00,21.7,98,0.0,21.19,11.36,7.24
2951,2025-06-23 22:00:00,21.5,98,0.0,20.98,11.4,7.3
2952,2025-06-23 23:00:00,21.1,98,0.0,20.72,11.46,7.27
2953,2025-06-24 00:00:00,21.2,97,0.0,20.56,11.47,7.57
2954,2025-06-24 01:00:00,23.4,89,0.0,21.11,11.19,7.51
2955,2025-06-24 02:00:00,23.1,92,0.2,21.41,11.18,7.56
2956,2025-06-24 03:00:00,23.9,86,0.1,21.86,10.97,7.7
2957,2025-06-24 04:00:00,25.2,79,0.0,22.56,10.67,7.63
2958,2025-06-24 05:00:00,26.8,74,0.0,23.53,10.37,7.79
2959,2025-06-24 06:00:00,28.5,63,0.0,24.72,9.91,7.66
2960,2025-06-24 07:00:00,28.5,63,0.0,25.56,9.74,7.75
2961,2025-06-24 08:00:00,29.0,62,0.0,26.29,9.57,7.65
2962,2025-06-24 09:00:00,28.9,63,0.0,26.77,9.49,7.59
2963,2025-06-24 10:00:00,28.4,64,0.0,26.96,9.47,7.64
2964,2025-06-24 11:00:00,27.6,68,0.0,26.85,9.56,7.44
2965,2025-06-24 12:00:00,25.5,79,0.0,26.15,9.91,7.45
2966,2025-06-24 13:00:00,24.2,88,0.0,25.26,10.27,7.37
2967,2025-06-24 14:00:00,23.2,91,0.0,24.34,10.53,7.24
2968,2025-06-24 15:00:00,22.5,95,0.0,23.49,10.79,7.22
2969,2025-06-24 16:00:00,22.4,94,0.0,22.86,10.91,7.15
2970,2025-06-24 17:00:00,22.0,95,0.0,22.3,11.05,7.13
2971,2025-06-24 18:00:00,21.4,97,0.0,21.73,11.22,7.21
2972,2025-06-24 19:00:00,21.2,98,0.0,21.27,11.34,7.19
2973,2025-06-24 20:00:00,21.2,98,0.0,20.95,11.41,7.1
2974,2025-06-24 21:00:00,21.2,98,0.0,20.73,11.46,7.27
2975,2025-06-24 22:00:00,21.0,99,0.0,20.51,11.53,7.32
2976,2025-06-24 23:00:00,21.0,99,0.0,20.36,11.56,7.33
2977,2025-06-25 00:00:00,21.2,98,0.0,20.31,11.55,7.41
2978,2025-06-25 01:00:00,23.2,92,0.1,20.88,11.3,7.57
2979,2025-06-25 02:00:00,23.4,91,0.0,21.33,11.18,7.6
2980,2025-06-25 03:00:00,24.8,83,0.0,22.07,10.86,7.64
2981,2025-06-25 04:00:00,26.2,77,0.0,23.01,10.54,7.66
2982,2025-06-25 05:00:00,27.7,70,0.0,24.12,10.17,7.72
2983,2025-06-25 06:00:00,28.4,67,0.0,25.1,9.91,7.7
2984,2025-06-25 07:00:00,28.9,64,0.0,25.94,9.68,7.69
2985,2025-06-25 08:00:00,28.7,64,0.0,26.47,9.57,7.58
2986,2025-06-25 09:00:00,28.0,69,0.0,26.63,9.63,7.58
2987,2025-06-25 10:00:00,27.0,71,0.0,26.44,9.7,7.58
2988,2025-06-25 11:00:00,26.2,77,0.0,26.07,9.89,7.47
2989,2025-06-25 12:00:00,24.6,87,0.0,25.33,10.24,7.43
2990,2025-06-25 13:00:00,23.9,93,0.1,24.6,10.51,7.35
2991,2025-06-25 14:00:00,23.0,95,0.1,23.82,10.72,7.18
2992,2025-06-25 15:00:00,22.5,95,0.0,23.12,10.87,7.19
2993,2025-06-25 16:00:00,22.1,97,0.0,22.52,11.05,7.24
2994,2025-06-25 17:00:00,22.0,97,0.0,22.06,11.15,7.09
2995,2025-06-25 18:00:00,21.8,98,0.0,21.68,11.25,7.13
2996,2025-06-25 19:00:00,21.6,98,0.0,21.36,11.32,7.14
2997,2025-06-25 20:00:00,21.5,98,0.0,21.1,11.38,7.22
2998,2025-06-25 21:00:00,21.4,99,0.0,20.89,11.44,7.15
2999,2025-06-25 22:00:00,21.5,98,0.0,20.77,11.45,7.38
3000,2025-06-25 23:00:00,21.6,98,0.0,20.72,11.46,7.34
3001,2025-06-26 00:00:00,21.6,98,0.0,20.68,11.47,7.42
3002,2025-06-26 01:00:00,23.2,95,0.0,21.14,11.31,7.45
3003,2025-06-26 02:00:00,23.6,92,0.0,21.58,11.15,7.63
3004,2025-06-26 03:00:00,23.6,91,0.1,21.88,11.06,7.65
3005,2025-06-26 04:00:00,25.3,82,0.0,22.61,10.72,7.71
3006,2025-06-26 05:00:00,26.0,79,0.0,23.33,10.51,7.65
3007,2025-06-26 06:00:00,27.9,70,0.0,24.4,10.11,7.73
3008,2025-06-26 07:00:00,29.1,63,0.7,25.51,9.75,7.68
3009,2025-06-26 08:00:00,27.9,69,0.0,25.93,9.77,7.7
3010,2025-06-26 09:00:00,28.3,68,0.0,26.34,9.67,7.58
3011,2025-06-26 10:00:00,28.0,69,0.0,26.54,9.65,7.5
3012,2025-06-26 11:00:00,26.2,77,0.0,26.14,9.88,7.5
3013,2025-06-26 12:00:00,24.9,84,0.0,25.47,10.15,7.34
3014,2025-06-26 13:00:00,24.2,90,0.0,24.79,10.41,7.33
3015,2025-06-26 14:00:00,23.5,91,0.0,24.1,10.58,7.21
3016,2025-06-26 15:00:00,22.7,95,0.0,23.38,10.82,7.25
3017,2025-06-26 16:00:00,22.2,97,0.0,22.73,11.0,7.21
3018,2025-06-26 17:00:00,22.2,96,0.0,22.27,11.08,7.12
3019,2025-06-26 18:00:00,22.1,96,0.0,21.92,11.16,7.18
3020,2025-06-26 19:00:00,22.0,96,0.0,21.64,11.22,7.19
3021,2025-06-26 20:00:00,22.0,96,0.0,21.45,11.26,7.24
3022,2025-06-26 21:00:00,21.9,96,0.0,21.28,11.29,7.29
3023,2025-06-26 22:00:00,21.9,95,0.0,21.17,11.3,7.28
3024,2025-06-26 23:00:00,21.6,96,0.0,21.0,11.36,7.35
3025,2025-06-27 00:00:00,21.5,97,0.0,20.85,11.41,7.47
3026,2025-06-27 01:00:00,22.0,97,0.0,20.89,11.4,7.53
3027,2025-06-27 02:00:00,22.1,96,0.0,20.96,11.37,7.56
3028,2025-06-27 03:00:00,22.2,96,0.4,21.03,11.35,7.66
3029,2025-06-27 04:00:00,23.6,89,0.2,21.5,11.1,7.72
3030,2025-06-27 05:00:00,25.1,81,0.0,22.28,10.77,7.64
3031,2025-06-27 06:00:00,25.9,78,0.3,23.07,10.55,7.75
3032,2025-06-27 07:00:00,27.6,71,0.0,24.13,10.19,7.7
3033,2025-06-27 08:00:00,27.5,70,0.0,24.84,10.02,7.56
3034,2025-06-27 09:00:00,27.0,72,0.0,25.19,9.98,7.67
3035,2025-06-27 10:00:00,26.1,77,0.0,25.16,10.08,7.61
3036,2025-06-27 11:00:00,26.1,77,0.0,25.14,10.09,7.55
3037,2025-06-27 12:00:00,25.5,81,0.0,24.95,10.21,7.36
3038,2025-06-27 13:00:00,24.4,86,0.0,24.48,10.4,7.25
3039,2025-06-27 14:00:00,23.5,89,0.0,23.89,10.59,7.22
3040,2025-06-27 15:00:00,22.9,92,0.0,23.29,10.78,7.19
3041,2025-06-27 16:00:00,22.9,92,0.0,22.87,10.87,7.12
3042,2025-06-27 17:00:00,22.7,92,0.0,22.52,10.94,7.24
3043,2025-06-27 18:00:00,22.0,97,0.0,22.07,11.14,7.1
3044,2025-06-27 19:00:00,21.6,99,0.0,21.63,11.28,7.09
3045,2025-06-27 20:00:00,21.9,98,0.0,21.41,11.31,7.28
3046,2025-06-27 21:00:00,21.6,98,0.0,21.17,11.36,7.21
3047,2025-06-27 22:00:00,21.5,98,0.0,20.97,11.41,7.22
3048,2025-06-27 23:00:00,21.5,98,0.0,20.83,11.44,7.35
3049,2025-06-28 00:00:00,21.5,98,0.0,20.73,11.46,7.48
3050,2025-06-28 01:00:00,22.4,97,0.0,20.93,11.39,7.46
3051,2025-06-28 02:00:00,23.3,92,0.0,21.34,11.2,7.61
3052,2025-06-28 03:00:00,24.5,85,0.0,21.99,10.92,7.63
3053,2025-06-28 04:00:00,26.1,77,0.0,22.92,10.56,7.7
3054,2025-06-28 05:00:00,27.9,69,0.0,24.12,10.15,7.74
3055,2025-06-28 06:00:00,28.9,63,0.2,25.25,9.8,7.65
3056,2025-06-28 07:00:00,28.7,66,0.3,25.99,9.7,7.7
3057,2025-06-28 08:00:00,29.4,62,0.0,26.71,9.48,7.64
3058,2025-06-28 09:00:00,28.5,67,0.0,26.95,9.52,7.6
3059,2025-06-28 10:00:00,28.4,66,0.0,27.08,9.48,7.52
3060,2025-06-28 11:00:00,26.8,75,0.0,26.7,9.72,7.46
3061,2025-06-28 12:00:00,25.8,79,0.0,26.13,9.92,7.3
3062,2025-06-28 13:00:00,24.3,86,0.0,25.28,10.23,7.33
3063,2025-06-28 14:00:00,23.4,90,0.0,24.42,10.49,7.27
3064,2025-06-28 15:00:00,22.8,96,0.0,23.63,10.78,7.19
3065,2025-06-28 16:00:00,22.6,96,0.0,23.02,10.92,7.19
3066,2025-06-28 17:00:00,22.2,98,0.0,22.48,11.08,7.14
3067,2025-06-28 18:00:00,22.1,97,0.0,22.06,11.15,7.17
3068,2025-06-28 19:00:00,22.3,93,0.0,21.83,11.11,7.13
3069,2025-06-28 20:00:00,22.1,93,0.0,21.61,11.16,7.15
3070,2025-06-28 21:00:00,22.2,90,0.0,21.49,11.13,7.25
3071,2025-06-28 22:00:00,22.1,91,0.0,21.37,11.17,7.31
3072,2025-06-28 23:00:00,21.5,94,0.0,21.11,11.29,7.27
3073,2025-06-29 00:00:00,21.4,96,0.0,20.9,11.38,7.52
3074,2025-06-29 01:00:00,23.1,89,0.0,21.26,11.16,7.52
3075,2025-06-29 02:00:00,23.4,89,0.0,21.6,11.08,7.59
3076,2025-06-29 03:00:00,23.8,89,0.0,21.96,11.0,7.76
3077,2025-06-29 04:00:00,25.2,81,0.0,22.63,10.7,7.65
3078,2025-06-29 05:00:00,26.9,74,0.0,23.61,10.35,7.78
3079,2025-06-29 06:00:00,29.0,63,0.0,24.93,9.86,7.73
3080,2025-06-29 07:00:00,29.9,55,0.0,26.12,9.47,7.74
3081,2025-06-29 08:00:00,29.3,57,0.0,26.77,9.37,7.62
3082,2025-06-29 09:00:00,28.1,62,0.0,26.87,9.45,7.6
3083,2025-06-29 10:00:00,28.2,62,0.0,26.97,9.43,7.51
3084,2025-06-29 11:00:00,27.8,64,0.0,26.92,9.47,7.43
3085,2025-06-29 12:00:00,26.5,72,0.0,26.49,9.71,7.42
3086,2025-06-29 13:00:00,26.0,80,0.0,26.05,9.95,7.32
3087,2025-06-29 14:00:00,25.0,84,0.0,25.43,10.16,7.33
3088,2025-06-29 15:00:00,24.0,89,0.0,24.7,10.41,7.21
3089,2025-06-29 16:00:00,23.5,93,0.0,24.04,10.63,7.15
3090,2025-06-29 17:00:00,23.1,95,0.0,23.46,10.8,7.18
3091,2025-06-29 18:00:00,23.0,97,0.0,23.02,10.94,7.2
3092,2025-06-29 19:00:00,23.0,96,0.0,22.71,10.98,7.19
3093,2025-06-29 20:00:00,22.8,97,0.0,22.44,11.06,7.23
3094,2025-06-29 21:00:00,22.5,98,0.0,22.16,11.14,7.28
3095,2025-06-29 22:00:00,22.3,99,0.0,21.9,11.22,7.36
3096,2025-06-29 23:00:00,22.2,98,0.0,21.69,11.25,7.45
3097,2025-06-30 00:00:00,22.1,97,0.0,21.51,11.27,7.49
3098,2025-06-30 01:00:00,22.4,97,0.0,21.48,11.27,7.55
3099,2025-06-30 02:00:00,23.5,92,0.0,21.79,11.1,7.55
3100,2025-06-30 03:00:00,25.1,82,0.0,22.48,10.75,7.63
3101,2025-06-30 04:00:00,26.4,76,0.0,23.36,10.45,7.73
3102,2025-06-30 05:00:00,28.1,67,0.0,24.48,10.03,7.74
3103,2025-06-30 06:00:00,29.7,57,0.0,25.75,9.58,7.63
3104,2025-06-30 07:00:00,30.5,52,0.0,26.87,9.26,7.62
3105,2025-06-30 08:00:00,30.9,52,0.0,27.78,9.08,7.61
3106,2025-06-30 09:00:00,30.3,54,0.0,28.24,9.02,7.55
3107,2025-06-30 10:00:00,29.8,57,0.0,28.41,9.04,7.57
3108,2025-06-30 11:00:00,28.6,61,0.0,28.16,9.16,7.37
3109,2025-06-30 12:00:00,26.5,71,0.0,27.36,9.51,7.46
3110,2025-06-30 13:00:00,24.6,84,0.0,26.24,9.99,7.28
3111,2025-06-30 14:00:00,23.6,90,0.0,25.14,10.34,7.24
3112,2025-06-30 15:00:00,23.2,93,0.0,24.26,10.59,7.19
3113,2025-06-30 16:00:00,22.8,96,0.0,23.52,10.81,7.13
3114,2025-06-30 17:00:00,22.7,95,0.0,22.98,10.91,7.22
3115,2025-06-30 18:00:00,22.6,95,0.0,22.56,11.0,7.12
3116,2025-06-30 19:00:00,22.4,97,0.0,22.21,11.11,7.23
3117,2025-06-30 20:00:00,22.1,96,0.0,21.88,11.16,7.17
3118,2025-06-30 21:00:00,21.9,96,0.0,21.59,11.23,7.24
3119,2025-06-30 22:00:00,21.6,96,0.0,21.29,11.29,7.36
3120,2025-06-30 23:00:00,21.5,98,0.0,21.05,11.39,7.3
3121,2025-07-01 00:00:00,21.8,96,0.0,20.98,11.36,7.39
3122,2025-07-01 01:00:00,22.5,94,0.0,21.13,11.29,7.56
3123,2025-07-01 02:00:00,23.0,90,0.0,21.39,11.15,7.61
3124,2025-07-01 03:00:00,24.1,84,0.0,21.91,10.91,7.77
3125,2025-07-01 04:00:00,25.8,76,0.0,22.77,10.57,7.7
3126,2025-07-01 05:00:00,27.0,71,0.0,23.74,10.27,7.67
3127,2025-07-01 06:00:00,28.0,67,0.0,24.72,9.98,7.71
3128,2025-07-01 07:00:00,28.4,64,0.0,25.52,9.76,7.57
3129,2025-07-01 08:00:00,27.7,68,0.0,25.88,9.76,7.73
3130,2025-07-01 09:00:00,27.0,72,0.0,25.91,9.83,7.63
3131,2025-07-01 10:00:00,27.7,68,0.0,26.15,9.71,7.46
3132,2025-07-01 11:00:00,26.5,74,0.0,25.95,9.86,7.51
3133,2025-07-01 12:00:00,25.1,82,0.0,25.4,10.13,7.36
3134,2025-07-01 13:00:00,24.5,86,0.0,24.83,10.33,7.32
3135,2025-07-01 14:00:00,24.3,87,0.0,24.37,10.45,7.24
3136,2025-07-01 15:00:00,23.8,89,0.0,23.9,10.59,7.28
3137,2025-07-01 16:00:00,23.0,93,0.0,23.33,10.79,7.18
3138,2025-07-01 17:00:00,22.6,95,0.0,22.81,10.94,7.14
3139,2025-07-01 18:00:00,22.1,98,0.0,22.3,11.11,7.2
3140,2025-07-01 19:00:00,22.1,97,0.0,21.94,11.17,7.16
3141,2025-07-01 20:00:00,22.1,97,0.0,21.69,11.23,7.2
3142,2025-07-01 21:00:00,22.0,97,0.0,21.48,11.27,7.29
3143,2025-07-01 22:00:00,21.7,97,0.0,21.25,11.32,7.28
3144,2025-07-01 23:00:00,21.7,97,0.0,21.08,11.36,7.32
3145,2025-07-02 00:00:00,21.6,97,0.0,20.94,11.39,7.41
3146,2025-07-02 01:00:00,22.4,95,0.0,21.08,11.32,7.49
3147,2025-07-02 02:00:00,23.0,92,0.0,21.35,11.2,7.62
3148,2025-07-02 03:00:00,24.7,83,0.0,22.06,10.86,7.69
3149,2025-07-02 04:00:00,25.8,78,0.0,22.88,10.59,7.66
3150,2025-07-02 05:00:00,28.1,66,0.0,24.15,10.08,7.71
3151,2025-07-02 06:00:00,29.3,61,0.0,25.39,9.73,7.71
3152,2025-07-02 07:00:00,30.3,56,0.6,26.56,9.4,7.58
3153,2025-07-02 08:00:00,29.5,61,2.2,27.15,9.37,7.57
3154,2025-07-02 09:00:00,28.1,68,0.0,27.13,9.5,7.64
3155,2025-07-02 10:00:00,27.6,70,0.0,26.97,9.57,7.51
3156,2025-07-02 11:00:00,26.9,73,0.2,26.65,9.7,7.52
3157,2025-07-02 12:00:00,25.7,78,0.0,26.07,9.91,7.4
3158,2025-07-02 13:00:00,24.1,87,0.0,25.18,10.27,7.41
3159,2025-07-02 14:00:00,24.0,86,0.0,24.52,10.39,7.31
3160,2025-07-02 15:00:00,23.1,92,0.0,23.8,10.67,7.24
3161,2025-07-02 16:00:00,23.0,94,0.0,23.26,10.82,7.17
3162,2025-07-02 17:00:00,22.9,93,0.0,22.85,10.89,7.1
3163,2025-07-02 18:00:00,22.5,95,0.0,22.45,11.02,7.14
3164,2025-07-02 19:00:00,22.4,96,0.0,22.13,11.11,7.09
3165,2025-07-02 20:00:00,22.3,96,0.0,21.88,11.16,7.17
3166,2025-07-02 21:00:00,22.4,93,0.0,21.74,11.13,7.21
3167,2025-07-02 22:00:00,22.0,96,0.0,21.52,11.24,7.28
3168,2025-07-02 23:00:00,21.7,96,0.0,21.27,11.3,7.31
3169,2025-07-03 00:00:00,21.5,97,0.0,21.04,11.37,7.38
3170,2025-07-03 01:00:00,22.5,94,0.0,21.18,11.28,7.52
3171,2025-07-03 02:00:00,22.4,93,0.0,21.24,11.24,7.54
3172,2025-07-03 03:00:00,23.1,90,0.0,21.5,11.12,7.7
3173,2025-07-03 04:00:00,25.1,80,0.0,22.28,10.75,7.72
3174,2025-07-03 05:00:00,26.1,75,0.0,23.13,10.47,7.78
3175,2025-07-03 06:00:00,27.4,71,0.0,24.11,10.19,7.78
3176,2025-07-03 07:00:00,27.9,68,0.0,24.95,9.96,7.76
3177,2025-07-03 08:00:00,29.0,61,0.0,25.86,9.63,7.7
3178,2025-07-03 09:00:00,28.3,63,0.0,26.29,9.58,7.58
3179,2025-07-03 10:00:00,26.9,72,0.0,26.18,9.78,7.56
3180,2025-07-03 11:00:00,26.5,75,0.0,25.97,9.88,7.45
3181,2025-07-03 12:00:00,25.2,80,0.0,25.44,10.08,7.36
3182,2025-07-03 13:00:00,24.9,84,0.0,24.98,10.26,7.32
3183,2025-07-03 14:00:00,24.5,80,0.0,24.54,10.27,7.23
3184,2025-07-03 15:00:00,24.0,85,0.0,24.07,10.47,7.26
3185,2025-07-03 16:00:00,23.4,90,0.0,23.57,10.68,7.05
3186,2025-07-03 17:00:00,22.6,94,0.0,22.98,10.88,7.05
3187,2025-07-03 18:00:00,22.2,94,0.0,22.45,11.0,7.16
3188,2025-07-03 19:00:00,22.0,96,0.0,22.01,11.14,7.22
3189,2025-07-03 20:00:00,22.0,95,0.0,21.71,11.18,7.18
3190,2025-07-03 21:00:00,21.7,96,0.0,21.41,11.27,7.25
3191,2025-07-03 22:00:00,21.8,96,0.0,21.22,11.31,7.34
3192,2025-07-03 23:00:00,21.5,96,0.0,21.01,11.36,7.38
3193,2025-07-04 00:00:00,21.4,97,0.0,20.82,11.42,7.45
3194,2025-07-04 01:00:00,22.6,91,0.0,21.06,11.24,7.6
3195,2025-07-04 02:00:00,24.1,83,0.0,21.67,10.94,7.53
3196,2025-07-04 03:00:00,25.6,76,0.0,22.55,10.61,7.59
3197,2025-07-04 04:00:00,27.3,68,0.0,23.67,10.22,7.67
3198,2025-07-04 05:00:00,28.1,65,0.0,24.7,9.95,7.75
3199,2025-07-04 06:00:00,29.8,56,0.0,25.93,9.53,7.75
3200,2025-07-04 07:00:00,30.4,56,0.0,26.97,9.32,7.69
3201,2025-07-04 08:00:00,30.8,54,0.0,27.82,9.11,7.59
3202,2025-07-04 09:00:00,30.2,57,0.0,28.23,9.08,7.55
3203,2025-07-04 10:00:00,29.5,58,0.0,28.31,9.08,7.59
3204,2025-07-04 11:00:00,28.6,63,0.0,28.1,9.21,7.44
3205,2025-07-04 12:00:00,27.2,70,0.0,27.53,9.46,7.39
3206,2025-07-04 13:00:00,25.0,85,0.0,26.47,9.96,7.31
3207,2025-07-04 14:00:00,24.9,80,0.0,25.7,10.03,7.31
3208,2025-07-04 15:00:00,23.8,89,0.0,24.83,10.39,7.25
3209,2025-07-04 16:00:00,22.9,94,0.0,23.95,10.67,7.17
3210,2025-07-04 17:00:00,22.7,95,0.0,23.28,10.84,7.11
3211,2025-07-04 18:00:00,23.0,93,0.0,22.89,10.88,7.16
3212,2025-07-04 19:00:00,22.4,95,0.0,22.45,11.02,7.15
3213,2025-07-04 20:00:00,21.8,98,0.0,21.95,11.19,7.16
3214,2025-07-04 21:00:00,21.6,99,0.0,21.55,11.3,7.18
3215,2025-07-04 22:00:00,21.8,98,0.0,21.32,11.33,7.3
3216,2025-07-04 23:00:00,21.6,99,0.0,21.11,11.4,7.33
3217,2025-07-05 00:00:00,21.8,98,0.0,21.01,11.4,7.43
3218,2025-07-05 01:00:00,22.4,94,0.0,21.13,11.29,7.51
3219,2025-07-05 02:00:00,23.2,89,0.0,21.45,11.11,7.48
3220,2025-07-05 03:00:00,24.9,81,0.0,22.19,10.79,7.59
3221,2025-07-05 04:00:00,26.2,75,0.0,23.09,10.48,7.65
3222,2025-07-05 05:00:00,28.0,67,0.0,24.26,10.08,7.8
3223,2025-07-05 06:00:00,29.6,58,0.0,25.56,9.64,7.75
3224,2025-07-05 07:00:00,30.1,55,0.0,26.62,9.37,7.67
3225,2025-07-05 08:00:00,29.5,59,0.0,27.19,9.33,7.54
3226,2025-07-05 09:00:00,29.5,55,0.0,27.58,9.17,7.63
3227,2025-07-05 10:00:00,28.9,61,0.0,27.68,9.26,7.61
3228,2025-07-05 11:00:00,27.5,66,0.0,27.32,9.43,7.46
3229,2025-07-05 12:00:00,26.6,74,0.0,26.81,9.68,7.27
3230,2025-07-05 13:00:00,25.0,82,0.0,25.96,10.01,7.39
3231,2025-07-05 14:00:00,24.9,82,0.0,25.35,10.14,7.27
3232,2025-07-05 15:00:00,24.7,80,0.0,24.85,10.21,7.29
3233,2025-07-05 16:00:00,24.4,82,0.1,24.42,10.34,7.12
3234,2025-07-05 17:00:00,23.7,85,0.0,23.9,10.51,7.11
3235,2025-07-05 18:00:00,23.0,92,0.0,23.33,10.77,7.15
3236,2025-07-05 19:00:00,22.2,96,0.0,22.69,10.99,7.19
3237,2025-07-05 20:00:00,22.3,94,0.0,22.27,11.04,7.23
3238,2025-07-05 21:00:00,21.9,96,0.0,21.86,11.17,7.24
3239,2025-07-05 22:00:00,21.6,98,0.0,21.48,11.29,7.29
3240,2025-07-05 23:00:00,21.8,96,0.0,21.28,11.3,7.27
3241,2025-07-06 00:00:00,21.5,98,0.0,21.04,11.39,7.47
3242,2025-07-06 01:00:00,23.3,84,0.0,21.42,11.02,7.4
3243,2025-07-06 02:00:00,23.9,84,0.0,21.86,10.92,7.65
3244,2025-07-06 03:00:00,25.3,77,0.0,22.6,10.63,7.67
3245,2025-07-06 04:00:00,27.3,68,0.0,23.71,10.21,7.75
3246,2025-07-06 05:00:00,29.1,58,0.0,25.02,9.75,7.63
3247,2025-07-06 06:00:00,29.8,55,0.0,26.16,9.46,7.72
3248,2025-07-06 07:00:00,30.2,54,0.0,27.07,9.26,7.73
3249,2025-07-06 08:00:00,30.1,55,0.0,27.68,9.15,7.61
3250,2025-07-06 09:00:00,29.6,57,0.0,27.96,9.14,7.62
3251,2025-07-06 10:00:00,29.5,56,0.0,28.12,9.08,7.54
3252,2025-07-06 11:00:00,28.4,61,0.0,27.9,9.22,7.5
3253,2025-07-06 12:00:00,26.8,70,0.0,27.27,9.51,7.34
3254,2025-07-06 13:00:00,24.6,86,0.0,26.17,10.04,7.34
3255,2025-07-06 14:00:00,23.5,92,0.0,25.07,10.39,7.26
3256,2025-07-06 15:00:00,23.0,94,0.0,24.15,10.63,7.17
3257,2025-07-06 16:00:00,22.8,93,0.0,23.44,10.76,7.21
3258,2025-07-06 17:00:00,22.8,92,0.0,22.95,10.85,7.13
3259,2025-07-06 18:00:00,22.5,93,0.0,22.52,10.97,7.12
3260,2025-07-06 19:00:00,22.2,94,0.0,22.12,11.07,7.15
3261,2025-07-06 20:00:00,22.2,94,0.0,21.84,11.13,7.2
3262,2025-07-06 21:00:00,22.2,93,0.0,21.65,11.15,7.19
3263,2025-07-06 22:00:00,22.2,93,0.0,21.52,11.18,7.29
3264,2025-07-06 23:00:00,21.9,96,0.0,21.33,11.28,7.33
3265,2025-07-07 00:00:00,21.9,94,0.0,21.2,11.27,7.35
3266,2025-07-07 01:00:00,23.1,87,0.0,21.47,11.07,7.57
3267,2025-07-07 02:00:00,23.5,85,0.0,21.78,10.96,7.54
3268,2025-07-07 03:00:00,24.7,80,0.0,22.36,10.74,7.63
3269,2025-07-07 04:00:00,26.1,74,0.0,23.18,10.44,7.6
3270,2025-07-07 05:00:00,27.6,67,0.0,24.21,10.09,7.77
3271,2025-07-07 06:00:00,28.4,63,0.0,25.16,9.82,7.7
3272,2025-07-07 07:00:00,29.5,58,0.0,26.16,9.52,7.75
3273,2025-07-07 08:00:00,30.4,54,0.0,27.14,9.25,7.63
3274,2025-07-07 09:00:00,29.8,57,0.0,27.63,9.2,7.54
3275,2025-07-07 10:00:00,28.5,63,0.0,27.59,9.32,7.51
3276,2025-07-07 11:00:00,27.5,69,0.0,27.27,9.49,7.51
3277,2025-07-07 12:00:00,26.1,76,0.0,26.62,9.76,7.4
3278,2025-07-07 13:00:00,24.7,85,0.0,25.74,10.11,7.28
3279,2025-07-07 14:00:00,24.0,89,0.0,24.92,10.37,7.27
3280,2025-07-07 15:00:00,23.5,91,0.0,24.19,10.56,7.26
3281,2025-07-07 16:00:00,22.9,94,0.0,23.51,10.77,7.14
3282,2025-07-07 17:00:00,22.8,93,0.0,22.99,10.86,7.18
3283,2025-07-07 18:00:00,22.1,96,0.0,22.43,11.05,7.13
3284,2025-07-07 19:00:00,22.0,98,0.0,22.0,11.18,7.08
3285,2025-07-07 20:00:00,22.0,98,0.0,21.7,11.25,7.19
3286,2025-07-07 21:00:00,21.9,98,0.0,21.46,11.3,7.16
3287,2025-07-07 22:00:00,21.8,98,0.0,21.26,11.34,7.19
3288,2025-07-07 23:00:00,21.9,96,0.0,21.15,11.32,7.41
3289,2025-07-08 00:00:00,21.6,97,0.0,20.99,11.38,7.49
3290,2025-07-08 01:00:00,22.8,94,0.0,21.23,11.26,7.48
3291,2025-07-08 02:00:00,23.7,90,0.0,21.67,11.09,7.55
3292,2025-07-08 03:00:00,25.6,79,0.0,22.55,10.68,7.64
3293,2025-07-08 04:00:00,28.1,68,0.0,23.92,10.17,7.7
3294,2025-07-08 05:00:00,30.0,60,0.2,25.44,9.7,7.71
3295,2025-07-08 06:00:00,31.0,54,0.0,26.81,9.31,7.63
3296,2025-07-08 07:00:00,31.5,50,0.0,27.92,9.02,7.62
3297,2025-07-08 08:00:00,31.9,48,0.0,28.81,8.8,7.69
3298,2025-07-08 09:00:00,31.0,54,0.0,29.17,8.84,7.52
3299,2025-07-08 10:00:00,30.6,56,0.0,29.3,8.85,7.54
3300,2025-07-08 11:00:00,29.3,61,0.0,29.0,8.99,7.38
3301,2025-07-08 12:00:00,28.0,66,0.0,28.4,9.21,7.39
3302,2025-07-08 13:00:00,27.2,69,0.0,27.74,9.4,7.23
3303,2025-07-08 14:00:00,25.8,75,0.0,26.86,9.69,7.25
3304,2025-07-08 15:00:00,24.8,82,0.0,25.94,10.01,7.15
3305,2025-07-08 16:00:00,23.6,90,0.0,24.94,10.38,7.15
3306,2025-07-08 17:00:00,23.1,93,0.0,24.09,10.62,7.17
3307,2025-07-08 18:00:00,22.7,94,0.0,23.37,10.8,7.12
3308,2025-07-08 19:00:00,22.6,94,0.0,22.84,10.91,7.17
3309,2025-07-08 20:00:00,22.4,95,0.0,22.41,11.03,7.23
3310,2025-07-08 21:00:00,21.9,98,0.0,21.96,11.19,7.26
3311,2025-07-08 22:00:00,21.8,98,0.0,21.61,11.26,7.17
3312,2025-07-08 23:00:00,21.5,98,0.0,21.28,11.34,7.36
3313,2025-07-09 00:00:00,21.9,95,0.0,21.16,11.3,7.39
3314,2025-07-09 01:00:00,22.5,93,0.0,21.26,11.24,7.49
3315,2025-07-09 02:00:00,23.1,90,0.0,21.52,11.12,7.58
3316,2025-07-09 03:00:00,24.9,81,0.0,22.23,10.78,7.65
3317,2025-07-09 04:00:00,27.0,71,0.0,23.36,10.34,7.72
3318,2025-07-09 05:00:00,29.4,61,0.0,24.87,9.84,7.74
3319,2025-07-09 06:00:00,31.0,53,0.7,26.41,9.37,7.7
3320,2025-07-09 07:00:00,31.1,54,0.6,27.52,9.17,7.7
3321,2025-07-09 08:00:00,31.5,51,0.9,28.41,8.94,7.56
3322,2025-07-09 09:00:00,30.8,56,1.4,28.83,8.94,7.54
3323,2025-07-09 10:00:00,30.1,58,0.0,28.91,8.96,7.4
3324,2025-07-09 11:00:00,29.3,62,0.0,28.73,9.07,7.43
3325,2025-07-09 12:00:00,27.7,69,0.0,28.12,9.32,7.34
3326,2025-07-09 13:00:00,26.4,79,0.0,27.3,9.67,7.43
3327,2025-07-09 14:00:00,25.2,84,0.0,26.37,9.96,7.22
3328,2025-07-09 15:00:00,24.1,90,0.0,25.39,10.28,7.15
3329,2025-07-09 16:00:00,23.8,91,0.0,24.61,10.47,7.27
3330,2025-07-09 17:00:00,23.7,90,0.0,24.04,10.58,7.13
3331,2025-07-09 18:00:00,23.4,92,0.0,23.55,10.72,7.21
3332,2025-07-09 19:00:00,23.2,92,0.0,23.14,10.81,7.18
3333,2025-07-09 20:00:00,22.8,94,0.0,22.74,10.94,7.16
3334,2025-07-09 21:00:00,22.5,94,0.0,22.37,11.02,7.23
3335,2025-07-09 22:00:00,22.2,96,0.0,22.02,11.13,7.26
3336,2025-07-09 23:00:00,22.4,95,0.0,21.83,11.15,7.35
3337,2025-07-10 00:00:00,22.2,94,0.0,21.64,11.18,7.42
3338,2025-07-10 01:00:00,23.0,94,0.0,21.75,11.15,7.46
3339,2025-07-10 02:00:00,23.6,89,0.0,22.0,10.99,7.68
3340,2025-07-10 03:00:00,24.8,82,0.0,22.54,10.74,7.62
3341,2025-07-10 04:00:00,26.2,75,0.0,23.34,10.43,7.69
3342,2025-07-10 05:00:00,28.8,63,0.0,24.68,9.92,7.73
3343,2025-07-10 06:00:00,31.1,54,0.0,26.3,9.41,7.67
3344,2025-07-10 07:00:00,31.1,53,1.0,27.44,9.17,7.6
3345,2025-07-10 08:00:00,30.8,58,3.4,28.15,9.11,7.47
3346,2025-07-10 09:00:00,30.5,61,1.2,28.56,9.08,7.56
3347,2025-07-10 10:00:00,29.7,64,5.6,28.6,9.13,7.32
3348,2025-07-10 11:00:00,28.7,69,0.0,28.33,9.27,7.51
3349,2025-07-10 12:00:00,27.5,71,0.0,27.78,9.42,7.38
3350,2025-07-10 13:00:00,25.9,83,0.1,26.92,9.83,7.29
3351,2025-07-10 14:00:00,25.1,86,0.0,26.07,10.06,7.26
3352,2025-07-10 15:00:00,24.4,90,0.5,25.27,10.31,7.19
3353,2025-07-10 16:00:00,23.9,94,0.4,24.56,10.54,7.16
3354,2025-07-10 17:00:00,23.2,96,1.9,23.85,10.73,7.06
3355,2025-07-10 18:00:00,23.0,98,0.8,23.3,10.9,7.09
3356,2025-07-10 19:00:00,22.8,99,2.4,22.85,11.01,7.04
3357,2025-07-10 20:00:00,22.7,99,0.5,22.5,11.09,7.15
3358,2025-07-10 21:00:00,22.5,98,0.1,22.2,11.13,7.28
3359,2025-07-10 22:00:00,22.3,98,0.1,21.93,11.19,7.25
3360,2025-07-10 23:00:00,22.2,98,0.1,21.71,11.24,7.39
3361,2025-07-11 00:00:00,22.1,98,0.2,21.53,11.28,7.5
3362,2025-07-11 01:00:00,23.0,98,0.0,21.67,11.25,7.46
3363,2025-07-11 02:00:00,23.5,95,0.0,21.92,11.14,7.5
3364,2025-07-11 03:00:00,24.2,91,0.0,22.3,10.97,7.69
3365,2025-07-11 04:00:00,25.0,86,0.0,22.81,10.76,7.75
3366,2025-07-11 05:00:00,26.4,78,0.0,23.59,10.44,7.65
3367,2025-07-11 06:00:00,27.9,70,0.0,24.58,10.07,7.7
3368,2025-07-11 07:00:00,29.0,65,0.0,25.61,9.76,7.63
3369,2025-07-11 08:00:00,29.1,63,0.0,26.36,9.57,7.59
3370,2025-07-11 09:00:00,29.1,62,0.0,26.88,9.45,7.72
3371,2025-07-11 10:00:00,27.6,72,0.0,26.8,9.65,7.48
3372,2025-07-11 11:00:00,27.5,70,0.0,26.71,9.63,7.36
3373,2025-07-11 12:00:00,25.6,80,0.0,26.07,9.95,7.38
3374,2025-07-11 13:00:00,25.0,87,0.0,25.45,10.21,7.37
3375,2025-07-11 14:00:00,24.0,91,0.0,24.72,10.45,7.27
3376,2025-07-11 15:00:00,23.4,92,0.0,24.02,10.62,7.27
3377,2025-07-11 16:00:00,23.0,95,0.0,23.42,10.81,7.17
3378,2025-07-11 17:00:00,22.6,96,0.0,22.87,10.95,7.15
3379,2025-07-11 18:00:00,22.7,95,0.0,22.52,11.0,7.04
3380,2025-07-11 19:00:00,22.5,95,0.0,22.21,11.07,7.14
3381,2025-07-11 20:00:00,22.5,94,0.0,22.0,11.1,7.19
3382,2025-07-11 21:00:00,22.2,94,0.0,21.76,11.15,7.22
3383,2025-07-11 22:00:00,22.1,95,0.0,21.56,11.21,7.24
3384,2025-07-11 23:00:00,22.1,95,0.0,21.42,11.24,7.31
3385,2025-07-12 00:00:00,21.6,97,0.0,21.18,11.34,7.41
3386,2025-07-12 01:00:00,22.6,94,0.0,21.3,11.25,7.6
3387,2025-07-12 02:00:00,23.1,92,0.0,21.54,11.16,7.65
3388,2025-07-12 03:00:00,24.4,86,0.0,22.1,10.91,7.62
3389,2025-07-12 04:00:00,25.6,80,0.0,22.85,10.63,7.72
3390,2025-07-12 05:00:00,26.8,75,0.0,23.73,10.35,7.77
3391,2025-07-12 06:00:00,28.0,69,0.0,24.71,10.02,7.59
3392,2025-07-12 07:00:00,28.4,67,0.0,25.52,9.82,7.66
3393,2025-07-12 08:00:00,29.6,61,0.0,26.44,9.52,7.66
3394,2025-07-12 09:00:00,30.1,58,0.0,27.24,9.3,7.57
3395,2025-07-12 10:00:00,29.4,61,0.0,27.59,9.28,7.45
3396,2025-07-12 11:00:00,28.0,67,0.0,27.41,9.43,7.49
3397,2025-07-12 12:00:00,27.0,70,0.0,26.99,9.57,7.47
3398,2025-07-12 13:00:00,26.4,78,0.0,26.51,9.82,7.27
3399,2025-07-12 14:00:00,25.2,85,0.0,25.82,10.1,7.26
3400,2025-07-12 15:00:00,24.6,89,0.0,25.15,10.32,7.26
3401,2025-07-12 16:00:00,24.0,91,0.0,24.51,10.49,7.14
3402,2025-07-12 17:00:00,23.9,92,0.0,24.02,10.62,7.07
3403,2025-07-12 18:00:00,23.5,95,0.0,23.57,10.78,7.2
3404,2025-07-12 19:00:00,23.5,95,0.0,23.25,10.85,7.16
3405,2025-07-12 20:00:00,23.2,96,0.0,22.93,10.93,7.16
3406,2025-07-12 21:00:00,23.3,95,0.0,22.74,10.96,7.14
3407,2025-07-12 22:00:00,23.8,91,0.1,22.76,10.87,7.31
3408,2025-07-12 23:00:00,22.8,94,0.0,22.47,10.99,7.47
3409,2025-07-13 00:00:00,22.0,96,0.0,22.03,11.13,7.4
3410,2025-07-13 01:00:00,22.7,97,0.0,21.93,11.17,7.48
3411,2025-07-13 02:00:00,23.5,93,0.0,22.1,11.06,7.52
3412,2025-07-13 03:00:00,24.5,86,0.0,22.52,10.82,7.53
3413,2025-07-13 04:00:00,26.4,76,0.0,23.38,10.44,7.56
3414,2025-07-13 05:00:00,27.9,70,0.0,24.44,10.1,7.72
3415,2025-07-13 06:00:00,29.0,64,0.0,25.51,9.76,7.72
3416,2025-07-13 07:00:00,30.0,60,0.0,26.56,9.47,7.71
3417,2025-07-13 08:00:00,29.4,62,0.0,27.11,9.4,7.68
3418,2025-07-13 09:00:00,29.6,61,0.0,27.56,9.29,7.63
3419,2025-07-13 10:00:00,29.0,63,0.0,27.69,9.3,7.62
3420,2025-07-13 11:00:00,27.8,69,0.0,27.42,9.46,7.49
3421,2025-07-13 12:00:00,26.5,75,0.0,26.85,9.69,7.39
3422,2025-07-13 13:00:00,24.9,85,0.0,25.96,10.07,7.39
3423,2025-07-13 14:00:00,23.8,92,0.0,25.01,10.4,7.27
3424,2025-07-13 15:00:00,23.5,93,0.0,24.26,10.59,7.3
3425,2025-07-13 16:00:00,23.4,93,0.0,23.7,10.71,7.16
3426,2025-07-13 17:00:00,23.1,94,0.0,23.22,10.83,7.11
3427,2025-07-13 18:00:00,22.9,96,0.0,22.82,10.96,7.09
3428,2025-07-13 19:00:00,22.8,96,0.1,22.52,11.03,7.23
3429,2025-07-13 20:00:00,22.4,98,0.0,22.18,11.14,7.13
3430,2025-07-13 21:00:00,22.5,97,0.0,21.98,11.16,7.23
3431,2025-07-13 22:00:00,22.4,97,0.0,21.8,11.2,7.35
3432,2025-07-13 23:00:00,22.1,97,0.0,21.59,11.25,7.42
3433,2025-07-14 00:00:00,21.6,98,0.0,21.3,11.33,7.43
3434,2025-07-14 01:00:00,22.3,98,0.0,21.3,11.33,7.5
3435,2025-07-14 02:00:00,23.1,94,0.0,21.54,11.2,7.64
3436,2025-07-14 03:00:00,24.4,85,0.0,22.1,10.89,7.56
3437,2025-07-14 04:00:00,25.0,81,0.0,22.67,10.69,7.76
3438,2025-07-14 05:00:00,26.8,71,0.0,23.61,10.29,7.73
3439,2025-07-14 06:00:00,28.0,65,0.0,24.63,9.97,7.74
3440,2025-07-14 07:00:00,28.6,60,0.0,25.52,9.69,7.74
3441,2025-07-14 08:00:00,28.9,59,0.0,26.23,9.52,7.7
3442,2025-07-14 09:00:00,29.4,55,0.0,26.88,9.32,7.59
3443,2025-07-14 10:00:00,28.5,60,0.0,27.07,9.37,7.61
3444,2025-07-14 11:00:00,27.4,65,0.0,26.87,9.5,7.47
3445,2025-07-14 12:00:00,25.6,74,0.0,26.19,9.81,7.42
3446,2025-07-14 13:00:00,24.1,87,0.0,25.26,10.25,7.29
3447,2025-07-14 14:00:00,23.5,87,0.0,24.43,10.43,7.26
3448,2025-07-14 15:00:00,22.5,95,0.3,23.55,10.78,7.23
3449,2025-07-14 16:00:00,22.0,98,0.3,22.79,11.01,7.3
3450,2025-07-14 17:00:00,22.1,98,1.1,22.28,11.12,7.06
3451,2025-07-14 18:00:00,22.1,98,0.3,21.93,11.2,7.09
3452,2025-07-14 19:00:00,22.0,98,0.0,21.65,11.26,7.11
3453,2025-07-14 20:00:00,21.9,98,0.0,21.42,11.31,7.24
3454,2025-07-14 21:00:00,22.0,98,0.0,21.3,11.33,7.31
3455,2025-07-14 22:00:00,22.1,97,0.0,21.24,11.33,7.26
3456,2025-07-14 23:00:00,21.9,96,0.0,21.14,11.33,7.33
3457,2025-07-15 00:00:00,21.6,97,0.0,20.98,11.38,7.4
3458,2025-07-15 01:00:00,23.1,90,0.0,21.31,11.16,7.53
3459,2025-07-15 02:00:00,23.6,87,0.0,21.7,11.02,7.53
3460,2025-07-15 03:00:00,24.5,83,0.0,22.24,10.82,7.6
3461,2025-07-15 04:00:00,25.4,79,0.0,22.89,10.6,7.7
3462,2025-07-15 05:00:00,27.4,69,0.0,23.94,10.18,7.75
3463,2025-07-15 06:00:00,28.8,63,0.0,25.1,9.83,7.76
3464,2025-07-15 07:00:00,29.2,60,0.0,26.03,9.58,7.73
3465,2025-07-15 08:00:00,29.0,61,0.0,26.62,9.48,7.65
3466,2025-07-15 09:00:00,28.2,65,0.0,26.79,9.52,7.62
3467,2025-07-15 10:00:00,28.4,65,0.0,26.98,9.48,7.54
3468,2025-07-15 11:00:00,27.4,68,0.0,26.8,9.57,7.43
3469,2025-07-15 12:00:00,25.8,78,0.0,26.2,9.88,7.41
3470,2025-07-15 13:00:00,25.6,79,0.0,25.72,10.0,7.27
3471,2025-07-15 14:00:00,24.6,85,0.0,25.09,10.25,7.29
3472,2025-07-15 15:00:00,24.0,89,0.0,24.46,10.47,7.17
3473,2025-07-15 16:00:00,23.4,91,0.0,23.84,10.64,7.2
3474,2025-07-15 17:00:00,23.2,92,0.0,23.35,10.76,7.09
3475,2025-07-15 18:00:00,22.8,93,0.0,22.88,10.89,7.15
3476,2025-07-15 19:00:00,22.5,95,0.0,22.47,11.02,7.12
3477,2025-07-15 20:00:00,22.6,94,0.0,22.21,11.05,7.17
3478,2025-07-15 21:00:00,22.6,93,0.0,22.03,11.07,7.17
3479,2025-07-15 22:00:00,22.5,93,0.0,21.87,11.11,7.29
3480,2025-07-15 23:00:00,22.0,94,0.0,21.61,11.18,7.41
3481,2025-07-16 00:00:00,21.8,96,0.0,21.37,11.28,7.57
3482,2025-07-16 01:00:00,22.6,95,0.0,21.44,11.24,7.51
3483,2025-07-16 02:00:00,23.1,93,0.0,21.64,11.16,7.6
3484,2025-07-16 03:00:00,24.6,84,0.0,22.22,10.85,7.65
3485,2025-07-16 04:00:00,27.6,68,0.0,23.54,10.25,7.63
3486,2025-07-16 05:00:00,27.5,68,0.1,24.43,10.06,7.67
3487,2025-07-16 06:00:00,26.9,73,0.2,24.87,10.07,7.72
3488,2025-07-16 07:00:00,26.2,77,0.2,24.97,10.13,7.68
3489,2025-07-16 08:00:00,28.6,65,0.3,25.76,9.73,7.68
3490,2025-07-16 09:00:00,27.7,70,0.3,26.04,9.77,7.7
3491,2025-07-16 10:00:00,28.2,67,0.0,26.39,9.64,7.54
3492,2025-07-16 11:00:00,27.7,68,0.0,26.48,9.64,7.51
3493,2025-07-16 12:00:00,25.8,78,0.0,25.98,9.93,7.43
3494,2025-07-16 13:00:00,23.1,93,0.1,24.81,10.47,7.29
3495,2025-07-16 14:00:00,22.0,99,1.9,23.67,10.83,7.28
3496,2025-07-16 15:00:00,22.1,98,5.1,22.9,10.98,7.1
3497,2025-07-16 16:00:00,22.6,92,6.1,22.51,10.95,7.03
3498,2025-07-16 17:00:00,22.2,94,3.5,22.12,11.07,7.0
3499,2025-07-16 18:00:00,22.0,97,5.1,21.78,11.21,6.97
3500,2025-07-16 19:00:00,22.2,96,4.0,21.61,11.22,7.03
3501,2025-07-16 20:00:00,22.1,97,2.6,21.45,11.28,7.11
3502,2025-07-16 21:00:00,21.8,99,1.5,21.26,11.36,7.17
3503,2025-07-16 22:00:00,21.5,98,2.9,21.03,11.39,7.16
3504,2025-07-16 23:00:00,21.5,98,1.5,20.87,11.43,7.34
3505,2025-07-17 00:00:00,21.4,98,1.2,20.73,11.46,7.38
3506,2025-07-17 01:00:00,21.9,98,0.0,20.78,11.45,7.54
3507,2025-07-17 02:00:00,21.9,97,0.0,20.82,11.42,7.71
3508,2025-07-17 03:00:00,22.2,96,0.0,20.93,11.37,7.56
3509,2025-07-17 04:00:00,24.0,86,0.0,21.55,11.03,7.6
3510,2025-07-17 05:00:00,26.2,77,0.0,22.65,10.61,7.68
3511,2025-07-17 06:00:00,27.5,72,0.0,23.8,10.27,7.79
3512,2025-07-17 07:00:00,28.5,67,0.2,24.91,9.94,7.62
3513,2025-07-17 08:00:00,28.3,67,0.5,25.63,9.8,7.6
3514,2025-07-17 09:00:00,28.1,69,2.6,26.07,9.74,7.45
3515,2025-07-17 10:00:00,27.4,73,0.2,26.17,9.8,7.51
3516,2025-07-17 11:00:00,26.2,78,0.0,25.88,9.95,7.54
3517,2025-07-17 12:00:00,25.4,82,0.0,25.43,10.12,7.38
3518,2025-07-17 13:00:00,24.0,89,0.0,24.7,10.41,7.38
3519,2025-07-17 14:00:00,23.5,93,0.0,24.04,10.63,7.29
3520,2025-07-17 15:00:00,23.0,95,0.3,23.43,10.81,7.16
3521,2025-07-17 16:00:00,22.7,96,0.3,22.91,10.94,7.15
3522,2025-07-17 17:00:00,22.5,98,0.1,22.49,11.07,7.14
3523,2025-07-17 18:00:00,22.4,98,0.0,22.16,11.14,7.06
3524,2025-07-17 19:00:00,22.2,98,0.0,21.87,11.21,7.18
3525,2025-07-17 20:00:00,22.1,98,0.0,21.64,11.26,7.24
3526,2025-07-17 21:00:00,22.2,97,0.0,21.51,11.27,7.29
3527,2025-07-17 22:00:00,22.2,96,0.0,21.42,11.27,7.34
3528,2025-07-17 23:00:00,22.1,97,0.0,21.32,11.31,7.47
3529,2025-07-18 00:00:00,21.8,98,0.0,21.16,11.36,7.48
3530,2025-07-18 01:00:00,22.7,96,0.0,21.33,11.29,7.49
3531,2025-07-18 02:00:00,23.1,93,0.0,21.56,11.17,7.67
3532,2025-07-18 03:00:00,24.0,89,0.0,21.99,11.0,7.65
3533,2025-07-18 04:00:00,24.6,87,0.0,22.47,10.85,7.68
3534,2025-07-18 05:00:00,24.5,88,0.1,22.78,10.81,7.76
3535,2025-07-18 06:00:00,24.3,89,0.4,22.94,10.79,7.75
3536,2025-07-18 07:00:00,25.7,83,0.4,23.47,10.56,7.76
3537,2025-07-18 08:00:00,25.8,82,0.0,23.87,10.46,7.67
3538,2025-07-18 09:00:00,25.8,81,0.1,24.15,10.38,7.57
3539,2025-07-18 10:00:00,25.3,85,0.2,24.19,10.44,7.5
3540,2025-07-18 11:00:00,24.3,90,0.3,23.92,10.6,7.44
3541,2025-07-18 12:00:00,23.8,92,0.2,23.59,10.71,7.26
3542,2025-07-18 13:00:00,23.7,95,2.3,23.32,10.83,7.27
3543,2025-07-18 14:00:00,23.2,96,0.0,22.98,10.92,7.29
3544,2025-07-18 15:00:00,23.2,96,0.0,22.75,10.97,7.24
3545,2025-07-18 16:00:00,22.9,96,0.0,22.49,11.03,7.19
3546,2025-07-18 17:00:00,22.4,97,0.0,22.17,11.12,7.15
3547,2025-07-18 18:00:00,22.2,97,0.0,21.88,11.19,7.02
3548,2025-07-18 19:00:00,22.3,97,0.0,21.7,11.22,7.12
3549,2025-07-18 20:00:00,22.2,97,0.0,21.55,11.26,7.21
3550,2025-07-18 21:00:00,22.2,96,0.0,21.45,11.26,7.19
3551,2025-07-18 22:00:00,22.1,97,0.0,21.34,11.3,7.3
3552,2025-07-18 23:00:00,22.0,96,0.0,21.24,11.3,7.37
3553,2025-07-19 00:00:00,21.8,97,0.0,21.11,11.35,7.5
3554,2025-07-19 01:00:00,22.1,98,0.1,21.11,11.38,7.58
3555,2025-07-19 02:00:00,22.7,95,0.0,21.28,11.27,7.59
3556,2025-07-19 03:00:00,23.0,93,0.0,21.5,11.19,7.66
3557,2025-07-19 04:00:00,24.4,86,0.1,22.07,10.92,7.63
3558,2025-07-19 05:00:00,24.3,87,0.3,22.44,10.86,7.64
3559,2025-07-19 06:00:00,25.6,82,0.3,23.09,10.62,7.62
3560,2025-07-19 07:00:00,27.0,75,0.3,23.96,10.3,7.77
3561,2025-07-19 08:00:00,26.9,72,0.2,24.54,10.12,7.61
3562,2025-07-19 09:00:00,25.3,81,0.3,24.47,10.31,7.6
3563,2025-07-19 10:00:00,24.4,86,1.1,24.15,10.47,7.52
3564,2025-07-19 11:00:00,23.0,96,1.2,23.5,10.81,7.42
3565,2025-07-19 12:00:00,22.8,96,1.2,22.99,10.92,7.4
3566,2025-07-19 13:00:00,23.1,93,0.0,22.73,10.92,7.32
3567,2025-07-19 14:00:00,22.5,97,0.0,22.36,11.08,7.23
3568,2025-07-19 15:00:00,22.1,98,0.0,21.98,11.18,7.26
3569,2025-07-19 16:00:00,22.1,98,0.0,21.72,11.24,7.23
3570,2025-07-19 17:00:00,22.1,98,0.0,21.53,11.28,7.17
3571,2025-07-19 18:00:00,21.9,97,0.0,21.34,11.3,7.16
3572,2025-07-19 19:00:00,21.5,98,0.0,21.09,11.38,7.06
3573,2025-07-19 20:00:00,21.5,97,0.0,20.91,11.4,7.18
3574,2025-07-19 21:00:00,21.5,97,0.0,20.79,11.42,7.25
3575,2025-07-19 22:00:00,21.5,97,0.0,20.7,11.44,7.3
3576,2025-07-19 23:00:00,21.5,96,0.0,20.64,11.44,7.39
3577,2025-07-20 00:00:00,21.5,97,0.0,20.6,11.47,7.45
3578,2025-07-20 01:00:00,22.0,95,0.0,20.72,11.4,7.54
3579,2025-07-20 02:00:00,22.1,96,0.0,20.83,11.39,7.63
3580,2025-07-20 03:00:00,22.8,93,0.0,21.12,11.27,7.65
3581,2025-07-20 04:00:00,23.6,90,0.0,21.57,11.11,7.87
3582,2025-07-20 05:00:00,24.6,85,0.0,22.18,10.88,7.69
3583,2025-07-20 06:00:00,26.8,76,0.0,23.26,10.46,7.65
3584,2025-07-20 07:00:00,26.7,75,0.0,23.99,10.29,7.76
3585,2025-07-20 08:00:00,27.2,72,1.1,24.66,10.09,7.65
3586,2025-07-20 09:00:00,26.9,75,0.3,25.03,10.07,7.66
3587,2025-07-20 10:00:00,25.4,82,0.5,24.84,10.25,7.56
3588,2025-07-20 11:00:00,24.8,86,0.3,24.53,10.39,7.55
3589,2025-07-20 12:00:00,23.6,93,0.5,23.95,10.65,7.38
3590,2025-07-20 13:00:00,22.9,95,0.3,23.33,10.83,7.26
3591,2025-07-20 14:00:00,22.7,96,0.2,22.84,10.95,7.28
3592,2025-07-20 15:00:00,22.5,97,0.0,22.44,11.06,7.15
3593,2025-07-20 16:00:00,22.2,98,0.0,22.07,11.16,7.15
3594,2025-07-20 17:00:00,22.0,98,0.0,21.75,11.23,7.23
3595,2025-07-20 18:00:00,21.8,99,0.0,21.46,11.32,7.12
3596,2025-07-20 19:00:00,21.8,98,0.0,21.26,11.34,7.05
3597,2025-07-20 20:00:00,21.7,99,0.2,21.1,11.4,7.11
3598,2025-07-20 21:00:00,21.7,99,0.2,20.98,11.42,7.3
3599,2025-07-20 22:00:00,21.8,98,0.0,20.92,11.42,7.23
3600,2025-07-20 23:00:00,21.7,98,0.0,20.86,11.43,7.37
3601,2025-07-21 00:00:00,21.8,98,0.0,20.84,11.43,7.43
3602,2025-07-21 01:00:00,22.0,98,0.2,20.89,11.42,7.48
3603,2025-07-21 02:00:00,22.2,97,0.2,20.98,11.38,7.51
3604,2025-07-21 03:00:00,23.4,90,0.2,21.41,11.14,7.63
3605,2025-07-21 04:00:00,23.8,86,0.5,21.82,10.97,7.69
3606,2025-07-21 05:00:00,23.6,90,1.7,22.06,11.0,7.63
3607,2025-07-21 06:00:00,23.4,91,0.5,22.16,11.0,7.8
3608,2025-07-21 07:00:00,23.2,94,1.6,22.17,11.06,7.63
3609,2025-07-21 08:00:00,24.0,90,0.1,22.42,10.93,7.75
3610,2025-07-21 09:00:00,25.0,86,0.0,22.89,10.74,7.61
3611,2025-07-21 10:00:00,24.8,87,0.1,23.17,10.7,7.55
3612,2025-07-21 11:00:00,24.0,91,0.1,23.12,10.79,7.58
3613,2025-07-21 12:00:00,23.2,93,0.0,22.84,10.89,7.4
3614,2025-07-21 13:00:00,22.8,96,0.0,22.53,11.02,7.4
3615,2025-07-21 14:00:00,22.5,97,0.0,22.22,11.11,7.24
3616,2025-07-21 15:00:00,22.4,98,0.0,21.97,11.18,7.24
3617,2025-07-21 16:00:00,22.1,98,0.0,21.71,11.24,7.29
3618,2025-07-21 17:00:00,21.6,98,0.5,21.38,11.32,7.05
3619,2025-07-21 18:00:00,21.5,99,0.1,21.11,11.39,7.22
3620,2025-07-21 19:00:00,21.5,98,0.0,20.93,11.41,7.17
3621,2025-07-21 20:00:00,21.5,98,0.0,20.8,11.44,7.11
3622,2025-07-21 21:00:00,21.5,98,0.0,20.71,11.46,7.2
3623,2025-07-21 22:00:00,21.5,99,0.1,20.65,11.5,7.29
3624,2025-07-21 23:00:00,21.6,99,0.3,20.63,11.5,7.4
3625,2025-07-22 00:00:00,21.5,99,1.0,20.59,11.51,7.36
3626,2025-07-22 01:00:00,22.0,99,0.2,20.72,11.48,7.5
3627,2025-07-22 02:00:00,22.2,98,0.1,20.86,11.43,7.55
3628,2025-07-22 03:00:00,22.5,96,0.0,21.05,11.35,7.64
3629,2025-07-22 04:00:00,22.8,95,0.0,21.28,11.28,7.66
3630,2025-07-22 05:00:00,23.2,92,0.0,21.55,11.15,7.8
3631,2025-07-22 06:00:00,24.1,87,0.0,22.02,10.95,7.8
3632,2025-07-22 07:00:00,25.5,80,0.0,22.76,10.65,7.66
3633,2025-07-22 08:00:00,25.6,81,0.1,23.31,10.55,7.64
3634,2025-07-22 09:00:00,25.5,81,0.0,23.67,10.48,7.69
3635,2025-07-22 10:00:00,24.3,87,0.0,23.56,10.62,7.51
3636,2025-07-22 11:00:00,23.4,92,0.0,23.21,10.79,7.57
3637,2025-07-22 12:00:00,23.1,92,0.0,22.88,10.87,7.44
3638,2025-07-22 13:00:00,23.5,90,0.0,22.76,10.85,7.49
3639,2025-07-22 14:00:00,22.8,95,0.0,22.48,11.01,7.22
3640,2025-07-22 15:00:00,22.6,95,0.0,22.21,11.07,7.22
3641,2025-07-22 16:00:00,22.2,96,0.0,21.91,11.16,7.09
3642,2025-07-22 17:00:00,22.1,96,0.0,21.67,11.21,7.08
3643,2025-07-22 18:00:00,21.9,98,0.0,21.44,11.3,7.08
3644,2025-07-22 19:00:00,21.7,98,0.0,21.22,11.35,7.11
3645,2025-07-22 20:00:00,21.7,98,0.0,21.06,11.39,7.18
3646,2025-07-22 21:00:00,21.5,98,0.0,20.89,11.42,7.27
3647,2025-07-22 22:00:00,21.8,96,0.0,20.86,11.39,7.23
3648,2025-07-22 23:00:00,21.5,97,0.0,20.76,11.43,7.41
3649,2025-07-23 00:00:00,21.5,96,0.0,20.68,11.43,7.39
3650,2025-07-23 01:00:00,22.1,97,0.2,20.81,11.42,7.49
3651,2025-07-23 02:00:00,22.0,97,0.3,20.86,11.41,7.61
3652,2025-07-23 03:00:00,22.6,93,0.2,21.08,11.28,7.67
3653,2025-07-23 04:00:00,23.0,91,0.2,21.36,11.18,7.64
3654,2025-07-23 05:00:00,23.0,91,1.3,21.55,11.13,7.65
3655,2025-07-23 06:00:00,23.8,90,1.1,21.93,11.03,7.63
3656,2025-07-23 07:00:00,24.0,88,0.3,22.25,10.92,7.72
3657,2025-07-23 08:00:00,24.5,86,0.1,22.62,10.8,7.72
3658,2025-07-23 09:00:00,23.9,89,0.1,22.71,10.84,7.54
3659,2025-07-23 10:00:00,24.1,88,0.0,22.82,10.8,7.54
3660,2025-07-23 11:00:00,23.5,91,0.3,22.73,10.88,7.52
3661,2025-07-23 12:00:00,22.5,97,1.0,22.36,11.08,7.28
3662,2025-07-23 13:00:00,23.9,87,0.0,22.52,10.84,7.37
3663,2025-07-23 14:00:00,23.1,90,0.0,22.39,10.93,7.29
3664,2025-07-23 15:00:00,23.0,90,0.0,22.28,10.96,7.25
3665,2025-07-23 16:00:00,22.8,90,0.0,22.13,10.99,7.1
3666,2025-07-23 17:00:00,22.4,93,0.0,21.91,11.1,7.22
3667,2025-07-23 18:00:00,22.1,94,0.0,21.67,11.17,7.13
3668,2025-07-23 19:00:00,22.1,93,0.0,21.5,11.19,7.15
3669,2025-07-23 20:00:00,22.1,93,0.0,21.38,11.21,7.16
3670,2025-07-23 21:00:00,21.9,94,0.0,21.24,11.26,7.22
3671,2025-07-23 22:00:00,21.8,95,0.0,21.1,11.31,7.32
3672,2025-07-23 23:00:00,21.8,96,0.0,21.01,11.35,7.38
3673,2025-07-24 00:00:00,21.5,96,0.0,20.86,11.39,7.53
3674,2025-07-24 01:00:00,22.0,96,0.0,20.9,11.38,7.45
3675,2025-07-24 02:00:00,22.6,92,0.0,21.11,11.25,7.58
3676,2025-07-24 03:00:00,23.2,91,0.0,21.44,11.16,7.59
3677,2025-07-24 04:00:00,24.5,85,0.0,22.06,10.9,7.71
3678,2025-07-24 05:00:00,25.5,81,0.0,22.79,10.66,7.76
3679,2025-07-24 06:00:00,25.6,81,0.0,23.33,10.55,7.73
3680,2025-07-24 07:00:00,26.0,80,0.0,23.83,10.42,7.65
3681,2025-07-24 08:00:00,25.9,79,0.0,24.15,10.34,7.65
3682,2025-07-24 09:00:00,26.2,77,0.0,24.47,10.23,7.58
3683,2025-07-24 10:00:00,26.1,77,0.0,24.66,10.19,7.58
3684,2025-07-24 11:00:00,24.7,85,0.0,24.37,10.41,7.48
3685,2025-07-24 12:00:00,23.3,91,0.0,23.75,10.66,7.35
3686,2025-07-24 13:00:00,23.0,95,0.0,23.22,10.85,7.36
3687,2025-07-24 14:00:00,22.6,95,0.1,22.74,10.96,7.28
3688,2025-07-24 15:00:00,22.4,96,0.0,22.34,11.07,7.24
3689,2025-07-24 16:00:00,22.5,94,0.0,22.09,11.08,7.14
3690,2025-07-24 17:00:00,22.5,94,0.0,21.91,11.12,7.1
3691,2025-07-24 18:00:00,22.2,94,0.1,21.7,11.16,7.21
3692,2025-07-24 19:00:00,22.5,91,0.0,21.64,11.11,7.15
3693,2025-07-24 20:00:00,22.4,92,0.1,21.57,11.15,7.12
3694,2025-07-24 21:00:00,22.4,90,0.0,21.52,11.12,7.22
3695,2025-07-24 22:00:00,22.3,91,0.0,21.45,11.16,7.27
3696,2025-07-24 23:00:00,22.0,94,0.0,21.32,11.25,7.34
3697,2025-07-25 00:00:00,22.1,92,0.0,21.25,11.22,7.43
3698,2025-07-25 01:00:00,22.5,95,0.1,21.33,11.26,7.42
3699,2025-07-25 02:00:00,22.5,94,0.1,21.38,11.23,7.5
3700,2025-07-25 03:00:00,23.2,90,0.0,21.62,11.1,7.54
3701,2025-07-25 04:00:00,23.5,89,0.0,21.89,11.02,7.73
3702,2025-07-25 05:00:00,25.1,80,0.0,22.55,10.7,7.77
3703,2025-07-25 06:00:00,24.7,81,0.0,22.9,10.64,7.78
3704,2025-07-25 07:00:00,26.4,73,0.0,23.65,10.32,7.77
3705,2025-07-25 08:00:00,26.7,72,0.0,24.26,10.18,7.65
3706,2025-07-25 09:00:00,26.5,74,0.0,24.63,10.14,7.7
3707,2025-07-25 10:00:00,26.1,77,0.0,24.77,10.17,7.62
3708,2025-07-25 11:00:00,24.6,85,0.0,24.42,10.4,7.49
3709,2025-07-25 12:00:00,23.8,87,0.1,23.94,10.54,7.34
3710,2025-07-25 13:00:00,23.9,87,0.1,23.62,10.61,7.35
3711,2025-07-25 14:00:00,23.6,86,0.0,23.32,10.65,7.3
3712,2025-07-25 15:00:00,22.8,91,0.1,22.86,10.85,7.27
3713,2025-07-25 16:00:00,22.9,87,0.0,22.57,10.83,7.18
3714,2025-07-25 17:00:00,22.9,87,0.0,22.37,10.88,7.2
3715,2025-07-25 18:00:00,22.5,91,0.0,22.11,11.01,7.15
3716,2025-07-25 19:00:00,22.1,92,0.0,21.81,11.1,7.14
3717,2025-07-25 20:00:00,22.0,91,0.0,21.56,11.13,7.19
3718,2025-07-25 21:00:00,21.8,93,0.0,21.34,11.22,7.23
3719,2025-07-25 22:00:00,21.8,93,0.0,21.17,11.26,7.23
3720,2025-07-25 23:00:00,21.4,96,0.0,20.94,11.37,7.31
3721,2025-07-26 00:00:00,21.4,94,0.0,20.78,11.36,7.43
3722,2025-07-26 01:00:00,22.0,95,0.5,20.85,11.37,7.46
3723,2025-07-26 02:00:00,22.3,93,0.1,20.98,11.3,7.56
3724,2025-07-26 03:00:00,23.2,88,0.0,21.35,11.12,7.7
3725,2025-07-26 04:00:00,24.3,85,0.0,21.93,10.93,7.74
3726,2025-07-26 05:00:00,24.9,81,0.0,22.52,10.72,7.69
3727,2025-07-26 06:00:00,26.1,75,0.0,23.3,10.44,7.7
3728,2025-07-26 07:00:00,25.9,76,0.0,23.78,10.36,7.75
3729,2025-07-26 08:00:00,27.0,71,0.2,24.44,10.12,7.7
3730,2025-07-26 09:00:00,24.9,87,0.8,24.28,10.46,7.63
3731,2025-07-26 10:00:00,24.0,93,1.0,23.9,10.67,7.51
3732,2025-07-26 11:00:00,23.8,89,0.8,23.57,10.66,7.37
3733,2025-07-26 12:00:00,23.7,87,0.1,23.31,10.67,7.35
3734,2025-07-26 13:00:00,23.1,89,0.3,22.95,10.79,7.39
3735,2025-07-26 14:00:00,22.6,92,0.4,22.54,10.94,7.33
3736,2025-07-26 15:00:00,22.5,93,0.1,22.23,11.03,7.23
3737,2025-07-26 16:00:00,22.7,91,0.1,22.07,11.02,7.13
3738,2025-07-26 17:00:00,22.9,90,0.1,22.02,11.01,7.09
3739,2025-07-26 18:00:00,22.5,92,0.1,21.86,11.09,7.22
3740,2025-07-26 19:00:00,22.3,92,0.0,21.69,11.12,7.12
3741,2025-07-26 20:00:00,22.1,94,0.1,21.52,11.2,7.17
3742,2025-07-26 21:00:00,22.0,94,0.1,21.36,11.24,7.28
3743,2025-07-26 22:00:00,21.9,93,0.0,21.22,11.25,7.37
3744,2025-07-26 23:00:00,22.1,92,0.0,21.19,11.23,7.35
3745,2025-07-27 00:00:00,21.8,95,0.0,21.07,11.32,7.39
3746,2025-07-27 01:00:00,21.9,98,0.0,21.02,11.39,7.5
3747,2025-07-27 02:00:00,22.4,96,0.0,21.13,11.33,7.62
3748,2025-07-27 03:00:00,23.0,92,0.0,21.39,11.19,7.69
3749,2025-07-27 04:00:00,23.9,87,0.0,21.85,10.99,7.68
3750,2025-07-27 05:00:00,25.0,82,0.0,22.49,10.75,7.76
3751,2025-07-27 06:00:00,25.1,82,0.0,22.97,10.65,7.77
3752,2025-07-27 07:00:00,26.5,77,0.0,23.73,10.39,7.77
3753,2025-07-27 08:00:00,26.9,74,0.0,24.38,10.19,7.67
3754,2025-07-27 09:00:00,26.0,78,0.0,24.57,10.23,7.66
3755,2025-07-27 10:00:00,25.4,81,0.0,24.52,10.3,7.49
3756,2025-07-27 11:00:00,24.8,84,0.0,24.3,10.4,7.44
3757,2025-07-27 12:00:00,24.4,86,0.0,24.03,10.5,7.44
3758,2025-07-27 13:00:00,23.8,91,0.0,23.66,10.68,7.35
3759,2025-07-27 14:00:00,22.9,94,0.0,23.13,10.85,7.23
3760,2025-07-27 15:00:00,22.2,98,0.0,22.55,11.06,7.16
3761,2025-07-27 16:00:00,21.9,98,0.0,22.06,11.17,7.13
3762,2025-07-27 17:00:00,21.8,98,0.0,21.68,11.25,7.1
3763,2025-07-27 18:00:00,21.6,99,0.0,21.36,11.34,7.18
3764,2025-07-27 19:00:00,21.7,97,0.0,21.16,11.34,7.23
3765,2025-07-27 20:00:00,21.5,97,0.0,20.96,11.39,7.18
3766,2025-07-27 21:00:00,21.3,98,0.0,20.76,11.45,7.25
3767,2025-07-27 22:00:00,21.0,98,0.0,20.53,11.5,7.29
3768,2025-07-27 23:00:00,20.8,98,0.0,20.31,11.55,7.36
3769,2025-07-28 00:00:00,20.8,98,0.0,20.16,11.58,7.47
3770,2025-07-28 01:00:00,21.5,96,0.0,20.26,11.52,7.52
3771,2025-07-28 02:00:00,22.4,93,0.0,20.6,11.38,7.66
3772,2025-07-28 03:00:00,24.1,84,0.0,21.35,11.03,7.64
3773,2025-07-28 04:00:00,25.9,76,0.0,22.42,10.64,7.62
3774,2025-07-28 05:00:00,27.5,70,0.0,23.64,10.27,7.62
3775,2025-07-28 06:00:00,28.4,67,0.2,24.77,9.97,7.65
3776,2025-07-28 07:00:00,29.2,64,0.4,25.8,9.7,7.71
3777,2025-07-28 08:00:00,30.1,61,1.5,26.79,9.45,7.51
3778,2025-07-28 09:00:00,30.5,58,0.4,27.6,9.22,7.59
3779,2025-07-28 10:00:00,30.0,59,0.7,28.02,9.16,7.49
3780,2025-07-28 11:00:00,29.2,64,0.6,28.08,9.24,7.43
3781,2025-07-28 12:00:00,27.7,70,0.0,27.66,9.43,7.45
3782,2025-07-28 13:00:00,26.4,75,0.0,26.98,9.66,7.28
3783,2025-07-28 14:00:00,25.0,81,0.0,26.09,9.96,7.34
3784,2025-07-28 15:00:00,24.4,84,0.0,25.28,10.19,7.17
3785,2025-07-28 16:00:00,23.9,87,0.0,24.57,10.4,7.13
3786,2025-07-28 17:00:00,23.4,89,0.0,23.92,10.58,7.06
3787,2025-07-28 18:00:00,22.9,89,0.0,23.31,10.71,7.1
3788,2025-07-28 19:00:00,22.6,88,0.0,22.8,10.8,7.12
3789,2025-07-28 20:00:00,22.1,90,0.0,22.29,10.95,7.21
3790,2025-07-28 21:00:00,21.8,91,0.0,21.84,11.07,7.25
3791,2025-07-28 22:00:00,21.3,92,0.0,21.38,11.19,7.28
3792,2025-07-28 23:00:00,21.1,94,0.0,21.0,11.32,7.39
3793,2025-07-29 00:00:00,20.9,97,0.0,20.67,11.45,7.47
3794,2025-07-29 01:00:00,21.6,87,0.0,20.65,11.25,7.52
3795,2025-07-29 02:00:00,23.0,83,0.0,21.05,11.08,7.6
3796,2025-07-29 03:00:00,24.9,78,0.0,21.91,10.79,7.65
3797,2025-07-29 04:00:00,27.0,71,0.0,23.13,10.39,7.68
3798,2025-07-29 05:00:00,28.5,65,0.0,24.44,10.0,7.72
3799,2025-07-29 06:00:00,30.0,60,0.2,25.81,9.63,7.62
3800,2025-07-29 07:00:00,31.2,53,0.1,27.13,9.23,7.65
3801,2025-07-29 08:00:00,31.6,49,0.0,28.17,8.95,7.63
3802,2025-07-29 09:00:00,31.0,52,0.0,28.72,8.89,7.55
3803,2025-07-29 10:00:00,30.6,54,0.0,28.98,8.87,7.57
3804,2025-07-29 11:00:00,29.4,59,0.0,28.81,9.0,7.5
3805,2025-07-29 12:00:00,28.0,64,0.0,28.27,9.2,7.4
3806,2025-07-29 13:00:00,26.5,73,0.0,27.44,9.53,7.45
3807,2025-07-29 14:00:00,25.2,79,0.0,26.47,9.85,7.26
3808,2025-07-29 15:00:00,24.2,85,0.0,25.49,10.17,7.22
3809,2025-07-29 16:00:00,23.5,89,0.0,24.59,10.44,7.19
3810,2025-07-29 17:00:00,23.0,92,0.0,23.81,10.66,7.13
3811,2025-07-29 18:00:00,22.5,94,0.0,23.12,10.85,7.1
3812,2025-07-29 19:00:00,22.0,96,0.0,22.48,11.03,7.2
3813,2025-07-29 20:00:00,21.8,97,0.0,21.98,11.16,7.15
3814,2025-07-29 21:00:00,21.5,97,0.0,21.53,11.26,7.23
3815,2025-07-29 22:00:00,21.2,99,0.0,21.13,11.39,7.3
3816,2025-07-29 23:00:00,21.1,99,0.0,20.82,11.46,7.34
3817,2025-07-30 00:00:00,20.9,99,0.0,20.55,11.52,7.44
3818,2025-07-30 01:00:00,22.0,95,0.0,20.68,11.41,7.55
3819,2025-07-30 02:00:00,23.1,90,0.0,21.11,11.21,7.54
3820,2025-07-30 03:00:00,25.0,82,0.0,21.98,10.86,7.65
3821,2025-07-30 04:00:00,27.1,72,0.0,23.21,10.4,7.77
3822,2025-07-30 05:00:00,28.5,66,0.0,24.5,10.01,7.77
3823,2025-07-30 06:00:00,29.9,60,0.1,25.82,9.62,7.64
3824,2025-07-30 07:00:00,30.6,58,0.2,26.95,9.36,7.62
3825,2025-07-30 08:00:00,30.7,58,0.6,27.78,9.19,7.62
3826,2025-07-30 09:00:00,30.6,57,0.8,28.32,9.06,7.51
3827,2025-07-30 10:00:00,29.5,62,0.4,28.38,9.14,7.47
3828,2025-07-30 11:00:00,29.5,60,0.0,28.41,9.1,7.4
3829,2025-07-30 12:00:00,28.4,63,0.0,28.11,9.21,7.39
3830,2025-07-30 13:00:00,26.7,74,0.0,27.39,9.56,7.35
3831,2025-07-30 14:00:00,25.5,80,0.0,26.52,9.85,7.26
3832,2025-07-30 15:00:00,24.5,85,0.0,25.61,10.14,7.18
3833,2025-07-30 16:00:00,23.8,90,0.0,24.77,10.42,7.25
3834,2025-07-30 17:00:00,23.5,92,0.0,24.09,10.6,7.19
3835,2025-07-30 18:00:00,23.0,94,0.0,23.46,10.78,7.27
3836,2025-07-30 19:00:00,22.6,95,0.0,22.9,10.92,7.13
3837,2025-07-30 20:00:00,22.4,95,0.0,22.45,11.02,7.16
3838,2025-07-30 21:00:00,22.3,94,0.0,22.11,11.07,7.22
3839,2025-07-30 22:00:00,22.0,96,0.0,21.77,11.19,7.23
3840,2025-07-30 23:00:00,22.0,96,0.0,21.54,11.24,7.28
3841,2025-07-31 00:00:00,21.8,97,0.0,21.32,11.31,7.31
3842,2025-07-31 01:00:00,22.8,96,0.0,21.46,11.26,7.57
3843,2025-07-31 02:00:00,23.5,91,0.0,21.77,11.09,7.65
3844,2025-07-31 03:00:00,24.8,84,0.0,22.38,10.81,7.54
3845,2025-07-31 04:00:00,26.5,75,0.0,23.32,10.43,7.73
3846,2025-07-31 05:00:00,28.5,66,0.0,24.57,10.0,7.64
3847,2025-07-31 06:00:00,30.0,59,0.4,25.9,9.59,7.66
3848,2025-07-31 07:00:00,30.6,56,0.9,27.01,9.31,7.52
3849,2025-07-31 08:00:00,30.2,60,1.8,27.67,9.25,7.57
3850,2025-07-31 09:00:00,29.5,63,1.2,27.92,9.25,7.54
3851,2025-07-31 10:00:00,29.5,64,0.0,28.09,9.23,7.54
3852,2025-07-31 11:00:00,28.5,67,0.0,27.91,9.32,7.45
3853,2025-07-31 12:00:00,27.0,74,0.0,27.34,9.57,7.42
3854,2025-07-31 13:00:00,25.9,83,0.0,26.61,9.89,7.21
3855,2025-07-31 14:00:00,24.9,88,0.0,25.8,10.16,7.29
3856,2025-07-31 15:00:00,24.3,91,0.0,25.05,10.38,7.24
3857,2025-07-31 16:00:00,23.8,93,0.0,24.37,10.56,7.16
3858,2025-07-31 17:00:00,23.4,95,0.0,23.78,10.73,7.13
3859,2025-07-31 18:00:00,23.0,97,0.0,23.25,10.89,7.09
3860,2025-07-31 19:00:00,22.6,98,0.0,22.75,11.01,7.09
3861,2025-07-31 20:00:00,22.5,98,0.0,22.38,11.1,7.2
3862,2025-07-31 21:00:00,22.4,98,0.0,22.08,11.16,7.25
3863,2025-07-31 22:00:00,22.3,97,0.0,21.85,11.19,7.22
3864,2025-07-31 23:00:00,22.0,99,0.0,21.59,11.29,7.42
3865,2025-08-01 00:00:00,21.8,99,0.0,21.36,11.34,7.44
3866,2025-08-01 01:00:00,22.6,97,0.0,21.43,11.28,7.56
3867,2025-08-01 02:00:00,23.5,93,0.0,21.75,11.13,7.64
3868,2025-08-01 03:00:00,25.2,83,0.0,22.49,10.77,7.7
3869,2025-08-01 04:00:00,27.2,74,0.0,23.6,10.35,7.64
3870,2025-08-01 05:00:00,28.4,69,0.0,24.74,10.02,7.7
3871,2025-08-01 06:00:00,29.5,61,0.2,25.87,9.63,7.63
3872,2025-08-01 07:00:00,30.2,60,1.0,26.87,9.41,7.68
3873,2025-08-01 08:00:00,29.9,62,0.9,27.48,9.32,7.51
3874,2025-08-01 09:00:00,29.5,66,1.1,27.78,9.33,7.58
3875,2025-08-01 10:00:00,29.1,67,0.0,27.88,9.33,7.56
3876,2025-08-01 11:00:00,28.7,69,0.5,27.83,9.38,7.48
3877,2025-08-01 12:00:00,26.6,78,0.0,27.16,9.68,7.34
3878,2025-08-01 13:00:00,25.7,83,0.0,26.42,9.93,7.34
3879,2025-08-01 14:00:00,24.6,90,0.0,25.57,10.24,7.24
3880,2025-08-01 15:00:00,24.1,93,0.0,24.83,10.46,7.22
3881,2025-08-01 16:00:00,23.7,94,0.0,24.19,10.62,7.09
3882,2025-08-01 17:00:00,23.3,97,0.0,23.62,10.8,7.11
3883,2025-08-01 18:00:00,23.2,96,0.0,23.2,10.88,7.07
3884,2025-08-01 19:00:00,22.9,98,0.0,22.81,11.0,7.02
3885,2025-08-01 20:00:00,22.8,98,0.0,22.51,11.07,7.23
3886,2025-08-01 21:00:00,22.7,98,0.0,22.26,11.12,7.23
3887,2025-08-01 22:00:00,22.7,98,0.0,22.09,11.16,7.27
3888,2025-08-01 23:00:00,22.7,98,0.0,21.98,11.18,7.29
3889,2025-08-02 00:00:00,22.8,97,0.1,21.92,11.18,7.43
3890,2025-08-02 01:00:00,22.6,98,0.0,21.83,11.22,7.49
3891,2025-08-02 02:00:00,23.0,97,0.0,21.88,11.19,7.57
3892,2025-08-02 03:00:00,24.8,87,0.0,22.45,10.86,7.7
3893,2025-08-02 04:00:00,26.2,79,0.0,23.28,10.52,7.62
3894,2025-08-02 05:00:00,27.0,74,0.1,24.09,10.25,7.63
3895,2025-08-02 06:00:00,29.0,66,0.0,25.27,9.85,7.7
3896,2025-08-02 07:00:00,29.0,65,1.3,26.09,9.66,7.69
3897,2025-08-02 08:00:00,28.9,68,1.0,26.63,9.61,7.56
3898,2025-08-02 09:00:00,28.9,65,1.1,27.01,9.47,7.52
3899,2025-08-02 10:00:00,29.3,66,0.9,27.4,9.41,7.45
3900,2025-08-02 11:00:00,26.9,77,2.4,26.95,9.71,7.34
3901,2025-08-02 12:00:00,26.0,81,0.0,26.36,9.91,7.38
3902,2025-08-02 13:00:00,24.2,88,0.1,25.41,10.24,7.29
3903,2025-08-02 14:00:00,23.7,92,0.1,24.6,10.49,7.21
3904,2025-08-02 15:00:00,22.8,97,0.0,23.76,10.77,7.15
3905,2025-08-02 16:00:00,22.5,98,0.0,23.08,10.94,7.17
3906,2025-08-02 17:00:00,22.9,96,0.0,22.73,10.98,7.14
3907,2025-08-02 18:00:00,22.9,96,0.0,22.48,11.03,7.15
3908,2025-08-02 19:00:00,22.6,97,0.1,22.22,11.11,7.14
3909,2025-08-02 20:00:00,22.4,99,0.3,21.97,11.21,7.18
3910,2025-08-02 21:00:00,22.5,98,0.3,21.83,11.22,7.1
3911,2025-08-02 22:00:00,22.2,99,0.5,21.64,11.28,7.22
3912,2025-08-02 23:00:00,22.0,99,0.5,21.45,11.32,7.35
3913,2025-08-03 00:00:00,22.1,98,0.3,21.34,11.32,7.4
3914,2025-08-03 01:00:00,21.9,99,0.0,21.21,11.37,7.51
3915,2025-08-03 02:00:00,22.1,98,0.0,21.18,11.36,7.53
3916,2025-08-03 03:00:00,23.4,92,0.0,21.54,11.16,7.66
3917,2025-08-03 04:00:00,25.0,84,0.0,22.28,10.83,7.69
3918,2025-08-03 05:00:00,26.5,77,0.0,23.25,10.49,7.67
3919,2025-08-03 06:00:00,28.0,73,0.0,24.37,10.17,7.78
3920,2025-08-03 07:00:00,27.2,76,1.5,24.92,10.12,7.58
3921,2025-08-03 08:00:00,27.5,71,0.2,25.39,9.92,7.67
3922,2025-08-03 09:00:00,26.8,77,3.1,25.52,10.01,7.48
3923,2025-08-03 10:00:00,25.8,82,0.0,25.3,10.15,7.49
3924,2025-08-03 11:00:00,25.6,83,0.3,25.09,10.21,7.46
3925,2025-08-03 12:00:00,24.4,91,0.3,24.58,10.48,7.35
3926,2025-08-03 13:00:00,24.0,91,0.1,24.11,10.58,7.36
3927,2025-08-03 14:00:00,23.2,93,0.1,23.54,10.74,7.25
3928,2025-08-03 15:00:00,22.9,94,0.0,23.05,10.87,7.22
3929,2025-08-03 16:00:00,22.5,96,0.0,22.58,11.01,7.11
3930,2025-08-03 17:00:00,22.5,95,0.0,22.26,11.06,7.22
3931,2025-08-03 18:00:00,22.4,94,0.0,22.0,11.1,7.17
3932,2025-08-03 19:00:00,21.8,96,0.0,21.64,11.22,7.18
3933,2025-08-03 20:00:00,21.6,96,0.0,21.33,11.29,7.08
3934,2025-08-03 21:00:00,21.4,98,0.3,21.05,11.39,7.29
3935,2025-08-03 22:00:00,21.3,98,0.6,20.82,11.44,7.28
3936,2025-08-03 23:00:00,21.4,98,0.1,20.7,11.46,7.33
3937,2025-08-04 00:00:00,21.5,98,0.0,20.64,11.48,7.51
3938,2025-08-04 01:00:00,22.5,98,0.0,20.9,11.42,7.57
3939,2025-08-04 02:00:00,22.6,98,0.1,21.11,11.37,7.56
3940,2025-08-04 03:00:00,23.0,96,0.1,21.38,11.27,7.68
3941,2025-08-04 04:00:00,25.1,86,0.0,22.19,10.89,7.69
3942,2025-08-04 05:00:00,26.6,78,0.0,23.21,10.51,7.67
3943,2025-08-04 06:00:00,27.6,72,0.0,24.23,10.18,7.73
3944,2025-08-04 07:00:00,27.7,71,0.0,24.97,10.01,7.72
3945,2025-08-04 08:00:00,28.6,65,0.0,25.76,9.73,7.8
3946,2025-08-04 09:00:00,29.5,61,0.0,26.58,9.49,7.67
3947,2025-08-04 10:00:00,28.3,67,0.0,26.8,9.55,7.49
3948,2025-08-04 11:00:00,27.5,71,0.0,26.71,9.65,7.44
3949,2025-08-04 12:00:00,26.4,79,0.0,26.32,9.88,7.32
3950,2025-08-04 13:00:00,25.2,86,0.0,25.68,10.15,7.28
3951,2025-08-04 14:00:00,24.4,91,0.0,25.0,10.39,7.28
3952,2025-08-04 15:00:00,24.1,93,0.0,24.43,10.55,7.21
3953,2025-08-04 16:00:00,23.6,95,0.0,23.88,10.71,7.14
3954,2025-08-04 17:00:00,23.4,96,0.0,23.44,10.82,7.14
3955,2025-08-04 18:00:00,23.1,97,0.0,23.03,10.93,7.22
3956,2025-08-04 19:00:00,22.8,98,0.0,22.66,11.03,7.22
3957,2025-08-04 20:00:00,22.6,99,0.0,22.35,11.12,7.16
3958,2025-08-04 21:00:00,22.5,99,0.0,22.09,11.18,7.24
3959,2025-08-04 22:00:00,22.5,98,0.1,21.91,11.2,7.26
3960,2025-08-04 23:00:00,22.5,97,0.0,21.79,11.2,7.34
3961,2025-08-05 00:00:00,22.2,98,0.0,21.61,11.26,7.46
3962,2025-08-05 01:00:00,22.6,97,0.0,21.61,11.24,7.38
3963,2025-08-05 02:00:00,23.2,94,0.0,21.79,11.14,7.67
3964,2025-08-05 03:00:00,24.3,87,0.0,22.24,10.9,7.63
3965,2025-08-05 04:00:00,25.5,80,0.0,22.92,10.62,7.67
3966,2025-08-05 05:00:00,26.9,71,0.0,23.81,10.25,7.72
3967,2025-08-05 06:00:00,28.1,65,0.0,24.8,9.93,7.72
3968,2025-08-05 07:00:00,29.1,61,0.5,25.79,9.65,7.69
3969,2025-08-05 08:00:00,28.1,69,0.2,26.18,9.72,7.66
3970,2025-08-05 09:00:00,28.9,65,0.0,26.7,9.54,7.61
3971,2025-08-05 10:00:00,28.0,69,0.0,26.79,9.59,7.58
3972,2025-08-05 11:00:00,27.2,72,0.0,26.61,9.69,7.46
3973,2025-08-05 12:00:00,25.5,82,0.0,25.98,10.01,7.35
3974,2025-08-05 13:00:00,23.9,90,0.0,25.05,10.36,7.31
3975,2025-08-05 14:00:00,23.2,94,0.0,24.2,10.62,7.25
3976,2025-08-05 15:00:00,22.9,94,0.0,23.51,10.77,7.08
3977,2025-08-05 16:00:00,22.5,97,0.0,22.91,10.96,7.05
3978,2025-08-05 17:00:00,22.3,97,0.0,22.42,11.07,7.1
3979,2025-08-05 18:00:00,22.2,98,0.0,22.06,11.17,7.12
3980,2025-08-05 19:00:00,22.2,97,0.0,21.8,11.2,7.24
3981,2025-08-05 20:00:00,22.0,97,0.0,21.56,11.26,7.09
3982,2025-08-05 21:00:00,21.9,97,0.0,21.36,11.3,7.24
3983,2025-08-05 22:00:00,21.5,98,0.0,21.1,11.38,7.22
3984,2025-08-05 23:00:00,21.3,99,0.0,20.86,11.45,7.43
3985,2025-08-06 00:00:00,21.2,99,0.0,20.66,11.49,7.48
3986,2025-08-06 01:00:00,21.8,99,0.1,20.7,11.48,7.52
3987,2025-08-06 02:00:00,22.1,97,0.0,20.82,11.42,7.56
3988,2025-08-06 03:00:00,23.5,89,0.0,21.33,11.14,7.73
3989,2025-08-06 04:00:00,25.1,80,0.0,22.16,10.78,7.7
3990,2025-08-06 05:00:00,27.1,72,0.0,23.34,10.37,7.73
3991,2025-08-06 06:00:00,28.5,66,0.0,24.59,9.99,7.7
3992,2025-08-06 07:00:00,29.2,61,0.3,25.67,9.67,7.76
3993,2025-08-06 08:00:00,30.2,56,0.5,26.73,9.36,7.63
3994,2025-08-06 09:00:00,30.4,55,0.6,27.53,9.18,7.63
3995,2025-08-06 10:00:00,29.8,58,0.4,27.91,9.16,7.51
3996,2025-08-06 11:00:00,28.8,63,0.1,27.88,9.26,7.43
3997,2025-08-06 12:00:00,27.1,70,0.0,27.34,9.5,7.28
3998,2025-08-06 13:00:00,25.2,80,0.0,26.4,9.88,7.35
3999,2025-08-06 14:00:00,24.6,84,0.0,25.56,10.13,7.33
4000,2025-08-06 15:00:00,24.0,87,0.0,24.79,10.35,7.26
4001,2025-08-06 16:00:00,23.4,91,0.0,24.07,10.59,7.22
4002,2025-08-06 17:00:00,23.1,92,0.0,23.48,10.74,7.19
4003,2025-08-06 18:00:00,22.7,94,0.0,22.95,10.89,7.18
4004,2025-08-06 19:00:00,22.4,96,0.0,22.48,11.03,7.11
4005,2025-08-06 20:00:00,22.4,96,0.0,22.16,11.1,7.12
4006,2025-08-06 21:00:00,22.4,94,0.0,21.93,11.11,7.26
4007,2025-08-06 22:00:00,22.3,95,0.0,21.74,11.17,7.31
4008,2025-08-06 23:00:00,22.1,96,0.0,21.55,11.24,7.43
4009,2025-08-07 00:00:00,22.0,97,0.0,21.38,11.29,7.49
4010,2025-08-07 01:00:00,22.6,94,0.0,21.45,11.22,7.54
4011,2025-08-07 02:00:00,23.2,92,0.0,21.67,11.13,7.63
4012,2025-08-07 03:00:00,24.5,85,0.0,22.22,10.87,7.67
4013,2025-08-07 04:00:00,26.2,75,0.0,23.12,10.48,7.78
4014,2025-08-07 05:00:00,27.8,69,0.0,24.22,10.13,7.72
4015,2025-08-07 06:00:00,29.4,61,0.0,25.47,9.71,7.72
4016,2025-08-07 07:00:00,30.1,57,0.0,26.56,9.42,7.74
4017,2025-08-07 08:00:00,30.8,56,0.0,27.53,9.2,7.7
4018,2025-08-07 09:00:00,30.6,57,0.0,28.15,9.09,7.55
4019,2025-08-07 10:00:00,29.8,63,0.0,28.35,9.16,7.49
4020,2025-08-07 11:00:00,28.5,67,0.0,28.09,9.29,7.48
4021,2025-08-07 12:00:00,27.0,73,0.0,27.47,9.53,7.34
4022,2025-08-07 13:00:00,25.1,83,0.0,26.46,9.92,7.34
4023,2025-08-07 14:00:00,24.2,88,0.0,25.48,10.23,7.24
4024,2025-08-07 15:00:00,23.9,89,0.0,24.71,10.41,7.13
4025,2025-08-07 16:00:00,23.4,92,0.0,24.01,10.62,7.09
4026,2025-08-07 17:00:00,23.1,93,0.0,23.44,10.76,7.08
4027,2025-08-07 18:00:00,22.8,94,0.0,22.95,10.89,7.16
4028,2025-08-07 19:00:00,22.7,94,0.0,22.57,10.97,7.1
4029,2025-08-07 20:00:00,22.5,96,0.0,22.25,11.08,7.19
4030,2025-08-07 21:00:00,22.2,98,0.0,21.94,11.19,7.22
4031,2025-08-07 22:00:00,22.1,98,0.0,21.69,11.25,7.31
4032,2025-08-07 23:00:00,22.1,97,0.0,21.51,11.27,7.45
4033,2025-08-08 00:00:00,22.2,96,0.0,21.42,11.27,7.5
4034,2025-08-08 01:00:00,22.7,96,0.0,21.5,11.25,7.45
4035,2025-08-08 02:00:00,23.4,92,0.0,21.77,11.11,7.75
4036,2025-08-08 03:00:00,24.8,85,0.0,22.38,10.83,7.56
4037,2025-08-08 04:00:00,26.4,75,0.0,23.29,10.44,7.72
4038,2025-08-08 05:00:00,27.8,67,0.0,24.34,10.06,7.69
4039,2025-08-08 06:00:00,28.8,60,0.0,25.38,9.71,7.64
4040,2025-08-08 07:00:00,30.3,54,0.0,26.55,9.36,7.65
4041,2025-08-08 08:00:00,30.9,55,0.0,27.56,9.18,7.64
4042,2025-08-08 09:00:00,28.8,67,1.2,27.63,9.38,7.54
4043,2025-08-08 10:00:00,28.4,66,0.0,27.56,9.38,7.56
4044,2025-08-08 11:00:00,27.2,72,0.0,27.15,9.57,7.53
4045,2025-08-08 12:00:00,26.5,75,0.0,26.66,9.73,7.37
4046,2025-08-08 13:00:00,24.6,85,0.0,25.74,10.11,7.41
4047,2025-08-08 14:00:00,23.9,91,0.0,24.89,10.41,7.21
4048,2025-08-08 15:00:00,23.6,92,0.0,24.2,10.58,7.2
4049,2025-08-08 16:00:00,23.4,92,0.0,23.66,10.7,7.12
4050,2025-08-08 17:00:00,23.2,94,0.0,23.22,10.83,7.11
4051,2025-08-08 18:00:00,23.1,94,0.0,22.89,10.9,7.22
4052,2025-08-08 19:00:00,23.0,94,0.0,22.62,10.96,7.25
4053,2025-08-08 20:00:00,22.8,95,0.0,22.37,11.04,7.19
4054,2025-08-08 21:00:00,22.5,97,0.0,22.11,11.13,7.21
4055,2025-08-08 22:00:00,22.2,98,0.0,21.84,11.21,7.29
4056,2025-08-08 23:00:00,22.5,97,0.0,21.74,11.22,7.39
4057,2025-08-09 00:00:00,22.9,93,0.0,21.79,11.12,7.5
4058,2025-08-09 01:00:00,22.7,96,0.0,21.76,11.19,7.56
4059,2025-08-09 02:00:00,23.5,91,0.0,21.98,11.04,7.6
4060,2025-08-09 03:00:00,25.0,81,0.0,22.59,10.71,7.66
4061,2025-08-09 04:00:00,26.7,71,0.0,23.52,10.31,7.73
4062,2025-08-09 05:00:00,28.6,61,0.0,24.74,9.86,7.77
4063,2025-08-09 06:00:00,29.9,57,0.0,25.99,9.53,7.81
4064,2025-08-09 07:00:00,29.5,61,0.7,26.74,9.45,7.6
4065,2025-08-09 08:00:00,28.9,64,0.0,27.09,9.44,7.64
4066,2025-08-09 09:00:00,29.5,62,0.3,27.51,9.32,7.65
4067,2025-08-09 10:00:00,28.2,67,1.0,27.42,9.43,7.45
4068,2025-08-09 11:00:00,26.8,75,0.0,26.93,9.67,7.43
4069,2025-08-09 12:00:00,26.0,77,0.0,26.35,9.83,7.43
4070,2025-08-09 13:00:00,24.8,85,0.0,25.59,10.15,7.34
4071,2025-08-09 14:00:00,24.0,90,0.0,24.81,10.41,7.21
4072,2025-08-09 15:00:00,23.5,94,0.0,24.12,10.64,7.17
4073,2025-08-09 16:00:00,23.4,95,0.0,23.6,10.77,7.18
4074,2025-08-09 17:00:00,23.6,92,0.0,23.3,10.77,7.16
4075,2025-08-09 18:00:00,23.5,94,0.0,23.06,10.87,7.18
4076,2025-08-09 19:00:00,23.1,96,0.0,22.77,10.97,7.12
4077,2025-08-09 20:00:00,22.9,97,0.1,22.51,11.05,7.17
4078,2025-08-09 21:00:00,22.8,97,0.1,22.3,11.09,7.22
4079,2025-08-09 22:00:00,22.6,98,0.1,22.09,11.16,7.37
4080,2025-08-09 23:00:00,22.2,99,0.1,21.82,11.24,7.42
4081,2025-08-10 00:00:00,22.2,99,0.0,21.64,11.28,7.42
4082,2025-08-10 01:00:00,22.5,98,0.0,21.59,11.27,7.53
4083,2025-08-10 02:00:00,23.1,95,0.0,21.75,11.17,7.61
4084,2025-08-10 03:00:00,24.4,87,0.0,22.24,10.9,7.68
4085,2025-08-10 04:00:00,25.8,79,0.0,23.01,10.58,7.65
4086,2025-08-10 05:00:00,27.2,70,0.1,23.97,10.2,7.66
4087,2025-08-10 06:00:00,28.3,65,1.6,24.97,9.89,7.6
4088,2025-08-10 07:00:00,28.8,65,1.3,25.82,9.72,7.59
4089,2025-08-10 08:00:00,28.9,66,3.4,26.44,9.61,7.58
4090,2025-08-10 09:00:00,27.5,72,5.7,26.46,9.72,7.45
4091,2025-08-10 10:00:00,27.4,72,0.9,26.44,9.72,7.51
4092,2025-08-10 11:00:00,26.3,78,0.0,26.1,9.91,7.44
4093,2025-08-10 12:00:00,25.1,83,0.0,25.5,10.13,7.38
4094,2025-08-10 13:00:00,24.8,87,0.0,24.99,10.31,7.32
4095,2025-08-10 14:00:00,23.4,94,0.0,24.21,10.62,7.19
4096,2025-08-10 15:00:00,23.2,94,0.0,23.61,10.75,7.2
4097,2025-08-10 16:00:00,22.9,96,0.0,23.1,10.9,7.1
4098,2025-08-10 17:00:00,22.5,97,0.0,22.62,11.02,7.13
4099,2025-08-10 18:00:00,22.4,97,0.0,22.25,11.1,7.11
4100,2025-08-10 19:00:00,22.2,97,0.0,21.94,11.17,7.21
4101,2025-08-10 20:00:00,22.1,97,0.1,21.69,11.23,7.09
4102,2025-08-10 21:00:00,22.1,97,0.0,21.51,11.27,7.13
4103,2025-08-10 22:00:00,21.8,98,0.0,21.3,11.33,7.2
4104,2025-08-10 23:00:00,21.7,99,0.0,21.12,11.39,7.36
4105,2025-08-11 00:00:00,21.6,98,0.0,20.96,11.41,7.47
4106,2025-08-11 01:00:00,22.8,96,0.0,21.21,11.31,7.47
4107,2025-08-11 02:00:00,23.2,92,0.0,21.51,11.16,7.6
4108,2025-08-11 03:00:00,23.9,89,0.0,21.93,11.01,7.69
4109,2025-08-11 04:00:00,25.8,79,0.0,22.79,10.62,7.76
4110,2025-08-11 05:00:00,27.5,69,1.1,23.9,10.19,7.72
4111,2025-08-11 06:00:00,28.5,67,0.8,24.98,9.93,7.63
4112,2025-08-11 07:00:00,29.4,62,2.7,26.01,9.62,7.59
4113,2025-08-11 08:00:00,28.5,65,7.1,26.45,9.59,7.53
4114,2025-08-11 09:00:00,28.1,64,0.0,26.65,9.53,7.62
4115,2025-08-11 10:00:00,27.4,69,0.0,26.57,9.64,7.49
4116,2025-08-11 11:00:00,25.8,77,0.0,26.04,9.9,7.41
4117,2025-08-11 12:00:00,24.7,82,0.0,25.34,10.14,7.42
4118,2025-08-11 13:00:00,24.5,83,0.0,24.79,10.28,7.35
4119,2025-08-11 14:00:00,23.6,89,0.0,24.13,10.54,7.29
4120,2025-08-11 15:00:00,23.0,92,0.0,23.49,10.73,7.18
4121,2025-08-11 16:00:00,22.5,93,0.0,22.89,10.88,7.23
4122,2025-08-11 17:00:00,22.3,95,0.0,22.42,11.03,7.23
4123,2025-08-11 18:00:00,22.0,97,0.0,21.99,11.16,7.1
4124,2025-08-11 19:00:00,22.0,97,0.0,21.69,11.23,7.09
4125,2025-08-11 20:00:00,22.0,96,0.0,21.49,11.25,7.23
4126,2025-08-11 21:00:00,21.9,96,0.0,21.31,11.29,7.33
4127,2025-08-11 22:00:00,21.5,98,0.0,21.07,11.38,7.3
4128,2025-08-11 23:00:00,21.5,97,0.0,20.9,11.4,7.4
4129,2025-08-12 00:00:00,21.3,98,0.0,20.72,11.46,7.37
4130,2025-08-12 01:00:00,22.1,97,0.0,20.83,11.41,7.48
4131,2025-08-12 02:00:00,23.1,91,0.0,21.21,11.21,7.63
4132,2025-08-12 03:00:00,24.6,82,0.0,21.93,10.87,7.67
4133,2025-08-12 04:00:00,26.2,74,0.1,22.91,10.5,7.7
4134,2025-08-12 05:00:00,27.1,68,0.2,23.87,10.18,7.65
4135,2025-08-12 06:00:00,28.6,63,0.1,24.99,9.85,7.69
4136,2025-08-12 07:00:00,29.2,59,1.1,25.95,9.58,7.65
4137,2025-08-12 08:00:00,29.2,60,1.5,26.63,9.46,7.6
4138,2025-08-12 09:00:00,27.7,69,2.0,26.65,9.62,7.56
4139,2025-08-12 10:00:00,26.9,71,0.5,26.42,9.71,7.55
4140,2025-08-12 11:00:00,26.6,73,0.0,26.18,9.8,7.49
4141,2025-08-12 12:00:00,24.7,82,0.0,25.43,10.12,7.36
4142,2025-08-12 13:00:00,23.5,89,0.0,24.55,10.45,7.32
4143,2025-08-12 14:00:00,22.8,92,0.0,23.73,10.68,7.28
4144,2025-08-12 15:00:00,22.3,94,0.0,23.0,10.88,7.17
4145,2025-08-12 16:00:00,22.2,94,0.0,22.46,11.0,7.21
4146,2025-08-12 17:00:00,22.1,94,0.0,22.05,11.09,7.09
4147,2025-08-12 18:00:00,21.6,96,0.0,21.62,11.22,7.2
4148,2025-08-12 19:00:00,21.8,94,0.0,21.37,11.23,7.16
4149,2025-08-12 20:00:00,21.6,95,0.0,21.14,11.31,7.25
4150,2025-08-12 21:00:00,21.5,96,0.0,20.95,11.37,7.19
4151,2025-08-12 22:00:00,21.5,93,0.0,20.81,11.33,7.31
4152,2025-08-12 23:00:00,21.2,95,0.0,20.63,11.42,7.38
4153,2025-08-13 00:00:00,21.1,95,0.0,20.47,11.45,7.44
4154,2025-08-13 01:00:00,22.4,93,0.0,20.75,11.35,7.5
4155,2025-08-13 02:00:00,22.4,91,0.0,20.94,11.26,7.61
4156,2025-08-13 03:00:00,22.9,88,0.0,21.23,11.14,7.59
4157,2025-08-13 04:00:00,23.6,85,0.0,21.64,10.99,7.69
4158,2025-08-13 05:00:00,25.3,76,0.0,22.44,10.64,7.83
4159,2025-08-13 06:00:00,25.8,74,0.0,23.15,10.45,7.68
4160,2025-08-13 07:00:00,24.5,82,0.1,23.25,10.59,7.69
4161,2025-08-13 08:00:00,24.4,84,0.2,23.3,10.62,7.66
4162,2025-08-13 09:00:00,24.4,85,0.2,23.33,10.63,7.69
4163,2025-08-13 10:00:00,23.9,86,0.0,23.2,10.68,7.6
4164,2025-08-13 11:00:00,23.9,86,0.1,23.11,10.7,7.53
4165,2025-08-13 12:00:00,23.2,90,0.0,22.84,10.84,7.43
4166,2025-08-13 13:00:00,23.0,93,0.0,22.59,10.95,7.38
4167,2025-08-13 14:00:00,22.8,93,0.0,22.35,11.0,7.34
4168,2025-08-13 15:00:00,22.4,95,0.0,22.07,11.1,7.25
4169,2025-08-13 16:00:00,22.0,96,0.0,21.75,11.19,7.19
4170,2025-08-13 17:00:00,21.5,97,0.0,21.37,11.3,7.19
4171,2025-08-13 18:00:00,21.5,98,0.0,21.11,11.37,7.09
4172,2025-08-13 19:00:00,21.4,99,0.0,20.9,11.44,7.19
4173,2025-08-13 20:00:00,21.2,98,0.0,20.69,11.47,7.27
4174,2025-08-13 21:00:00,21.1,98,0.0,20.51,11.51,7.27
4175,2025-08-13 22:00:00,21.0,98,0.0,20.36,11.54,7.31
4176,2025-08-13 23:00:00,20.9,98,0.0,20.22,11.57,7.4
4177,2025-08-14 00:00:00,20.6,99,0.0,20.03,11.63,7.42
4178,2025-08-14 01:00:00,21.9,97,0.0,20.29,11.53,7.54
4179,2025-08-14 02:00:00,22.6,92,0.0,20.69,11.34,7.55
4180,2025-08-14 03:00:00,24.0,85,0.0,21.38,11.05,7.67
4181,2025-08-14 04:00:00,26.1,74,0.0,22.5,10.59,7.65
4182,2025-08-14 05:00:00,27.2,67,0.3,23.61,10.21,7.63
4183,2025-08-14 06:00:00,28.8,60,0.0,24.87,9.82,7.7
4184,2025-08-14 07:00:00,29.1,56,0.2,25.84,9.55,7.66
4185,2025-08-14 08:00:00,27.8,65,0.0,26.12,9.66,7.64
4186,2025-08-14 09:00:00,27.9,62,0.0,26.36,9.55,7.7
4187,2025-08-14 10:00:00,27.5,64,0.0,26.4,9.58,7.59
4188,2025-08-14 11:00:00,26.5,72,0.0,26.13,9.79,7.44
4189,2025-08-14 12:00:00,25.5,75,0.0,25.64,9.95,7.34
4190,2025-08-14 13:00:00,23.6,89,0.0,24.73,10.41,7.36
4191,2025-08-14 14:00:00,23.1,88,0.0,23.94,10.56,7.27
4192,2025-08-14 15:00:00,22.4,91,0.0,23.18,10.78,7.26
4193,2025-08-14 16:00:00,22.3,91,0.0,22.61,10.9,7.16
4194,2025-08-14 17:00:00,22.0,93,0.0,22.13,11.05,7.13
4195,2025-08-14 18:00:00,21.7,96,0.0,21.7,11.2,7.15
4196,2025-08-14 19:00:00,21.5,97,0.0,21.34,11.3,7.2
4197,2025-08-14 20:00:00,21.3,97,0.0,21.03,11.37,7.17
4198,2025-08-14 21:00:00,21.4,95,0.0,20.84,11.37,7.11
4199,2025-08-14 22:00:00,21.2,96,0.0,20.65,11.43,7.35
4200,2025-08-14 23:00:00,21.1,96,0.0,20.48,11.47,7.37
4201,2025-08-15 00:00:00,21.2,95,0.0,20.4,11.47,7.43
4202,2025-08-15 01:00:00,22.1,97,0.1,20.61,11.46,7.55
4203,2025-08-15 02:00:00,22.3,96,0.3,20.82,11.4,7.66
4204,2025-08-15 03:00:00,22.9,91,0.1,21.14,11.22,7.68
4205,2025-08-15 04:00:00,24.8,80,0.0,21.94,10.82,7.69
4206,2025-08-15 05:00:00,26.9,71,0.0,23.13,10.39,7.64
4207,2025-08-15 06:00:00,28.0,63,1.1,24.29,10.0,7.63
4208,2025-08-15 07:00:00,28.5,62,0.2,25.25,9.78,7.67
4209,2025-08-15 08:00:00,29.0,59,0.0,26.08,9.55,7.65
4210,2025-08-15 09:00:00,29.0,58,0.0,26.65,9.42,7.62
4211,2025-08-15 10:00:00,28.1,62,0.0,26.79,9.46,7.65
4212,2025-08-15 11:00:00,25.7,76,0.0,26.16,9.85,7.42
4213,2025-08-15 12:00:00,25.0,79,0.0,25.51,10.05,7.36
4214,2025-08-15 13:00:00,23.4,92,0.0,24.58,10.5,7.38
4215,2025-08-15 14:00:00,23.0,92,0.0,23.81,10.67,7.28
4216,2025-08-15 15:00:00,23.0,90,0.0,23.26,10.74,7.2
4217,2025-08-15 16:00:00,22.5,94,0.0,22.73,10.94,7.29
4218,2025-08-15 17:00:00,22.5,93,0.0,22.36,11.0,7.15
4219,2025-08-15 18:00:00,22.2,93,0.0,22.01,11.07,7.1
4220,2025-08-15 19:00:00,22.0,93,0.0,21.71,11.14,7.15
4221,2025-08-15 20:00:00,21.5,96,0.0,21.35,11.28,7.21
4222,2025-08-15 21:00:00,21.6,95,0.0,21.12,11.31,7.32
4223,2025-08-15 22:00:00,21.5,96,0.0,20.94,11.37,7.16
4224,2025-08-15 23:00:00,21.5,96,0.0,20.81,11.4,7.34
4225,2025-08-16 00:00:00,21.4,96,0.0,20.68,11.43,7.46
4226,2025-08-16 01:00:00,22.7,92,0.0,20.99,11.28,7.43
4227,2025-08-16 02:00:00,22.9,91,0.0,21.26,11.2,7.58
4228,2025-08-16 03:00:00,23.1,90,0.0,21.51,11.12,7.56
4229,2025-08-16 04:00:00,24.0,85,0.0,21.96,10.92,7.65
4230,2025-08-16 05:00:00,25.8,77,0.0,22.81,10.58,7.7
4231,2025-08-16 06:00:00,27.3,70,0.0,23.86,10.22,7.73
4232,2025-08-16 07:00:00,28.9,63,0.0,25.07,9.84,7.68
4233,2025-08-16 08:00:00,29.1,62,0.0,25.98,9.63,7.66
4234,2025-08-16 09:00:00,28.2,64,0.0,26.35,9.59,7.6
4235,2025-08-16 10:00:00,27.9,65,0.0,26.51,9.58,7.55
4236,2025-08-16 11:00:00,26.7,71,0.0,26.27,9.74,7.52
4237,2025-08-16 12:00:00,25.1,79,0.0,25.62,10.03,7.31
4238,2025-08-16 13:00:00,23.2,92,0.0,24.59,10.49,7.33
4239,2025-08-16 14:00:00,23.0,92,0.0,23.81,10.66,7.21
4240,2025-08-16 15:00:00,22.9,91,0.0,23.24,10.77,7.24
4241,2025-08-16 16:00:00,22.9,92,0.0,22.84,10.88,7.24
4242,2025-08-16 17:00:00,22.8,92,0.0,22.53,10.94,7.1
4243,2025-08-16 18:00:00,22.4,93,0.0,22.19,11.04,7.1
4244,2025-08-16 19:00:00,22.0,95,0.0,21.83,11.15,7.14
4245,2025-08-16 20:00:00,21.8,98,0.9,21.52,11.28,7.15
4246,2025-08-16 21:00:00,21.5,99,0.7,21.22,11.37,7.24
4247,2025-08-16 22:00:00,21.4,98,0.1,20.97,11.4,7.31
4248,2025-08-16 23:00:00,21.4,98,1.5,20.8,11.44,7.31
4249,2025-08-17 00:00:00,21.5,96,0.0,20.71,11.42,7.5
4250,2025-08-17 01:00:00,22.5,94,0.0,20.95,11.33,7.49
4251,2025-08-17 02:00:00,22.2,95,0.1,21.02,11.33,7.52
4252,2025-08-17 03:00:00,22.8,91,0.1,21.26,11.2,7.69
4253,2025-08-17 04:00:00,23.7,86,0.0,21.69,11.0,7.7
4254,2025-08-17 05:00:00,24.1,84,0.0,22.11,10.87,7.68
4255,2025-08-17 06:00:00,25.0,80,0.0,22.68,10.67,7.78
4256,2025-08-17 07:00:00,25.9,76,0.0,23.35,10.45,7.73
4257,2025-08-17 08:00:00,26.4,74,0.0,23.96,10.28,7.7
4258,2025-08-17 09:00:00,26.4,74,0.0,24.39,10.19,7.68
4259,2025-08-17 10:00:00,26.5,72,0.0,24.73,10.08,7.5
4260,2025-08-17 11:00:00,25.5,78,0.0,24.66,10.21,7.41
4261,2025-08-17 12:00:00,24.4,85,0.0,24.28,10.43,7.41
4262,2025-08-17 13:00:00,23.6,87,0.1,23.78,10.57,7.36
4263,2025-08-17 14:00:00,23.0,90,0.0,23.24,10.75,7.24
4264,2025-08-17 15:00:00,22.5,94,0.0,22.72,10.94,7.27
4265,2025-08-17 16:00:00,22.3,94,0.0,22.29,11.03,7.27
4266,2025-08-17 17:00:00,22.0,95,0.0,21.91,11.14,7.15
4267,2025-08-17 18:00:00,21.5,98,0.0,21.48,11.29,7.18
4268,2025-08-17 19:00:00,21.6,97,0.0,21.22,11.33,7.16
4269,2025-08-17 20:00:00,21.9,93,0.0,21.12,11.27,7.16
4270,2025-08-17 21:00:00,21.6,94,0.0,20.97,11.32,7.31
4271,2025-08-17 22:00:00,21.4,95,0.0,20.8,11.38,7.31
4272,2025-08-17 23:00:00,21.2,95,0.0,20.62,11.42,7.39
4273,2025-08-18 00:00:00,21.4,95,0.0,20.55,11.43,7.33
4274,2025-08-18 01:00:00,21.9,94,0.0,20.66,11.39,7.54
4275,2025-08-18 02:00:00,22.4,92,0.1,20.88,11.3,7.56
4276,2025-08-18 03:00:00,23.9,85,0.0,21.49,11.02,7.71
4277,2025-08-18 04:00:00,25.4,78,0.1,22.36,10.7,7.63
4278,2025-08-18 05:00:00,26.9,71,0.0,23.42,10.33,7.7
4279,2025-08-18 06:00:00,28.0,64,0.5,24.5,9.97,7.67
4280,2025-08-18 07:00:00,28.8,57,0.1,25.49,9.64,7.81
4281,2025-08-18 08:00:00,28.2,57,0.1,26.0,9.53,7.69
4282,2025-08-18 09:00:00,26.4,70,0.0,25.82,9.81,7.55
4283,2025-08-18 10:00:00,25.8,77,0.0,25.51,10.01,7.49
4284,2025-08-18 11:00:00,25.4,76,0.0,25.18,10.06,7.53
4285,2025-08-18 12:00:00,24.8,81,0.0,24.77,10.24,7.44
4286,2025-08-18 13:00:00,23.1,89,0.0,23.97,10.57,7.28
4287,2025-08-18 14:00:00,23.0,89,0.0,23.38,10.7,7.3
4288,2025-08-18 15:00:00,22.6,90,0.0,22.84,10.83,7.28
4289,2025-08-18 16:00:00,22.0,92,0.0,22.29,10.99,7.13
4290,2025-08-18 17:00:00,21.4,96,0.0,21.72,11.2,7.11
4291,2025-08-18 18:00:00,21.2,98,0.0,21.27,11.34,7.13
4292,2025-08-18 19:00:00,21.1,99,0.0,20.92,11.44,7.15
4293,2025-08-18 20:00:00,21.0,99,0.0,20.64,11.5,7.21
4294,2025-08-18 21:00:00,21.0,99,0.0,20.45,11.54,7.28
4295,2025-08-18 22:00:00,21.2,98,0.0,20.37,11.54,7.25
4296,2025-08-18 23:00:00,21.1,98,0.0,20.29,11.55,7.46
4297,2025-08-19 00:00:00,20.9,99,0.0,20.17,11.6,7.44
4298,2025-08-19 01:00:00,21.9,98,0.0,20.39,11.53,7.48
4299,2025-08-19 02:00:00,23.0,90,0.0,20.87,11.26,7.61
4300,2025-08-19 03:00:00,24.2,84,0.0,21.57,10.98,7.74
4301,2025-08-19 04:00:00,26.0,75,0.0,22.6,10.58,7.7
4302,2025-08-19 05:00:00,27.4,66,0.0,23.74,10.17,7.67
4303,2025-08-19 06:00:00,28.2,61,0.0,24.78,9.86,7.73
4304,2025-08-19 07:00:00,29.1,56,0.0,25.77,9.56,7.59
4305,2025-08-19 08:00:00,29.5,56,0.0,26.59,9.39,7.58
4306,2025-08-19 09:00:00,29.1,59,0.0,27.04,9.36,7.6
4307,2025-08-19 10:00:00,28.4,61,0.0,27.15,9.37,7.49
4308,2025-08-19 11:00:00,27.0,67,0.0,26.81,9.55,7.54
4309,2025-08-19 12:00:00,25.4,77,0.0,26.08,9.89,7.35
4310,2025-08-19 13:00:00,24.5,84,0.0,25.31,10.19,7.26
4311,2025-08-19 14:00:00,23.4,88,0.0,24.44,10.45,7.28
4312,2025-08-19 15:00:00,22.5,95,0.0,23.56,10.78,7.22
4313,2025-08-19 16:00:00,22.2,98,0.0,22.85,10.99,7.19
4314,2025-08-19 17:00:00,22.0,99,0.0,22.29,11.14,7.14
4315,2025-08-19 18:00:00,21.7,99,0.0,21.82,11.24,7.15
4316,2025-08-19 19:00:00,21.6,99,0.0,21.45,11.32,7.07
4317,2025-08-19 20:00:00,21.6,98,0.0,21.2,11.36,7.14
4318,2025-08-19 21:00:00,21.4,99,0.0,20.96,11.43,7.3
4319,2025-08-19 22:00:00,21.3,98,0.0,20.76,11.45,7.23
4320,2025-08-19 23:00:00,21.2,98,0.0,20.59,11.49,7.49
4321,2025-08-20 00:00:00,21.3,98,0.0,20.5,11.51,7.45
4322,2025-08-20 01:00:00,22.0,97,0.0,20.65,11.45,7.45
4323,2025-08-20 02:00:00,22.7,94,0.0,20.97,11.32,7.57
4324,2025-08-20 03:00:00,24.6,82,0.0,21.76,10.9,7.64
4325,2025-08-20 04:00:00,26.4,72,0.0,22.85,10.47,7.67
4326,2025-08-20 05:00:00,28.0,65,0.1,24.09,10.07,7.79
4327,2025-08-20 06:00:00,29.8,57,0.0,25.51,9.63,7.64
4328,2025-08-20 07:00:00,30.2,56,0.0,26.61,9.39,7.72
4329,2025-08-20 08:00:00,30.1,55,0.0,27.36,9.22,7.62
4330,2025-08-20 09:00:00,30.6,52,0.0,28.03,9.03,7.66
4331,2025-08-20 10:00:00,30.0,54,0.0,28.32,9.01,7.42
4332,2025-08-20 11:00:00,28.5,59,0.0,28.08,9.15,7.49
4333,2025-08-20 12:00:00,27.0,66,0.0,27.45,9.4,7.27
4334,2025-08-20 13:00:00,25.5,76,0.0,26.57,9.77,7.37
4335,2025-08-20 14:00:00,24.5,81,0.0,25.65,10.06,7.23
4336,2025-08-20 15:00:00,23.8,85,0.0,24.79,10.32,7.22
4337,2025-08-20 16:00:00,23.0,92,0.0,23.96,10.63,7.12
4338,2025-08-20 17:00:00,22.4,95,0.0,23.19,10.86,7.1
4339,2025-08-20 18:00:00,22.1,96,0.0,22.56,11.02,7.24
4340,2025-08-20 19:00:00,21.8,96,0.0,22.03,11.13,7.17
4341,2025-08-20 20:00:00,21.4,97,0.0,21.54,11.26,7.16
4342,2025-08-20 21:00:00,21.2,97,0.0,21.14,11.35,7.23
4343,2025-08-20 22:00:00,21.1,96,0.0,20.83,11.39,7.35
4344,2025-08-20 23:00:00,21.0,96,0.0,20.58,11.45,7.37
4345,2025-08-21 00:00:00,20.8,97,0.0,20.35,11.52,7.5
4346,2025-08-21 01:00:00,21.8,93,0.0,20.48,11.41,7.56
4347,2025-08-21 02:00:00,22.8,89,0.0,20.88,11.24,7.55
4348,2025-08-21 03:00:00,24.8,78,0.0,21.75,10.82,7.67
4349,2025-08-21 04:00:00,27.0,67,0.0,23.03,10.33,7.64
4350,2025-08-21 05:00:00,28.9,57,0.0,24.49,9.84,7.73
4351,2025-08-21 06:00:00,30.0,52,0.0,25.84,9.47,7.69
4352,2025-08-21 07:00:00,30.6,52,0.1,26.97,9.24,7.68
4353,2025-08-21 08:00:00,31.8,49,0.1,28.12,8.96,7.63
4354,2025-08-21 09:00:00,32.4,47,0.1,29.1,8.73,7.54
4355,2025-08-21 10:00:00,31.3,51,1.0,29.46,8.72,7.48
4356,2025-08-21 11:00:00,29.6,60,0.1,29.2,8.93,7.4
4357,2025-08-21 12:00:00,28.2,67,0.0,28.6,9.18,7.36
4358,2025-08-21 13:00:00,26.5,76,0.0,27.67,9.54,7.25
4359,2025-08-21 14:00:00,25.5,82,0.0,26.72,9.85,7.26
4360,2025-08-21 15:00:00,24.9,86,0.0,25.87,10.1,7.2
4361,2025-08-21 16:00:00,24.2,90,0.0,25.07,10.35,7.18
4362,2025-08-21 17:00:00,23.6,94,0.0,24.33,10.59,7.06
4363,2025-08-21 18:00:00,23.6,94,0.0,23.81,10.7,7.11
4364,2025-08-21 19:00:00,23.3,96,0.0,23.36,10.84,7.13
4365,2025-08-21 20:00:00,23.0,97,0.0,22.95,10.95,7.09
4366,2025-08-21 21:00:00,22.7,98,0.0,22.58,11.05,7.26
4367,2025-08-21 22:00:00,22.4,98,0.0,22.22,11.13,7.23
4368,2025-08-21 23:00:00,22.5,98,0.0,22.01,11.18,7.39
4369,2025-08-22 00:00:00,22.5,98,0.0,21.85,11.21,7.39
4370,2025-08-22 01:00:00,23.4,94,0.0,22.02,11.09,7.52
4371,2025-08-22 02:00:00,23.8,92,0.0,22.25,11.0,7.56
4372,2025-08-22 03:00:00,24.8,85,0.0,22.72,10.76,7.67
4373,2025-08-22 04:00:00,26.2,74,0.0,23.46,10.38,7.62
4374,2025-08-22 05:00:00,28.2,62,0.0,24.58,9.92,7.75
4375,2025-08-22 06:00:00,29.5,58,0.0,25.76,9.6,7.73
4376,2025-08-22 07:00:00,29.9,55,0.4,26.7,9.35,7.74
4377,2025-08-22 08:00:00,31.1,54,0.2,27.72,9.13,7.63
4378,2025-08-22 09:00:00,31.5,54,0.2,28.55,8.96,7.55
4379,2025-08-22 10:00:00,30.7,55,0.3,28.9,8.91,7.5
4380,2025-08-22 11:00:00,29.1,63,0.5,28.66,9.1,7.44
4381,2025-08-22 12:00:00,27.5,70,0.0,28.01,9.36,7.26
4382,2025-08-22 13:00:00,26.4,77,0.0,27.23,9.65,7.34
4383,2025-08-22 14:00:00,25.5,83,0.0,26.41,9.93,7.17
4384,2025-08-22 15:00:00,24.9,86,0.0,25.66,10.15,7.14
4385,2025-08-22 16:00:00,24.4,89,0.0,24.98,10.35,7.16
4386,2025-08-22 17:00:00,24.0,93,0.0,24.39,10.56,7.19
4387,2025-08-22 18:00:00,23.7,94,0.0,23.88,10.69,7.09
4388,2025-08-22 19:00:00,23.5,95,0.0,23.47,10.8,7.15
4389,2025-08-22 20:00:00,23.3,96,0.0,23.12,10.89,7.24
4390,2025-08-22 21:00:00,23.1,96,0.0,22.81,10.96,7.21
4391,2025-08-22 22:00:00,23.0,96,0.0,22.57,11.01,7.33
4392,2025-08-22 23:00:00,23.0,96,0.0,22.4,11.05,7.45
4393,2025-08-23 00:00:00,22.7,97,0.0,22.19,11.12,7.45
4394,2025-08-23 01:00:00,22.9,95,0.0,22.1,11.1,7.52
4395,2025-08-23 02:00:00,23.4,91,0.0,22.19,11.0,7.64
4396,2025-08-23 03:00:00,24.6,83,0.0,22.61,10.74,7.69
4397,2025-08-23 04:00:00,26.4,73,0.0,23.45,10.37,7.6
4398,2025-08-23 05:00:00,28.0,64,0.1,24.51,9.97,7.67
4399,2025-08-23 06:00:00,29.0,60,0.0,25.56,9.68,7.7
4400,2025-08-23 07:00:00,29.8,57,0.1,26.53,9.42,7.66
4401,2025-08-23 08:00:00,30.4,51,0.0,27.39,9.14,7.77
4402,2025-08-23 09:00:00,30.2,52,0.0,27.93,9.05,7.72
4403,2025-08-23 10:00:00,29.9,54,0.0,28.22,9.03,7.41
4404,2025-08-23 11:00:00,29.0,57,0.0,28.16,9.09,7.43
4405,2025-08-23 12:00:00,27.6,63,0.0,27.69,9.3,7.39
4406,2025-08-23 13:00:00,26.1,74,0.0,26.91,9.66,7.29
4407,2025-08-23 14:00:00,25.2,80,0.0,26.1,9.94,7.27
4408,2025-08-23 15:00:00,24.5,85,0.0,25.32,10.2,7.2
4409,2025-08-23 16:00:00,23.5,91,0.0,24.47,10.5,7.2
4410,2025-08-23 17:00:00,23.1,94,0.0,23.76,10.71,7.08
4411,2025-08-23 18:00:00,22.9,96,0.0,23.2,10.88,7.13
4412,2025-08-23 19:00:00,22.7,96,0.0,22.75,10.97,7.22
4413,2025-08-23 20:00:00,22.5,97,0.0,22.38,11.08,7.18
4414,2025-08-23 21:00:00,22.4,97,0.0,22.08,11.14,7.23
4415,2025-08-23 22:00:00,22.3,96,0.0,21.85,11.17,7.36
4416,2025-08-23 23:00:00,22.1,96,0.0,21.62,11.22,7.36
4417,2025-08-24 00:00:00,22.0,97,0.0,21.44,11.28,7.4
4418,2025-08-24 01:00:00,22.3,98,0.0,21.4,11.31,7.49
4419,2025-08-24 02:00:00,23.2,92,0.0,21.64,11.14,7.58
4420,2025-08-24 03:00:00,25.1,81,0.0,22.38,10.75,7.69
4421,2025-08-24 04:00:00,27.3,70,0.0,23.55,10.28,7.57
4422,2025-08-24 05:00:00,29.0,62,0.0,24.89,9.85,7.69
4423,2025-08-24 06:00:00,30.0,57,0.5,26.12,9.51,7.63
4424,2025-08-24 07:00:00,31.1,52,1.8,27.31,9.17,7.55
4425,2025-08-24 08:00:00,31.3,50,1.1,28.21,8.96,7.61
4426,2025-08-24 09:00:00,31.2,51,1.2,28.81,8.86,7.6
4427,2025-08-24 10:00:00,30.9,52,0.5,29.14,8.81,7.51
4428,2025-08-24 11:00:00,30.0,54,0.0,29.09,8.85,7.38
4429,2025-08-24 12:00:00,28.5,60,0.0,28.62,9.05,7.34
4430,2025-08-24 13:00:00,27.1,66,0.0,27.86,9.32,7.25
4431,2025-08-24 14:00:00,25.9,74,0.0,26.97,9.65,7.21
4432,2025-08-24 15:00:00,24.9,80,0.0,26.05,9.95,7.22
4433,2025-08-24 16:00:00,24.0,86,0.0,25.14,10.26,7.12
4434,2025-08-24 17:00:00,23.5,91,0.0,24.35,10.53,7.13
4435,2025-08-24 18:00:00,22.9,95,0.1,23.61,10.77,7.12
4436,2025-08-24 19:00:00,22.6,98,0.0,23.01,10.96,7.12
4437,2025-08-24 20:00:00,22.5,98,0.0,22.56,11.06,7.21
4438,2025-08-24 21:00:00,22.2,98,0.0,22.15,11.15,7.19
4439,2025-08-24 22:00:00,22.0,98,0.0,21.8,11.22,7.3
4440,2025-08-24 23:00:00,21.7,100,0.0,21.47,11.34,7.36
4441,2025-08-25 00:00:00,21.5,99,0.0,21.18,11.38,7.49
4442,2025-08-25 01:00:00,22.2,97,0.0,21.19,11.34,7.59
4443,2025-08-25 02:00:00,23.0,94,0.0,21.43,11.22,7.61
4444,2025-08-25 03:00:00,24.6,84,0.0,22.08,10.88,7.67
4445,2025-08-25 04:00:00,26.8,74,0.0,23.2,10.44,7.67
4446,2025-08-25 05:00:00,28.5,64,0.0,24.49,9.97,7.71
4447,2025-08-25 06:00:00,29.8,59,0.0,25.78,9.61,7.67
4448,2025-08-25 07:00:00,31.1,55,0.0,27.08,9.28,7.68
4449,2025-08-25 08:00:00,31.9,51,0.0,28.22,8.97,7.76
4450,2025-08-25 09:00:00,32.3,48,0.0,29.15,8.74,7.57
4451,2025-08-25 10:00:00,31.8,51,0.0,29.64,8.69,7.44
4452,2025-08-25 11:00:00,30.8,55,0.0,29.69,8.75,7.41
4453,2025-08-25 12:00:00,29.3,60,0.0,29.27,8.92,7.36
4454,2025-08-25 13:00:00,27.7,69,0.0,28.5,9.24,7.22
4455,2025-08-25 14:00:00,26.3,78,0.0,27.54,9.6,7.24
4456,2025-08-25 15:00:00,25.1,85,0.0,26.51,9.95,7.12
4457,2025-08-25 16:00:00,24.3,89,0.0,25.55,10.23,7.12
4458,2025-08-25 17:00:00,23.5,92,0.0,24.63,10.49,7.04
4459,2025-08-25 18:00:00,23.0,93,0.0,23.84,10.68,7.12
4460,2025-08-25 19:00:00,22.7,94,0.0,23.2,10.84,7.28
4461,2025-08-25 20:00:00,22.5,94,0.0,22.69,10.95,7.21
4462,2025-08-25 21:00:00,22.4,94,0.0,22.3,11.03,7.21
4463,2025-08-25 22:00:00,22.4,94,0.0,22.03,11.09,7.34
4464,2025-08-25 23:00:00,22.5,95,0.0,21.87,11.15,7.34
4465,2025-08-26 00:00:00,22.2,97,0.0,21.67,11.23,7.48
4466,2025-08-26 01:00:00,22.5,93,0.0,21.62,11.16,7.57
4467,2025-08-26 02:00:00,23.2,88,0.0,21.79,11.02,7.57
4468,2025-08-26 03:00:00,24.9,78,0.0,22.43,10.68,7.72
4469,2025-08-26 04:00:00,27.1,67,0.0,23.53,10.23,7.66
4470,2025-08-26 05:00:00,29.4,55,0.0,24.99,9.7,7.68
4471,2025-08-26 06:00:00,30.4,49,0.0,26.31,9.32,7.72
4472,2025-08-26 07:00:00,31.1,46,0.0,27.45,9.04,7.62
4473,2025-08-26 08:00:00,30.5,48,0.3,28.06,8.95,7.57
4474,2025-08-26 09:00:00,30.8,49,0.4,28.58,8.87,7.53
4475,2025-08-26 10:00:00,29.5,54,0.0,28.56,8.96,7.69
4476,2025-08-26 11:00:00,28.8,57,0.0,28.33,9.06,7.45
4477,2025-08-26 12:00:00,27.1,63,0.0,27.66,9.3,7.38
4478,2025-08-26 13:00:00,26.5,65,0.0,27.01,9.47,7.34
4479,2025-08-26 14:00:00,24.8,77,0.0,26.05,9.9,7.22
4480,2025-08-26 15:00:00,23.7,85,0.0,25.04,10.26,7.2
4481,2025-08-26 16:00:00,23.1,89,0.0,24.16,10.53,7.11
4482,2025-08-26 17:00:00,22.9,91,0.0,23.48,10.72,7.14
4483,2025-08-26 18:00:00,22.5,93,0.0,22.89,10.88,7.1
4484,2025-08-26 19:00:00,22.2,94,0.0,22.38,11.01,7.27
4485,2025-08-26 20:00:00,22.0,96,0.0,21.97,11.15,7.21
4486,2025-08-26 21:00:00,21.9,97,0.1,21.65,11.24,7.23
4487,2025-08-26 22:00:00,22.0,94,0.0,21.45,11.22,7.28
4488,2025-08-26 23:00:00,21.9,95,0.0,21.29,11.27,7.29
4489,2025-08-27 00:00:00,21.8,95,0.7,21.14,11.31,7.4
4490,2025-08-27 01:00:00,22.6,90,0.0,21.28,11.17,7.56
4491,2025-08-27 02:00:00,22.6,92,0.0,21.38,11.19,7.69
4492,2025-08-27 03:00:00,24.0,84,0.0,21.86,10.92,7.64
4493,2025-08-27 04:00:00,26.6,69,0.0,22.98,10.38,7.79
4494,2025-08-27 05:00:00,27.5,64,0.0,24.04,10.07,7.73
4495,2025-08-27 06:00:00,27.7,64,0.0,24.84,9.9,7.71
4496,2025-08-27 07:00:00,28.2,62,0.0,25.55,9.72,7.73
4497,2025-08-27 08:00:00,29.0,60,0.0,26.28,9.53,7.64
4498,2025-08-27 09:00:00,27.8,65,0.0,26.44,9.59,7.61
4499,2025-08-27 10:00:00,26.3,71,0.0,26.1,9.77,7.5
4500,2025-08-27 11:00:00,24.4,84,0.2,25.29,10.19,7.55
4501,2025-08-27 12:00:00,23.1,92,0.5,24.33,10.55,7.48
4502,2025-08-27 13:00:00,23.5,89,0.0,23.78,10.61,7.28
4503,2025-08-27 14:00:00,23.1,91,0.1,23.28,10.76,7.28
4504,2025-08-27 15:00:00,23.0,91,0.0,22.89,10.84,7.24
4505,2025-08-27 16:00:00,22.7,93,0.2,22.54,10.96,7.17
4506,2025-08-27 17:00:00,22.7,92,0.0,22.29,10.99,7.08
4507,2025-08-27 18:00:00,22.6,93,0.0,22.08,11.06,7.19
4508,2025-08-27 19:00:00,22.8,91,0.1,22.0,11.04,7.11
4509,2025-08-27 20:00:00,22.0,96,0.7,21.7,11.2,7.08
4510,2025-08-27 21:00:00,21.8,98,0.8,21.43,11.3,7.12
4511,2025-08-27 22:00:00,21.8,98,0.7,21.24,11.35,7.25
4512,2025-08-27 23:00:00,21.5,98,0.1,21.02,11.39,7.49
4513,2025-08-28 00:00:00,21.5,97,0.0,20.86,11.41,7.42
4514,2025-08-28 01:00:00,21.9,99,1.0,20.87,11.45,7.52
4515,2025-08-28 02:00:00,21.7,99,1.9,20.82,11.46,7.52
4516,2025-08-28 03:00:00,22.0,98,2.6,20.88,11.43,7.53
4517,2025-08-28 04:00:00,22.2,98,1.2,20.97,11.4,7.62
4518,2025-08-28 05:00:00,22.5,98,2.0,21.13,11.37,7.62
4519,2025-08-28 06:00:00,23.6,90,3.1,21.57,11.11,7.69
4520,2025-08-28 07:00:00,24.0,89,1.3,22.0,11.0,7.67
4521,2025-08-28 08:00:00,24.1,89,0.4,22.33,10.92,7.64
4522,2025-08-28 09:00:00,24.0,90,0.3,22.53,10.9,7.61
4523,2025-08-28 10:00:00,25.2,83,0.3,23.03,10.65,7.57
4524,2025-08-28 11:00:00,23.8,91,0.4,22.96,10.83,7.59
4525,2025-08-28 12:00:00,23.5,90,0.2,22.82,10.84,7.44
4526,2025-08-28 13:00:00,23.0,92,0.4,22.58,10.93,7.31
4527,2025-08-28 14:00:00,22.5,95,0.7,22.25,11.06,7.22
4528,2025-08-28 15:00:00,22.5,94,0.1,22.03,11.09,7.27
4529,2025-08-28 16:00:00,22.5,94,0.2,21.87,11.13,7.2
4530,2025-08-28 17:00:00,22.4,94,0.7,21.73,11.16,7.08
4531,2025-08-28 18:00:00,22.2,96,0.9,21.57,11.23,7.08
4532,2025-08-28 19:00:00,22.1,98,0.9,21.43,11.3,7.15
4533,2025-08-28 20:00:00,22.0,98,0.6,21.3,11.33,7.16
4534,2025-08-28 21:00:00,22.0,98,1.2,21.21,11.35,7.18
4535,2025-08-28 22:00:00,21.8,98,0.5,21.09,11.38,7.29
4536,2025-08-28 23:00:00,21.4,98,0.0,20.88,11.42,7.36
4537,2025-08-29 00:00:00,21.0,97,0.0,20.62,11.46,7.44
4538,2025-08-29 01:00:00,21.6,99,0.0,20.61,11.5,7.58
4539,2025-08-29 02:00:00,22.0,97,0.0,20.73,11.44,7.52
4540,2025-08-29 03:00:00,22.9,93,0.0,21.08,11.28,7.71
4541,2025-08-29 04:00:00,24.5,85,0.0,21.81,10.96,7.68
4542,2025-08-29 05:00:00,24.3,85,0.0,22.25,10.86,7.74
4543,2025-08-29 06:00:00,25.8,79,0.0,23.02,10.58,7.77
4544,2025-08-29 07:00:00,28.3,67,0.0,24.3,10.07,7.68
4545,2025-08-29 08:00:00,28.4,67,0.1,25.23,9.88,7.68
4546,2025-08-29 09:00:00,27.8,69,0.0,25.7,9.82,7.57
4547,2025-08-29 10:00:00,27.5,70,0.0,25.94,9.79,7.56
4548,2025-08-29 11:00:00,25.6,79,0.0,25.54,10.04,7.45
4549,2025-08-29 12:00:00,24.4,84,0.0,24.9,10.27,7.38
4550,2025-08-29 13:00:00,23.5,90,0.0,24.18,10.55,7.34
4551,2025-08-29 14:00:00,22.8,94,0.0,23.46,10.78,7.27
4552,2025-08-29 15:00:00,22.5,96,0.0,22.88,10.95,7.33
4553,2025-08-29 16:00:00,22.4,96,0.0,22.43,11.04,7.24
4554,2025-08-29 17:00:00,21.9,97,0.0,21.97,11.16,7.13
4555,2025-08-29 18:00:00,21.8,98,0.0,21.62,11.26,7.1
4556,2025-08-29 19:00:00,21.6,98,0.0,21.31,11.33,7.2
4557,2025-08-29 20:00:00,21.4,98,0.0,21.04,11.39,7.17
4558,2025-08-29 21:00:00,21.4,97,0.0,20.85,11.41,7.35
4559,2025-08-29 22:00:00,21.4,97,0.0,20.71,11.44,7.28
4560,2025-08-29 23:00:00,21.5,96,0.0,20.65,11.43,7.31
4561,2025-08-30 00:00:00,21.4,97,0.0,20.57,11.47,7.44
4562,2025-08-30 01:00:00,21.9,98,0.0,20.67,11.47,7.52
4563,2025-08-30 02:00:00,22.9,93,0.0,21.04,11.29,7.54
4564,2025-08-30 03:00:00,24.7,85,0.0,21.84,10.95,7.68
4565,2025-08-30 04:00:00,25.9,80,0.0,22.76,10.65,7.71
4566,2025-08-30 05:00:00,27.5,72,0.0,23.88,10.26,7.64
4567,2025-08-30 06:00:00,29.0,65,0.0,25.12,9.86,7.72
4568,2025-08-30 07:00:00,29.5,61,0.3,26.13,9.58,7.72
4569,2025-08-30 08:00:00,29.2,62,1.0,26.75,9.47,7.59
4570,2025-08-30 09:00:00,28.6,67,0.0,27.01,9.51,7.62
4571,2025-08-30 10:00:00,28.1,68,0.0,27.03,9.52,7.5
4572,2025-08-30 11:00:00,27.1,72,0.0,26.75,9.66,7.52
4573,2025-08-30 12:00:00,25.0,82,0.0,25.93,10.02,7.39
4574,2025-08-30 13:00:00,23.9,91,0.0,25.02,10.38,7.36
4575,2025-08-30 14:00:00,23.0,93,0.0,24.11,10.62,7.29
4576,2025-08-30 15:00:00,22.1,96,0.0,23.21,10.87,7.23
4577,2025-08-30 16:00:00,22.2,96,0.0,22.61,11.01,7.12
4578,2025-08-30 17:00:00,22.4,94,0.0,22.24,11.04,7.17
4579,2025-08-30 18:00:00,21.9,96,0.0,21.84,11.17,7.11
4580,2025-08-30 19:00:00,21.7,96,0.0,21.5,11.25,7.13
4581,2025-08-30 20:00:00,21.6,96,0.0,21.23,11.31,7.11
4582,2025-08-30 21:00:00,21.5,97,0.0,21.01,11.38,7.21
4583,2025-08-30 22:00:00,21.4,98,0.0,20.83,11.44,7.19
4584,2025-08-30 23:00:00,21.5,96,0.0,20.73,11.42,7.4
4585,2025-08-31 00:00:00,21.5,96,0.0,20.66,11.43,7.45
4586,2025-08-31 01:00:00,22.4,95,0.0,20.88,11.36,7.54
4587,2025-08-31 02:00:00,23.0,93,0.0,21.22,11.25,7.58
4588,2025-08-31 03:00:00,24.1,87,0.0,21.78,11.0,7.57
4589,2025-08-31 04:00:00,26.0,78,0.0,22.75,10.61,7.77
4590,2025-08-31 05:00:00,27.4,72,0.0,23.84,10.26,7.67
4591,2025-08-31 06:00:00,28.4,67,0.2,24.91,9.94,7.76
4592,2025-08-31 07:00:00,28.9,64,0.3,25.81,9.7,7.66
4593,2025-08-31 08:00:00,29.0,65,0.2,26.47,9.59,7.58
4594,2025-08-31 09:00:00,28.5,66,0.0,26.78,9.54,7.74
4595,2025-08-31 10:00:00,28.1,68,0.0,26.87,9.56,7.59
4596,2025-08-31 11:00:00,27.4,71,0.0,26.73,9.64,7.43
4597,2025-08-31 12:00:00,25.9,78,0.0,26.18,9.89,7.43
4598,2025-08-31 13:00:00,25.0,85,0.0,25.53,10.16,7.41
4599,2025-08-31 14:00:00,24.1,89,0.0,24.8,10.39,7.28
4600,2025-08-31 15:00:00,23.2,94,0.0,24.02,10.66,7.21
4601,2025-08-31 16:00:00,22.9,96,0.0,23.38,10.84,7.2
4602,2025-08-31 17:00:00,22.5,97,0.0,22.82,10.98,7.08
4603,2025-08-31 18:00:00,22.2,98,0.0,22.33,11.11,7.22
4604,2025-08-31 19:00:00,22.1,98,0.0,21.96,11.19,7.23
4605,2025-08-31 20:00:00,22.2,96,0.0,21.73,11.2,7.15
4606,2025-08-31 21:00:00,22.0,96,0.0,21.51,11.24,7.23
4607,2025-08-31 22:00:00,22.0,95,0.0,21.36,11.26,7.3
4608,2025-08-31 23:00:00,22.0,94,0.0,21.25,11.26,7.41
4609,2025-09-01 00:00:00,21.5,96,0.0,21.03,11.35,7.55
4610,2025-09-01 01:00:00,22.6,95,0.0,21.2,11.29,7.51
4611,2025-09-01 02:00:00,23.1,93,0.0,21.47,11.19,7.55
4612,2025-09-01 03:00:00,24.4,86,0.0,22.05,10.92,7.66
4613,2025-09-01 04:00:00,26.5,76,0.0,23.08,10.5,7.68
4614,2025-09-01 05:00:00,28.0,69,0.0,24.26,10.12,7.63
4615,2025-09-01 06:00:00,29.5,60,1.9,25.53,9.68,7.69
4616,2025-09-01 07:00:00,28.7,67,6.8,26.18,9.68,7.44
4617,2025-09-01 08:00:00,29.3,61,0.7,26.82,9.44,7.56
4618,2025-09-01 09:00:00,28.7,66,1.9,27.08,9.48,7.54
4619,2025-09-01 10:00:00,29.0,63,1.4,27.36,9.37,7.44
4620,2025-09-01 11:00:00,27.6,72,0.0,27.13,9.58,7.47
4621,2025-09-01 12:00:00,26.4,76,0.0,26.61,9.76,7.4
4622,2025-09-01 13:00:00,25.2,83,0.0,25.89,10.04,7.3
4623,2025-09-01 14:00:00,24.2,87,0.0,25.08,10.29,7.28
4624,2025-09-01 15:00:00,23.5,92,0.0,24.31,10.56,7.22
4625,2025-09-01 16:00:00,22.9,94,0.0,23.58,10.75,7.14
4626,2025-09-01 17:00:00,22.3,96,0.0,22.9,10.94,7.17
4627,2025-09-01 18:00:00,21.9,97,0.0,22.3,11.09,7.12
4628,2025-09-01 19:00:00,21.6,98,0.0,21.79,11.23,7.15
4629,2025-09-01 20:00:00,21.5,97,0.0,21.4,11.29,7.19
4630,2025-09-01 21:00:00,21.5,97,0.0,21.13,11.35,7.2
4631,2025-09-01 22:00:00,21.5,97,0.0,20.94,11.39,7.34
4632,2025-09-01 23:00:00,21.5,98,0.0,20.81,11.44,7.32
4633,2025-09-02 00:00:00,21.6,98,0.0,20.75,11.45,7.43
4634,2025-09-02 01:00:00,22.6,95,0.0,21.0,11.34,7.58
4635,2025-09-02 02:00:00,23.4,91,0.0,21.42,11.16,7.58
4636,2025-09-02 03:00:00,24.6,84,0.0,22.08,10.88,7.63
4637,2025-09-02 04:00:00,26.5,75,0.0,23.1,10.48,7.73
4638,2025-09-02 05:00:00,28.2,67,0.0,24.33,10.06,7.72
4639,2025-09-02 06:00:00,29.2,63,0.2,25.49,9.75,7.72
4640,2025-09-02 07:00:00,30.0,61,0.1,26.54,9.5,7.65
4641,2025-09-02 08:00:00,29.8,61,1.2,27.22,9.36,7.51
4642,2025-09-02 09:00:00,29.2,63,3.4,27.51,9.33,7.54
4643,2025-09-02 10:00:00,28.6,63,0.4,27.54,9.33,7.49
4644,2025-09-02 11:00:00,27.4,68,0.0,27.2,9.49,7.51
4645,2025-09-02 12:00:00,26.4,71,0.0,26.66,9.66,7.46
4646,2025-09-02 13:00:00,25.4,78,0.0,25.98,9.93,7.35
4647,2025-09-02 14:00:00,24.6,81,0.0,25.27,10.14,7.23
4648,2025-09-02 15:00:00,23.9,86,0.0,24.56,10.39,7.13
4649,2025-09-02 16:00:00,23.1,91,0.0,23.82,10.64,7.1
4650,2025-09-02 17:00:00,22.8,94,0.0,23.21,10.83,7.13
4651,2025-09-02 18:00:00,22.5,95,0.0,22.7,10.97,7.17
4652,2025-09-02 19:00:00,22.1,97,0.0,22.22,11.11,7.15
4653,2025-09-02 20:00:00,22.0,96,0.0,21.85,11.17,7.2
4654,2025-09-02 21:00:00,21.8,97,0.0,21.54,11.26,7.32
4655,2025-09-02 22:00:00,21.6,97,0.0,21.26,11.32,7.29
4656,2025-09-02 23:00:00,21.5,96,0.0,21.03,11.35,7.31
4657,2025-09-03 00:00:00,21.2,98,0.0,20.78,11.45,7.4
4658,2025-09-03 01:00:00,22.6,94,0.0,21.03,11.31,7.64
4659,2025-09-03 02:00:00,23.5,90,0.0,21.47,11.13,7.61
4660,2025-09-03 03:00:00,24.8,83,0.0,22.17,10.84,7.6
4661,2025-09-03 04:00:00,26.1,77,0.0,23.05,10.53,7.79
4662,2025-09-03 05:00:00,27.8,69,0.0,24.17,10.14,7.78
4663,2025-09-03 06:00:00,27.5,71,0.0,24.87,10.03,7.76
4664,2025-09-03 07:00:00,27.5,71,0.0,25.36,9.93,7.78
4665,2025-09-03 08:00:00,28.0,67,0.0,25.85,9.75,7.66
4666,2025-09-03 09:00:00,27.7,69,0.0,26.11,9.74,7.63
4667,2025-09-03 10:00:00,27.4,70,0.0,26.19,9.74,7.56
4668,2025-09-03 11:00:00,26.7,72,0.0,26.05,9.8,7.45
4669,2025-09-03 12:00:00,25.2,80,0.0,25.49,10.07,7.41
4670,2025-09-03 13:00:00,23.9,87,0.1,24.71,10.37,7.34
4671,2025-09-03 14:00:00,23.1,91,0.7,23.93,10.62,7.17
4672,2025-09-03 15:00:00,22.9,94,0.5,23.32,10.81,7.04
4673,2025-09-03 16:00:00,22.5,95,0.0,22.77,10.95,7.16
4674,2025-09-03 17:00:00,22.2,96,0.0,22.3,11.07,7.05
4675,2025-09-03 18:00:00,22.0,96,0.2,21.91,11.16,7.08
4676,2025-09-03 19:00:00,21.6,97,0.0,21.52,11.26,7.15
4677,2025-09-03 20:00:00,21.5,97,0.0,21.21,11.33,7.12
4678,2025-09-03 21:00:00,21.7,96,0.0,21.06,11.34,7.25
4679,2025-09-03 22:00:00,21.4,97,0.0,20.86,11.41,7.4
4680,2025-09-03 23:00:00,21.1,98,0.0,20.63,11.48,7.4
4681,2025-09-04 00:00:00,21.2,97,0.0,20.5,11.49,7.47
4682,2025-09-04 01:00:00,21.8,99,1.3,20.59,11.51,7.42
4683,2025-09-04 02:00:00,21.9,98,0.2,20.68,11.47,7.62
4684,2025-09-04 03:00:00,22.2,96,0.4,20.84,11.39,7.54
4685,2025-09-04 04:00:00,23.9,87,0.1,21.46,11.07,7.63
4686,2025-09-04 05:00:00,25.4,81,0.1,22.34,10.76,7.71
4687,2025-09-04 06:00:00,26.0,80,0.5,23.14,10.57,7.68
4688,2025-09-04 07:00:00,25.5,84,0.2,23.55,10.56,7.67
4689,2025-09-04 08:00:00,26.2,80,0.1,24.04,10.38,7.77
4690,2025-09-04 09:00:00,26.8,77,0.0,24.57,10.21,7.59
4691,2025-09-04 10:00:00,27.0,75,0.0,25.0,10.08,7.61
4692,2025-09-04 11:00:00,25.7,79,0.0,24.91,10.18,7.43
4693,2025-09-04 12:00:00,24.5,85,0.0,24.49,10.38,7.42
4694,2025-09-04 13:00:00,24.8,83,0.0,24.28,10.39,7.38
4695,2025-09-04 14:00:00,24.3,86,0.0,23.99,10.51,7.33
4696,2025-09-04 15:00:00,23.5,90,0.0,23.54,10.68,7.33
4697,2025-09-04 16:00:00,22.9,94,0.0,23.05,10.87,7.13
4698,2025-09-04 17:00:00,22.6,95,0.0,22.61,10.98,7.2
4699,2025-09-04 18:00:00,22.4,96,0.0,22.25,11.08,7.05
4700,2025-09-04 19:00:00,22.1,96,0.0,21.9,11.16,7.23
4701,2025-09-04 20:00:00,21.9,97,0.0,21.6,11.25,7.22
4702,2025-09-04 21:00:00,21.8,98,0.0,21.36,11.32,7.2
4703,2025-09-04 22:00:00,21.6,98,0.0,21.13,11.37,7.32
4704,2025-09-04 23:00:00,21.6,97,0.0,20.97,11.38,7.34
4705,2025-09-05 00:00:00,21.5,98,0.0,20.83,11.44,7.46
4706,2025-09-05 01:00:00,22.5,96,0.0,21.03,11.35,7.55
4707,2025-09-05 02:00:00,23.1,93,0.0,21.35,11.22,7.67
4708,2025-09-05 03:00:00,24.6,85,0.0,22.03,10.91,7.56
4709,2025-09-05 04:00:00,26.2,77,0.1,22.98,10.54,7.65
4710,2025-09-05 05:00:00,28.0,67,0.5,24.19,10.09,7.67
4711,2025-09-05 06:00:00,28.8,65,2.8,25.27,9.83,7.56
4712,2025-09-05 07:00:00,28.7,68,3.0,26.0,9.74,7.59
4713,2025-09-05 08:00:00,28.8,65,17.1,26.54,9.57,7.3
4714,2025-09-05 09:00:00,29.6,62,0.5,27.16,9.39,7.55
4715,2025-09-05 10:00:00,27.9,71,2.0,27.08,9.57,7.48
4716,2025-09-05 11:00:00,27.1,71,0.0,26.79,9.63,7.45
4717,2025-09-05 12:00:00,26.1,76,0.0,26.28,9.83,7.42
4718,2025-09-05 13:00:00,24.5,87,0.0,25.45,10.21,7.29
4719,2025-09-05 14:00:00,23.8,90,0.0,24.65,10.44,7.24
4720,2025-09-05 15:00:00,23.3,93,0.0,23.95,10.65,7.22
4721,2025-09-05 16:00:00,22.9,95,0.0,23.33,10.83,7.17
4722,2025-09-05 17:00:00,23.0,95,0.0,22.93,10.91,7.23
4723,2025-09-05 18:00:00,22.7,96,0.0,22.56,11.02,7.17
4724,2025-09-05 19:00:00,22.5,95,0.0,22.24,11.06,7.1
4725,2025-09-05 20:00:00,22.2,97,0.0,21.93,11.17,7.26
4726,2025-09-05 21:00:00,22.3,96,0.0,21.74,11.19,7.29
4727,2025-09-05 22:00:00,22.3,96,0.0,21.61,11.22,7.2
4728,2025-09-05 23:00:00,22.0,96,0.0,21.43,11.26,7.33
4729,2025-09-06 00:00:00,22.0,97,0.0,21.3,11.31,7.46
4730,2025-09-06 01:00:00,22.5,96,0.0,21.36,11.28,7.48
4731,2025-09-06 02:00:00,23.5,92,0.0,21.7,11.12,7.63
4732,2025-09-06 03:00:00,24.8,85,0.0,22.33,10.84,7.66
4733,2025-09-06 04:00:00,26.7,77,0.0,23.34,10.47,7.69
4734,2025-09-06 05:00:00,28.5,67,0.6,24.59,10.01,7.63
4735,2025-09-06 06:00:00,29.0,66,1.1,25.61,9.78,7.61
4736,2025-09-06 07:00:00,30.5,57,1.1,26.78,9.37,7.58
4737,2025-09-06 08:00:00,29.1,65,2.3,27.18,9.44,7.47
4738,2025-09-06 09:00:00,30.5,58,1.7,27.87,9.17,7.56
4739,2025-09-06 10:00:00,29.8,63,2.2,28.15,9.2,7.43
4740,2025-09-06 11:00:00,28.0,70,0.3,27.81,9.4,7.41
4741,2025-09-06 12:00:00,26.5,76,0.0,27.11,9.65,7.36
4742,2025-09-06 13:00:00,25.7,80,0.0,26.39,9.88,7.36
4743,2025-09-06 14:00:00,24.9,85,0.0,25.64,10.13,7.15
4744,2025-09-06 15:00:00,24.4,88,0.0,24.97,10.34,7.2
4745,2025-09-06 16:00:00,23.8,91,0.0,24.32,10.53,7.15
4746,2025-09-06 17:00:00,23.5,93,0.0,23.77,10.69,7.03
4747,2025-09-06 18:00:00,23.2,95,0.0,23.3,10.83,7.14
4748,2025-09-06 19:00:00,23.0,96,0.0,22.91,10.94,7.17
4749,2025-09-06 20:00:00,22.9,96,0.0,22.61,11.01,7.2
4750,2025-09-06 21:00:00,22.7,96,0.0,22.34,11.07,7.33
4751,2025-09-06 22:00:00,22.4,97,0.0,22.05,11.15,7.31
4752,2025-09-06 23:00:00,22.3,97,0.0,21.83,11.2,7.39
4753,2025-09-07 00:00:00,22.2,97,0.0,21.64,11.24,7.47
4754,2025-09-07 01:00:00,22.8,97,0.0,21.69,11.23,7.52
4755,2025-09-07 02:00:00,23.3,94,0.0,21.87,11.13,7.63
4756,2025-09-07 03:00:00,25.0,85,0.0,22.51,10.8,7.75
4757,2025-09-07 04:00:00,26.6,77,0.0,23.44,10.45,7.72
4758,2025-09-07 05:00:00,28.5,65,0.9,24.66,9.96,7.61
4759,2025-09-07 06:00:00,29.5,62,1.8,25.81,9.66,7.63
4760,2025-09-07 07:00:00,30.6,60,0.7,26.95,9.39,7.61
4761,2025-09-07 08:00:00,31.2,53,0.7,27.92,9.07,7.6
4762,2025-09-07 09:00:00,30.0,60,0.9,28.25,9.13,7.57
4763,2025-09-07 10:00:00,29.6,61,0.2,28.35,9.13,7.46
4764,2025-09-07 11:00:00,28.5,65,0.0,28.1,9.25,7.44
4765,2025-09-07 12:00:00,27.0,73,0.0,27.47,9.53,7.27
4766,2025-09-07 13:00:00,26.2,76,0.0,26.79,9.72,7.38
4767,2025-09-07 14:00:00,25.1,82,0.0,25.98,10.01,7.12
4768,2025-09-07 15:00:00,24.5,86,0.0,25.24,10.24,7.18
4769,2025-09-07 16:00:00,24.0,89,0.0,24.57,10.44,7.13
4770,2025-09-07 17:00:00,23.5,93,0.0,23.95,10.65,7.17
4771,2025-09-07 18:00:00,23.0,96,0.0,23.36,10.84,7.17
4772,2025-09-07 19:00:00,22.9,96,0.0,22.92,10.94,7.13
4773,2025-09-07 20:00:00,22.6,97,0.0,22.53,11.04,7.18
4774,2025-09-07 21:00:00,22.5,97,0.0,22.22,11.11,7.17
4775,2025-09-07 22:00:00,22.2,98,0.0,21.91,11.2,7.3
4776,2025-09-07 23:00:00,22.0,99,0.0,21.64,11.28,7.32
4777,2025-09-08 00:00:00,21.9,99,0.2,21.42,11.33,7.44
4778,2025-09-08 01:00:00,22.9,95,0.0,21.56,11.21,7.57
4779,2025-09-08 02:00:00,23.3,92,0.0,21.78,11.1,7.54
4780,2025-09-08 03:00:00,24.8,85,0.0,22.39,10.83,7.59
4781,2025-09-08 04:00:00,26.4,77,0.0,23.29,10.48,7.69
4782,2025-09-08 05:00:00,27.9,68,0.0,24.37,10.08,7.69
4783,2025-09-08 06:00:00,28.7,63,0.0,25.37,9.77,7.69
4784,2025-09-08 07:00:00,30.0,60,0.0,26.46,9.49,7.64
4785,2025-09-08 08:00:00,31.0,56,0.0,27.52,9.2,7.68
4786,2025-09-08 09:00:00,31.3,55,0.0,28.36,9.02,7.6
4787,2025-09-08 10:00:00,30.9,55,0.0,28.82,8.92,7.46
4788,2025-09-08 11:00:00,29.8,59,0.1,28.81,9.0,7.44
4789,2025-09-08 12:00:00,27.9,68,0.0,28.24,9.27,7.39
4790,2025-09-08 13:00:00,26.8,73,0.0,27.51,9.52,7.38
4791,2025-09-08 14:00:00,25.6,81,0.0,26.64,9.85,7.25
4792,2025-09-08 15:00:00,24.8,87,0.0,25.78,10.14,7.13
4793,2025-09-08 16:00:00,24.1,90,0.0,24.98,10.37,7.18
4794,2025-09-08 17:00:00,23.8,92,0.0,24.33,10.55,7.21
4795,2025-09-08 18:00:00,23.2,95,0.0,23.69,10.75,7.1
4796,2025-09-08 19:00:00,23.0,96,0.0,23.18,10.88,7.09
4797,2025-09-08 20:00:00,22.9,96,0.0,22.8,10.96,7.12
4798,2025-09-08 21:00:00,22.5,98,0.0,22.41,11.09,7.22
4799,2025-09-08 22:00:00,22.3,98,0.0,22.08,11.16,7.21
4800,2025-09-08 23:00:00,22.1,99,0.0,21.78,11.25,7.41
4801,2025-09-09 00:00:00,22.1,98,0.0,21.58,11.27,7.43
4802,2025-09-09 01:00:00,22.6,98,0.0,21.58,11.27,7.52
4803,2025-09-09 02:00:00,23.8,93,0.0,21.95,11.09,7.65
4804,2025-09-09 03:00:00,25.2,84,0.0,22.62,10.76,7.71
4805,2025-09-09 04:00:00,27.1,73,0.0,23.67,10.32,7.69
4806,2025-09-09 05:00:00,28.6,65,0.0,24.85,9.92,7.7
4807,2025-09-09 06:00:00,29.8,60,0.0,26.03,9.58,7.7
4808,2025-09-09 07:00:00,30.5,58,0.0,27.07,9.33,7.65
4809,2025-09-09 08:00:00,31.0,57,0.0,27.95,9.14,7.66
4810,2025-09-09 09:00:00,31.5,53,0.0,28.72,8.91,7.52
4811,2025-09-09 10:00:00,30.1,58,0.0,28.83,8.98,7.46
4812,2025-09-09 11:00:00,29.8,60,0.0,28.82,9.01,7.37
4813,2025-09-09 12:00:00,28.2,67,0.0,28.34,9.24,7.41
4814,2025-09-09 13:00:00,26.5,80,0.0,27.48,9.65,7.3
4815,2025-09-09 14:00:00,25.8,84,0.0,26.68,9.89,7.3
4816,2025-09-09 15:00:00,25.0,87,0.0,25.88,10.12,7.21
4817,2025-09-09 16:00:00,24.5,89,0.0,25.16,10.31,7.15
4818,2025-09-09 17:00:00,24.2,92,0.0,24.57,10.5,7.1
4819,2025-09-09 18:00:00,23.9,94,0.0,24.07,10.65,7.14
4820,2025-09-09 19:00:00,23.6,96,0.0,23.63,10.78,7.12
4821,2025-09-09 20:00:00,23.5,96,0.0,23.29,10.86,7.18
4822,2025-09-09 21:00:00,23.2,97,0.0,22.96,10.95,7.23
4823,2025-09-09 22:00:00,23.2,96,0.1,22.73,10.98,7.31
4824,2025-09-09 23:00:00,23.1,97,0.0,22.54,11.04,7.4
4825,2025-09-10 00:00:00,22.8,98,0.0,22.32,11.11,7.43
4826,2025-09-10 01:00:00,23.1,98,0.0,22.25,11.12,7.38
4827,2025-09-10 02:00:00,23.8,93,0.0,22.42,10.99,7.59
4828,2025-09-10 03:00:00,25.3,85,0.0,22.98,10.7,7.7
4829,2025-09-10 04:00:00,26.8,79,0.0,23.83,10.4,7.7
4830,2025-09-10 05:00:00,28.8,70,0.0,25.02,9.98,7.64
4831,2025-09-10 06:00:00,30.2,63,0.0,26.27,9.59,7.67
4832,2025-09-10 07:00:00,28.5,67,1.6,26.64,9.59,7.6
4833,2025-09-10 08:00:00,29.2,63,0.3,27.11,9.42,7.63
4834,2025-09-10 09:00:00,28.8,66,2.1,27.32,9.43,7.52
4835,2025-09-10 10:00:00,28.0,69,0.3,27.22,9.5,7.64
4836,2025-09-10 11:00:00,28.0,71,0.1,27.16,9.55,7.51
4837,2025-09-10 12:00:00,26.9,75,0.0,26.78,9.71,7.33
4838,2025-09-10 13:00:00,26.0,79,0.0,26.24,9.89,7.22
4839,2025-09-10 14:00:00,25.3,82,0.0,25.66,10.07,7.3
4840,2025-09-10 15:00:00,24.5,86,0.0,25.01,10.29,7.17
4841,2025-09-10 16:00:00,24.0,91,0.0,24.41,10.52,7.11
4842,2025-09-10 17:00:00,23.9,92,0.0,23.96,10.63,7.12
4843,2025-09-10 18:00:00,23.7,94,0.0,23.58,10.75,7.16
4844,2025-09-10 19:00:00,23.4,97,0.0,23.23,10.89,7.11
4845,2025-09-10 20:00:00,23.2,98,0.0,22.92,10.98,7.2
4846,2025-09-10 21:00:00,23.0,98,0.0,22.64,11.04,7.25
4847,2025-09-10 22:00:00,22.9,98,0.0,22.42,11.09,7.28
4848,2025-09-10 23:00:00,22.8,98,0.0,22.23,11.13,7.31
4849,2025-09-11 00:00:00,22.8,97,0.0,22.1,11.14,7.47
4850,2025-09-11 01:00:00,22.7,98,0.0,21.98,11.18,7.45
4851,2025-09-11 02:00:00,23.6,93,0.0,22.17,11.04,7.55
4852,2025-09-11 03:00:00,25.4,82,0.0,22.84,10.67,7.67
4853,2025-09-11 04:00:00,26.4,79,0.0,23.61,10.45,7.64
4854,2025-09-11 05:00:00,27.3,72,0.2,24.41,10.14,7.67
4855,2025-09-11 06:00:00,28.4,67,0.4,25.31,9.86,7.71
4856,2025-09-11 07:00:00,29.9,60,1.0,26.39,9.51,7.61
4857,2025-09-11 08:00:00,30.1,61,2.9,27.2,9.36,7.57
4858,2025-09-11 09:00:00,29.0,65,2.5,27.44,9.39,7.49
4859,2025-09-11 10:00:00,29.9,60,1.9,27.88,9.2,7.46
4860,2025-09-11 11:00:00,28.5,63,0.6,27.76,9.28,7.46
4861,2025-09-11 12:00:00,27.3,70,0.0,27.33,9.5,7.43
4862,2025-09-11 13:00:00,26.5,74,0.0,26.78,9.69,7.28
4863,2025-09-11 14:00:00,25.5,81,0.0,26.09,9.96,7.27
4864,2025-09-11 15:00:00,24.8,85,0.0,25.41,10.19,7.13
4865,2025-09-11 16:00:00,24.1,89,0.0,24.71,10.41,7.19
4866,2025-09-11 17:00:00,23.8,91,0.0,24.14,10.57,7.1
4867,2025-09-11 18:00:00,23.3,94,0.0,23.59,10.75,7.16
4868,2025-09-11 19:00:00,23.1,95,0.0,23.14,10.87,7.11
4869,2025-09-11 20:00:00,23.1,95,0.0,22.83,10.94,7.11
4870,2025-09-11 21:00:00,22.9,96,0.0,22.55,11.02,7.18
4871,2025-09-11 22:00:00,22.7,97,0.0,22.3,11.09,7.33
4872,2025-09-11 23:00:00,22.6,97,0.0,22.09,11.14,7.36
4873,2025-09-12 00:00:00,22.5,97,0.0,21.91,11.18,7.39
4874,2025-09-12 01:00:00,22.4,98,0.0,21.76,11.23,7.44
4875,2025-09-12 02:00:00,23.1,92,0.0,21.86,11.09,7.62
4876,2025-09-12 03:00:00,24.5,85,0.0,22.35,10.84,7.66
4877,2025-09-12 04:00:00,26.4,76,0.0,23.27,10.46,7.69
4878,2025-09-12 05:00:00,27.8,68,0.0,24.33,10.09,7.69
4879,2025-09-12 06:00:00,28.5,63,0.0,25.28,9.79,7.8
4880,2025-09-12 07:00:00,29.5,58,0.0,26.25,9.5,7.67
4881,2025-09-12 08:00:00,30.5,54,0.0,27.22,9.23,7.69
4882,2025-09-12 09:00:00,30.2,54,0.2,27.82,9.11,7.57
4883,2025-09-12 10:00:00,30.3,54,0.1,28.26,9.02,7.47
4884,2025-09-12 11:00:00,29.8,56,0.0,28.42,9.02,7.53
4885,2025-09-12 12:00:00,28.5,61,0.0,28.15,9.17,7.38
4886,2025-09-12 13:00:00,27.2,70,0.0,27.56,9.45,7.35
4887,2025-09-12 14:00:00,25.8,80,0.0,26.73,9.81,7.23
4888,2025-09-12 15:00:00,24.8,86,0.0,25.85,10.11,7.14
4889,2025-09-12 16:00:00,24.4,88,0.0,25.12,10.3,7.1
4890,2025-09-12 17:00:00,23.9,91,0.0,24.45,10.51,7.13
4891,2025-09-12 18:00:00,23.7,92,0.0,23.93,10.64,7.04
4892,2025-09-12 19:00:00,23.6,92,0.0,23.53,10.73,7.2
4893,2025-09-12 20:00:00,23.4,93,0.0,23.19,10.82,7.2
4894,2025-09-12 21:00:00,23.2,93,0.0,22.89,10.88,7.21
4895,2025-09-12 22:00:00,23.0,93,0.0,22.63,10.94,7.25
4896,2025-09-12 23:00:00,22.8,94,0.0,22.38,11.02,7.38
4897,2025-09-13 00:00:00,22.4,96,0.0,22.08,11.12,7.48
4898,2025-09-13 01:00:00,22.8,93,0.0,22.0,11.08,7.51
4899,2025-09-13 02:00:00,23.4,90,0.0,22.12,10.99,7.56
4900,2025-09-13 03:00:00,25.0,82,0.0,22.68,10.71,7.65
4901,2025-09-13 04:00:00,26.5,75,0.0,23.53,10.39,7.64
4902,2025-09-13 05:00:00,28.5,65,0.0,24.72,9.95,7.65
4903,2025-09-13 06:00:00,29.9,57,0.0,25.97,9.54,7.74
4904,2025-09-13 07:00:00,31.0,51,0.1,27.18,9.18,7.73
4905,2025-09-13 08:00:00,31.5,47,0.0,28.18,8.91,7.56
4906,2025-09-13 09:00:00,31.4,48,0.0,28.84,8.8,7.66
4907,2025-09-13 10:00:00,30.6,51,0.0,29.07,8.8,7.56
4908,2025-09-13 11:00:00,29.0,56,0.0,28.75,8.96,7.37
4909,2025-09-13 12:00:00,27.6,63,0.0,28.1,9.21,7.33
4910,2025-09-13 13:00:00,26.3,68,0.0,27.26,9.48,7.23
4911,2025-09-13 14:00:00,25.1,75,0.0,26.31,9.8,7.25
4912,2025-09-13 15:00:00,24.4,80,0.0,25.44,10.08,7.12
4913,2025-09-13 16:00:00,23.6,87,0.0,24.59,10.4,7.23
4914,2025-09-13 17:00:00,23.0,90,0.0,23.81,10.62,7.14
4915,2025-09-13 18:00:00,22.6,93,0.0,23.15,10.83,7.12
4916,2025-09-13 19:00:00,22.4,94,0.0,22.62,10.96,7.22
4917,2025-09-13 20:00:00,22.2,95,0.0,22.2,11.08,7.08
4918,2025-09-13 21:00:00,22.0,95,0.0,21.84,11.15,7.2
4919,2025-09-13 22:00:00,21.8,96,0.0,21.53,11.24,7.27
4920,2025-09-13 23:00:00,21.6,97,0.0,21.25,11.32,7.29
4921,2025-09-14 00:00:00,21.5,96,0.0,21.02,11.35,7.45
4922,2025-09-14 01:00:00,21.8,96,0.0,20.96,11.37,7.53
4923,2025-09-14 02:00:00,22.9,91,0.0,21.24,11.2,7.65
4924,2025-09-14 03:00:00,24.9,80,0.0,22.04,10.8,7.68
4925,2025-09-14 04:00:00,27.2,69,0.0,23.29,10.32,7.69
4926,2025-09-14 05:00:00,29.1,60,0.1,24.73,9.85,7.74
4927,2025-09-14 06:00:00,30.2,55,0.1,26.07,9.48,7.74
4928,2025-09-14 07:00:00,30.9,52,0.0,27.22,9.19,7.71
4929,2025-09-14 08:00:00,30.8,53,0.0,27.99,9.06,7.71
4930,2025-09-14 09:00:00,31.0,51,0.1,28.6,8.9,7.66
4931,2025-09-14 10:00:00,29.8,58,0.4,28.66,9.01,7.55
4932,2025-09-14 11:00:00,28.9,61,0.1,28.43,9.11,7.52
4933,2025-09-14 12:00:00,27.6,65,0.0,27.88,9.29,7.4
4934,2025-09-14 13:00:00,26.2,72,0.0,27.08,9.59,7.26
4935,2025-09-14 14:00:00,25.4,78,0.0,26.27,9.87,7.28
4936,2025-09-14 15:00:00,24.7,83,0.0,25.5,10.13,7.09
4937,2025-09-14 16:00:00,24.1,87,0.0,24.78,10.36,7.14
4938,2025-09-14 17:00:00,23.6,90,0.0,24.13,10.56,7.12
4939,2025-09-14 18:00:00,23.2,92,0.0,23.55,10.72,7.2
4940,2025-09-14 19:00:00,22.9,94,0.0,23.05,10.87,7.12
4941,2025-09-14 20:00:00,22.5,96,0.0,22.59,11.01,7.16
4942,2025-09-14 21:00:00,22.1,98,0.0,22.14,11.15,7.12
4943,2025-09-14 22:00:00,22.0,99,0.0,21.8,11.24,7.37
4944,2025-09-14 23:00:00,21.9,98,0.0,21.53,11.28,7.37
4945,2025-09-15 00:00:00,21.9,98,0.0,21.34,11.32,7.37
4946,2025-09-15 01:00:00,22.5,94,0.0,21.39,11.23,7.54
4947,2025-09-15 02:00:00,24.0,87,0.0,21.87,10.98,7.64
4948,2025-09-15 03:00:00,25.6,77,0.0,22.69,10.61,7.59
4949,2025-09-15 04:00:00,27.5,68,0.0,23.83,10.19,7.72
4950,2025-09-15 05:00:00,29.2,60,0.0,25.14,9.76,7.77
4951,2025-09-15 06:00:00,30.5,53,0.0,26.45,9.37,7.76
4952,2025-09-15 07:00:00,30.1,54,1.2,27.25,9.22,7.62
4953,2025-09-15 08:00:00,29.5,60,0.7,27.62,9.26,7.59
4954,2025-09-15 09:00:00,30.1,58,0.5,28.07,9.13,7.68
4955,2025-09-15 10:00:00,29.5,60,0.2,28.2,9.14,7.57
4956,2025-09-15 11:00:00,28.9,63,0.0,28.11,9.21,7.46
4957,2025-09-15 12:00:00,27.4,69,0.0,27.59,9.43,7.36
4958,2025-09-15 13:00:00,26.0,78,0.0,26.82,9.75,7.31
4959,2025-09-15 14:00:00,25.0,85,0.1,25.97,10.06,7.11
4960,2025-09-15 15:00:00,24.2,90,0.0,25.14,10.34,7.24
4961,2025-09-15 16:00:00,23.6,92,0.0,24.38,10.54,7.12
4962,2025-09-15 17:00:00,23.4,94,0.2,23.78,10.71,7.06
4963,2025-09-15 18:00:00,23.1,96,0.1,23.28,10.86,7.11
4964,2025-09-15 19:00:00,23.0,96,1.3,22.9,10.94,7.19
4965,2025-09-15 20:00:00,22.5,99,0.8,22.48,11.09,7.16
4966,2025-09-15 21:00:00,22.2,99,2.1,22.09,11.18,7.18
4967,2025-09-15 22:00:00,22.3,99,0.2,21.86,11.23,7.24
4968,2025-09-15 23:00:00,22.4,98,0.1,21.72,11.24,7.35
4969,2025-09-16 00:00:00,21.9,99,0.0,21.47,11.32,7.6
4970,2025-09-16 01:00:00,23.1,97,0.1,21.66,11.23,7.51
4971,2025-09-16 02:00:00,23.6,93,0.1,21.94,11.09,7.61
4972,2025-09-16 03:00:00,24.9,86,0.0,22.53,10.82,7.63
4973,2025-09-16 04:00:00,27.0,75,0.0,23.57,10.38,7.64
4974,2025-09-16 05:00:00,28.6,65,0.4,24.78,9.93,7.65
4975,2025-09-16 06:00:00,30.2,59,0.2,26.11,9.55,7.66
4976,2025-09-16 07:00:00,31.0,57,0.1,27.27,9.27,7.69
4977,2025-09-16 08:00:00,29.0,62,3.2,27.49,9.32,7.53
4978,2025-09-16 09:00:00,28.5,66,0.6,27.49,9.39,7.57
4979,2025-09-16 10:00:00,28.3,67,0.0,27.44,9.42,7.59
4980,2025-09-16 11:00:00,27.9,68,0.0,27.28,9.47,7.48
4981,2025-09-16 12:00:00,25.8,78,0.0,26.53,9.81,7.29
4982,2025-09-16 13:00:00,24.6,85,0.0,25.65,10.13,7.29
4983,2025-09-16 14:00:00,23.9,91,0.0,24.83,10.42,7.22
4984,2025-09-16 15:00:00,23.8,92,0.0,24.22,10.58,7.2
4985,2025-09-16 16:00:00,23.4,94,0.0,23.67,10.73,7.14
4986,2025-09-16 17:00:00,23.0,96,0.0,23.17,10.88,7.07
4987,2025-09-16 18:00:00,22.8,97,0.0,22.76,10.99,7.12
4988,2025-09-16 19:00:00,22.6,97,0.0,22.41,11.07,7.13
4989,2025-09-16 20:00:00,22.1,100,0.0,22.02,11.22,7.22
4990,2025-09-16 21:00:00,22.3,98,0.1,21.8,11.22,7.29
4991,2025-09-16 22:00:00,22.4,97,0.0,21.68,11.23,7.25
4992,2025-09-16 23:00:00,22.3,98,0.0,21.57,11.27,7.4
4993,2025-09-17 00:00:00,22.0,99,0.0,21.4,11.33,7.47
4994,2025-09-17 01:00:00,22.4,98,0.0,21.4,11.31,7.48
4995,2025-09-17 02:00:00,23.1,95,0.0,21.61,11.2,7.56
4996,2025-09-17 03:00:00,24.6,86,0.0,22.21,10.89,7.63
4997,2025-09-17 04:00:00,26.6,76,0.0,23.22,10.47,7.74
4998,2025-09-17 05:00:00,28.5,70,0.2,24.51,10.09,7.68
4999,2025-09-17 06:00:00,28.1,67,6.6,25.28,9.87,7.49
5000,2025-09-17 07:00:00,27.4,75,5.2,25.62,9.95,7.48
5001,2025-09-17 08:00:00,28.0,71,1.3,26.03,9.79,7.58
5002,2025-09-17 09:00:00,28.9,68,2.5,26.59,9.62,7.49
5003,2025-09-17 10:00:00,26.8,76,3.8,26.36,9.81,7.48
5004,2025-09-17 11:00:00,27.0,75,0.1,26.25,9.82,7.48
5005,2025-09-17 12:00:00,25.1,84,0.0,25.6,10.12,7.34
5006,2025-09-17 13:00:00,24.0,91,0.0,24.82,10.43,7.3
5007,2025-09-17 14:00:00,23.4,94,0.0,24.1,10.64,7.25
5008,2025-09-17 15:00:00,23.0,96,0.0,23.47,10.82,7.29
5009,2025-09-17 16:00:00,23.1,95,0.1,23.06,10.89,7.12
5010,2025-09-17 17:00:00,22.8,96,0.1,22.68,10.99,7.13
5011,2025-09-17 18:00:00,22.7,97,0.0,22.39,11.07,7.11
5012,2025-09-17 19:00:00,22.4,98,0.0,22.09,11.16,7.23
5013,2025-09-17 20:00:00,22.4,98,0.0,21.88,11.2,7.15
5014,2025-09-17 21:00:00,22.2,98,0.0,21.68,11.25,7.12
5015,2025-09-17 22:00:00,22.1,98,0.0,21.5,11.29,7.3
5016,2025-09-17 23:00:00,22.1,98,0.0,21.38,11.31,7.37
5017,2025-09-18 00:00:00,22.1,98,0.0,21.3,11.33,7.44
5018,2025-09-18 01:00:00,22.5,96,0.0,21.36,11.28,7.56
5019,2025-09-18 02:00:00,23.2,92,0.0,21.61,11.14,7.57
5020,2025-09-18 03:00:00,24.9,84,0.0,22.3,10.83,7.61
5021,2025-09-18 04:00:00,26.8,76,0.0,23.35,10.45,7.72
5022,2025-09-18 05:00:00,27.8,71,0.2,24.38,10.13,7.65
5023,2025-09-18 06:00:00,29.0,63,0.4,25.47,9.75,7.66
5024,2025-09-18 07:00:00,29.5,61,1.7,26.38,9.53,7.64
5025,2025-09-18 08:00:00,28.2,68,3.3,26.62,9.61,7.64
5026,2025-09-18 09:00:00,26.8,76,1.2,26.38,9.81,7.45
5027,2025-09-18 10:00:00,27.7,71,0.1,26.47,9.7,7.48
5028,2025-09-18 11:00:00,26.9,72,0.0,26.3,9.75,7.4
5029,2025-09-18 12:00:00,25.0,82,0.0,25.61,10.08,7.41
5030,2025-09-18 13:00:00,24.6,86,0.0,25.01,10.29,7.32
5031,2025-09-18 14:00:00,24.1,91,0.0,24.44,10.51,7.29
5032,2025-09-18 15:00:00,23.8,92,0.0,23.94,10.64,7.16
5033,2025-09-18 16:00:00,23.3,95,0.0,23.45,10.8,7.1
5034,2025-09-18 17:00:00,23.0,96,0.0,23.02,10.92,7.18
5035,2025-09-18 18:00:00,22.8,97,0.0,22.65,11.02,7.17
5036,2025-09-18 19:00:00,22.6,98,0.0,22.34,11.11,7.18
5037,2025-09-18 20:00:00,22.6,97,0.0,22.12,11.13,7.2
5038,2025-09-18 21:00:00,22.1,99,0.0,21.81,11.24,7.25
5039,2025-09-18 22:00:00,22.0,99,0.0,21.57,11.29,7.28
5040,2025-09-18 23:00:00,22.0,98,0.0,21.4,11.31,7.41
5041,2025-09-19 00:00:00,22.0,98,0.0,21.28,11.34,7.41
5042,2025-09-19 01:00:00,22.5,95,0.0,21.34,11.26,7.52
5043,2025-09-19 02:00:00,22.9,93,0.0,21.51,11.18,7.52
5044,2025-09-19 03:00:00,24.5,85,0.0,22.11,10.89,7.65
5045,2025-09-19 04:00:00,25.8,79,0.0,22.92,10.6,7.67
5046,2025-09-19 05:00:00,26.5,74,0.0,23.69,10.34,7.8
5047,2025-09-19 06:00:00,28.2,67,0.0,24.74,9.98,7.78
5048,2025-09-19 07:00:00,30.0,61,0.0,26.02,9.6,7.62
5049,2025-09-19 08:00:00,29.4,61,3.7,26.73,9.46,7.54
5050,2025-09-19 09:00:00,28.4,66,1.1,26.93,9.51,7.61
5051,2025-09-19 10:00:00,27.8,69,0.7,26.89,9.57,7.53
5052,2025-09-19 11:00:00,27.2,72,0.4,26.69,9.67,7.52
5053,2025-09-19 12:00:00,25.4,81,0.1,26.0,9.98,7.35
5054,2025-09-19 13:00:00,24.4,88,0.1,25.22,10.28,7.32
5055,2025-09-19 14:00:00,24.0,91,0.1,24.55,10.48,7.25
5056,2025-09-19 15:00:00,23.4,94,0.4,23.91,10.68,7.24
5057,2025-09-19 16:00:00,23.0,97,0.1,23.34,10.87,7.18
5058,2025-09-19 17:00:00,22.9,97,0.0,22.9,10.96,7.1
5059,2025-09-19 18:00:00,22.8,97,0.0,22.57,11.03,7.18
5060,2025-09-19 19:00:00,22.5,98,0.0,22.25,11.12,7.21
5061,2025-09-19 20:00:00,22.3,98,0.0,21.97,11.19,7.14
5062,2025-09-19 21:00:00,22.4,98,0.0,21.8,11.22,7.24
5063,2025-09-19 22:00:00,22.4,97,0.1,21.68,11.23,7.29
5064,2025-09-19 23:00:00,22.3,97,0.0,21.56,11.25,7.41
5065,2025-09-20 00:00:00,22.0,98,0.0,21.39,11.31,7.42
5066,2025-09-20 01:00:00,22.9,98,0.0,21.55,11.28,7.54
5067,2025-09-20 02:00:00,23.4,94,0.0,21.8,11.14,7.67
5068,2025-09-20 03:00:00,24.2,89,0.0,22.22,10.95,7.76
5069,2025-09-20 04:00:00,25.8,82,0.0,23.0,10.64,7.67
5070,2025-09-20 05:00:00,27.9,72,0.1,24.17,10.2,7.71
5071,2025-09-20 06:00:00,28.9,67,0.1,25.29,9.87,7.67
5072,2025-09-20 07:00:00,29.4,64,8.0,26.22,9.62,7.52
5073,2025-09-20 08:00:00,27.8,72,9.7,26.39,9.73,7.45
5074,2025-09-20 09:00:00,25.9,84,1.9,25.95,10.05,7.5
5075,2025-09-20 10:00:00,27.2,73,0.2,26.02,9.83,7.57
5076,2025-09-20 11:00:00,27.3,69,0.0,26.11,9.74,7.48
5077,2025-09-20 12:00:00,25.9,77,0.0,25.74,9.96,7.38
5078,2025-09-20 13:00:00,25.8,74,0.0,25.46,9.96,7.35
5079,2025-09-20 14:00:00,25.0,78,0.0,25.02,10.13,7.32
5080,2025-09-20 15:00:00,24.4,82,0.0,24.54,10.31,7.23
5081,2025-09-20 16:00:00,23.9,86,0.0,24.05,10.5,7.15
5082,2025-09-20 17:00:00,23.3,89,0.0,23.52,10.67,7.1
5083,2025-09-20 18:00:00,22.8,93,0.0,23.01,10.86,7.17
5084,2025-09-20 19:00:00,22.5,96,0.0,22.55,11.02,7.19
5085,2025-09-20 20:00:00,22.4,97,0.1,22.21,11.11,7.11
5086,2025-09-20 21:00:00,22.4,97,0.1,21.97,11.17,7.21
5087,2025-09-20 22:00:00,22.3,98,0.0,21.77,11.23,7.16
5088,2025-09-20 23:00:00,22.0,98,0.0,21.54,11.28,7.26
5089,2025-09-21 00:00:00,22.0,98,0.0,21.38,11.32,7.45
5090,2025-09-21 01:00:00,22.6,96,0.0,21.44,11.26,7.51
5091,2025-09-21 02:00:00,23.5,92,0.0,21.76,11.11,7.58
5092,2025-09-21 03:00:00,25.0,83,0.0,22.43,10.78,7.67
5093,2025-09-21 04:00:00,26.7,75,0.3,23.41,10.41,7.67
5094,2025-09-21 05:00:00,28.8,64,2.3,24.73,9.92,7.63
5095,2025-09-21 06:00:00,28.8,66,6.4,25.65,9.77,7.47
5096,2025-09-21 07:00:00,29.3,65,3.9,26.45,9.59,7.69
5097,2025-09-21 08:00:00,28.9,65,1.7,26.88,9.5,7.59
5098,2025-09-21 09:00:00,29.0,64,0.8,27.22,9.41,7.53
5099,2025-09-21 10:00:00,27.8,72,3.2,27.09,9.59,7.42
5100,2025-09-21 11:00:00,26.9,73,0.0,26.73,9.68,7.49
5101,2025-09-21 12:00:00,25.6,79,0.0,26.09,9.93,7.46
5102,2025-09-21 13:00:00,24.9,83,0.0,25.44,10.14,7.38
5103,2025-09-21 14:00:00,24.4,86,0.0,24.83,10.33,7.26
5104,2025-09-21 15:00:00,24.1,88,0.0,24.31,10.48,7.29
5105,2025-09-21 16:00:00,23.6,91,0.0,23.8,10.65,7.15
5106,2025-09-21 17:00:00,23.1,95,0.0,23.29,10.84,7.14
5107,2025-09-21 18:00:00,22.8,96,0.0,22.84,10.95,7.1
5108,2025-09-21 19:00:00,22.6,96,0.0,22.47,11.04,7.16
5109,2025-09-21 20:00:00,22.4,97,0.0,22.15,11.13,7.13
5110,2025-09-21 21:00:00,22.2,96,0.0,21.86,11.17,7.3
5111,2025-09-21 22:00:00,22.0,97,0.0,21.6,11.25,7.35
5112,2025-09-21 23:00:00,22.0,98,0.0,21.42,11.31,7.32
5113,2025-09-22 00:00:00,22.1,97,0.0,21.33,11.31,7.47
5114,2025-09-22 01:00:00,22.8,96,0.0,21.47,11.25,7.59
5115,2025-09-22 02:00:00,23.5,91,0.0,21.78,11.08,7.59
5116,2025-09-22 03:00:00,25.0,83,0.0,22.44,10.78,7.58
5117,2025-09-22 04:00:00,26.9,74,0.0,23.48,10.38,7.7
5118,2025-09-22 05:00:00,28.4,67,0.0,24.66,10.0,7.68
5119,2025-09-22 06:00:00,30.0,59,0.0,25.96,9.58,7.7
5120,2025-09-22 07:00:00,29.8,57,0.0,26.81,9.37,7.66
5121,2025-09-22 08:00:00,29.8,55,0.0,27.41,9.21,7.71
5122,2025-09-22 09:00:00,29.9,55,0.0,27.86,9.12,7.54
5123,2025-09-22 10:00:00,28.8,61,0.0,27.84,9.23,7.46
5124,2025-09-22 11:00:00,27.8,67,0.0,27.53,9.4,7.48
5125,2025-09-22 12:00:00,26.3,73,0.0,26.86,9.65,7.44
5126,2025-09-22 13:00:00,25.6,74,0.0,26.18,9.81,7.32
5127,2025-09-22 14:00:00,25.0,80,0.0,25.53,10.06,7.37
5128,2025-09-22 15:00:00,24.2,85,0.0,24.83,10.31,7.16
5129,2025-09-22 16:00:00,23.9,87,0.0,24.25,10.47,7.16
5130,2025-09-22 17:00:00,23.5,91,0.0,23.73,10.66,7.18
5131,2025-09-22 18:00:00,23.3,92,0.0,23.3,10.78,7.09
5132,2025-09-22 19:00:00,23.0,94,0.0,22.91,10.9,7.19
5133,2025-09-22 20:00:00,22.8,95,0.0,22.58,10.99,7.23
5134,2025-09-22 21:00:00,22.4,96,0.0,22.22,11.09,7.19
5135,2025-09-22 22:00:00,22.0,97,0.0,21.86,11.19,7.36
5136,2025-09-22 23:00:00,21.9,98,0.0,21.57,11.27,7.3
5137,2025-09-23 00:00:00,21.8,98,0.0,21.34,11.32,7.46
5138,2025-09-23 01:00:00,22.0,99,0.7,21.24,11.37,7.48
5139,2025-09-23 02:00:00,22.3,98,0.1,21.26,11.34,7.56
5140,2025-09-23 03:00:00,23.5,92,0.0,21.63,11.14,7.65
5141,2025-09-23 04:00:00,25.5,81,0.0,22.49,10.73,7.69
5142,2025-09-23 05:00:00,26.7,74,0.0,23.45,10.38,7.68
5143,2025-09-23 06:00:00,28.1,66,0.0,24.55,10.0,7.7
5144,2025-09-23 07:00:00,29.4,61,0.0,25.7,9.67,7.68
5145,2025-09-23 08:00:00,29.3,60,0.7,26.48,9.49,7.63
5146,2025-09-23 09:00:00,28.2,65,0.0,26.7,9.54,7.65
5147,2025-09-23 10:00:00,27.9,66,0.0,26.76,9.54,7.6
5148,2025-09-23 11:00:00,26.5,74,0.0,26.38,9.77,7.54
5149,2025-09-23 12:00:00,25.5,78,0.0,25.82,9.97,7.39
5150,2025-09-23 13:00:00,24.9,81,0.0,25.24,10.14,7.28
5151,2025-09-23 14:00:00,24.5,85,0.0,24.72,10.33,7.31
5152,2025-09-23 15:00:00,23.7,90,0.0,24.11,10.56,7.21
5153,2025-09-23 16:00:00,23.4,90,0.0,23.6,10.67,7.05
5154,2025-09-23 17:00:00,23.2,92,0.0,23.18,10.8,7.23
5155,2025-09-23 18:00:00,22.9,94,0.0,22.8,10.92,7.13
5156,2025-09-23 19:00:00,22.6,96,0.0,22.44,11.04,7.15
5157,2025-09-23 20:00:00,22.4,96,0.0,22.13,11.11,7.28
5158,2025-09-23 21:00:00,22.2,95,0.0,21.85,11.15,7.21
5159,2025-09-23 22:00:00,22.0,95,0.0,21.59,11.21,7.36
5160,2025-09-23 23:00:00,21.7,96,0.0,21.33,11.29,7.43
5161,2025-09-24 00:00:00,21.2,97,0.0,20.99,11.38,7.36
5162,2025-09-24 01:00:00,22.2,94,0.0,21.05,11.3,7.59
5163,2025-09-24 02:00:00,22.8,92,0.0,21.28,11.21,7.58
5164,2025-09-24 03:00:00,24.4,83,0.0,21.91,10.89,7.66
5165,2025-09-24 04:00:00,27.0,72,0.0,23.14,10.41,7.7
5166,2025-09-24 05:00:00,28.5,64,0.5,24.45,9.98,7.56
5167,2025-09-24 06:00:00,30.0,55,1.1,25.81,9.53,7.59
5168,2025-09-24 07:00:00,30.3,53,1.3,26.86,9.28,7.64
5169,2025-09-24 08:00:00,30.0,56,0.5,27.5,9.21,7.64
5170,2025-09-24 09:00:00,29.8,57,0.0,27.89,9.15,7.66
5171,2025-09-24 10:00:00,28.4,65,0.0,27.74,9.32,7.53
5172,2025-09-24 11:00:00,26.9,69,0.0,27.19,9.51,7.45
5173,2025-09-24 12:00:00,25.6,75,0.0,26.41,9.78,7.48
5174,2025-09-24 13:00:00,24.8,80,0.0,25.63,10.04,7.22
5175,2025-09-24 14:00:00,24.1,84,0.0,24.87,10.28,7.33
5176,2025-09-24 15:00:00,23.8,86,0.0,24.25,10.45,7.2
5177,2025-09-24 16:00:00,23.1,90,0.0,23.6,10.67,7.18
5178,2025-09-24 17:00:00,22.6,93,0.0,23.0,10.86,7.08
5179,2025-09-24 18:00:00,22.5,95,0.0,22.55,11.0,7.14
5180,2025-09-24 19:00:00,22.2,98,0.0,22.15,11.15,7.23
5181,2025-09-24 20:00:00,21.9,99,0.0,21.77,11.25,7.1
5182,2025-09-24 21:00:00,22.0,97,0.0,21.54,11.26,7.16
5183,2025-09-24 22:00:00,21.8,97,0.0,21.32,11.31,7.22
5184,2025-09-24 23:00:00,21.7,97,0.0,21.13,11.35,7.33
5185,2025-09-25 00:00:00,21.6,97,0.0,20.97,11.38,7.49
5186,2025-09-25 01:00:00,22.6,96,0.0,21.16,11.32,7.5
5187,2025-09-25 02:00:00,23.5,91,0.0,21.56,11.13,7.57
5188,2025-09-25 03:00:00,25.5,82,0.0,22.44,10.76,7.69
5189,2025-09-25 04:00:00,27.2,71,0.5,23.57,10.3,7.71
5190,2025-09-25 05:00:00,28.5,66,1.6,24.75,9.96,7.73
5191,2025-09-25 06:00:00,29.3,61,2.2,25.81,9.64,7.62
5192,2025-09-25 07:00:00,29.3,62,1.1,26.56,9.51,7.68
5193,2025-09-25 08:00:00,29.0,62,1.2,26.99,9.42,7.56
5194,2025-09-25 09:00:00,28.9,64,0.0,27.26,9.4,7.56
5195,2025-09-25 10:00:00,28.1,66,0.2,27.22,9.45,7.52
5196,2025-09-25 11:00:00,27.4,70,0.0,26.97,9.57,7.52
5197,2025-09-25 12:00:00,25.4,80,0.0,26.2,9.92,7.42
5198,2025-09-25 13:00:00,24.1,89,0.0,25.27,10.29,7.3
5199,2025-09-25 14:00:00,23.5,91,0.0,24.44,10.51,7.29
5200,2025-09-25 15:00:00,22.8,94,0.0,23.65,10.74,7.31
5201,2025-09-25 16:00:00,22.8,92,0.0,23.09,10.82,7.11
5202,2025-09-25 17:00:00,22.3,94,0.0,22.56,10.98,7.12
5203,2025-09-25 18:00:00,22.1,95,0.0,22.12,11.09,7.12
5204,2025-09-25 19:00:00,21.9,96,0.0,21.75,11.19,7.16
5205,2025-09-25 20:00:00,22.0,95,0.0,21.53,11.22,7.19
5206,2025-09-25 21:00:00,21.8,96,0.0,21.31,11.29,7.31
5207,2025-09-25 22:00:00,22.0,95,0.0,21.22,11.29,7.37
5208,2025-09-25 23:00:00,22.1,95,0.0,21.18,11.3,7.34
5209,2025-09-26 00:00:00,21.9,96,0.0,21.1,11.34,7.43
5210,2025-09-26 01:00:00,22.5,96,0.0,21.22,11.31,7.55
5211,2025-09-26 02:00:00,23.0,93,0.0,21.45,11.2,7.52
5212,2025-09-26 03:00:00,23.8,88,0.0,21.86,11.01,7.59
5213,2025-09-26 04:00:00,25.8,78,0.0,22.74,10.61,7.7
5214,2025-09-26 05:00:00,27.8,67,0.0,23.96,10.14,7.78
5215,2025-09-26 06:00:00,28.9,61,0.0,25.14,9.78,7.67
5216,2025-09-26 07:00:00,29.1,62,0.0,26.03,9.62,7.64
5217,2025-09-26 08:00:00,29.4,60,0.0,26.74,9.44,7.62
5218,2025-09-26 09:00:00,29.0,61,0.0,27.12,9.38,7.6
5219,2025-09-26 10:00:00,28.3,64,0.0,27.17,9.42,7.55
5220,2025-09-26 11:00:00,26.7,70,0.0,26.73,9.62,7.48
5221,2025-09-26 12:00:00,24.4,81,0.0,25.73,10.04,7.34
5222,2025-09-26 13:00:00,23.9,88,0.0,24.88,10.35,7.27
5223,2025-09-26 14:00:00,22.8,93,0.0,23.96,10.65,7.33
5224,2025-09-26 15:00:00,22.2,93,0.0,23.13,10.83,7.21
5225,2025-09-26 16:00:00,21.9,93,0.0,22.46,10.98,7.22
5226,2025-09-26 17:00:00,22.1,93,0.0,22.05,11.07,7.17
5227,2025-09-26 18:00:00,21.8,95,0.0,21.68,11.19,7.22
5228,2025-09-26 19:00:00,21.7,94,0.0,21.38,11.23,7.09
5229,2025-09-26 20:00:00,22.0,92,0.0,21.27,11.22,7.22
5230,2025-09-26 21:00:00,21.9,93,0.0,21.16,11.26,7.24
5231,2025-09-26 22:00:00,22.1,90,0.0,21.14,11.2,7.31
5232,2025-09-26 23:00:00,22.0,90,0.0,21.1,11.21,7.4
5233,2025-09-27 00:00:00,21.5,94,0.0,20.92,11.33,7.45
5234,2025-09-27 01:00:00,22.9,90,0.0,21.21,11.19,7.46
5235,2025-09-27 02:00:00,23.2,90,0.0,21.51,11.12,7.53
5236,2025-09-27 03:00:00,24.5,83,0.0,22.11,10.85,7.66
5237,2025-09-27 04:00:00,25.6,77,0.0,22.85,10.57,7.75
5238,2025-09-27 05:00:00,26.0,74,0.0,23.5,10.38,7.77
5239,2025-09-27 06:00:00,26.6,72,0.0,24.13,10.2,7.73
5240,2025-09-27 07:00:00,27.1,68,0.0,24.72,10.0,7.74
5241,2025-09-27 08:00:00,26.6,71,0.0,24.98,10.01,7.64
5242,2025-09-27 09:00:00,27.0,71,0.0,25.29,9.94,7.68
5243,2025-09-27 10:00:00,26.4,72,0.0,25.32,9.96,7.6
5244,2025-09-27 11:00:00,25.9,75,0.0,25.2,10.04,7.5
5245,2025-09-27 12:00:00,23.9,86,0.0,24.51,10.4,7.39
5246,2025-09-27 13:00:00,22.9,92,0.0,23.72,10.68,7.3
5247,2025-09-27 14:00:00,22.8,92,0.0,23.15,10.81,7.31
5248,2025-09-27 15:00:00,22.7,92,0.0,22.71,10.9,7.2
5249,2025-09-27 16:00:00,22.4,91,0.0,22.32,10.97,7.15
5250,2025-09-27 17:00:00,21.9,94,0.0,21.89,11.12,7.19
5251,2025-09-27 18:00:00,21.9,96,0.0,21.6,11.23,7.13
5252,2025-09-27 19:00:00,21.7,96,0.0,21.33,11.29,7.15
5253,2025-09-27 20:00:00,21.8,95,0.0,21.17,11.3,7.17
5254,2025-09-27 21:00:00,21.8,96,0.0,21.06,11.34,7.22
5255,2025-09-27 22:00:00,21.9,94,0.0,21.01,11.31,7.3
5256,2025-09-27 23:00:00,21.8,95,0.0,20.95,11.35,7.41
5257,2025-09-28 00:00:00,21.7,95,0.0,20.87,11.36,7.46
5258,2025-09-28 01:00:00,22.8,93,0.0,21.15,11.26,7.56
5259,2025-09-28 02:00:00,23.1,92,0.0,21.44,11.18,7.6
5260,2025-09-28 03:00:00,23.8,89,0.0,21.85,11.03,7.57
5261,2025-09-28 04:00:00,25.5,80,0.0,22.64,10.68,7.67
5262,2025-09-28 05:00:00,27.4,71,0.0,23.77,10.26,7.72
5263,2025-09-28 06:00:00,28.2,68,0.0,24.8,9.99,7.7
5264,2025-09-28 07:00:00,29.0,63,0.1,25.76,9.69,7.67
5265,2025-09-28 08:00:00,28.5,65,0.1,26.28,9.62,7.59
5266,2025-09-28 09:00:00,28.0,68,0.1,26.5,9.64,7.59
5267,2025-09-28 10:00:00,26.8,71,0.1,26.29,9.73,7.59
5268,2025-09-28 11:00:00,26.0,76,0.0,25.9,9.91,7.61
5269,2025-09-28 12:00:00,24.1,86,0.0,25.06,10.28,7.56
5270,2025-09-28 13:00:00,23.4,91,0.0,24.26,10.55,7.39
5271,2025-09-28 14:00:00,23.2,90,0.0,23.64,10.66,7.24
5272,2025-09-28 15:00:00,23.2,88,0.0,23.21,10.71,7.27
5273,2025-09-28 16:00:00,23.1,88,0.0,22.88,10.79,7.19
5274,2025-09-28 17:00:00,22.6,91,0.0,22.49,10.93,7.07
5275,2025-09-28 18:00:00,22.1,95,0.0,22.08,11.1,7.17
5276,2025-09-28 19:00:00,22.0,95,0.0,21.75,11.17,7.08
5277,2025-09-28 20:00:00,21.9,95,0.0,21.5,11.23,7.23
5278,2025-09-28 21:00:00,21.7,96,0.0,21.26,11.3,7.27
5279,2025-09-28 22:00:00,21.8,95,0.0,21.12,11.31,7.29
5280,2025-09-28 23:00:00,21.8,95,0.0,21.02,11.33,7.32
5281,2025-09-29 00:00:00,22.0,92,0.0,21.02,11.27,7.41
5282,2025-09-29 01:00:00,22.8,91,0.0,21.25,11.2,7.56
5283,2025-09-29 02:00:00,23.4,89,0.0,21.6,11.08,7.55
5284,2025-09-29 03:00:00,24.2,85,0.0,22.08,10.9,7.67
5285,2025-09-29 04:00:00,26.5,74,0.0,23.1,10.46,7.79
5286,2025-09-29 05:00:00,28.2,63,0.0,24.33,9.99,7.7
5287,2025-09-29 06:00:00,29.5,56,0.0,25.58,9.6,7.68
5288,2025-09-29 07:00:00,30.0,54,0.0,26.61,9.35,7.63
5289,2025-09-29 08:00:00,29.1,58,0.0,27.06,9.34,7.64
5290,2025-09-29 09:00:00,29.2,58,0.0,27.4,9.27,7.61
5291,2025-09-29 10:00:00,28.3,62,0.0,27.37,9.35,7.61
5292,2025-09-29 11:00:00,27.5,65,0.0,27.11,9.45,7.52
5293,2025-09-29 12:00:00,26.2,72,0.0,26.54,9.7,7.47
5294,2025-09-29 13:00:00,25.3,76,0.0,25.87,9.92,7.19
5295,2025-09-29 14:00:00,24.5,83,0.0,25.16,10.2,7.28
5296,2025-09-29 15:00:00,23.7,88,0.0,24.42,10.45,7.25
5297,2025-09-29 16:00:00,22.9,94,0.0,23.66,10.74,7.21
5298,2025-09-29 17:00:00,22.2,98,0.0,22.92,10.98,7.25
5299,2025-09-29 18:00:00,22.3,98,0.0,22.44,11.08,7.11
5300,2025-09-29 19:00:00,22.1,98,0.0,22.04,11.17,7.13
5301,2025-09-29 20:00:00,21.9,98,0.0,21.7,11.25,7.18
5302,2025-09-29 21:00:00,21.8,98,0.0,21.43,11.3,7.18
5303,2025-09-29 22:00:00,21.6,99,0.0,21.18,11.38,7.34
5304,2025-09-29 23:00:00,21.5,99,0.0,20.98,11.42,7.35
5305,2025-09-30 00:00:00,21.5,98,0.0,20.83,11.44,7.58
5306,2025-09-30 01:00:00,22.1,98,0.0,20.91,11.42,7.57
5307,2025-09-30 02:00:00,23.0,94,0.0,21.24,11.26,7.56
5308,2025-09-30 03:00:00,25.3,81,0.0,22.16,10.8,7.7
5309,2025-09-30 04:00:00,27.5,69,0.0,23.46,10.28,7.67
5310,2025-09-30 05:00:00,29.5,59,0.0,24.97,9.78,7.69
5311,2025-09-30 06:00:00,30.4,52,0.0,26.3,9.38,7.61
5312,2025-09-30 07:00:00,30.6,50,0.0,27.29,9.14,7.66
5313,2025-09-30 08:00:00,29.9,55,0.0,27.77,9.14,7.63
5314,2025-09-30 09:00:00,29.5,58,0.0,27.99,9.15,7.63
5315,2025-09-30 10:00:00,28.8,61,0.0,27.93,9.21,7.49
5316,2025-09-30 11:00:00,28.0,65,0.0,27.65,9.34,7.46
5317,2025-09-30 12:00:00,26.9,70,0.0,27.13,9.54,7.35
5318,2025-09-30 13:00:00,25.4,78,0.0,26.31,9.86,7.33
5319,2025-09-30 14:00:00,24.8,82,0.0,25.56,10.1,7.31
5320,2025-09-30 15:00:00,23.8,89,0.0,24.73,10.41,7.15
5321,2025-09-30 16:00:00,23.2,92,0.0,23.97,10.63,7.12
5322,2025-09-30 17:00:00,22.8,95,0.0,23.32,10.83,7.09
5323,2025-09-30 18:00:00,22.6,95,0.0,22.8,10.94,7.12
5324,2025-09-30 19:00:00,22.4,96,0.0,22.38,11.05,7.15
5325,2025-09-30 20:00:00,22.0,98,0.0,21.97,11.19,7.16
5326,2025-09-30 21:00:00,22.0,98,0.0,21.68,11.25,7.23
5327,2025-09-30 22:00:00,21.9,98,0.0,21.44,11.3,7.32
5328,2025-09-30 23:00:00,21.6,98,0.0,21.19,11.36,7.36
5329,2025-10-01 00:00:00,22.2,98,0.0,21.19,11.36,7.41
5330,2025-10-01 01:00:00,22.6,95,0.0,21.32,11.27,7.53
5331,2025-10-01 02:00:00,23.5,90,0.0,21.67,11.09,7.59
5332,2025-10-01 03:00:00,25.4,81,0.0,22.49,10.73,7.64
5333,2025-10-01 04:00:00,27.8,69,0.0,23.78,10.22,7.71
5334,2025-10-01 05:00:00,29.6,58,0.0,25.23,9.71,7.68
5335,2025-10-01 06:00:00,30.8,51,0.0,26.6,9.3,7.69
5336,2025-10-01 07:00:00,31.0,51,0.0,27.62,9.09,7.61
5337,2025-10-01 08:00:00,31.2,49,0.8,28.39,8.9,7.58
5338,2025-10-01 09:00:00,30.5,53,0.0,28.73,8.91,7.63
5339,2025-10-01 10:00:00,30.0,55,0.0,28.81,8.93,7.52
5340,2025-10-01 11:00:00,28.7,60,0.0,28.48,9.08,7.51
5341,2025-10-01 12:00:00,27.2,67,0.0,27.79,9.35,7.46
5342,2025-10-01 13:00:00,25.6,76,0.0,26.84,9.71,7.43
5343,2025-10-01 14:00:00,25.0,80,0.0,25.98,9.97,7.25
5344,2025-10-01 15:00:00,24.4,85,0.0,25.21,10.23,7.2
5345,2025-10-01 16:00:00,23.7,90,0.0,24.46,10.49,7.14
5346,2025-10-01 17:00:00,23.1,95,0.0,23.75,10.74,7.13
5347,2025-10-01 18:00:00,22.9,97,0.0,23.19,10.9,7.15
5348,2025-10-01 19:00:00,23.1,94,0.0,22.87,10.91,7.12
5349,2025-10-01 20:00:00,22.7,96,0.0,22.52,11.03,7.22
5350,2025-10-01 21:00:00,22.4,96,0.0,22.18,11.1,7.28
5351,2025-10-01 22:00:00,22.0,98,0.0,21.83,11.22,7.33
5352,2025-10-01 23:00:00,22.0,98,0.0,21.58,11.27,7.36
5353,2025-10-02 00:00:00,22.1,98,0.0,21.44,11.3,7.49
5354,2025-10-02 01:00:00,22.4,96,0.0,21.42,11.26,7.6
5355,2025-10-02 02:00:00,23.8,87,0.0,21.84,10.99,7.54
5356,2025-10-02 03:00:00,25.9,77,0.0,22.76,10.59,7.7
5357,2025-10-02 04:00:00,28.0,68,0.0,24.03,10.15,7.65
5358,2025-10-02 05:00:00,29.9,60,0.0,25.49,9.69,7.64
5359,2025-10-02 06:00:00,30.4,56,1.0,26.66,9.38,7.64
5360,2025-10-02 07:00:00,30.8,55,0.5,27.6,9.17,7.64
5361,2025-10-02 08:00:00,31.0,54,1.1,28.32,9.01,7.59
5362,2025-10-02 09:00:00,30.6,56,1.1,28.71,8.97,7.57
5363,2025-10-02 10:00:00,29.4,61,0.1,28.61,9.07,7.45
5364,2025-10-02 11:00:00,28.9,64,0.0,28.4,9.17,7.47
5365,2025-10-02 12:00:00,28.2,67,0.0,28.04,9.3,7.37
5366,2025-10-02 13:00:00,26.2,78,0.0,27.19,9.68,7.42
5367,2025-10-02 14:00:00,25.1,84,0.0,26.26,9.98,7.2
5368,2025-10-02 15:00:00,24.9,83,0.0,25.55,10.12,7.18
5369,2025-10-02 16:00:00,24.4,87,0.0,24.91,10.33,7.19
5370,2025-10-02 17:00:00,23.6,92,0.0,24.22,10.58,7.11
5371,2025-10-02 18:00:00,23.5,96,0.0,23.7,10.77,7.1
5372,2025-10-02 19:00:00,23.5,95,0.0,23.34,10.83,7.11
5373,2025-10-02 20:00:00,23.2,95,0.0,23.0,10.9,7.14
5374,2025-10-02 21:00:00,23.0,96,0.0,22.7,10.99,7.11
5375,2025-10-02 22:00:00,22.9,96,0.0,22.46,11.04,7.32
5376,2025-10-02 23:00:00,22.8,96,0.0,22.26,11.08,7.42
5377,2025-10-03 00:00:00,22.9,97,0.0,22.15,11.13,7.34
5378,2025-10-03 01:00:00,22.8,97,0.0,22.05,11.15,7.54
5379,2025-10-03 02:00:00,23.5,93,0.0,22.18,11.04,7.43
5380,2025-10-03 03:00:00,26.0,79,0.0,23.03,10.57,7.74
5381,2025-10-03 04:00:00,28.4,66,0.0,24.34,10.04,7.63
5382,2025-10-03 05:00:00,30.5,53,0.0,25.89,9.48,7.59
5383,2025-10-03 06:00:00,31.8,45,0.0,27.36,9.04,7.6
5384,2025-10-03 07:00:00,33.0,42,0.0,28.75,8.71,7.59
5385,2025-10-03 08:00:00,29.6,63,4.7,28.71,9.09,7.47
5386,2025-10-03 09:00:00,31.2,54,0.0,29.15,8.84,7.46
5387,2025-10-03 10:00:00,29.9,61,0.0,29.08,8.98,7.56
5388,2025-10-03 11:00:00,28.4,68,0.6,28.57,9.2,7.41
5389,2025-10-03 12:00:00,28.5,70,0.0,28.25,9.31,7.28
5390,2025-10-03 13:00:00,27.0,78,0.0,27.58,9.59,7.31
5391,2025-10-03 14:00:00,26.0,82,0.0,26.8,9.83,7.36
5392,2025-10-03 15:00:00,25.5,85,0.0,26.11,10.03,7.28
5393,2025-10-03 16:00:00,25.0,88,0.0,25.48,10.23,7.13
5394,2025-10-03 17:00:00,24.5,91,0.0,24.89,10.41,7.19
5395,2025-10-03 18:00:00,24.5,94,0.0,24.47,10.56,7.08
5396,2025-10-03 19:00:00,24.7,92,0.0,24.24,10.57,7.01
5397,2025-10-03 20:00:00,24.5,94,0.0,24.02,10.66,7.15
5398,2025-10-03 21:00:00,24.3,95,0.0,23.8,10.73,7.17
5399,2025-10-03 22:00:00,23.8,92,1.8,23.5,10.73,7.19
5400,2025-10-03 23:00:00,23.4,96,1.0,23.17,10.88,7.25
5401,2025-10-04 00:00:00,23.8,97,3.9,23.06,10.93,7.34
5402,2025-10-04 01:00:00,24.0,95,0.1,23.04,10.89,7.5
5403,2025-10-04 02:00:00,24.3,93,0.0,23.12,10.83,7.55
5404,2025-10-04 03:00:00,25.3,86,0.0,23.47,10.62,7.64
5405,2025-10-04 04:00:00,26.4,79,0.0,24.05,10.36,7.68
5406,2025-10-04 05:00:00,27.6,71,0.0,24.82,10.04,7.77
5407,2025-10-04 06:00:00,28.2,65,0.2,25.53,9.78,7.66
5408,2025-10-04 07:00:00,28.8,62,0.0,26.21,9.58,7.69
5409,2025-10-04 08:00:00,29.8,58,1.2,26.99,9.35,7.59
5410,2025-10-04 09:00:00,27.7,64,1.6,26.9,9.48,7.52
5411,2025-10-04 10:00:00,25.1,81,3.3,26.06,9.97,7.37
5412,2025-10-04 11:00:00,26.0,76,0.6,25.74,9.94,7.48
5413,2025-10-04 12:00:00,26.0,76,0.5,25.52,9.99,7.39
5414,2025-10-04 13:00:00,25.5,84,0.2,25.21,10.21,7.26
5415,2025-10-04 14:00:00,24.8,88,0.0,24.79,10.37,7.18
5416,2025-10-04 15:00:00,24.5,89,0.0,24.4,10.48,7.23
5417,2025-10-04 16:00:00,24.2,91,0.0,24.04,10.59,7.19
5418,2025-10-04 17:00:00,23.7,94,0.0,23.64,10.74,7.1
5419,2025-10-04 18:00:00,23.4,96,0.0,23.27,10.86,7.14
5420,2025-10-04 19:00:00,23.1,98,0.0,22.92,10.98,7.03
5421,2025-10-04 20:00:00,23.1,98,0.0,22.67,11.03,7.27
5422,2025-10-04 21:00:00,23.0,99,0.0,22.47,11.1,7.25
5423,2025-10-04 22:00:00,23.0,99,0.0,22.33,11.13,7.29
5424,2025-10-04 23:00:00,23.0,99,0.0,22.23,11.15,7.38
5425,2025-10-05 00:00:00,22.8,99,0.0,22.1,11.18,7.43
5426,2025-10-05 01:00:00,23.4,94,0.1,22.19,11.06,7.51
5427,2025-10-05 02:00:00,23.9,91,0.0,22.4,10.95,7.57
5428,2025-10-05 03:00:00,26.0,77,0.0,23.18,10.5,7.59
5429,2025-10-05 04:00:00,27.8,67,0.0,24.27,10.08,7.71
5430,2025-10-05 05:00:00,28.5,65,0.0,25.24,9.84,7.74
5431,2025-10-05 06:00:00,29.4,58,0.1,26.19,9.51,7.74
5432,2025-10-05 07:00:00,31.1,53,0.1,27.36,9.18,7.61
5433,2025-10-05 08:00:00,31.4,51,0.0,28.27,8.96,7.67
5434,2025-10-05 09:00:00,29.2,60,2.2,28.25,9.13,7.42
5435,2025-10-05 10:00:00,29.0,61,0.8,28.18,9.16,7.51
5436,2025-10-05 11:00:00,28.5,64,0.0,27.97,9.26,7.47
5437,2025-10-05 12:00:00,25.9,81,0.0,27.05,9.76,7.44
5438,2025-10-05 13:00:00,24.5,89,0.0,25.99,10.14,7.35
5439,2025-10-05 14:00:00,24.4,88,0.0,25.21,10.28,7.26
5440,2025-10-05 15:00:00,23.9,90,0.0,24.52,10.47,7.27
5441,2025-10-05 16:00:00,23.6,92,0.0,23.94,10.64,7.12
5442,2025-10-05 17:00:00,23.5,94,0.0,23.51,10.77,7.18
5443,2025-10-05 18:00:00,23.7,98,0.0,23.27,10.9,7.1
5444,2025-10-05 19:00:00,23.8,96,0.0,23.13,10.89,7.16
5445,2025-10-05 20:00:00,23.5,98,0.0,22.94,10.97,7.15
5446,2025-10-05 21:00:00,23.1,98,0.0,22.69,11.03,7.29
5447,2025-10-05 22:00:00,23.0,98,0.0,22.48,11.07,7.28
5448,2025-10-05 23:00:00,22.8,97,0.0,22.28,11.1,7.42
5449,2025-10-06 00:00:00,22.5,98,0.0,22.04,11.17,7.48
5450,2025-10-06 01:00:00,23.0,96,0.0,22.03,11.13,7.48
5451,2025-10-06 02:00:00,23.8,91,0.0,22.26,10.98,7.54
5452,2025-10-06 03:00:00,25.3,84,0.0,22.87,10.71,7.63
5453,2025-10-06 04:00:00,27.1,72,0.0,23.84,10.26,7.72
5454,2025-10-06 05:00:00,28.6,64,0.0,24.97,9.88,7.73
5455,2025-10-06 06:00:00,29.0,59,0.1,25.88,9.59,7.77
5456,2025-10-06 07:00:00,30.0,54,0.1,26.81,9.31,7.67
5457,2025-10-06 08:00:00,30.9,47,0.9,27.74,9.0,7.64
5458,2025-10-06 09:00:00,31.5,45,0.1,28.57,8.8,7.51
5459,2025-10-06 10:00:00,31.8,43,0.0,29.24,8.63,7.57
5460,2025-10-06 11:00:00,30.5,48,0.0,29.32,8.7,7.39
5461,2025-10-06 12:00:00,29.1,54,0.0,28.95,8.88,7.45
5462,2025-10-06 13:00:00,27.4,63,0.0,28.19,9.2,7.31
5463,2025-10-06 14:00:00,26.0,72,0.0,27.23,9.56,7.2
5464,2025-10-06 15:00:00,24.9,79,0.0,26.23,9.9,7.24
5465,2025-10-06 16:00:00,24.2,84,0.0,25.32,10.18,7.08
5466,2025-10-06 17:00:00,23.6,88,0.0,24.51,10.44,7.26
5467,2025-10-06 18:00:00,23.4,91,0.0,23.87,10.63,7.2
5468,2025-10-06 19:00:00,23.1,93,0.0,23.34,10.79,7.22
5469,2025-10-06 20:00:00,22.9,94,0.0,22.91,10.9,7.18
5470,2025-10-06 21:00:00,22.5,96,0.0,22.49,11.03,7.2
5471,2025-10-06 22:00:00,22.3,97,0.0,22.13,11.13,7.25
5472,2025-10-06 23:00:00,22.0,98,0.0,21.79,11.22,7.45
5473,2025-10-07 00:00:00,22.1,98,0.0,21.58,11.27,7.55
5474,2025-10-07 01:00:00,22.1,97,0.0,21.44,11.28,7.64
5475,2025-10-07 02:00:00,22.9,93,0.0,21.58,11.17,7.48
5476,2025-10-07 03:00:00,24.5,84,0.0,22.15,10.86,7.55
5477,2025-10-07 04:00:00,27.2,68,0.0,23.37,10.28,7.69
5478,2025-10-07 05:00:00,29.0,57,0.0,24.76,9.78,7.64
5479,2025-10-07 06:00:00,29.6,51,0.0,25.91,9.44,7.75
5480,2025-10-07 07:00:00,30.5,48,0.0,26.99,9.17,7.7
5481,2025-10-07 08:00:00,31.0,45,0.0,27.89,8.93,7.7
5482,2025-10-07 09:00:00,31.1,44,0.0,28.55,8.78,7.54
5483,2025-10-07 10:00:00,30.5,49,0.0,28.84,8.81,7.49
5484,2025-10-07 11:00:00,29.6,55,0.0,28.77,8.94,7.46
5485,2025-10-07 12:00:00,28.5,57,0.0,28.39,9.05,7.44
5486,2025-10-07 13:00:00,27.0,63,0.0,27.67,9.3,7.3
5487,2025-10-07 14:00:00,25.9,71,0.0,26.84,9.62,7.21
5488,2025-10-07 15:00:00,24.9,77,0.0,25.96,9.92,7.12
5489,2025-10-07 16:00:00,24.5,80,0.0,25.22,10.13,7.13
5490,2025-10-07 17:00:00,24.1,82,0.0,24.58,10.3,7.1
5491,2025-10-07 18:00:00,24.2,86,0.0,24.17,10.47,7.08
5492,2025-10-07 19:00:00,23.9,89,0.0,23.79,10.61,7.08
5493,2025-10-07 20:00:00,23.4,92,0.0,23.37,10.76,7.09
5494,2025-10-07 21:00:00,22.9,95,0.0,22.93,10.92,7.28
5495,2025-10-07 22:00:00,22.5,96,0.0,22.5,11.03,7.35
5496,2025-10-07 23:00:00,22.2,98,0.0,22.11,11.15,7.39
5497,2025-10-08 00:00:00,22.2,96,0.0,21.84,11.17,7.44
5498,2025-10-08 01:00:00,22.8,93,0.0,21.83,11.11,7.54
5499,2025-10-08 02:00:00,24.0,86,0.0,22.18,10.9,7.54
5500,2025-10-08 03:00:00,26.6,71,0.0,23.2,10.38,7.67
5501,2025-10-08 04:00:00,28.9,58,0.0,24.61,9.83,7.6
5502,2025-10-08 05:00:00,30.6,50,0.0,26.11,9.38,7.67
5503,2025-10-08 06:00:00,31.7,46,0.0,27.49,9.03,7.71
5504,2025-10-08 07:00:00,32.5,43,0.0,28.69,8.74,7.67
5505,2025-10-08 08:00:00,32.5,43,0.0,29.53,8.57,7.66
5506,2025-10-08 09:00:00,30.8,47,0.0,29.61,8.63,7.52
5507,2025-10-08 10:00:00,29.6,54,0.1,29.31,8.81,7.58
5508,2025-10-08 11:00:00,27.6,65,0.5,28.5,9.17,7.37
5509,2025-10-08 12:00:00,28.9,57,0.1,28.32,9.06,7.46
5510,2025-10-08 13:00:00,26.6,69,0.2,27.5,9.45,7.29
5511,2025-10-08 14:00:00,26.0,75,0.0,26.75,9.71,7.29
5512,2025-10-08 15:00:00,25.3,80,0.3,26.02,9.96,7.21
5513,2025-10-08 16:00:00,25.0,83,0.2,25.41,10.15,7.13
5514,2025-10-08 17:00:00,24.6,85,0.0,24.87,10.3,7.15
5515,2025-10-08 18:00:00,24.5,90,0.9,24.46,10.49,7.14
5516,2025-10-08 19:00:00,24.9,85,0.1,24.29,10.42,7.13
5517,2025-10-08 20:00:00,24.5,86,0.1,24.05,10.49,7.18
5518,2025-10-08 21:00:00,23.9,87,0.4,23.71,10.59,7.16
5519,2025-10-08 22:00:00,23.7,86,0.1,23.41,10.63,7.26
5520,2025-10-08 23:00:00,23.5,89,0.0,23.13,10.75,7.27
5521,2025-10-09 00:00:00,22.5,100,0.0,22.64,11.08,7.34
5522,2025-10-09 01:00:00,22.8,97,0.0,22.39,11.07,7.51
5523,2025-10-09 02:00:00,24.1,91,0.0,22.6,10.91,7.5
5524,2025-10-09 03:00:00,26.0,80,0.0,23.32,10.53,7.69
5525,2025-10-09 04:00:00,27.6,69,0.0,24.31,10.11,7.66
5526,2025-10-09 05:00:00,29.0,63,0.0,25.41,9.76,7.65
5527,2025-10-09 06:00:00,30.2,57,0.0,26.55,9.42,7.64
5528,2025-10-09 07:00:00,31.5,52,0.0,27.73,9.09,7.67
5529,2025-10-09 08:00:00,31.9,47,0.0,28.68,8.81,7.67
5530,2025-10-09 09:00:00,30.8,49,0.3,29.02,8.78,7.56
5531,2025-10-09 10:00:00,30.6,54,0.2,29.19,8.83,7.51
5532,2025-10-09 11:00:00,28.1,65,0.0,28.57,9.15,7.47
5533,2025-10-09 12:00:00,27.1,69,0.0,27.83,9.38,7.43
5534,2025-10-09 13:00:00,26.2,75,0.0,27.04,9.65,7.36
5535,2025-10-09 14:00:00,25.8,77,0.0,26.37,9.83,7.28
5536,2025-10-09 15:00:00,25.5,78,0.0,25.81,9.97,7.12
5537,2025-10-09 16:00:00,25.0,81,0.0,25.26,10.14,7.19
5538,2025-10-09 17:00:00,24.6,84,0.0,24.77,10.3,7.13
5539,2025-10-09 18:00:00,24.3,91,0.0,24.33,10.53,7.12
5540,2025-10-09 19:00:00,24.1,92,0.0,23.96,10.63,7.17
5541,2025-10-09 20:00:00,23.7,89,0.1,23.58,10.65,7.14
5542,2025-10-09 21:00:00,23.5,92,0.0,23.26,10.78,7.25
5543,2025-10-09 22:00:00,23.0,96,0.0,22.88,10.95,7.27
5544,2025-10-09 23:00:00,23.0,96,0.0,22.62,11.0,7.36
5545,2025-10-10 00:00:00,22.8,98,0.0,22.37,11.1,7.44
5546,2025-10-10 01:00:00,23.0,95,0.0,22.26,11.06,7.51
5547,2025-10-10 02:00:00,24.2,84,0.0,22.54,10.78,7.55
5548,2025-10-10 03:00:00,26.0,71,0.0,23.28,10.36,7.55
5549,2025-10-10 04:00:00,27.4,67,0.0,24.22,10.09,7.76
5550,2025-10-10 05:00:00,29.1,60,0.0,25.38,9.71,7.72
5551,2025-10-10 06:00:00,30.5,55,0.0,26.62,9.37,7.8
5552,2025-10-10 07:00:00,31.3,52,0.0,27.72,9.09,7.57
5553,2025-10-10 08:00:00,32.0,50,0.0,28.71,8.86,7.65
5554,2025-10-10 09:00:00,32.7,47,0.0,29.6,8.63,7.6
5555,2025-10-10 10:00:00,29.5,58,0.5,29.27,8.89,7.51
5556,2025-10-10 11:00:00,28.6,62,0.5,28.77,9.06,7.46
5557,2025-10-10 12:00:00,28.6,60,1.1,28.42,9.09,7.38
5558,2025-10-10 13:00:00,27.1,70,0.0,27.72,9.42,7.27
5559,2025-10-10 14:00:00,26.1,76,0.0,26.94,9.69,7.27
5560,2025-10-10 15:00:00,25.8,79,0.0,26.3,9.88,7.27
5561,2025-10-10 16:00:00,25.4,81,0.0,25.73,10.04,7.17
5562,2025-10-10 17:00:00,25.1,82,0.0,25.24,10.16,7.22
5563,2025-10-10 18:00:00,25.1,80,0.0,24.9,10.2,7.16
5564,2025-10-10 19:00:00,24.9,82,0.0,24.6,10.3,7.11
5565,2025-10-10 20:00:00,24.2,85,0.0,24.18,10.45,7.22
5566,2025-10-10 21:00:00,23.9,87,0.0,23.8,10.57,7.17
5567,2025-10-10 22:00:00,23.5,89,0.0,23.41,10.69,7.24
5568,2025-10-10 23:00:00,23.0,92,0.0,22.98,10.84,7.26
5569,2025-10-11 00:00:00,22.7,94,0.0,22.6,10.97,7.49
5570,2025-10-11 01:00:00,23.2,90,0.0,22.48,10.91,7.5
5571,2025-10-11 02:00:00,24.6,83,0.0,22.82,10.7,7.59
5572,2025-10-11 03:00:00,26.6,71,0.0,23.65,10.28,7.64
5573,2025-10-11 04:00:00,28.7,60,0.0,24.87,9.82,7.7
5574,2025-10-11 05:00:00,30.5,53,0.0,26.26,9.4,7.69
5575,2025-10-11 06:00:00,31.2,50,0.0,27.44,9.11,7.69
5576,2025-10-11 07:00:00,29.5,59,1.5,27.76,9.21,7.59
5577,2025-10-11 08:00:00,27.6,68,5.4,27.41,9.45,7.54
5578,2025-10-11 09:00:00,29.0,64,1.2,27.59,9.34,7.5
5579,2025-10-11 10:00:00,29.5,59,0.0,27.86,9.19,7.59
5580,2025-10-11 11:00:00,27.5,69,2.6,27.45,9.46,7.26
5581,2025-10-11 12:00:00,27.2,69,0.0,27.08,9.53,7.37
5582,2025-10-11 13:00:00,25.9,76,0.0,26.42,9.8,7.36
5583,2025-10-11 14:00:00,25.2,81,0.0,25.76,10.03,7.25
5584,2025-10-11 15:00:00,25.1,83,0.0,25.26,10.18,7.15
5585,2025-10-11 16:00:00,25.0,84,0.0,24.88,10.28,7.07
5586,2025-10-11 17:00:00,24.7,85,0.3,24.53,10.37,7.04
5587,2025-10-11 18:00:00,24.5,85,1.4,24.22,10.44,7.11
5588,2025-10-11 19:00:00,22.6,95,9.9,23.43,10.81,6.91
5589,2025-10-11 20:00:00,22.9,95,0.7,22.97,10.91,7.11
5590,2025-10-11 21:00:00,22.8,96,0.7,22.62,11.0,7.2
5591,2025-10-11 22:00:00,22.6,95,0.2,22.31,11.05,7.17
5592,2025-10-11 23:00:00,22.5,94,0.0,22.07,11.08,7.35
5593,2025-10-12 00:00:00,23.0,93,0.0,22.05,11.07,7.42
5594,2025-10-12 01:00:00,23.2,92,0.1,22.09,11.04,7.55
5595,2025-10-12 02:00:00,24.0,88,0.0,22.37,10.9,7.62
5596,2025-10-12 03:00:00,26.0,78,0.0,23.16,10.53,7.65
5597,2025-10-12 04:00:00,28.1,64,0.0,24.34,10.0,7.72
5598,2025-10-12 05:00:00,29.9,54,0.0,25.71,9.53,7.74
5599,2025-10-12 06:00:00,31.0,48,0.1,27.0,9.16,7.68
5600,2025-10-12 07:00:00,31.9,46,0.0,28.17,8.89,7.56
5601,2025-10-12 08:00:00,32.5,44,0.0,29.17,8.66,7.64
5602,2025-10-12 09:00:00,32.9,42,0.0,29.99,8.47,7.55
5603,2025-10-12 10:00:00,32.6,43,0.0,30.47,8.39,7.5
5604,2025-10-12 11:00:00,31.8,44,0.0,30.57,8.38,7.42
5605,2025-10-12 12:00:00,31.7,41,0.0,30.61,8.33,7.32
5606,2025-10-12 13:00:00,30.0,45,0.0,30.13,8.49,7.31
5607,2025-10-12 14:00:00,26.4,75,0.0,28.71,9.3,7.19
5608,2025-10-12 15:00:00,26.1,76,0.0,27.63,9.55,7.18
5609,2025-10-12 16:00:00,25.4,79,0.0,26.66,9.81,7.11
5610,2025-10-12 17:00:00,25.0,82,0.0,25.86,10.03,7.14
5611,2025-10-12 18:00:00,25.1,82,0.0,25.33,10.14,7.06
5612,2025-10-12 19:00:00,24.9,81,0.0,24.9,10.22,7.18
5613,2025-10-12 20:00:00,24.4,85,0.0,24.45,10.39,7.23
5614,2025-10-12 21:00:00,24.0,87,0.0,24.02,10.52,7.25
5615,2025-10-12 22:00:00,23.5,89,0.0,23.56,10.66,7.31
5616,2025-10-12 23:00:00,23.2,90,0.0,23.15,10.77,7.31
5617,2025-10-13 00:00:00,22.9,95,0.0,22.78,10.95,7.46
5618,2025-10-13 01:00:00,23.4,91,0.0,22.66,10.89,7.53
5619,2025-10-13 02:00:00,24.6,83,0.0,22.94,10.67,7.56
5620,2025-10-13 03:00:00,26.7,71,0.0,23.77,10.26,7.61
5621,2025-10-13 04:00:00,28.6,61,0.0,24.92,9.83,7.73
5622,2025-10-13 05:00:00,30.4,52,0.0,26.26,9.38,7.73
5623,2025-10-13 06:00:00,31.3,48,0.0,27.47,9.07,7.64
5624,2025-10-13 07:00:00,32.2,45,0.0,28.59,8.79,7.69
5625,2025-10-13 08:00:00,32.4,45,0.0,29.43,8.63,7.61
5626,2025-10-13 09:00:00,31.9,46,0.0,29.87,8.56,7.61
5627,2025-10-13 10:00:00,31.5,46,0.1,30.06,8.52,7.46
5628,2025-10-13 11:00:00,28.4,67,1.3,29.26,9.04,7.47
5629,2025-10-13 12:00:00,28.1,70,1.3,28.61,9.23,7.31
5630,2025-10-13 13:00:00,26.2,75,4.3,27.59,9.54,7.18
5631,2025-10-13 14:00:00,26.0,80,0.3,26.81,9.79,7.27
5632,2025-10-13 15:00:00,25.4,86,0.0,26.09,10.06,7.15
5633,2025-10-13 16:00:00,24.5,87,0.0,25.31,10.24,7.18
5634,2025-10-13 17:00:00,24.1,88,0.0,24.65,10.41,7.1
5635,2025-10-13 18:00:00,24.0,92,0.0,24.15,10.59,7.11
5636,2025-10-13 19:00:00,24.0,92,0.0,23.81,10.66,7.07
5637,2025-10-13 20:00:00,23.9,91,0.0,23.54,10.7,7.22
5638,2025-10-13 21:00:00,23.8,91,0.0,23.31,10.75,7.23
5639,2025-10-13 22:00:00,23.5,92,0.0,23.07,10.82,7.23
5640,2025-10-13 23:00:00,23.1,93,0.1,22.78,10.91,7.4
5641,2025-10-14 00:00:00,23.9,85,0.0,22.82,10.74,7.39
5642,2025-10-14 01:00:00,24.2,86,0.0,22.93,10.73,7.45
5643,2025-10-14 02:00:00,25.2,81,0.0,23.31,10.55,7.57
5644,2025-10-14 03:00:00,26.9,71,0.1,24.09,10.19,7.69
5645,2025-10-14 04:00:00,28.1,64,0.1,24.99,9.87,7.57
5646,2025-10-14 05:00:00,29.6,57,0.1,26.07,9.52,7.73
5647,2025-10-14 06:00:00,29.8,56,0.1,26.89,9.33,7.6
5648,2025-10-14 07:00:00,30.4,55,0.1,27.64,9.16,7.77
5649,2025-10-14 08:00:00,31.9,50,0.1,28.62,8.88,7.66
5650,2025-10-14 09:00:00,31.9,49,0.0,29.3,8.72,7.56
5651,2025-10-14 10:00:00,31.4,49,0.0,29.63,8.66,7.55
5652,2025-10-14 11:00:00,24.5,88,10.5,27.79,9.73,7.25
5653,2025-10-14 12:00:00,27.1,69,2.5,27.29,9.49,7.28
5654,2025-10-14 13:00:00,24.2,86,7.0,26.06,10.06,7.22
5655,2025-10-14 14:00:00,23.2,93,9.7,24.9,10.45,7.04
5656,2025-10-14 15:00:00,23.5,92,2.9,24.18,10.58,7.17
5657,2025-10-14 16:00:00,22.4,96,5.2,23.35,10.84,6.99
5658,2025-10-14 17:00:00,22.6,93,0.2,22.82,10.9,7.18
5659,2025-10-14 18:00:00,23.1,94,0.1,22.61,10.97,7.1
5660,2025-10-14 19:00:00,23.0,93,0.0,22.42,10.99,7.15
5661,2025-10-14 20:00:00,22.9,94,0.0,22.27,11.04,7.24
5662,2025-10-14 21:00:00,22.6,97,0.1,22.07,11.14,7.25
5663,2025-10-14 22:00:00,22.8,95,0.2,21.99,11.12,7.32
5664,2025-10-14 23:00:00,22.6,92,0.3,21.87,11.08,7.32
5665,2025-10-15 00:00:00,22.9,98,0.1,21.88,11.21,7.4
5666,2025-10-15 01:00:00,23.1,96,0.0,21.95,11.15,7.47
5667,2025-10-15 02:00:00,23.8,91,0.0,22.2,10.99,7.64
5668,2025-10-15 03:00:00,24.8,85,0.0,22.68,10.77,7.69
5669,2025-10-15 04:00:00,26.0,77,0.0,23.38,10.46,7.71
5670,2025-10-15 05:00:00,27.0,71,0.0,24.16,10.18,7.71
5671,2025-10-15 06:00:00,28.0,64,0.1,25.01,9.87,7.71
5672,2025-10-15 07:00:00,28.5,67,0.9,25.76,9.77,7.63
5673,2025-10-15 08:00:00,29.4,64,0.2,26.55,9.55,7.66
5674,2025-10-15 09:00:00,29.0,61,1.2,26.99,9.41,7.55
5675,2025-10-15 10:00:00,29.2,62,0.1,27.35,9.35,7.51
5676,2025-10-15 11:00:00,27.9,68,0.7,27.22,9.49,7.45
5677,2025-10-15 12:00:00,28.4,65,0.3,27.27,9.42,7.44
5678,2025-10-15 13:00:00,26.8,73,0.0,26.83,9.66,7.31
5679,2025-10-15 14:00:00,25.2,79,0.9,26.04,9.94,7.19
5680,2025-10-15 15:00:00,23.1,92,1.4,24.86,10.44,7.14
5681,2025-10-15 16:00:00,22.9,94,1.8,23.97,10.67,7.09
5682,2025-10-15 17:00:00,22.8,92,0.4,23.32,10.77,7.17
5683,2025-10-15 18:00:00,23.8,90,0.1,23.16,10.76,7.12
5684,2025-10-15 19:00:00,23.4,90,0.0,22.93,10.81,7.07
5685,2025-10-15 20:00:00,22.9,90,0.2,22.62,10.88,7.12
5686,2025-10-15 21:00:00,22.9,90,0.0,22.41,10.93,7.19
5687,2025-10-15 22:00:00,22.9,90,0.0,22.25,10.96,7.18
5688,2025-10-15 23:00:00,22.7,91,0.0,22.09,11.02,7.35
5689,2025-10-16 00:00:00,23.1,93,0.0,22.09,11.06,7.42
5690,2025-10-16 01:00:00,23.6,90,0.0,22.24,10.96,7.59
5691,2025-10-16 02:00:00,24.5,87,0.0,22.62,10.82,7.53
5692,2025-10-16 03:00:00,25.8,78,0.0,23.27,10.5,7.63
5693,2025-10-16 04:00:00,24.7,83,3.6,23.4,10.57,7.54
5694,2025-10-16 05:00:00,26.0,79,0.3,23.88,10.39,7.6
5695,2025-10-16 06:00:00,25.8,78,0.3,24.16,10.32,7.71
5696,2025-10-16 07:00:00,26.0,81,0.2,24.41,10.32,7.71
5697,2025-10-16 08:00:00,27.7,74,0.3,25.1,10.04,7.75
5698,2025-10-16 09:00:00,27.1,75,0.9,25.4,10.0,7.57
5699,2025-10-16 10:00:00,26.0,80,0.2,25.28,10.12,7.46
5700,2025-10-16 11:00:00,25.8,82,0.1,25.13,10.19,7.44
5701,2025-10-16 12:00:00,26.5,81,0.6,25.24,10.14,7.31
5702,2025-10-16 13:00:00,25.0,86,1.1,24.87,10.32,7.32
5703,2025-10-16 14:00:00,24.4,89,0.0,24.43,10.47,7.28
5704,2025-10-16 15:00:00,23.3,93,0.1,23.79,10.69,7.23
5705,2025-10-16 16:00:00,23.0,93,0.2,23.25,10.8,7.2
5706,2025-10-16 17:00:00,22.9,93,0.2,22.85,10.89,7.07
5707,2025-10-16 18:00:00,22.9,94,0.0,22.56,10.98,7.13
5708,2025-10-16 19:00:00,23.1,94,0.0,22.42,11.01,7.13
5709,2025-10-16 20:00:00,22.9,94,0.0,22.27,11.04,7.26
5710,2025-10-16 21:00:00,22.7,92,0.0,22.1,11.04,7.29
5711,2025-10-16 22:00:00,22.8,91,0.0,22.01,11.03,7.3
5712,2025-10-16 23:00:00,22.9,90,0.0,21.98,11.02,7.46
5713,2025-10-17 00:00:00,22.7,94,0.0,21.89,11.12,7.41
5714,2025-10-17 01:00:00,23.4,90,0.0,22.04,11.01,7.59
5715,2025-10-17 02:00:00,24.4,87,0.0,22.45,10.86,7.56
5716,2025-10-17 03:00:00,25.6,79,0.1,23.1,10.56,7.58
5717,2025-10-17 04:00:00,27.0,75,0.0,23.97,10.3,7.69
5718,2025-10-17 05:00:00,27.8,70,0.0,24.82,10.02,7.69
5719,2025-10-17 06:00:00,28.3,71,0.9,25.56,9.89,7.59
5720,2025-10-17 07:00:00,28.8,68,0.1,26.23,9.69,7.7
5721,2025-10-17 08:00:00,27.6,73,1.0,26.34,9.76,7.56
5722,2025-10-17 09:00:00,28.4,70,0.0,26.66,9.64,7.69
5723,2025-10-17 10:00:00,27.8,71,2.9,26.7,9.65,7.41
5724,2025-10-17 11:00:00,24.5,86,1.8,25.74,10.13,7.36
5725,2025-10-17 12:00:00,26.2,80,0.0,25.58,10.05,7.45
5726,2025-10-17 13:00:00,25.0,86,0.3,25.11,10.27,7.3
5727,2025-10-17 14:00:00,23.3,94,4.8,24.26,10.61,7.15
5728,2025-10-17 15:00:00,22.6,97,6.7,23.46,10.84,7.11
5729,2025-10-17 16:00:00,22.8,94,8.3,22.97,10.89,7.02
5730,2025-10-17 17:00:00,22.2,97,4.0,22.44,11.06,7.05
5731,2025-10-17 18:00:00,22.0,96,1.8,22.0,11.14,6.97
5732,2025-10-17 19:00:00,22.4,97,1.0,21.82,11.2,7.16
5733,2025-10-17 20:00:00,22.5,95,0.3,21.73,11.18,7.11
5734,2025-10-17 21:00:00,22.0,96,3.0,21.51,11.25,7.21
5735,2025-10-17 22:00:00,22.3,94,0.1,21.45,11.22,7.19
5736,2025-10-17 23:00:00,22.5,93,0.0,21.46,11.19,7.36
5737,2025-10-18 00:00:00,22.8,91,0.0,21.56,11.13,7.42
5738,2025-10-18 01:00:00,23.0,91,0.0,21.69,11.1,7.64
5739,2025-10-18 02:00:00,23.6,87,0.0,21.97,10.96,7.59
5740,2025-10-18 03:00:00,25.0,81,0.0,22.58,10.71,7.57
5741,2025-10-18 04:00:00,26.4,74,0.0,23.42,10.39,7.67
5742,2025-10-18 05:00:00,27.0,71,0.0,24.2,10.17,7.74
5743,2025-10-18 06:00:00,27.8,69,0.0,24.98,9.97,7.69
5744,2025-10-18 07:00:00,28.6,66,0.1,25.76,9.75,7.61
5745,2025-10-18 08:00:00,29.2,64,0.1,26.49,9.56,7.71
5746,2025-10-18 09:00:00,29.4,62,0.1,27.07,9.41,7.67
5747,2025-10-18 10:00:00,29.6,61,0.0,27.53,9.29,7.5
5748,2025-10-18 11:00:00,27.0,76,4.2,27.07,9.66,7.37
5749,2025-10-18 12:00:00,27.2,82,0.8,26.81,9.83,7.4
5750,2025-10-18 13:00:00,24.2,93,4.1,25.73,10.27,7.18
5751,2025-10-18 14:00:00,23.8,94,2.6,24.85,10.48,7.19
5752,2025-10-18 15:00:00,23.4,97,0.1,24.11,10.7,7.09
5753,2025-10-18 16:00:00,22.4,98,3.3,23.3,10.89,7.08
5754,2025-10-18 17:00:00,22.3,98,1.9,22.7,11.03,7.11
5755,2025-10-18 18:00:00,22.9,97,2.0,22.46,11.06,7.0
5756,2025-10-18 19:00:00,23.0,94,0.4,22.32,11.03,7.13
5757,2025-10-18 20:00:00,22.9,94,0.1,22.2,11.06,7.12
5758,2025-10-18 21:00:00,22.5,96,0.2,21.99,11.14,7.19
5759,2025-10-18 22:00:00,22.0,96,0.1,21.69,11.21,7.29
5760,2025-10-18 23:00:00,21.8,95,0.3,21.42,11.24,7.3
5761,2025-10-19 00:00:00,22.2,97,0.0,21.36,11.3,7.43
5762,2025-10-19 01:00:00,22.8,95,0.0,21.49,11.23,7.51
5763,2025-10-19 02:00:00,23.4,92,0.0,21.76,11.11,7.6
5764,2025-10-19 03:00:00,24.5,87,0.0,22.28,10.89,7.66
5765,2025-10-19 04:00:00,25.7,80,0.0,23.01,10.6,7.75
5766,2025-10-19 05:00:00,26.5,75,0.0,23.76,10.34,7.69
5767,2025-10-19 06:00:00,28.1,68,0.0,24.76,10.0,7.69
5768,2025-10-19 07:00:00,28.9,67,0.1,25.7,9.78,7.69
5769,2025-10-19 08:00:00,29.2,67,0.1,26.45,9.63,7.69
5770,2025-10-19 09:00:00,29.8,64,0.0,27.16,9.43,7.64
5771,2025-10-19 10:00:00,29.7,63,0.0,27.62,9.31,7.6
5772,2025-10-19 11:00:00,28.5,67,0.4,27.58,9.39,7.45
5773,2025-10-19 12:00:00,26.8,81,0.5,27.05,9.76,7.36
5774,2025-10-19 13:00:00,24.7,89,1.4,26.04,10.12,7.32
5775,2025-10-19 14:00:00,24.5,90,0.4,25.28,10.31,7.21
5776,2025-10-19 15:00:00,22.9,93,6.0,24.27,10.58,7.06
5777,2025-10-19 16:00:00,22.5,95,3.3,23.44,10.8,7.08
5778,2025-10-19 17:00:00,22.2,94,3.4,22.77,10.93,6.99
5779,2025-10-19 18:00:00,22.2,97,0.2,22.3,11.09,7.15
5780,2025-10-19 19:00:00,22.5,92,0.3,22.06,11.04,7.07
5781,2025-10-19 20:00:00,22.5,92,0.0,21.89,11.08,7.1
5782,2025-10-19 21:00:00,22.6,92,0.0,21.8,11.1,7.32
5783,2025-10-19 22:00:00,22.5,95,0.0,21.71,11.18,7.2
5784,2025-10-19 23:00:00,22.6,92,0.0,21.68,11.13,7.47
5785,2025-10-20 00:00:00,22.4,97,0.0,21.59,11.25,7.55
5786,2025-10-20 01:00:00,22.9,93,0.0,21.69,11.15,7.53
5787,2025-10-20 02:00:00,23.6,90,0.0,21.96,11.02,7.46
5788,2025-10-20 03:00:00,24.8,84,0.0,22.51,10.78,7.74
5789,2025-10-20 04:00:00,25.6,80,0.1,23.14,10.57,7.7
5790,2025-10-20 05:00:00,26.5,75,0.1,23.85,10.32,7.82
5791,2025-10-20 06:00:00,28.0,70,0.1,24.79,10.03,7.65
5792,2025-10-20 07:00:00,28.6,66,0.4,25.64,9.78,7.58
5793,2025-10-20 08:00:00,29.0,66,1.7,26.34,9.63,7.56
5794,2025-10-20 09:00:00,28.0,69,0.0,26.54,9.64,7.47
5795,2025-10-20 10:00:00,26.2,75,0.7,26.14,9.84,7.61
5796,2025-10-20 11:00:00,25.7,82,0.2,25.71,10.06,7.43
5797,2025-10-20 12:00:00,23.4,92,2.2,24.72,10.47,7.38
5798,2025-10-20 13:00:00,23.1,92,0.3,23.93,10.64,7.37
5799,2025-10-20 14:00:00,22.3,95,1.2,23.14,10.87,7.17
5800,2025-10-20 15:00:00,22.4,94,0.9,22.62,10.96,7.19
5801,2025-10-20 16:00:00,22.4,95,0.6,22.25,11.06,7.19
5802,2025-10-20 17:00:00,22.1,95,1.8,21.91,11.14,7.06
5803,2025-10-20 18:00:00,23.0,96,0.0,21.94,11.15,7.14
5804,2025-10-20 19:00:00,23.0,95,0.0,21.95,11.13,7.18
5805,2025-10-20 20:00:00,22.6,96,0.1,21.85,11.17,7.13
5806,2025-10-20 21:00:00,22.5,96,0.1,21.74,11.19,7.15
5807,2025-10-20 22:00:00,22.1,96,0.2,21.55,11.24,7.3
5808,2025-10-20 23:00:00,22.5,96,0.2,21.54,11.24,7.33
5809,2025-10-21 00:00:00,22.1,97,0.1,21.4,11.29,7.47
5810,2025-10-21 01:00:00,22.5,96,0.0,21.43,11.26,7.55
5811,2025-10-21 02:00:00,23.4,90,0.0,21.72,11.08,7.62
5812,2025-10-21 03:00:00,24.0,87,0.2,22.11,10.93,7.61
5813,2025-10-21 04:00:00,25.0,84,0.0,22.67,10.75,7.73
5814,2025-10-21 05:00:00,25.5,81,0.0,23.22,10.57,7.75
5815,2025-10-21 06:00:00,25.5,77,0.4,23.61,10.41,7.7
5816,2025-10-21 07:00:00,24.0,87,2.0,23.42,10.65,7.56
5817,2025-10-21 08:00:00,23.5,94,1.1,23.15,10.85,7.65
5818,2025-10-21 09:00:00,23.6,91,0.5,22.98,10.82,7.51
5819,2025-10-21 10:00:00,24.2,86,0.2,23.05,10.71,7.6
5820,2025-10-21 11:00:00,24.0,87,0.5,23.03,10.73,7.56
5821,2025-10-21 12:00:00,24.0,91,0.2,23.02,10.81,7.38
5822,2025-10-21 13:00:00,23.7,92,1.0,22.93,10.86,7.2
5823,2025-10-21 14:00:00,23.2,92,0.1,22.71,10.9,7.35
5824,2025-10-21 15:00:00,23.2,92,0.1,22.56,10.94,7.17
5825,2025-10-21 16:00:00,23.2,95,0.2,22.45,11.02,7.1
5826,2025-10-21 17:00:00,23.0,97,0.8,22.31,11.09,7.09
5827,2025-10-21 18:00:00,23.0,99,0.9,22.22,11.15,7.09
5828,2025-10-21 19:00:00,23.2,98,0.6,22.21,11.13,7.04
5829,2025-10-21 20:00:00,22.9,98,0.3,22.12,11.15,7.12
5830,2025-10-21 21:00:00,22.6,99,0.1,21.96,11.21,7.19
5831,2025-10-21 22:00:00,22.2,99,0.1,21.73,11.26,7.34
5832,2025-10-21 23:00:00,21.7,98,0.0,21.42,11.31,7.41
5833,2025-10-22 00:00:00,22.2,98,0.0,21.36,11.32,7.49
5834,2025-10-22 01:00:00,22.5,96,1.4,21.4,11.27,7.4
5835,2025-10-22 02:00:00,22.6,94,0.1,21.46,11.22,7.5
5836,2025-10-22 03:00:00,23.2,93,0.1,21.68,11.15,7.59
5837,2025-10-22 04:00:00,24.6,86,0.0,22.26,10.88,7.79
5838,2025-10-22 05:00:00,26.0,78,0.0,23.08,10.54,7.71
5839,2025-10-22 06:00:00,25.1,82,0.2,23.39,10.56,7.71
5840,2025-10-22 07:00:00,26.6,74,0.1,24.05,10.26,7.71
5841,2025-10-22 08:00:00,27.4,70,0.0,24.76,10.03,7.65
5842,2025-10-22 09:00:00,26.9,70,0.0,25.1,9.96,7.69
5843,2025-10-22 10:00:00,27.2,70,0.0,25.43,9.89,7.52
5844,2025-10-22 11:00:00,25.5,80,0.1,25.15,10.14,7.47
5845,2025-10-22 12:00:00,24.6,85,0.2,24.69,10.34,7.38
5846,2025-10-22 13:00:00,24.0,86,0.0,24.18,10.47,7.39
5847,2025-10-22 14:00:00,23.6,87,0.0,23.71,10.59,7.27
5848,2025-10-22 15:00:00,23.4,89,0.1,23.31,10.71,7.19
5849,2025-10-22 16:00:00,23.0,90,0.1,22.92,10.82,7.11
5850,2025-10-22 17:00:00,22.8,92,0.1,22.58,10.93,7.13
5851,2025-10-22 18:00:00,22.8,92,0.0,22.35,10.98,7.16
5852,2025-10-22 19:00:00,22.8,92,0.1,22.18,11.02,7.21
5853,2025-10-22 20:00:00,22.5,93,0.2,21.98,11.08,7.16
5854,2025-10-22 21:00:00,22.4,94,0.2,21.81,11.14,7.27
5855,2025-10-22 22:00:00,22.1,96,0.4,21.59,11.23,7.27
5856,2025-10-22 23:00:00,22.0,97,0.2,21.42,11.29,7.32
5857,2025-10-23 00:00:00,21.9,98,0.1,21.26,11.34,7.41
5858,2025-10-23 01:00:00,22.0,98,0.0,21.18,11.36,7.57
5859,2025-10-23 02:00:00,22.7,94,0.1,21.34,11.24,7.64
5860,2025-10-23 03:00:00,24.2,89,0.1,21.9,11.02,7.65
5861,2025-10-23 04:00:00,25.8,79,0.1,22.77,10.63,7.68
5862,2025-10-23 05:00:00,26.9,72,0.1,23.71,10.29,7.8
5863,2025-10-23 06:00:00,27.3,67,0.0,24.49,10.03,7.75
5864,2025-10-23 07:00:00,27.9,65,0.0,25.21,9.84,7.72
5865,2025-10-23 08:00:00,28.4,63,0.0,25.87,9.67,7.76
5866,2025-10-23 09:00:00,27.9,64,0.0,26.18,9.63,7.63
5867,2025-10-23 10:00:00,27.2,67,0.1,26.18,9.68,7.57
5868,2025-10-23 11:00:00,25.9,74,0.0,25.8,9.89,7.51
5869,2025-10-23 12:00:00,25.7,73,0.0,25.47,9.94,7.41
5870,2025-10-23 13:00:00,24.6,77,0.0,24.91,10.14,7.27
5871,2025-10-23 14:00:00,24.2,79,0.0,24.4,10.28,7.22
5872,2025-10-23 15:00:00,24.0,82,0.0,23.98,10.43,7.13
5873,2025-10-23 16:00:00,23.7,85,0.0,23.59,10.57,7.16
5874,2025-10-23 17:00:00,23.1,89,0.0,23.15,10.75,7.16
5875,2025-10-23 18:00:00,23.2,88,0.0,22.86,10.79,7.1
5876,2025-10-23 19:00:00,23.2,89,0.0,22.66,10.85,7.14
5877,2025-10-23 20:00:00,23.0,89,0.0,22.46,10.9,7.14
5878,2025-10-23 21:00:00,22.5,92,0.0,22.18,11.02,7.24
5879,2025-10-23 22:00:00,22.1,93,0.0,21.85,11.11,7.24
5880,2025-10-23 23:00:00,22.2,92,0.1,21.66,11.13,7.34
5881,2025-10-24 00:00:00,22.6,88,0.0,21.64,11.05,7.47
5882,2025-10-24 01:00:00,22.5,90,0.0,21.6,11.1,7.47
5883,2025-10-24 02:00:00,23.1,89,0.0,21.75,11.05,7.72
5884,2025-10-24 03:00:00,24.8,81,0.0,22.36,10.76,7.67
5885,2025-10-24 04:00:00,24.7,81,0.1,22.76,10.67,7.66
5886,2025-10-24 05:00:00,24.7,82,0.2,23.05,10.63,7.77
5887,2025-10-24 06:00:00,25.7,80,0.1,23.54,10.49,7.8
5888,2025-10-24 07:00:00,26.0,79,0.4,23.98,10.37,7.71
5889,2025-10-24 08:00:00,25.9,80,0.1,24.26,10.33,7.64
5890,2025-10-24 09:00:00,26.5,70,0.0,24.63,10.06,7.61
5891,2025-10-24 10:00:00,26.3,69,0.0,24.83,10.0,7.47
5892,2025-10-24 11:00:00,25.8,74,0.0,24.82,10.1,7.51
5893,2025-10-24 12:00:00,25.1,87,0.1,24.6,10.4,7.43
5894,2025-10-24 13:00:00,24.0,92,0.0,24.12,10.6,7.41
5895,2025-10-24 14:00:00,23.2,92,0.0,23.55,10.72,7.34
5896,2025-10-24 15:00:00,22.4,96,0.0,22.9,10.94,7.2
5897,2025-10-24 16:00:00,22.1,97,0.0,22.36,11.08,7.17
5898,2025-10-24 17:00:00,22.1,97,0.0,21.98,11.16,7.15
5899,2025-10-24 18:00:00,22.0,99,0.0,21.69,11.27,7.11
5900,2025-10-24 19:00:00,22.1,98,0.0,21.51,11.29,7.16
5901,2025-10-24 20:00:00,22.1,97,0.0,21.39,11.29,7.23
5902,2025-10-24 21:00:00,22.2,96,0.0,21.33,11.28,7.13
5903,2025-10-24 22:00:00,22.0,96,0.0,21.23,11.31,7.27
5904,2025-10-24 23:00:00,21.7,97,0.0,21.07,11.36,7.38
5905,2025-10-25 00:00:00,22.2,94,0.0,21.11,11.29,7.5
5906,2025-10-25 01:00:00,22.4,94,0.0,21.2,11.27,7.59
5907,2025-10-25 02:00:00,24.0,88,0.0,21.74,11.03,7.58
5908,2025-10-25 03:00:00,25.9,79,0.0,22.69,10.65,7.68
5909,2025-10-25 04:00:00,27.1,73,0.0,23.71,10.31,7.7
5910,2025-10-25 05:00:00,28.2,66,0.1,24.76,9.96,7.73
5911,2025-10-25 06:00:00,28.6,62,0.1,25.61,9.71,7.69
5912,2025-10-25 07:00:00,29.0,58,0.0,26.33,9.48,7.7
5913,2025-10-25 08:00:00,29.7,54,0.0,27.04,9.27,7.56
5914,2025-10-25 09:00:00,29.9,55,0.0,27.6,9.17,7.6
5915,2025-10-25 10:00:00,29.0,60,0.0,27.72,9.24,7.65
5916,2025-10-25 11:00:00,28.0,65,0.0,27.5,9.37,7.45
5917,2025-10-25 12:00:00,27.0,72,0.0,27.05,9.59,7.44
5918,2025-10-25 13:00:00,25.6,77,0.0,26.32,9.84,7.34
5919,2025-10-25 14:00:00,24.6,82,0.0,25.5,10.11,7.28
5920,2025-10-25 15:00:00,24.1,85,0.0,24.78,10.32,7.25
5921,2025-10-25 16:00:00,23.5,88,0.0,24.1,10.52,7.18
5922,2025-10-25 17:00:00,23.1,91,0.0,23.5,10.71,7.23
5923,2025-10-25 18:00:00,23.8,90,0.0,23.29,10.74,7.14
5924,2025-10-25 19:00:00,23.6,90,0.0,23.08,10.78,7.13
5925,2025-10-25 20:00:00,23.3,91,0.0,22.85,10.85,7.16
5926,2025-10-25 21:00:00,23.1,90,0.0,22.62,10.88,7.17
5927,2025-10-25 22:00:00,22.9,91,0.0,22.41,10.95,7.23
5928,2025-10-25 23:00:00,22.5,92,0.0,22.13,11.03,7.3
5929,2025-10-26 00:00:00,22.3,92,0.0,21.88,11.08,7.45
5930,2025-10-26 01:00:00,22.0,93,0.0,21.62,11.16,7.55
5931,2025-10-26 02:00:00,23.4,90,0.0,21.85,11.05,7.61
5932,2025-10-26 03:00:00,25.5,79,0.0,22.65,10.65,7.68
5933,2025-10-26 04:00:00,27.2,67,0.0,23.71,10.19,7.66
5934,2025-10-26 05:00:00,28.7,60,0.0,24.91,9.81,7.61
5935,2025-10-26 06:00:00,29.5,58,0.0,25.99,9.55,7.72
5936,2025-10-26 07:00:00,29.8,58,0.1,26.83,9.38,7.67
5937,2025-10-26 08:00:00,29.8,58,0.2,27.42,9.26,7.68
5938,2025-10-26 09:00:00,28.8,63,0.2,27.53,9.33,7.56
5939,2025-10-26 10:00:00,27.9,66,0.1,27.34,9.42,7.59
5940,2025-10-26 11:00:00,27.5,68,0.1,27.09,9.51,7.43
5941,2025-10-26 12:00:00,27.6,68,0.0,26.94,9.54,7.41
5942,2025-10-26 13:00:00,26.1,73,0.0,26.39,9.75,7.38
5943,2025-10-26 14:00:00,25.6,75,0.0,25.85,9.9,7.32
5944,2025-10-26 15:00:00,25.5,75,0.0,25.45,9.99,7.18
5945,2025-10-26 16:00:00,25.1,78,0.0,25.04,10.13,7.18
5946,2025-10-26 17:00:00,24.6,76,0.0,24.61,10.18,7.06
5947,2025-10-26 18:00:00,24.4,74,0.0,24.25,10.22,7.18
5948,2025-10-26 19:00:00,24.0,74,0.0,23.87,10.3,7.17
5949,2025-10-26 20:00:00,23.6,80,0.0,23.49,10.5,7.06
5950,2025-10-26 21:00:00,23.2,85,0.0,23.1,10.68,7.16
5951,2025-10-26 22:00:00,23.2,86,0.0,22.83,10.76,7.3
5952,2025-10-26 23:00:00,22.9,90,0.0,22.55,10.9,7.36
5953,2025-10-27 00:00:00,22.4,91,0.0,22.21,10.99,7.4
5954,2025-10-27 01:00:00,22.0,93,0.0,21.84,11.11,7.57
5955,2025-10-27 02:00:00,22.7,89,0.0,21.8,11.04,7.68
5956,2025-10-27 03:00:00,23.4,88,0.0,21.98,10.98,7.67
5957,2025-10-27 04:00:00,24.7,83,0.0,22.5,10.77,7.69
5958,2025-10-27 05:00:00,25.8,78,0.0,23.19,10.52,7.75
5959,2025-10-27 06:00:00,23.4,94,0.1,22.95,10.89,7.72
5960,2025-10-27 07:00:00,24.0,93,0.8,22.97,10.87,7.57
5961,2025-10-27 08:00:00,23.5,98,1.2,22.83,11.0,7.6
5962,2025-10-27 09:00:00,23.1,97,1.4,22.61,11.03,7.57
5963,2025-10-27 10:00:00,23.5,94,0.4,22.58,10.97,7.59
5964,2025-10-27 11:00:00,23.1,97,1.0,22.43,11.06,7.46
5965,2025-10-27 12:00:00,23.4,88,1.0,22.42,10.88,7.36
5966,2025-10-27 13:00:00,22.6,93,0.3,22.18,11.04,7.36
5967,2025-10-27 14:00:00,22.2,96,0.1,21.88,11.16,7.31
5968,2025-10-27 15:00:00,22.0,98,0.1,21.62,11.26,7.29
5969,2025-10-27 16:00:00,22.1,96,0.0,21.46,11.26,7.17
5970,2025-10-27 17:00:00,22.0,98,0.0,21.32,11.33,7.08
5971,2025-10-27 18:00:00,22.4,98,0.0,21.35,11.32,7.12
5972,2025-10-27 19:00:00,22.6,96,0.0,21.42,11.26,7.23
5973,2025-10-27 20:00:00,22.4,97,0.1,21.42,11.29,7.24
5974,2025-10-27 21:00:00,22.0,98,0.1,21.29,11.33,7.28
5975,2025-10-27 22:00:00,21.9,97,0.4,21.17,11.34,7.26
5976,2025-10-27 23:00:00,21.5,98,0.3,20.97,11.4,7.38
5977,2025-10-28 00:00:00,22.2,96,0.0,21.04,11.35,7.44
5978,2025-10-28 01:00:00,22.2,96,0.0,21.09,11.34,7.49
5979,2025-10-28 02:00:00,22.7,92,0.0,21.27,11.21,7.57
5980,2025-10-28 03:00:00,23.5,89,0.0,21.64,11.07,7.63
5981,2025-10-28 04:00:00,23.9,87,0.0,22.02,10.95,7.68
5982,2025-10-28 05:00:00,24.6,83,0.0,22.49,10.77,7.76
5983,2025-10-28 06:00:00,26.4,78,0.0,23.36,10.48,7.76
5984,2025-10-28 07:00:00,26.5,77,0.1,24.01,10.33,7.68
5985,2025-10-28 08:00:00,26.1,78,0.1,24.33,10.28,7.65
5986,2025-10-28 09:00:00,26.2,75,0.0,24.59,10.17,7.6
5987,2025-10-28 10:00:00,26.1,75,0.0,24.75,10.13,7.58
5988,2025-10-28 11:00:00,24.5,85,0.0,24.37,10.41,7.45
5989,2025-10-28 12:00:00,24.3,89,0.0,24.05,10.55,7.43
5990,2025-10-28 13:00:00,23.5,91,0.0,23.59,10.69,7.36
5991,2025-10-28 14:00:00,22.8,90,0.0,23.05,10.79,7.38
5992,2025-10-28 15:00:00,22.2,92,0.0,22.49,10.95,7.23
5993,2025-10-28 16:00:00,22.5,92,0.0,22.2,11.01,7.26
5994,2025-10-28 17:00:00,22.1,93,0.0,21.87,11.11,7.08
5995,2025-10-28 18:00:00,22.9,92,0.0,21.88,11.08,7.1
5996,2025-10-28 19:00:00,22.6,93,0.0,21.79,11.12,7.19
5997,2025-10-28 20:00:00,21.8,98,0.0,21.5,11.29,7.24
5998,2025-10-28 21:00:00,21.6,99,0.0,21.23,11.37,7.31
5999,2025-10-28 22:00:00,21.6,99,0.0,21.04,11.41,7.29
6000,2025-10-28 23:00:00,21.6,99,0.0,20.91,11.44,7.3
6001,2025-10-29 00:00:00,22.0,98,0.1,20.94,11.41,7.48
6002,2025-10-29 01:00:00,22.1,96,0.2,20.98,11.36,7.45
6003,2025-10-29 02:00:00,22.3,95,0.2,21.08,11.32,7.53
6004,2025-10-29 03:00:00,22.9,93,0.2,21.33,11.22,7.62
6005,2025-10-29 04:00:00,24.6,83,0.1,22.01,10.87,7.7
6006,2025-10-29 05:00:00,26.7,73,0.1,23.12,10.44,7.69
6007,2025-10-29 06:00:00,28.4,63,0.1,24.4,9.97,7.75
6008,2025-10-29 07:00:00,28.5,63,0.0,25.33,9.78,7.66
6009,2025-10-29 08:00:00,29.0,60,0.0,26.13,9.56,7.73
6010,2025-10-29 09:00:00,27.7,67,0.0,26.3,9.66,7.59
6011,2025-10-29 10:00:00,27.2,69,0.0,26.27,9.7,7.5
6012,2025-10-29 11:00:00,27.0,68,0.0,26.19,9.7,7.44
6013,2025-10-29 12:00:00,25.1,81,0.0,25.56,10.08,7.35
6014,2025-10-29 13:00:00,24.1,82,0.0,24.82,10.25,7.34
6015,2025-10-29 14:00:00,23.5,88,0.0,24.13,10.52,7.33
6016,2025-10-29 15:00:00,23.0,90,0.0,23.49,10.69,7.18
6017,2025-10-29 16:00:00,22.5,93,0.0,22.89,10.88,7.19
6018,2025-10-29 17:00:00,22.3,93,0.0,22.41,10.99,7.13
6019,2025-10-29 18:00:00,22.0,92,0.0,21.99,11.06,7.08
6020,2025-10-29 19:00:00,22.0,92,0.0,21.69,11.12,7.13
6021,2025-10-29 20:00:00,21.5,94,0.0,21.34,11.24,7.13
6022,2025-10-29 21:00:00,21.2,95,0.0,20.99,11.34,7.22
6023,2025-10-29 22:00:00,21.0,96,0.0,20.7,11.42,7.33
6024,2025-10-29 23:00:00,20.9,96,0.0,20.46,11.48,7.41
6025,2025-10-30 00:00:00,21.5,97,0.0,20.47,11.49,7.38
6026,2025-10-30 01:00:00,21.7,96,0.0,20.54,11.46,7.48
6027,2025-10-30 02:00:00,23.1,92,0.0,21.01,11.27,7.55
6028,2025-10-30 03:00:00,25.0,82,0.0,21.91,10.87,7.67
6029,2025-10-30 04:00:00,26.9,73,0.0,23.1,10.44,7.7
6030,2025-10-30 05:00:00,28.2,67,0.2,24.33,10.06,7.78
6031,2025-10-30 06:00:00,30.1,51,0.1,25.76,9.47,7.68
6032,2025-10-30 07:00:00,31.0,46,0.0,27.03,9.12,7.57
6033,2025-10-30 08:00:00,31.1,45,0.0,27.95,8.92,7.59
6034,2025-10-30 09:00:00,30.7,47,0.0,28.48,8.85,7.58
6035,2025-10-30 10:00:00,29.9,51,0.0,28.6,8.9,7.54
6036,2025-10-30 11:00:00,28.5,58,0.0,28.27,9.09,7.47
6037,2025-10-30 12:00:00,26.9,67,0.0,27.56,9.4,7.37
6038,2025-10-30 13:00:00,25.5,73,0.0,26.64,9.7,7.3
6039,2025-10-30 14:00:00,24.7,79,0.0,25.76,10.0,7.23
6040,2025-10-30 15:00:00,23.9,86,0.0,24.9,10.31,7.25
6041,2025-10-30 16:00:00,23.2,90,0.0,24.09,10.56,7.19
6042,2025-10-30 17:00:00,22.8,92,0.0,23.4,10.75,7.15
6043,2025-10-30 18:00:00,22.5,95,0.0,22.83,10.94,7.19
6044,2025-10-30 19:00:00,22.7,91,0.0,22.49,10.93,7.09
6045,2025-10-30 20:00:00,22.5,90,0.0,22.2,10.97,7.2
6046,2025-10-30 21:00:00,22.4,88,0.0,21.96,10.98,7.28
6047,2025-10-30 22:00:00,22.1,88,0.0,21.7,11.04,7.33
6048,2025-10-30 23:00:00,21.9,89,0.0,21.46,11.11,7.46
6049,2025-10-31 00:00:00,21.6,89,0.0,21.2,11.17,7.38
6050,2025-10-31 01:00:00,21.8,89,0.0,21.08,11.19,7.55
6051,2025-10-31 02:00:00,23.4,79,0.0,21.48,10.9,7.65
6052,2025-10-31 03:00:00,25.4,73,0.0,22.35,10.6,7.62
6053,2025-10-31 04:00:00,27.4,63,0.0,23.57,10.14,7.69
6054,2025-10-31 05:00:00,29.0,57,0.0,24.9,9.76,7.63
6055,2025-10-31 06:00:00,30.1,51,0.0,26.16,9.39,7.68
6056,2025-10-31 07:00:00,31.2,47,0.0,27.37,9.07,7.66
6057,2025-10-31 08:00:00,31.6,44,0.0,28.34,8.82,7.62
6058,2025-10-31 09:00:00,31.5,43,0.0,28.99,8.68,7.59
6059,2025-10-31 10:00:00,30.5,48,0.0,29.14,8.74,7.46
6060,2025-10-31 11:00:00,29.6,51,0.0,28.98,8.82,7.51
6061,2025-10-31 12:00:00,28.3,54,0.0,28.48,8.98,7.33
6062,2025-10-31 13:00:00,26.6,63,0.0,27.61,9.31,7.36
6063,2025-10-31 14:00:00,25.5,70,0.0,26.68,9.63,7.28
6064,2025-10-31 15:00:00,24.8,75,0.0,25.82,9.91,7.18
6065,2025-10-31 16:00:00,24.0,80,0.0,24.97,10.18,7.15
6066,2025-10-31 17:00:00,23.4,84,0.0,24.2,10.42,7.1
6067,2025-10-31 18:00:00,22.8,89,0.0,23.48,10.68,7.11
6068,2025-10-31 19:00:00,22.8,88,0.0,22.98,10.77,7.09
6069,2025-10-31 20:00:00,22.5,86,0.0,22.53,10.82,7.19
6070,2025-10-31 21:00:00,22.1,87,0.0,22.1,10.93,7.21
6071,2025-10-31 22:00:00,21.8,87,0.0,21.71,11.02,7.28
6072,2025-10-31 23:00:00,21.5,89,0.0,21.35,11.14,7.43
6073,2025-11-01 00:00:00,21.5,92,0.0,21.09,11.25,7.52
6074,2025-11-01 01:00:00,21.9,88,0.0,21.04,11.18,7.48
6075,2025-11-01 02:00:00,23.6,78,0.0,21.51,10.88,7.66
6076,2025-11-01 03:00:00,26.0,68,0.0,22.55,10.45,7.66
6077,2025-11-01 04:00:00,28.0,58,0.0,23.89,9.98,7.66
6078,2025-11-01 05:00:00,29.7,52,0.0,25.33,9.57,7.69
6079,2025-11-01 06:00:00,30.5,49,0.0,26.58,9.27,7.71
6080,2025-11-01 07:00:00,31.6,45,0.0,27.79,8.95,7.65
6081,2025-11-01 08:00:00,32.2,42,0.0,28.81,8.7,7.61
6082,2025-11-01 09:00:00,32.4,40,0.0,29.59,8.51,7.6
6083,2025-11-01 10:00:00,31.8,42,0.0,29.95,8.47,7.47
6084,2025-11-01 11:00:00,30.4,49,0.0,29.79,8.63,7.38
6085,2025-11-01 12:00:00,28.6,55,0.0,29.13,8.86,7.4
6086,2025-11-01 13:00:00,27.5,62,0.0,28.34,9.15,7.34
6087,2025-11-01 14:00:00,26.1,70,0.0,27.37,9.49,7.23
6088,2025-11-01 15:00:00,25.0,78,0.0,26.36,9.85,7.19
6089,2025-11-01 16:00:00,24.3,81,0.0,25.44,10.1,7.08
6090,2025-11-01 17:00:00,23.8,84,0.0,24.65,10.33,7.03
6091,2025-11-01 18:00:00,23.2,87,0.0,23.91,10.54,7.16
6092,2025-11-01 19:00:00,23.2,86,0.0,23.4,10.63,7.14
6093,2025-11-01 20:00:00,22.8,87,0.0,22.92,10.76,7.2
6094,2025-11-01 21:00:00,22.4,89,0.0,22.46,10.9,7.21
6095,2025-11-01 22:00:00,22.0,90,0.0,22.02,11.01,7.32
6096,2025-11-01 23:00:00,21.7,93,0.0,21.63,11.16,7.39
6097,2025-11-02 00:00:00,21.9,92,0.0,21.41,11.18,7.46
6098,2025-11-02 01:00:00,22.1,90,0.0,21.32,11.16,7.54
6099,2025-11-02 02:00:00,23.9,81,0.0,21.79,10.88,7.7
6100,2025-11-02 03:00:00,26.2,68,0.0,22.81,10.4,7.61
6101,2025-11-02 04:00:00,28.2,57,0.0,24.13,9.91,7.67
6102,2025-11-02 05:00:00,29.9,51,0.0,25.56,9.51,7.7
6103,2025-11-02 06:00:00,30.5,50,0.0,26.74,9.25,7.61
6104,2025-11-02 07:00:00,31.1,48,0.0,27.75,9.01,7.73
6105,2025-11-02 08:00:00,31.5,47,0.0,28.57,8.83,7.65
6106,2025-11-02 09:00:00,31.6,45,0.0,29.18,8.68,7.67
6107,2025-11-02 10:00:00,31.0,46,0.0,29.43,8.64,7.56
6108,2025-11-02 11:00:00,30.0,51,0.0,29.3,8.76,7.42
6109,2025-11-02 12:00:00,28.1,60,0.0,28.64,9.05,7.35
6110,2025-11-02 13:00:00,26.9,67,0.0,27.82,9.34,7.31
6111,2025-11-02 14:00:00,25.9,70,0.0,26.94,9.58,7.22
6112,2025-11-02 15:00:00,25.1,72,0.0,26.09,9.79,7.18
6113,2025-11-02 16:00:00,24.5,73,0.0,25.31,9.98,7.14
6114,2025-11-02 17:00:00,24.0,75,0.0,24.62,10.16,7.08
6115,2025-11-02 18:00:00,23.7,83,0.0,24.04,10.44,7.17
6116,2025-11-02 19:00:00,23.5,84,0.0,23.58,10.56,7.21
6117,2025-11-02 20:00:00,23.2,85,0.0,23.17,10.66,7.22
6118,2025-11-02 21:00:00,22.8,87,0.0,22.76,10.79,7.27
6119,2025-11-02 22:00:00,22.5,89,0.0,22.38,10.91,7.34
6120,2025-11-02 23:00:00,22.2,89,0.0,22.03,10.99,7.41
6121,2025-11-03 00:00:00,21.6,93,0.0,21.6,11.16,7.37
6122,2025-11-03 01:00:00,22.0,90,0.0,21.42,11.14,7.47
6123,2025-11-03 02:00:00,23.6,83,0.0,21.77,10.92,7.48
6124,2025-11-03 03:00:00,25.8,73,0.0,22.68,10.53,7.55
6125,2025-11-03 04:00:00,28.2,58,0.0,24.04,9.95,7.61
6126,2025-11-03 05:00:00,30.2,47,0.0,25.59,9.43,7.72
6127,2025-11-03 06:00:00,31.2,42,0.0,26.97,9.06,7.76
6128,2025-11-03 07:00:00,31.5,43,0.0,28.03,8.87,7.7
6129,2025-11-03 08:00:00,31.6,45,0.0,28.8,8.75,7.55
6130,2025-11-03 09:00:00,31.8,45,0.0,29.4,8.63,7.64
6131,2025-11-03 10:00:00,31.6,46,0.0,29.76,8.58,7.55
6132,2025-11-03 11:00:00,30.7,50,0.0,29.74,8.65,7.43
6133,2025-11-03 12:00:00,28.6,58,0.0,29.1,8.92,7.38
6134,2025-11-03 13:00:00,27.0,68,0.0,28.17,9.29,7.26
6135,2025-11-03 14:00:00,26.0,75,0.0,27.22,9.61,7.3
6136,2025-11-03 15:00:00,25.1,80,0.0,26.28,9.9,7.19
6137,2025-11-03 16:00:00,24.3,86,0.0,25.39,10.21,7.24
6138,2025-11-03 17:00:00,23.8,89,0.0,24.61,10.43,7.17
6139,2025-11-03 18:00:00,23.6,90,0.0,24.01,10.58,7.18
6140,2025-11-03 19:00:00,23.4,91,0.0,23.53,10.71,7.17
6141,2025-11-03 20:00:00,23.1,91,0.0,23.1,10.8,7.26
6142,2025-11-03 21:00:00,22.9,91,0.0,22.74,10.88,7.15
6143,2025-11-03 22:00:00,22.7,92,0.0,22.43,10.96,7.37
6144,2025-11-03 23:00:00,22.4,94,0.0,22.12,11.07,7.38
6145,2025-11-04 00:00:00,22.4,95,0.0,21.9,11.14,7.4
6146,2025-11-04 01:00:00,22.0,96,0.0,21.63,11.22,7.53
6147,2025-11-04 02:00:00,23.5,88,0.0,21.89,11.0,7.64
6148,2025-11-04 03:00:00,25.4,77,0.0,22.64,10.61,7.62
6149,2025-11-04 04:00:00,27.5,66,0.0,23.8,10.15,7.67
6150,2025-11-04 05:00:00,29.5,56,0.0,25.21,9.67,7.65
6151,2025-11-04 06:00:00,30.1,51,0.0,26.38,9.34,7.69
6152,2025-11-04 07:00:00,30.4,48,0.0,27.28,9.11,7.64
6153,2025-11-04 08:00:00,30.2,48,0.0,27.86,8.99,7.64
6154,2025-11-04 09:00:00,30.9,46,0.0,28.47,8.83,7.66
6155,2025-11-04 10:00:00,30.6,48,0.0,28.81,8.8,7.5
6156,2025-11-04 11:00:00,29.8,52,0.0,28.81,8.87,7.44
6157,2025-11-04 12:00:00,28.0,57,0.0,28.26,9.07,7.34
6158,2025-11-04 13:00:00,26.5,70,0.0,27.44,9.48,7.33
6159,2025-11-04 14:00:00,25.2,81,0.0,26.46,9.88,7.27
6160,2025-11-04 15:00:00,24.8,83,0.0,25.67,10.09,7.18
6161,2025-11-04 16:00:00,24.1,88,0.0,24.9,10.35,7.14
6162,2025-11-04 17:00:00,23.6,91,0.0,24.21,10.56,7.13
6163,2025-11-04 18:00:00,23.4,93,0.0,23.66,10.72,7.13
6164,2025-11-04 19:00:00,23.4,92,0.0,23.29,10.78,7.18
6165,2025-11-04 20:00:00,23.1,94,0.0,22.93,10.9,7.17
6166,2025-11-04 21:00:00,23.0,94,0.0,22.65,10.96,7.12
6167,2025-11-04 22:00:00,22.8,96,0.0,22.4,11.05,7.26
6168,2025-11-04 23:00:00,22.7,96,0.0,22.19,11.1,7.41
6169,2025-11-05 00:00:00,22.9,96,0.0,22.1,11.12,7.48
6170,2025-11-05 01:00:00,23.1,94,0.0,22.1,11.08,7.46
6171,2025-11-05 02:00:00,24.4,86,0.0,22.49,10.83,7.63
6172,2025-11-05 03:00:00,26.5,73,0.0,23.39,10.38,7.63
6173,2025-11-05 04:00:00,28.5,62,0.0,24.63,9.91,7.68
6174,2025-11-05 05:00:00,30.4,49,0.0,26.06,9.37,7.71
6175,2025-11-05 06:00:00,30.9,44,0.0,27.21,9.05,7.69
6176,2025-11-05 07:00:00,32.0,41,0.0,28.35,8.77,7.69
6177,2025-11-05 08:00:00,32.4,40,0.0,29.26,8.57,7.68
6178,2025-11-05 09:00:00,32.7,41,0.0,29.99,8.45,7.6
6179,2025-11-05 10:00:00,30.5,48,0.2,29.85,8.6,7.45
6180,2025-11-05 11:00:00,29.4,54,0.1,29.41,8.79,7.48
6181,2025-11-05 12:00:00,28.8,58,0.5,28.93,8.96,7.27
6182,2025-11-05 13:00:00,27.3,64,0.0,28.14,9.22,7.33
6183,2025-11-05 14:00:00,26.1,72,0.0,27.23,9.56,7.26
6184,2025-11-05 15:00:00,25.5,78,0.0,26.41,9.84,7.18
6185,2025-11-05 16:00:00,24.9,82,0.0,25.66,10.07,7.19
6186,2025-11-05 17:00:00,24.0,86,0.0,24.86,10.32,7.13
6187,2025-11-05 18:00:00,24.0,88,0.0,24.3,10.48,7.02
6188,2025-11-05 19:00:00,23.8,87,0.0,23.85,10.56,7.14
6189,2025-11-05 20:00:00,23.4,90,0.0,23.42,10.71,7.19
6190,2025-11-05 21:00:00,23.0,92,0.0,22.99,10.84,7.24
6191,2025-11-05 22:00:00,22.5,94,0.0,22.54,10.98,7.23
6192,2025-11-05 23:00:00,22.2,93,0.0,22.14,11.05,7.31
6193,2025-11-06 00:00:00,21.8,96,0.0,21.74,11.2,7.42
6194,2025-11-06 01:00:00,22.0,93,0.0,21.52,11.18,7.43
6195,2025-11-06 02:00:00,23.0,88,0.0,21.66,11.05,7.67
6196,2025-11-06 03:00:00,24.7,78,0.0,22.27,10.71,7.72
6197,2025-11-06 04:00:00,26.5,66,0.0,23.24,10.27,7.67
6198,2025-11-06 05:00:00,27.6,59,0.0,24.25,9.93,7.66
6199,2025-11-06 06:00:00,28.2,53,0.0,25.13,9.63,7.62
6200,2025-11-06 07:00:00,28.8,50,0.0,25.93,9.41,7.65
6201,2025-11-06 08:00:00,28.4,48,0.0,26.37,9.29,7.74
6202,2025-11-06 09:00:00,28.2,45,0.0,26.62,9.18,7.55
6203,2025-11-06 10:00:00,29.2,44,0.0,27.1,9.07,7.56
6204,2025-11-06 11:00:00,28.9,47,0.0,27.34,9.08,7.48
6205,2025-11-06 12:00:00,28.0,52,0.0,27.24,9.19,7.38
6206,2025-11-06 13:00:00,27.1,56,0.0,26.89,9.33,7.33
6207,2025-11-06 14:00:00,26.0,67,0.0,26.33,9.65,7.27
6208,2025-11-06 15:00:00,25.0,74,0.0,25.63,9.93,7.2
6209,2025-11-06 16:00:00,24.0,80,0.0,24.84,10.21,7.19
6210,2025-11-06 17:00:00,23.5,84,0.0,24.14,10.44,7.15
6211,2025-11-06 18:00:00,22.8,90,0.0,23.44,10.71,7.17
6212,2025-11-06 19:00:00,23.1,88,0.0,23.04,10.75,7.12
6213,2025-11-06 20:00:00,22.9,89,0.0,22.69,10.85,7.08
6214,2025-11-06 21:00:00,22.6,91,0.0,22.37,10.96,7.26
6215,2025-11-06 22:00:00,22.3,94,0.0,22.05,11.09,7.25
6216,2025-11-06 23:00:00,22.1,95,0.0,21.76,11.17,7.25
6217,2025-11-07 00:00:00,21.5,97,0.0,21.38,11.29,7.5
6218,2025-11-07 01:00:00,21.9,95,0.0,21.24,11.28,7.51
6219,2025-11-07 02:00:00,23.5,87,0.0,21.62,11.04,7.61
6220,2025-11-07 03:00:00,25.4,76,0.0,22.45,10.64,7.62
6221,2025-11-07 04:00:00,27.4,63,0.0,23.64,10.13,7.75
6222,2025-11-07 05:00:00,29.0,51,0.0,24.95,9.63,7.75
6223,2025-11-07 06:00:00,29.7,43,0.0,26.07,9.25,7.64
6224,2025-11-07 07:00:00,31.4,37,0.0,27.37,8.89,7.7
6225,2025-11-07 08:00:00,32.2,34,0.0,28.52,8.61,7.57
6226,2025-11-07 09:00:00,32.2,34,0.0,29.32,8.46,7.71
6227,2025-11-07 10:00:00,31.6,37,0.0,29.71,8.43,7.48
6228,2025-11-07 11:00:00,29.6,46,0.0,29.37,8.66,7.45
6229,2025-11-07 12:00:00,29.0,48,0.0,28.96,8.77,7.38
6230,2025-11-07 13:00:00,27.8,54,0.0,28.31,9.01,7.18
6231,2025-11-07 14:00:00,27.1,57,0.0,27.65,9.2,7.23
6232,2025-11-07 15:00:00,26.0,64,0.0,26.85,9.49,7.17
6233,2025-11-07 16:00:00,25.4,69,0.0,26.12,9.73,7.19
6234,2025-11-07 17:00:00,24.7,74,0.0,25.39,9.98,7.14
6235,2025-11-07 18:00:00,24.1,77,0.0,24.7,10.18,7.08
6236,2025-11-07 19:00:00,23.9,78,0.0,24.16,10.31,7.13
6237,2025-11-07 20:00:00,23.5,81,0.0,23.66,10.48,7.03
6238,2025-11-07 21:00:00,23.0,83,0.0,23.17,10.62,7.19
6239,2025-11-07 22:00:00,22.7,84,0.0,22.73,10.74,7.26
6240,2025-11-07 23:00:00,22.4,87,0.0,22.33,10.88,7.32
6241,2025-11-08 00:00:00,22.5,90,0.0,22.08,11.0,7.43
6242,2025-11-08 01:00:00,22.9,87,0.1,22.03,10.95,7.53
6243,2025-11-08 02:00:00,24.3,77,0.0,22.41,10.66,7.58
6244,2025-11-08 03:00:00,26.0,68,0.0,23.19,10.32,7.61
6245,2025-11-08 04:00:00,27.8,60,0.0,24.27,9.94,7.77
6246,2025-11-08 05:00:00,29.3,53,0.0,25.48,9.56,7.65
6247,2025-11-08 06:00:00,29.1,50,0.2,26.27,9.35,7.72
6248,2025-11-08 07:00:00,29.8,49,0.4,27.03,9.18,7.66
6249,2025-11-08 08:00:00,30.2,47,0.4,27.68,9.01,7.65
6250,2025-11-08 09:00:00,30.6,45,0.3,28.25,8.86,7.54
6251,2025-11-08 10:00:00,30.9,42,0.4,28.75,8.71,7.57
6252,2025-11-08 11:00:00,30.6,43,0.2,29.0,8.68,7.43
6253,2025-11-08 12:00:00,29.5,49,0.1,28.85,8.81,7.39
6254,2025-11-08 13:00:00,27.4,62,0.0,28.12,9.19,7.36
6255,2025-11-08 14:00:00,25.6,75,0.0,27.06,9.65,7.24
6256,2025-11-08 15:00:00,25.1,80,0.0,26.17,9.93,7.16
6257,2025-11-08 16:00:00,24.5,85,0.0,25.37,10.19,7.21
6258,2025-11-08 17:00:00,24.0,87,0.0,24.66,10.38,7.1
6259,2025-11-08 18:00:00,23.5,93,0.0,24.01,10.64,7.06
6260,2025-11-08 19:00:00,23.4,93,0.0,23.53,10.75,7.12
6261,2025-11-08 20:00:00,23.4,93,0.0,23.19,10.82,7.26
6262,2025-11-08 21:00:00,23.0,95,0.0,22.83,10.94,7.17
6263,2025-11-08 22:00:00,22.7,95,0.0,22.49,11.01,7.34
6264,2025-11-08 23:00:00,22.3,97,0.0,22.14,11.13,7.29
6265,2025-11-09 00:00:00,22.5,90,0.0,21.94,11.03,7.43
6266,2025-11-09 01:00:00,22.5,95,0.1,21.81,11.16,7.46
6267,2025-11-09 02:00:00,24.1,80,0.2,22.2,10.77,7.58
6268,2025-11-09 03:00:00,25.5,73,0.6,22.89,10.48,7.62
6269,2025-11-09 04:00:00,27.1,64,0.2,23.85,10.1,7.74
6270,2025-11-09 05:00:00,28.5,55,0.0,24.95,9.71,7.66
6271,2025-11-09 06:00:00,29.0,50,0.0,25.86,9.43,7.71
6272,2025-11-09 07:00:00,30.2,44,0.0,26.86,9.12,7.7
6273,2025-11-09 08:00:00,31.4,40,0.0,27.92,8.83,7.6
6274,2025-11-09 09:00:00,31.5,38,0.0,28.7,8.65,7.55
6275,2025-11-09 10:00:00,31.4,38,0.0,29.21,8.55,7.54
6276,2025-11-09 11:00:00,31.3,37,0.0,29.54,8.47,7.34
6277,2025-11-09 12:00:00,30.2,39,0.0,29.43,8.52,7.33
6278,2025-11-09 13:00:00,28.2,62,0.0,28.76,9.06,7.22
6279,2025-11-09 14:00:00,27.3,58,0.0,28.03,9.14,7.28
6280,2025-11-09 15:00:00,26.7,57,0.0,27.33,9.26,7.13
6281,2025-11-09 16:00:00,25.9,72,0.0,26.6,9.69,7.08
6282,2025-11-09 17:00:00,25.5,67,0.0,25.97,9.73,7.15
6283,2025-11-09 18:00:00,25.3,71,0.0,25.47,9.91,7.09
6284,2025-11-09 19:00:00,24.7,75,0.0,24.94,10.09,7.15
6285,2025-11-09 20:00:00,24.4,68,0.0,24.48,10.05,7.1
6286,2025-11-09 21:00:00,23.8,64,0.0,23.97,10.08,7.22
6287,2025-11-09 22:00:00,23.1,69,0.0,23.41,10.29,7.24
6288,2025-11-09 23:00:00,22.1,75,0.0,22.72,10.56,7.4
6289,2025-11-10 00:00:00,21.8,79,0.0,22.14,10.76,7.43
6290,2025-11-10 01:00:00,22.0,79,0.0,21.8,10.83,7.52
6291,2025-11-10 02:00:00,24.0,73,0.0,22.16,10.64,7.49
6292,2025-11-10 03:00:00,25.6,68,0.0,22.89,10.38,7.7
6293,2025-11-10 04:00:00,27.2,60,0.0,23.88,10.02,7.72
6294,2025-11-10 05:00:00,28.6,53,0.0,25.0,9.66,7.75
6295,2025-11-10 06:00:00,29.6,47,0.0,26.08,9.33,7.7
6296,2025-11-10 07:00:00,30.6,43,0.0,27.14,9.04,7.63
6297,2025-11-10 08:00:00,31.3,41,0.0,28.08,8.82,7.58
6298,2025-11-10 09:00:00,31.5,40,0.0,28.81,8.66,7.61
6299,2025-11-10 10:00:00,31.5,40,0.1,29.32,8.56,7.5
6300,2025-11-10 11:00:00,31.0,42,0.2,29.52,8.56,7.41
6301,2025-11-10 12:00:00,29.2,47,0.0,29.13,8.72,7.44
6302,2025-11-10 13:00:00,27.6,56,0.0,28.37,9.03,7.29
6303,2025-11-10 14:00:00,26.1,67,0.0,27.39,9.43,7.3
6304,2025-11-10 15:00:00,25.8,69,0.0,26.61,9.63,7.18
6305,2025-11-10 16:00:00,25.2,72,0.0,25.89,9.84,7.13
6306,2025-11-10 17:00:00,24.8,76,0.0,25.26,10.04,7.11
6307,2025-11-10 18:00:00,24.0,84,0.0,24.58,10.34,7.01
6308,2025-11-10 19:00:00,24.1,81,0.2,24.14,10.38,7.03
6309,2025-11-10 20:00:00,23.8,82,0.0,23.74,10.48,7.21
6310,2025-11-10 21:00:00,23.8,81,0.0,23.46,10.52,7.25
6311,2025-11-10 22:00:00,23.1,87,0.0,23.05,10.73,7.3
6312,2025-11-10 23:00:00,22.9,89,0.0,22.7,10.84,7.35
6313,2025-11-11 00:00:00,22.8,98,0.0,22.43,11.08,7.48
6314,2025-11-11 01:00:00,23.4,91,0.0,22.42,10.94,7.53
6315,2025-11-11 02:00:00,25.0,76,0.0,22.9,10.54,7.63
6316,2025-11-11 03:00:00,26.2,68,0.1,23.59,10.24,7.58
6317,2025-11-11 04:00:00,27.0,65,0.3,24.31,10.03,7.63
6318,2025-11-11 05:00:00,28.6,58,0.0,25.3,9.69,7.64
6319,2025-11-11 06:00:00,29.0,55,0.0,26.11,9.47,7.63
6320,2025-11-11 07:00:00,30.1,51,0.1,27.01,9.22,7.64
6321,2025-11-11 08:00:00,30.3,50,0.1,27.69,9.06,7.58
6322,2025-11-11 09:00:00,30.6,50,0.0,28.27,8.95,7.58
6323,2025-11-11 10:00:00,31.2,49,0.0,28.85,8.81,7.49
6324,2025-11-11 11:00:00,29.6,53,0.2,28.77,8.9,7.4
6325,2025-11-11 12:00:00,27.2,62,1.1,28.0,9.22,7.31
6326,2025-11-11 13:00:00,26.5,66,0.0,27.25,9.44,7.27
6327,2025-11-11 14:00:00,25.6,73,0.1,26.46,9.74,7.28
6328,2025-11-11 15:00:00,24.8,79,0.3,25.66,10.02,7.09
6329,2025-11-11 16:00:00,24.4,83,0.0,24.98,10.24,7.16
6330,2025-11-11 17:00:00,24.0,87,0.0,24.39,10.44,7.2
6331,2025-11-11 18:00:00,24.4,87,0.0,24.09,10.51,7.14
6332,2025-11-11 19:00:00,24.0,86,0.4,23.76,10.56,7.12
6333,2025-11-11 20:00:00,23.9,86,0.3,23.5,10.61,7.14
6334,2025-11-11 21:00:00,23.5,90,0.1,23.2,10.76,7.23
6335,2025-11-11 22:00:00,23.2,91,0.1,22.9,10.84,7.3
6336,2025-11-11 23:00:00,23.0,90,0.2,22.63,10.88,7.28
6337,2025-11-12 00:00:00,22.8,93,0.3,22.38,10.99,7.39
6338,2025-11-12 01:00:00,22.9,93,0.0,22.24,11.03,7.52
6339,2025-11-12 02:00:00,24.2,84,0.0,22.53,10.78,7.58
6340,2025-11-12 03:00:00,25.6,75,0.0,23.15,10.47,7.67
6341,2025-11-12 04:00:00,26.8,69,0.0,23.94,10.18,7.66
6342,2025-11-12 05:00:00,27.9,64,0.0,24.83,9.9,7.62
6343,2025-11-12 06:00:00,28.1,61,0.0,25.51,9.71,7.75
6344,2025-11-12 07:00:00,29.2,57,0.2,26.32,9.47,7.71
6345,2025-11-12 08:00:00,30.3,53,0.1,27.21,9.21,7.67
6346,2025-11-12 09:00:00,30.4,52,0.1,27.87,9.06,7.58
6347,2025-11-12 10:00:00,30.4,52,0.1,28.33,8.97,7.57
6348,2025-11-12 11:00:00,29.6,54,0.1,28.41,8.99,7.32
6349,2025-11-12 12:00:00,28.4,63,0.1,28.11,9.21,7.43
6350,2025-11-12 13:00:00,26.2,71,0.0,27.23,9.54,7.32
6351,2025-11-12 14:00:00,24.0,84,0.1,25.96,10.05,7.31
6352,2025-11-12 15:00:00,23.5,84,0.1,24.93,10.27,7.08
6353,2025-11-12 16:00:00,23.7,84,0.0,24.26,10.41,7.19
6354,2025-11-12 17:00:00,23.5,88,0.1,23.73,10.6,7.14
6355,2025-11-12 18:00:00,23.0,91,0.8,23.21,10.77,7.16
6356,2025-11-12 19:00:00,23.1,89,0.0,22.88,10.81,7.13
6357,2025-11-12 20:00:00,23.0,90,0.0,22.61,10.88,7.21
6358,2025-11-12 21:00:00,22.6,91,0.3,22.31,10.97,7.28
6359,2025-11-12 22:00:00,22.5,91,0.3,22.07,11.02,7.29
6360,2025-11-12 23:00:00,22.4,92,0.1,21.87,11.09,7.33
6361,2025-11-13 00:00:00,22.2,94,0.0,21.67,11.17,7.46
6362,2025-11-13 01:00:00,22.7,90,0.0,21.68,11.09,7.61
6363,2025-11-13 02:00:00,23.6,87,0.0,21.95,10.96,7.5
6364,2025-11-13 03:00:00,25.0,79,0.0,22.57,10.67,7.68
6365,2025-11-13 04:00:00,26.0,73,0.0,23.3,10.4,7.67
6366,2025-11-13 05:00:00,27.2,66,0.0,24.17,10.08,7.78
6367,2025-11-13 06:00:00,28.4,60,0.0,25.14,9.76,7.69
6368,2025-11-13 07:00:00,29.0,57,0.0,26.0,9.53,7.77
6369,2025-11-13 08:00:00,29.6,56,0.0,26.78,9.36,7.64
6370,2025-11-13 09:00:00,29.9,55,0.0,27.41,9.21,7.65
6371,2025-11-13 10:00:00,29.6,55,0.0,27.77,9.14,7.57
6372,2025-11-13 11:00:00,29.3,57,0.0,27.93,9.14,7.42
6373,2025-11-13 12:00:00,28.0,65,0.0,27.65,9.34,7.45
6374,2025-11-13 13:00:00,26.6,69,0.0,27.04,9.54,7.29
6375,2025-11-13 14:00:00,26.0,71,0.0,26.42,9.71,7.25
6376,2025-11-13 15:00:00,25.8,72,0.0,25.94,9.83,7.24
6377,2025-11-13 16:00:00,24.4,78,0.6,25.18,10.1,7.1
6378,2025-11-13 17:00:00,23.8,86,0.8,24.46,10.41,7.16
6379,2025-11-13 18:00:00,24.2,86,0.2,24.08,10.49,7.06
6380,2025-11-13 19:00:00,23.4,89,0.5,23.58,10.66,7.1
6381,2025-11-13 20:00:00,22.2,93,0.7,22.87,10.89,7.1
6382,2025-11-13 21:00:00,22.1,93,0.7,22.34,11.0,7.26
6383,2025-11-13 22:00:00,22.1,92,0.4,21.96,11.06,7.2
6384,2025-11-13 23:00:00,21.9,91,0.1,21.65,11.11,7.43
6385,2025-11-14 00:00:00,21.9,95,0.2,21.42,11.24,7.45
6386,2025-11-14 01:00:00,22.6,94,0.0,21.48,11.21,7.6
6387,2025-11-14 02:00:00,23.2,91,0.0,21.69,11.1,7.58
6388,2025-11-14 03:00:00,23.9,85,0.2,22.05,10.9,7.71
6389,2025-11-14 04:00:00,24.9,80,0.3,22.61,10.68,7.64
6390,2025-11-14 05:00:00,26.0,74,0.1,23.33,10.41,7.73
6391,2025-11-14 06:00:00,26.5,73,0.1,23.98,10.26,7.71
6392,2025-11-14 07:00:00,27.1,70,0.1,24.61,10.06,7.71
6393,2025-11-14 08:00:00,28.0,67,0.0,25.33,9.86,7.65
6394,2025-11-14 09:00:00,28.7,63,0.0,26.04,9.64,7.57
6395,2025-11-14 10:00:00,27.6,62,0.1,26.21,9.58,7.56
6396,2025-11-14 11:00:00,26.1,75,1.1,25.88,9.9,7.41
6397,2025-11-14 12:00:00,26.2,72,0.8,25.67,9.88,7.28
6398,2025-11-14 13:00:00,25.0,83,0.1,25.17,10.2,7.31
6399,2025-11-14 14:00:00,23.5,90,0.1,24.37,10.5,7.26
6400,2025-11-14 15:00:00,23.0,92,0.1,23.66,10.7,7.25
6401,2025-11-14 16:00:00,22.7,94,0.0,23.07,10.86,7.13
6402,2025-11-14 17:00:00,22.5,93,0.0,22.6,10.95,7.09
6403,2025-11-14 18:00:00,22.5,92,0.0,22.27,11.0,7.05
6404,2025-11-14 19:00:00,22.6,89,0.0,22.07,10.98,7.16
6405,2025-11-14 20:00:00,22.4,90,0.0,21.87,11.04,7.15
6406,2025-11-14 21:00:00,22.3,90,0.0,21.7,11.08,7.14
6407,2025-11-14 22:00:00,22.0,93,0.0,21.49,11.19,7.36
6408,2025-11-14 23:00:00,21.6,92,0.0,21.22,11.23,7.36
6409,2025-11-15 00:00:00,21.0,93,0.0,20.86,11.33,7.46
6410,2025-11-15 01:00:00,21.5,90,0.0,20.75,11.29,7.54
6411,2025-11-15 02:00:00,22.4,86,0.0,20.94,11.16,7.63
6412,2025-11-15 03:00:00,23.5,78,0.0,21.41,10.9,7.71
6413,2025-11-15 04:00:00,25.0,70,0.0,22.19,10.57,7.7
6414,2025-11-15 05:00:00,26.2,65,0.0,23.09,10.28,7.75
6415,2025-11-15 06:00:00,27.0,60,0.0,23.96,10.0,7.66
6416,2025-11-15 07:00:00,27.8,56,0.0,24.81,9.75,7.8
6417,2025-11-15 08:00:00,28.6,53,0.0,25.65,9.53,7.63
6418,2025-11-15 09:00:00,29.4,50,0.0,26.48,9.3,7.6
6419,2025-11-15 10:00:00,29.2,50,0.0,26.99,9.2,7.57
6420,2025-11-15 11:00:00,28.7,52,0.0,27.2,9.2,7.45
6421,2025-11-15 12:00:00,27.1,63,0.0,26.87,9.47,7.4
6422,2025-11-15 13:00:00,25.8,63,0.0,26.25,9.59,7.39
6423,2025-11-15 14:00:00,24.9,67,0.0,25.55,9.81,7.17
6424,2025-11-15 15:00:00,23.6,78,0.0,24.66,10.21,7.17
6425,2025-11-15 16:00:00,23.5,77,0.0,24.01,10.33,7.22
6426,2025-11-15 17:00:00,23.2,74,0.0,23.47,10.38,7.18
6427,2025-11-15 18:00:00,22.6,77,0.0,22.91,10.56,7.05
6428,2025-11-15 19:00:00,22.6,79,0.0,22.52,10.68,7.17
6429,2025-11-15 20:00:00,22.1,82,0.0,22.09,10.83,7.13
6430,2025-11-15 21:00:00,21.8,84,0.0,21.7,10.96,7.26
6431,2025-11-15 22:00:00,21.4,89,0.0,21.31,11.14,7.36
6432,2025-11-15 23:00:00,21.2,91,0.0,20.98,11.26,7.43
6433,2025-11-16 00:00:00,21.6,87,0.0,20.87,11.2,7.51
6434,2025-11-16 01:00:00,21.9,87,0.0,20.88,11.2,7.59
6435,2025-11-16 02:00:00,23.1,82,0.0,21.24,11.01,7.63
6436,2025-11-16 03:00:00,24.5,75,0.0,21.92,10.73,7.67
6437,2025-11-16 04:00:00,26.0,67,0.0,22.84,10.37,7.71
6438,2025-11-16 05:00:00,27.0,63,0.0,23.79,10.1,7.76
6439,2025-11-16 06:00:00,28.2,59,0.0,24.81,9.81,7.71
6440,2025-11-16 07:00:00,29.0,55,0.0,25.77,9.54,7.7
6441,2025-11-16 08:00:00,29.7,52,0.0,26.65,9.31,7.68
6442,2025-11-16 09:00:00,30.0,51,0.0,27.35,9.15,7.49
6443,2025-11-16 10:00:00,29.9,50,0.0,27.82,9.04,7.5
6444,2025-11-16 11:00:00,29.4,53,0.0,27.99,9.06,7.42
6445,2025-11-16 12:00:00,27.4,60,0.0,27.51,9.28,7.4
6446,2025-11-16 13:00:00,26.1,62,0.0,26.79,9.46,7.32
6447,2025-11-16 14:00:00,25.6,63,0.0,26.13,9.62,7.22
6448,2025-11-16 15:00:00,24.7,70,0.0,25.4,9.9,7.2
6449,2025-11-16 16:00:00,23.8,80,0.0,24.62,10.26,7.12
6450,2025-11-16 17:00:00,23.7,82,0.0,24.05,10.42,7.11
6451,2025-11-16 18:00:00,23.2,87,0.0,23.49,10.63,7.12
6452,2025-11-16 19:00:00,23.4,87,0.0,23.16,10.7,7.23
6453,2025-11-16 20:00:00,23.1,88,0.0,22.85,10.79,7.15
6454,2025-11-16 21:00:00,22.5,91,0.0,22.44,10.94,7.3
6455,2025-11-16 22:00:00,22.3,91,0.0,22.1,11.01,7.29
6456,2025-11-16 23:00:00,22.1,91,0.0,21.8,11.08,7.32
6457,2025-11-17 00:00:00,22.4,89,0.0,21.68,11.06,7.42
6458,2025-11-17 01:00:00,22.5,89,0.0,21.63,11.08,7.55
6459,2025-11-17 02:00:00,23.6,84,0.0,21.92,10.91,7.54
6460,2025-11-17 03:00:00,24.8,77,0.0,22.48,10.65,7.6
6461,2025-11-17 04:00:00,26.0,70,0.0,23.24,10.35,7.73
6462,2025-11-17 05:00:00,26.9,62,0.0,24.04,10.03,7.67
6463,2025-11-17 06:00:00,27.9,56,0.0,24.9,9.74,7.76
6464,2025-11-17 07:00:00,28.4,53,0.0,25.65,9.53,7.74
6465,2025-11-17 08:00:00,28.0,54,0.0,26.05,9.46,7.7
6466,2025-11-17 09:00:00,29.1,51,0.0,26.67,9.29,7.63
6467,2025-11-17 10:00:00,28.1,55,0.0,26.8,9.33,7.57
6468,2025-11-17 11:00:00,27.4,59,0.0,26.68,9.43,7.55
6469,2025-11-17 12:00:00,26.0,66,0.0,26.17,9.66,7.42
6470,2025-11-17 13:00:00,24.5,76,0.0,25.37,10.02,7.44
6471,2025-11-17 14:00:00,24.2,77,0.0,24.72,10.18,7.21
6472,2025-11-17 15:00:00,23.2,85,0.4,23.96,10.49,7.19
6473,2025-11-17 16:00:00,22.7,90,0.2,23.29,10.74,7.22
6474,2025-11-17 17:00:00,22.3,91,0.0,22.69,10.89,7.18
6475,2025-11-17 18:00:00,22.0,92,0.0,22.18,11.02,7.16
6476,2025-11-17 19:00:00,22.3,91,0.1,21.92,11.05,7.08
6477,2025-11-17 20:00:00,22.1,92,0.3,21.67,11.13,7.24
6478,2025-11-17 21:00:00,21.9,93,0.2,21.44,11.2,7.15
6479,2025-11-17 22:00:00,21.9,93,0.1,21.28,11.23,7.32
6480,2025-11-17 23:00:00,21.9,93,0.0,21.16,11.26,7.43
6481,2025-11-18 00:00:00,21.9,94,0.1,21.09,11.3,7.4
6482,2025-11-18 01:00:00,21.9,95,0.0,21.03,11.33,7.51
6483,2025-11-18 02:00:00,22.5,94,0.0,21.17,11.28,7.6
6484,2025-11-18 03:00:00,23.1,88,0.3,21.45,11.09,7.6
6485,2025-11-18 04:00:00,23.5,87,1.2,21.76,11.01,7.69
6486,2025-11-18 05:00:00,25.4,74,0.1,22.56,10.57,7.78
6487,2025-11-18 06:00:00,27.1,63,0.2,23.62,10.13,7.77
6488,2025-11-18 07:00:00,27.0,61,0.0,24.33,9.95,7.66
6489,2025-11-18 08:00:00,27.2,61,0.1,24.89,9.83,7.72
6490,2025-11-18 09:00:00,26.5,65,0.0,25.08,9.87,7.58
6491,2025-11-18 10:00:00,26.1,68,0.0,25.08,9.93,7.55
6492,2025-11-18 11:00:00,26.2,70,0.0,25.12,9.96,7.57
6493,2025-11-18 12:00:00,24.2,81,0.4,24.54,10.29,7.32
6494,2025-11-18 13:00:00,23.4,86,0.0,23.9,10.53,7.34
6495,2025-11-18 14:00:00,23.0,88,0.2,23.33,10.69,7.31
6496,2025-11-18 15:00:00,22.5,90,0.1,22.78,10.85,7.25
6497,2025-11-18 16:00:00,22.4,91,0.2,22.37,10.96,7.22
6498,2025-11-18 17:00:00,22.1,92,1.6,21.99,11.06,7.06
6499,2025-11-18 18:00:00,22.0,93,0.2,21.69,11.14,7.11
6500,2025-11-18 19:00:00,21.9,93,0.0,21.45,11.2,7.21
6501,2025-11-18 20:00:00,21.6,92,0.1,21.2,11.23,7.11
6502,2025-11-18 21:00:00,21.6,92,0.0,21.02,11.27,7.25
6503,2025-11-18 22:00:00,21.5,91,0.0,20.86,11.28,7.25
6504,2025-11-18 23:00:00,21.4,92,0.1,20.72,11.33,7.32
6505,2025-11-19 00:00:00,21.2,93,0.0,20.57,11.39,7.47
6506,2025-11-19 01:00:00,21.1,93,0.0,20.43,11.42,7.45
6507,2025-11-19 02:00:00,22.3,89,0.0,20.69,11.28,7.62
6508,2025-11-19 03:00:00,23.8,83,0.0,21.32,11.02,7.69
6509,2025-11-19 04:00:00,24.7,77,0.1,22.04,10.74,7.77
6510,2025-11-19 05:00:00,25.9,70,0.1,22.89,10.42,7.73
6511,2025-11-19 06:00:00,27.0,66,0.2,23.83,10.15,7.75
6512,2025-11-19 07:00:00,28.0,62,0.1,24.78,9.88,7.66
6513,2025-11-19 08:00:00,28.5,61,0.1,25.59,9.69,7.64
6514,2025-11-19 09:00:00,28.9,59,0.1,26.29,9.51,7.55
6515,2025-11-19 10:00:00,28.9,58,0.0,26.77,9.39,7.47
6516,2025-11-19 11:00:00,28.0,63,0.1,26.84,9.47,7.4
6517,2025-11-19 12:00:00,27.0,70,0.0,26.59,9.65,7.31
6518,2025-11-19 13:00:00,25.4,75,0.0,25.93,9.88,7.3
6519,2025-11-19 14:00:00,25.0,78,0.0,25.35,10.06,7.22
6520,2025-11-19 15:00:00,24.1,82,0.0,24.68,10.28,7.16
6521,2025-11-19 16:00:00,23.6,86,0.1,24.05,10.49,7.22
6522,2025-11-19 17:00:00,22.7,91,0.1,23.35,10.74,7.12
6523,2025-11-19 18:00:00,22.9,90,1.0,22.91,10.82,7.08
6524,2025-11-19 19:00:00,22.9,94,0.0,22.61,10.97,7.15
6525,2025-11-19 20:00:00,22.6,94,0.1,22.31,11.03,7.2
6526,2025-11-19 21:00:00,22.5,92,0.1,22.06,11.04,7.28
6527,2025-11-19 22:00:00,22.5,91,0.3,21.9,11.06,7.25
6528,2025-11-19 23:00:00,22.5,91,0.2,21.78,11.08,7.31
6529,2025-11-20 00:00:00,22.0,96,0.1,21.54,11.24,7.35
6530,2025-11-20 01:00:00,22.4,95,0.0,21.5,11.23,7.47
6531,2025-11-20 02:00:00,23.0,92,0.0,21.65,11.13,7.63
6532,2025-11-20 03:00:00,24.2,84,0.0,22.12,10.87,7.67
6533,2025-11-20 04:00:00,25.5,78,0.0,22.83,10.6,7.62
6534,2025-11-20 05:00:00,26.8,71,0.0,23.72,10.27,7.72
6535,2025-11-20 06:00:00,28.2,64,0.0,24.77,9.92,7.74
6536,2025-11-20 07:00:00,28.8,60,0.0,25.68,9.65,7.74
6537,2025-11-20 08:00:00,29.4,57,0.0,26.49,9.43,7.65
6538,2025-11-20 09:00:00,29.9,54,0.0,27.22,9.23,7.64
6539,2025-11-20 10:00:00,30.0,52,0.0,27.75,9.09,7.51
6540,2025-11-20 11:00:00,29.2,56,0.0,27.89,9.13,7.46
6541,2025-11-20 12:00:00,28.1,62,0.0,27.65,9.29,7.42
6542,2025-11-20 13:00:00,26.1,71,0.0,26.88,9.61,7.28
6543,2025-11-20 14:00:00,25.1,75,0.4,26.05,9.86,7.19
6544,2025-11-20 15:00:00,24.0,83,0.0,25.13,10.2,7.17
6545,2025-11-20 16:00:00,23.8,86,0.0,24.43,10.41,7.13
6546,2025-11-20 17:00:00,23.9,84,0.0,23.97,10.47,7.13
6547,2025-11-20 18:00:00,24.0,80,0.0,23.68,10.46,7.11
6548,2025-11-20 19:00:00,23.7,83,0.0,23.39,10.58,7.12
6549,2025-11-20 20:00:00,23.1,88,0.0,23.0,10.76,7.16
6550,2025-11-20 21:00:00,22.5,89,0.0,22.55,10.88,7.22
6551,2025-11-20 22:00:00,22.3,87,0.0,22.18,10.92,7.35
6552,2025-11-20 23:00:00,22.3,85,0.0,21.91,10.93,7.42
6553,2025-11-21 00:00:00,22.2,88,0.0,21.7,11.04,7.51
6554,2025-11-21 01:00:00,23.1,85,0.0,21.82,10.95,7.53
6555,2025-11-21 02:00:00,23.8,83,0.0,22.11,10.85,7.57
6556,2025-11-21 03:00:00,25.2,74,0.0,22.74,10.53,7.67
6557,2025-11-21 04:00:00,26.8,66,0.0,23.66,10.18,7.73
6558,2025-11-21 05:00:00,28.1,61,0.0,24.69,9.87,7.68
6559,2025-11-21 06:00:00,29.1,56,0.0,25.71,9.57,7.79
6560,2025-11-21 07:00:00,30.0,54,0.0,26.7,9.33,7.75
6561,2025-11-21 08:00:00,30.0,53,0.7,27.39,9.18,7.59
6562,2025-11-21 09:00:00,30.2,53,0.9,27.93,9.07,7.58
6563,2025-11-21 10:00:00,30.1,55,1.1,28.28,9.03,7.44
6564,2025-11-21 11:00:00,29.2,58,0.2,28.26,9.09,7.48
6565,2025-11-21 12:00:00,28.4,61,0.0,28.0,9.2,7.41
6566,2025-11-21 13:00:00,26.9,67,0.2,27.37,9.44,7.32
6567,2025-11-21 14:00:00,26.1,69,0.0,26.69,9.61,7.26
6568,2025-11-21 15:00:00,25.0,76,0.0,25.88,9.91,7.12
6569,2025-11-21 16:00:00,23.0,85,0.2,24.72,10.33,7.1
6570,2025-11-21 17:00:00,23.0,85,0.7,23.9,10.51,7.11
6571,2025-11-21 18:00:00,23.2,90,1.8,23.39,10.72,7.09
6572,2025-11-21 19:00:00,23.5,87,0.5,23.12,10.71,7.06
6573,2025-11-21 20:00:00,22.4,94,2.7,22.61,10.97,6.99
6574,2025-11-21 21:00:00,22.5,93,0.1,22.27,11.02,7.16
6575,2025-11-21 22:00:00,22.2,94,0.1,21.95,11.11,7.18
6576,2025-11-21 23:00:00,21.8,96,0.1,21.61,11.22,7.37
6577,2025-11-22 00:00:00,22.2,94,0.2,21.48,11.21,7.37
6578,2025-11-22 01:00:00,22.1,92,0.3,21.37,11.19,7.53
6579,2025-11-22 02:00:00,22.7,91,0.2,21.47,11.15,7.58
6580,2025-11-22 03:00:00,23.4,90,0.2,21.75,11.07,7.68
6581,2025-11-22 04:00:00,24.0,87,0.1,22.12,10.93,7.64
6582,2025-11-22 05:00:00,24.5,85,0.1,22.54,10.8,7.74
6583,2025-11-22 06:00:00,27.5,68,0.3,23.73,10.21,7.7
6584,2025-11-22 07:00:00,27.5,68,0.1,24.56,10.04,7.72
6585,2025-11-22 08:00:00,27.7,68,0.1,25.2,9.9,7.68
6586,2025-11-22 09:00:00,25.8,79,0.9,25.08,10.14,7.51
6587,2025-11-22 10:00:00,25.9,80,0.0,25.03,10.17,7.6
6588,2025-11-22 11:00:00,24.6,85,1.9,24.6,10.36,7.38
6589,2025-11-22 12:00:00,24.3,89,4.8,24.21,10.52,7.3
6590,2025-11-22 13:00:00,22.5,96,3.4,23.4,10.83,7.13
6591,2025-11-22 14:00:00,21.5,96,3.7,22.53,11.02,7.19
6592,2025-11-22 15:00:00,21.5,96,0.7,21.92,11.16,7.23
6593,2025-11-22 16:00:00,21.5,95,0.1,21.49,11.23,7.13
6594,2025-11-22 17:00:00,21.5,94,0.1,21.2,11.27,7.07
6595,2025-11-22 18:00:00,22.1,95,0.3,21.17,11.3,7.13
6596,2025-11-22 19:00:00,22.2,93,0.2,21.18,11.26,7.17
6597,2025-11-22 20:00:00,21.9,94,0.0,21.09,11.29,7.26
6598,2025-11-22 21:00:00,21.7,93,0.0,20.98,11.3,7.29
6599,2025-11-22 22:00:00,21.8,89,0.0,20.92,11.23,7.29
6600,2025-11-22 23:00:00,22.0,88,0.0,20.95,11.2,7.38
6601,2025-11-23 00:00:00,22.7,91,0.0,21.17,11.22,7.51
6602,2025-11-23 01:00:00,23.0,91,0.4,21.42,11.16,7.45
6603,2025-11-23 02:00:00,23.2,91,0.1,21.65,11.11,7.52
6604,2025-11-23 03:00:00,24.8,85,0.0,22.3,10.85,7.58
6605,2025-11-23 04:00:00,26.1,74,0.0,23.14,10.45,7.8
6606,2025-11-23 05:00:00,27.0,70,0.0,24.0,10.19,7.77
6607,2025-11-23 06:00:00,26.4,72,0.4,24.42,10.14,7.62
6608,2025-11-23 07:00:00,26.5,74,0.7,24.74,10.11,7.7
6609,2025-11-23 08:00:00,25.8,76,3.0,24.76,10.15,7.53
6610,2025-11-23 09:00:00,23.9,85,4.1,24.2,10.44,7.46
6611,2025-11-23 10:00:00,23.4,84,2.3,23.66,10.54,7.45
6612,2025-11-23 11:00:00,23.0,92,1.7,23.16,10.8,7.44
6613,2025-11-23 12:00:00,22.4,93,0.3,22.63,10.94,7.49
6614,2025-11-23 13:00:00,22.1,94,1.0,22.17,11.06,7.35
6615,2025-11-23 14:00:00,22.2,94,0.9,21.88,11.12,7.17
6616,2025-11-23 15:00:00,22.4,94,0.4,21.74,11.15,7.23
6617,2025-11-23 16:00:00,22.2,94,1.2,21.58,11.19,7.19
6618,2025-11-23 17:00:00,22.2,92,0.1,21.46,11.17,7.13
6619,2025-11-23 18:00:00,22.3,90,0.0,21.41,11.14,7.13
6620,2025-11-23 19:00:00,22.2,92,0.0,21.35,11.2,7.18
6621,2025-11-23 20:00:00,22.1,93,0.2,21.27,11.23,7.09
6622,2025-11-23 21:00:00,21.7,96,0.4,21.1,11.33,7.18
6623,2025-11-23 22:00:00,21.5,98,0.4,20.92,11.42,7.26
6624,2025-11-23 23:00:00,21.5,98,0.1,20.8,11.44,7.33
6625,2025-11-24 00:00:00,21.4,98,0.0,20.68,11.47,7.41
6626,2025-11-24 01:00:00,21.6,96,0.3,20.65,11.43,7.43
6627,2025-11-24 02:00:00,22.0,93,0.1,20.76,11.35,7.62
6628,2025-11-24 03:00:00,22.6,91,0.1,21.01,11.25,7.68
6629,2025-11-24 04:00:00,23.5,87,0.1,21.46,11.07,7.72
6630,2025-11-24 05:00:00,24.0,84,0.3,21.92,10.91,7.69
6631,2025-11-24 06:00:00,23.3,83,0.7,22.03,10.87,7.75
6632,2025-11-24 07:00:00,23.0,88,1.0,22.02,10.97,7.63
6633,2025-11-24 08:00:00,23.0,85,1.2,22.02,10.91,7.61
6634,2025-11-24 09:00:00,22.4,95,1.6,21.83,11.15,7.6
6635,2025-11-24 10:00:00,22.5,94,0.9,21.73,11.16,7.47
6636,2025-11-24 11:00:00,22.8,94,0.0,21.75,11.15,7.63
6637,2025-11-24 12:00:00,22.9,92,0.0,21.8,11.1,7.43
6638,2025-11-24 13:00:00,22.6,94,0.0,21.74,11.15,7.28
6639,2025-11-24 14:00:00,22.5,95,0.1,21.67,11.19,7.29
6640,2025-11-24 15:00:00,22.2,96,0.3,21.53,11.24,7.2
6641,2025-11-24 16:00:00,21.5,95,0.0,21.22,11.29,7.27
6642,2025-11-24 17:00:00,21.6,96,0.1,21.03,11.35,7.16
6643,2025-11-24 18:00:00,22.0,96,0.0,21.02,11.35,7.21
6644,2025-11-24 19:00:00,22.0,96,1.1,21.02,11.35,7.11
6645,2025-11-24 20:00:00,21.9,94,0.4,20.98,11.32,7.05
6646,2025-11-24 21:00:00,21.9,95,0.1,20.96,11.35,7.22
6647,2025-11-24 22:00:00,21.8,96,0.0,20.91,11.38,7.36
6648,2025-11-24 23:00:00,21.5,97,0.0,20.79,11.42,7.42
6649,2025-11-25 00:00:00,21.4,97,0.0,20.67,11.45,7.32
6650,2025-11-25 01:00:00,21.7,96,0.0,20.68,11.43,7.53
6651,2025-11-25 02:00:00,22.5,92,0.0,20.93,11.29,7.65
6652,2025-11-25 03:00:00,23.0,89,0.0,21.25,11.16,7.66
6653,2025-11-25 04:00:00,24.0,82,0.0,21.77,10.9,7.8
6654,2025-11-25 05:00:00,25.6,71,0.0,22.62,10.5,7.78
6655,2025-11-25 06:00:00,26.6,64,0.0,23.52,10.17,7.77
6656,2025-11-25 07:00:00,27.2,61,0.1,24.32,9.95,7.68
6657,2025-11-25 08:00:00,28.0,59,0.0,25.12,9.75,7.68
6658,2025-11-25 09:00:00,28.2,56,0.0,25.75,9.56,7.65
6659,2025-11-25 10:00:00,28.0,57,0.0,26.12,9.51,7.6
6660,2025-11-25 11:00:00,27.4,61,0.0,26.21,9.56,7.44
6661,2025-11-25 12:00:00,26.0,66,0.0,25.84,9.73,7.43
6662,2025-11-25 13:00:00,24.5,73,0.0,25.14,10.01,7.4
6663,2025-11-25 14:00:00,24.2,74,0.0,24.56,10.15,7.17
6664,2025-11-25 15:00:00,23.6,77,0.0,23.97,10.34,7.26
6665,2025-11-25 16:00:00,23.2,79,0.0,23.44,10.49,7.25
6666,2025-11-25 17:00:00,22.9,82,0.0,22.98,10.64,7.05
6667,2025-11-25 18:00:00,22.6,84,0.0,22.56,10.77,7.16
6668,2025-11-25 19:00:00,22.4,88,0.0,22.22,10.93,7.1
6669,2025-11-25 20:00:00,22.1,90,0.0,21.88,11.04,7.2
6670,2025-11-25 21:00:00,21.9,91,0.0,21.59,11.13,7.26
6671,2025-11-25 22:00:00,21.7,92,0.0,21.32,11.2,7.25
6672,2025-11-25 23:00:00,21.4,93,0.0,21.04,11.28,7.4
6673,2025-11-26 00:00:00,21.4,93,0.0,20.85,11.33,7.46
6674,2025-11-26 01:00:00,21.4,92,0.0,20.72,11.34,7.5
6675,2025-11-26 02:00:00,22.0,90,0.0,20.8,11.27,7.56
6676,2025-11-26 03:00:00,23.3,83,0.0,21.25,11.03,7.61
6677,2025-11-26 04:00:00,24.7,72,0.0,21.99,10.65,7.68
6678,2025-11-26 05:00:00,25.9,66,0.0,22.86,10.35,7.69
6679,2025-11-26 06:00:00,26.5,63,0.0,23.65,10.13,7.73
6680,2025-11-26 07:00:00,27.2,60,0.0,24.42,9.91,7.75
6681,2025-11-26 08:00:00,27.9,56,0.0,25.16,9.68,7.68
6682,2025-11-26 09:00:00,28.2,52,0.0,25.77,9.48,7.49
6683,2025-11-26 10:00:00,28.5,50,0.0,26.29,9.34,7.55
6684,2025-11-26 11:00:00,28.0,55,0.0,26.5,9.39,7.57
6685,2025-11-26 12:00:00,26.1,63,0.0,26.08,9.63,7.46
6686,2025-11-26 13:00:00,24.8,68,0.0,25.4,9.86,7.3
6687,2025-11-26 14:00:00,24.2,71,0.0,24.74,10.06,7.18
6688,2025-11-26 15:00:00,23.8,73,0.0,24.16,10.22,7.24
6689,2025-11-26 16:00:00,23.6,73,0.0,23.69,10.32,7.17
6690,2025-11-26 17:00:00,23.2,78,0.0,23.24,10.51,7.12
6691,2025-11-26 18:00:00,23.2,82,0.0,22.93,10.65,7.16
6692,2025-11-26 19:00:00,23.0,80,0.0,22.65,10.67,7.16
6693,2025-11-26 20:00:00,22.4,79,0.0,22.28,10.73,7.19
6694,2025-11-26 21:00:00,21.6,82,0.0,21.77,10.9,7.29
6695,2025-11-26 22:00:00,21.0,84,0.0,21.24,11.06,7.29
6696,2025-11-26 23:00:00,20.5,86,0.0,20.72,11.21,7.43
6697,2025-11-27 00:00:00,20.8,82,0.0,20.44,11.18,7.4
6698,2025-11-27 01:00:00,20.5,83,0.0,20.16,11.27,7.61
6699,2025-11-27 02:00:00,21.4,79,0.0,20.23,11.17,7.56
6700,2025-11-27 03:00:00,22.6,73,0.0,20.64,10.95,7.69
6701,2025-11-27 04:00:00,24.0,67,0.0,21.35,10.68,7.71
6702,2025-11-27 05:00:00,25.1,63,0.0,22.17,10.43,7.69
6703,2025-11-27 06:00:00,25.8,58,0.0,22.96,10.17,7.79
6704,2025-11-27 07:00:00,26.0,57,0.0,23.57,10.02,7.63
6705,2025-11-27 08:00:00,26.4,54,0.0,24.12,9.85,7.64
6706,2025-11-27 09:00:00,26.5,53,0.0,24.54,9.75,7.55
6707,2025-11-27 10:00:00,26.6,53,0.0,24.85,9.69,7.51
6708,2025-11-27 11:00:00,26.5,54,0.0,25.05,9.67,7.47
6709,2025-11-27 12:00:00,25.4,59,0.0,24.85,9.8,7.4
6710,2025-11-27 13:00:00,23.5,67,0.0,24.15,10.1,7.36
6711,2025-11-27 14:00:00,23.0,71,0.0,23.5,10.32,7.31
6712,2025-11-27 15:00:00,22.7,71,0.0,22.96,10.43,7.24
6713,2025-11-27 16:00:00,22.1,72,0.0,22.4,10.56,7.17
6714,2025-11-27 17:00:00,21.5,72,0.0,21.83,10.68,7.2
6715,2025-11-27 18:00:00,21.6,70,0.0,21.46,10.72,7.12
6716,2025-11-27 19:00:00,21.4,70,0.0,21.14,10.79,7.12
6717,2025-11-27 20:00:00,21.0,72,0.0,20.8,10.9,7.18
6718,2025-11-27 21:00:00,20.6,74,0.0,20.44,11.02,7.27
6719,2025-11-27 22:00:00,20.2,77,0.0,20.07,11.16,7.25
6720,2025-11-27 23:00:00,20.1,78,0.0,19.78,11.24,7.33
6721,2025-11-28 00:00:00,20.1,81,0.0,19.57,11.35,7.43
6722,2025-11-28 01:00:00,20.0,84,0.0,19.4,11.45,7.63
6723,2025-11-28 02:00:00,20.7,83,0.0,19.49,11.41,7.61
6724,2025-11-28 03:00:00,22.5,76,0.0,20.09,11.13,7.64
6725,2025-11-28 04:00:00,24.0,63,0.0,20.97,10.68,7.74
6726,2025-11-28 05:00:00,25.0,56,0.0,21.88,10.35,7.7
6727,2025-11-28 06:00:00,25.8,55,0.0,22.75,10.15,7.78
6728,2025-11-28 07:00:00,26.2,52,0.0,23.49,9.94,7.65
6729,2025-11-28 08:00:00,26.6,51,0.0,24.12,9.8,7.56
6730,2025-11-28 09:00:00,26.5,53,0.3,24.53,9.75,7.69
6731,2025-11-28 10:00:00,26.6,52,0.0,24.85,9.67,7.63
6732,2025-11-28 11:00:00,26.0,62,0.0,24.9,9.85,7.45
6733,2025-11-28 12:00:00,24.6,69,0.0,24.51,10.07,7.39
6734,2025-11-28 13:00:00,23.0,74,0.0,23.76,10.32,7.34
6735,2025-11-28 14:00:00,22.4,75,0.0,23.05,10.49,7.31
6736,2025-11-28 15:00:00,21.9,74,0.0,22.4,10.6,7.14
6737,2025-11-28 16:00:00,21.8,74,0.0,21.92,10.71,7.19
6738,2025-11-28 17:00:00,21.4,77,0.0,21.47,10.86,7.19
6739,2025-11-28 18:00:00,21.5,78,0.0,21.18,10.95,7.11
6740,2025-11-28 19:00:00,21.6,78,0.0,21.0,10.98,7.13
6741,2025-11-28 20:00:00,21.3,81,0.0,20.79,11.09,7.21
6742,2025-11-28 21:00:00,20.7,84,0.0,20.46,11.22,7.23
6743,2025-11-28 22:00:00,20.5,85,0.0,20.18,11.3,7.32
6744,2025-11-28 23:00:00,20.2,85,0.0,19.88,11.37,7.34
6745,2025-11-29 00:00:00,20.6,85,0.0,19.8,11.39,7.56
6746,2025-11-29 01:00:00,20.4,87,0.0,19.68,11.45,7.52
6747,2025-11-29 02:00:00,21.7,81,0.0,19.98,11.26,7.61
6748,2025-11-29 03:00:00,22.6,77,0.0,20.47,11.07,7.61
6749,2025-11-29 04:00:00,23.4,74,0.0,21.05,10.89,7.65
6750,2025-11-29 05:00:00,23.9,70,0.0,21.6,10.69,7.74
6751,2025-11-29 06:00:00,25.0,63,0.0,22.32,10.4,7.74
6752,2025-11-29 07:00:00,25.0,63,0.0,22.83,10.3,7.83
6753,2025-11-29 08:00:00,24.9,66,0.0,23.15,10.29,7.72
6754,2025-11-29 09:00:00,24.3,72,0.3,23.19,10.4,7.62
6755,2025-11-29 10:00:00,24.0,76,0.3,23.14,10.49,7.57
6756,2025-11-29 11:00:00,23.0,83,0.4,22.79,10.7,7.52
6757,2025-11-29 12:00:00,21.8,88,0.2,22.2,10.93,7.42
6758,2025-11-29 13:00:00,21.4,92,0.0,21.66,11.13,7.44
6759,2025-11-29 14:00:00,21.3,93,0.0,21.25,11.24,7.3
6760,2025-11-29 15:00:00,21.0,95,0.1,20.88,11.36,7.2
6761,2025-11-29 16:00:00,20.5,97,0.5,20.46,11.5,7.06
6762,2025-11-29 17:00:00,20.5,97,0.6,20.17,11.56,7.17
6763,2025-11-29 18:00:00,20.5,97,0.3,19.97,11.6,7.15
6764,2025-11-29 19:00:00,20.5,98,1.8,19.83,11.65,7.15
6765,2025-11-29 20:00:00,20.5,98,1.4,19.73,11.68,7.15
6766,2025-11-29 21:00:00,20.4,98,1.2,19.63,11.7,7.15
6767,2025-11-29 22:00:00,20.3,98,0.6,19.53,11.72,7.31
6768,2025-11-29 23:00:00,20.2,97,0.1,19.43,11.72,7.31
6769,2025-11-30 00:00:00,20.4,98,0.0,19.42,11.74,7.45
6770,2025-11-30 01:00:00,20.5,98,0.8,19.45,11.74,7.54
6771,2025-11-30 02:00:00,20.8,97,0.1,19.55,11.69,7.59
6772,2025-11-30 03:00:00,21.5,95,0.0,19.84,11.59,7.71
6773,2025-11-30 04:00:00,23.1,83,0.1,20.52,11.19,7.82
6774,2025-11-30 05:00:00,25.2,75,0.1,21.62,10.79,7.66
6775,2025-11-30 06:00:00,25.8,74,0.0,22.57,10.57,7.64
6776,2025-11-30 07:00:00,27.0,71,0.0,23.6,10.29,7.71
6777,2025-11-30 08:00:00,27.8,67,0.0,24.56,10.02,7.66
6778,2025-11-30 09:00:00,27.4,67,0.0,25.11,9.9,7.63
6779,2025-11-30 10:00:00,25.9,74,0.0,25.05,10.05,7.59
6780,2025-11-30 11:00:00,24.5,83,0.2,24.58,10.32,7.52
6781,2025-11-30 12:00:00,25.1,82,0.5,24.44,10.33,7.35
6782,2025-11-30 13:00:00,24.1,87,0.0,24.04,10.52,7.36
6783,2025-11-30 14:00:00,23.8,88,0.0,23.67,10.62,7.28
6784,2025-11-30 15:00:00,23.5,88,0.0,23.32,10.69,7.27
6785,2025-11-30 16:00:00,23.5,88,0.0,23.07,10.74,7.18
6786,2025-11-30 17:00:00,23.3,88,0.0,22.84,10.79,7.23
6787,2025-11-30 18:00:00,23.4,91,0.0,22.71,10.88,7.07
6788,2025-11-30 19:00:00,23.1,92,0.1,22.53,10.94,7.08
6789,2025-11-30 20:00:00,22.5,94,0.0,22.22,11.05,7.17
6790,2025-11-30 21:00:00,22.4,95,0.0,21.97,11.12,7.18
6791,2025-11-30 22:00:00,22.2,96,0.0,21.74,11.2,7.29
6792,2025-11-30 23:00:00,22.1,96,0.0,21.55,11.24,7.36
6793,2025-12-01 00:00:00,21.4,96,0.0,21.2,11.31,7.5
6794,2025-12-01 01:00:00,21.8,96,0.0,21.08,11.34,7.54
6795,2025-12-01 02:00:00,22.6,93,0.0,21.24,11.24,7.58
6796,2025-12-01 03:00:00,24.2,86,0.0,21.83,10.97,7.8
6797,2025-12-01 04:00:00,25.6,80,0.0,22.66,10.67,7.69
6798,2025-12-01 05:00:00,26.9,74,0.0,23.63,10.35,7.68
6799,2025-12-01 06:00:00,27.8,69,0.0,24.58,10.05,7.7
6800,2025-12-01 07:00:00,28.9,64,0.0,25.58,9.75,7.74
6801,2025-12-01 08:00:00,29.1,62,0.0,26.33,9.56,7.71
6802,2025-12-01 09:00:00,29.2,61,0.0,26.89,9.42,7.53
6803,2025-12-01 10:00:00,27.4,68,2.3,26.75,9.58,7.49
6804,2025-12-01 11:00:00,26.0,76,2.0,26.22,9.84,7.34
6805,2025-12-01 12:00:00,26.3,80,0.0,25.95,9.98,7.45
6806,2025-12-01 13:00:00,25.7,82,0.0,25.57,10.09,7.28
6807,2025-12-01 14:00:00,24.5,89,0.0,24.95,10.36,7.36
6808,2025-12-01 15:00:00,24.0,89,0.0,24.37,10.49,7.17
6809,2025-12-01 16:00:00,23.4,90,0.0,23.78,10.63,7.16
6810,2025-12-01 17:00:00,22.9,92,0.0,23.21,10.79,7.17
6811,2025-12-01 18:00:00,23.0,93,0.0,22.85,10.89,7.16
6812,2025-12-01 19:00:00,23.0,91,0.0,22.59,10.91,7.09
6813,2025-12-01 20:00:00,22.8,92,0.0,22.36,10.98,7.11
6814,2025-12-01 21:00:00,22.6,94,0.0,22.13,11.07,7.22
6815,2025-12-01 22:00:00,22.2,96,0.0,21.85,11.17,7.29
6816,2025-12-01 23:00:00,22.1,97,0.0,21.63,11.24,7.35
6817,2025-12-02 00:00:00,22.1,98,0.0,21.47,11.3,7.51
6818,2025-12-02 01:00:00,22.4,97,0.0,21.45,11.28,7.46
6819,2025-12-02 02:00:00,23.2,96,0.0,21.67,11.21,7.57
6820,2025-12-02 03:00:00,24.9,87,0.0,22.34,10.88,7.53
6821,2025-12-02 04:00:00,26.2,82,0.0,23.2,10.6,7.83
6822,2025-12-02 05:00:00,27.3,74,0.0,24.13,10.24,7.7
6823,2025-12-02 06:00:00,27.6,70,0.1,24.87,10.01,7.68
6824,2025-12-02 07:00:00,29.0,60,0.0,25.81,9.63,7.71
6825,2025-12-02 08:00:00,30.0,53,0.0,26.77,9.3,7.64
6826,2025-12-02 09:00:00,29.9,53,0.0,27.41,9.17,7.54
6827,2025-12-02 10:00:00,29.4,56,0.0,27.7,9.17,7.46
6828,2025-12-02 11:00:00,28.6,59,0.0,27.67,9.23,7.48
6829,2025-12-02 12:00:00,28.4,63,0.0,27.59,9.32,7.4
6830,2025-12-02 13:00:00,26.1,76,0.0,26.84,9.71,7.39
6831,2025-12-02 14:00:00,25.3,82,0.0,26.08,9.98,7.22
6832,2025-12-02 15:00:00,24.5,84,0.0,25.31,10.19,7.2
6833,2025-12-02 16:00:00,23.8,89,0.0,24.55,10.44,7.12
6834,2025-12-02 17:00:00,23.3,93,0.1,23.88,10.67,7.19
6835,2025-12-02 18:00:00,23.1,94,0.0,23.34,10.8,7.18
6836,2025-12-02 19:00:00,23.3,93,0.1,23.03,10.85,7.09
6837,2025-12-02 20:00:00,23.0,94,0.1,22.72,10.94,7.18
6838,2025-12-02 21:00:00,22.3,96,0.3,22.3,11.07,7.21
6839,2025-12-02 22:00:00,22.2,99,0.4,21.97,11.21,7.37
6840,2025-12-02 23:00:00,21.8,100,0.0,21.62,11.3,7.39
6841,2025-12-03 00:00:00,22.4,97,0.0,21.55,11.26,7.35
6842,2025-12-03 01:00:00,22.6,96,0.1,21.57,11.23,7.48
6843,2025-12-03 02:00:00,23.3,94,0.5,21.79,11.14,7.52
6844,2025-12-03 03:00:00,24.1,87,0.4,22.18,10.92,7.7
6845,2025-12-03 04:00:00,24.8,84,0.4,22.67,10.75,7.63
6846,2025-12-03 05:00:00,25.9,81,0.2,23.34,10.55,7.63
6847,2025-12-03 06:00:00,26.0,76,0.3,23.84,10.34,7.68
6848,2025-12-03 07:00:00,26.1,73,0.1,24.21,10.21,7.68
6849,2025-12-03 08:00:00,26.2,72,0.1,24.51,10.12,7.67
6850,2025-12-03 09:00:00,26.6,69,0.0,24.84,10.0,7.65
6851,2025-12-03 10:00:00,26.5,69,0.2,25.04,9.96,7.62
6852,2025-12-03 11:00:00,26.2,72,0.2,25.09,10.0,7.42
6853,2025-12-03 12:00:00,23.5,87,1.3,24.31,10.46,7.35
6854,2025-12-03 13:00:00,23.2,92,0.0,23.68,10.69,7.4
6855,2025-12-03 14:00:00,23.1,95,0.0,23.2,10.86,7.29
6856,2025-12-03 15:00:00,22.9,96,0.0,22.81,10.96,7.22
6857,2025-12-03 16:00:00,23.0,94,0.0,22.57,10.97,7.1
6858,2025-12-03 17:00:00,22.3,94,1.4,22.19,11.06,7.12
6859,2025-12-03 18:00:00,22.8,94,0.2,22.07,11.08,7.05
6860,2025-12-03 19:00:00,22.3,95,0.0,21.84,11.15,7.15
6861,2025-12-03 20:00:00,22.2,95,0.1,21.65,11.19,7.2
6862,2025-12-03 21:00:00,22.2,95,0.0,21.51,11.22,7.19
6863,2025-12-03 22:00:00,22.2,94,0.0,21.42,11.22,7.36
6864,2025-12-03 23:00:00,22.1,95,0.0,21.32,11.27,7.34
6865,2025-12-04 00:00:00,21.9,93,0.0,21.2,11.25,7.32
6866,2025-12-04 01:00:00,22.4,91,0.0,21.26,11.2,7.59
6867,2025-12-04 02:00:00,22.9,89,0.0,21.45,11.11,7.64
6868,2025-12-04 03:00:00,23.9,85,0.0,21.89,10.94,7.73
6869,2025-12-04 04:00:00,25.0,79,0.1,22.52,10.68,7.68
6870,2025-12-04 05:00:00,25.9,76,0.1,23.23,10.47,7.73
6871,2025-12-04 06:00:00,26.0,76,0.1,23.76,10.36,7.75
6872,2025-12-04 07:00:00,27.1,69,0.0,24.46,10.08,7.66
6873,2025-12-04 08:00:00,27.3,69,0.0,25.02,9.96,7.64
6874,2025-12-04 09:00:00,27.4,69,0.1,25.43,9.88,7.6
6875,2025-12-04 10:00:00,27.6,67,0.0,25.78,9.76,7.53
6876,2025-12-04 11:00:00,27.5,67,0.0,26.0,9.72,7.57
6877,2025-12-04 12:00:00,27.2,74,0.0,26.06,9.84,7.39
6878,2025-12-04 13:00:00,25.6,77,0.0,25.62,9.99,7.36
6879,2025-12-04 14:00:00,24.9,79,0.0,25.1,10.13,7.34
6880,2025-12-04 15:00:00,23.6,85,0.7,24.35,10.41,7.21
6881,2025-12-04 16:00:00,23.0,86,0.2,23.65,10.58,7.06
6882,2025-12-04 17:00:00,22.5,87,0.1,23.0,10.74,7.12
6883,2025-12-04 18:00:00,22.1,91,0.1,22.43,10.94,7.05
6884,2025-12-04 19:00:00,22.5,91,0.2,22.15,11.0,7.08
6885,2025-12-04 20:00:00,22.4,91,0.1,21.93,11.05,7.22
6886,2025-12-04 21:00:00,22.1,93,0.2,21.68,11.15,7.27
6887,2025-12-04 22:00:00,22.0,94,0.3,21.48,11.21,7.3
6888,2025-12-04 23:00:00,22.1,93,0.1,21.36,11.22,7.27
6889,2025-12-05 00:00:00,21.9,95,0.0,21.22,11.29,7.42
6890,2025-12-05 01:00:00,22.2,94,0.0,21.22,11.27,7.53
6891,2025-12-05 02:00:00,22.9,90,0.0,21.42,11.14,7.53
6892,2025-12-05 03:00:00,24.2,82,0.0,21.96,10.86,7.69
6893,2025-12-05 04:00:00,25.5,75,0.1,22.72,10.56,7.66
6894,2025-12-05 05:00:00,26.2,71,0.4,23.46,10.32,7.67
6895,2025-12-05 06:00:00,27.0,68,0.3,24.22,10.11,7.65
6896,2025-12-05 07:00:00,26.2,71,1.6,24.52,10.1,7.58
6897,2025-12-05 08:00:00,27.5,68,0.4,25.11,9.92,7.69
6898,2025-12-05 09:00:00,24.9,78,0.8,24.75,10.19,7.47
6899,2025-12-05 10:00:00,25.2,77,0.1,24.58,10.21,7.51
6900,2025-12-05 11:00:00,24.5,81,1.1,24.26,10.35,7.45
6901,2025-12-05 12:00:00,24.8,79,0.3,24.12,10.34,7.42
6902,2025-12-05 13:00:00,24.0,82,0.0,23.78,10.47,7.31
6903,2025-12-05 14:00:00,23.4,85,0.0,23.37,10.62,7.23
6904,2025-12-05 15:00:00,23.1,85,0.0,22.99,10.7,7.25
6905,2025-12-05 16:00:00,23.1,86,0.0,22.72,10.78,7.15
6906,2025-12-05 17:00:00,22.9,88,0.1,22.48,10.87,7.15
6907,2025-12-05 18:00:00,22.6,88,0.1,22.21,10.93,7.07
6908,2025-12-05 19:00:00,22.4,90,0.1,21.97,11.02,7.18
6909,2025-12-05 20:00:00,21.9,92,0.1,21.65,11.13,7.27
6910,2025-12-05 21:00:00,21.6,93,0.2,21.33,11.22,7.24
6911,2025-12-05 22:00:00,21.5,94,0.0,21.08,11.3,7.27
6912,2025-12-05 23:00:00,21.3,95,0.0,20.85,11.37,7.38
6913,2025-12-06 00:00:00,21.4,91,0.0,20.71,11.31,7.42
6914,2025-12-06 01:00:00,21.5,90,0.0,20.65,11.31,7.55
6915,2025-12-06 02:00:00,22.6,82,0.0,20.93,11.08,7.63
6916,2025-12-06 03:00:00,23.9,71,0.0,21.52,10.73,7.67
6917,2025-12-06 04:00:00,25.0,67,0.0,22.27,10.49,7.63
6918,2025-12-06 05:00:00,26.3,62,0.0,23.18,10.2,7.7
6919,2025-12-06 06:00:00,25.7,62,0.0,23.63,10.11,7.73
6920,2025-12-06 07:00:00,26.2,63,0.0,24.1,10.03,7.76
6921,2025-12-06 08:00:00,27.1,61,0.0,24.7,9.87,7.61
6922,2025-12-06 09:00:00,27.5,59,0.1,25.24,9.72,7.67
6923,2025-12-06 10:00:00,27.6,58,0.0,25.65,9.62,7.56
6924,2025-12-06 11:00:00,27.0,62,0.0,25.75,9.68,7.48
6925,2025-12-06 12:00:00,26.4,64,0.0,25.65,9.74,7.37
6926,2025-12-06 13:00:00,24.6,71,0.0,25.03,10.0,7.34
6927,2025-12-06 14:00:00,23.8,75,0.0,24.36,10.21,7.31
6928,2025-12-06 15:00:00,23.5,75,0.0,23.8,10.33,7.19
6929,2025-12-06 16:00:00,23.3,75,0.0,23.35,10.43,7.25
6930,2025-12-06 17:00:00,23.1,76,0.0,22.98,10.52,7.13
6931,2025-12-06 18:00:00,23.0,81,0.0,22.68,10.69,7.16
6932,2025-12-06 19:00:00,22.8,86,0.0,22.42,10.84,7.14
6933,2025-12-06 20:00:00,22.3,90,0.0,22.08,11.0,7.2
6934,2025-12-06 21:00:00,21.9,92,0.1,21.73,11.12,7.24
6935,2025-12-06 22:00:00,21.6,94,0.1,21.39,11.23,7.32
6936,2025-12-06 23:00:00,21.5,95,0.0,21.12,11.31,7.36
6937,2025-12-07 00:00:00,22.0,91,0.0,21.09,11.23,7.38
6938,2025-12-07 01:00:00,21.9,90,0.0,21.03,11.23,7.48
6939,2025-12-07 02:00:00,22.5,86,0.0,21.17,11.11,7.53
6940,2025-12-07 03:00:00,24.1,76,0.0,21.75,10.78,7.72
6941,2025-12-07 04:00:00,25.4,71,0.0,22.54,10.51,7.7
6942,2025-12-07 05:00:00,26.7,64,0.0,23.49,10.18,7.76
6943,2025-12-07 06:00:00,27.6,60,0.0,24.42,9.91,7.68
6944,2025-12-07 07:00:00,28.3,56,0.0,25.29,9.66,7.64
6945,2025-12-07 08:00:00,28.2,56,0.0,25.86,9.54,7.66
6946,2025-12-07 09:00:00,28.6,56,0.0,26.38,9.44,7.62
6947,2025-12-07 10:00:00,28.6,56,0.0,26.75,9.36,7.45
6948,2025-12-07 11:00:00,28.1,58,0.0,26.85,9.38,7.41
6949,2025-12-07 12:00:00,26.6,63,0.0,26.48,9.55,7.4
6950,2025-12-07 13:00:00,25.1,71,0.0,25.76,9.84,7.33
6951,2025-12-07 14:00:00,24.4,75,0.0,25.05,10.07,7.28
6952,2025-12-07 15:00:00,23.6,80,0.0,24.32,10.32,7.19
6953,2025-12-07 16:00:00,23.0,86,0.0,23.62,10.59,7.23
6954,2025-12-07 17:00:00,22.5,90,0.0,22.99,10.8,7.11
6955,2025-12-07 18:00:00,22.3,92,0.0,22.48,10.95,7.1
6956,2025-12-07 19:00:00,22.0,94,0.0,22.04,11.09,7.12
6957,2025-12-07 20:00:00,21.8,95,0.0,21.67,11.19,7.22
6958,2025-12-07 21:00:00,21.8,93,0.0,21.41,11.21,7.28
6959,2025-12-07 22:00:00,21.5,93,0.0,21.13,11.27,7.26
6960,2025-12-07 23:00:00,21.2,95,0.0,20.85,11.37,7.33
6961,2025-12-08 00:00:00,20.8,98,0.0,20.54,11.5,7.41
6962,2025-12-08 01:00:00,21.0,98,0.0,20.38,11.54,7.61
6963,2025-12-08 02:00:00,21.5,95,0.0,20.41,11.46,7.57
6964,2025-12-08 03:00:00,23.1,85,0.0,20.92,11.15,7.69
6965,2025-12-08 04:00:00,24.8,73,0.0,21.78,10.71,7.7
6966,2025-12-08 05:00:00,26.2,64,0.0,22.81,10.32,7.71
6967,2025-12-08 06:00:00,27.5,58,0.0,23.92,9.97,7.76
6968,2025-12-08 07:00:00,28.6,53,0.0,25.02,9.65,7.75
6969,2025-12-08 08:00:00,29.4,47,0.0,26.03,9.34,7.6
6970,2025-12-08 09:00:00,29.7,43,0.0,26.83,9.1,7.62
6971,2025-12-08 10:00:00,29.5,42,0.0,27.33,8.99,7.57
6972,2025-12-08 11:00:00,28.8,45,0.0,27.47,9.01,7.46
6973,2025-12-08 12:00:00,27.2,51,0.0,27.09,9.2,7.38
6974,2025-12-08 13:00:00,25.5,56,0.0,26.31,9.45,7.34
6975,2025-12-08 14:00:00,24.5,61,0.0,25.47,9.72,7.28
6976,2025-12-08 15:00:00,23.5,65,0.0,24.58,9.97,7.28
6977,2025-12-08 16:00:00,22.8,70,0.0,23.75,10.24,7.17
6978,2025-12-08 17:00:00,22.0,75,0.0,22.92,10.52,7.18
6979,2025-12-08 18:00:00,21.8,78,0.0,22.29,10.71,7.11
6980,2025-12-08 19:00:00,21.4,80,0.0,21.72,10.87,7.18
6981,2025-12-08 20:00:00,21.0,82,0.0,21.2,11.02,7.2
6982,2025-12-08 21:00:00,20.4,85,0.0,20.66,11.2,7.2
6983,2025-12-08 22:00:00,19.9,88,0.0,20.13,11.38,7.18
6984,2025-12-08 23:00:00,19.5,89,0.0,19.64,11.5,7.38
6985,2025-12-09 00:00:00,19.5,89,0.0,19.3,11.58,7.5
6986,2025-12-09 01:00:00,19.7,88,0.0,19.12,11.59,7.56
6987,2025-12-09 02:00:00,20.9,83,0.0,19.35,11.44,7.51
6988,2025-12-09 03:00:00,23.0,71,0.0,20.15,11.01,7.61
6989,2025-12-09 04:00:00,24.6,61,0.0,21.18,10.59,7.63
6990,2025-12-09 05:00:00,26.0,57,0.0,22.33,10.28,7.71
6991,2025-12-09 06:00:00,27.4,52,0.0,23.55,9.93,7.7
6992,2025-12-09 07:00:00,28.5,48,0.0,24.73,9.61,7.63
6993,2025-12-09 08:00:00,29.2,46,0.0,25.77,9.37,7.7
6994,2025-12-09 09:00:00,29.6,45,0.0,26.62,9.18,7.67
6995,2025-12-09 10:00:00,29.5,44,0.0,27.19,9.05,7.47
6996,2025-12-09 11:00:00,29.1,44,0.0,27.46,9.0,7.55
6997,2025-12-09 12:00:00,28.4,48,0.0,27.44,9.08,7.23
6998,2025-12-09 13:00:00,26.0,60,0.0,26.71,9.44,7.29
6999,2025-12-09 14:00:00,25.4,64,0.0,26.02,9.66,7.21
7000,2025-12-09 15:00:00,24.4,74,0.0,25.23,10.01,7.11
7001,2025-12-09 16:00:00,23.6,82,0.0,24.44,10.33,7.06
7002,2025-12-09 17:00:00,23.1,84,0.1,23.74,10.52,7.08
7003,2025-12-09 18:00:00,23.0,86,0.0,23.22,10.67,7.13
7004,2025-12-09 19:00:00,23.0,84,0.0,22.85,10.71,7.14
7005,2025-12-09 20:00:00,22.5,86,0.2,22.45,10.84,7.21
7006,2025-12-09 21:00:00,22.1,88,0.1,22.04,10.97,7.22
7007,2025-12-09 22:00:00,21.8,90,0.0,21.67,11.09,7.3
7008,2025-12-09 23:00:00,21.4,92,0.0,21.29,11.21,7.34
7009,2025-12-10 00:00:00,20.8,93,0.0,20.84,11.33,7.54
7010,2025-12-10 01:00:00,21.0,91,0.0,20.59,11.34,7.49
7011,2025-12-10 02:00:00,22.0,85,0.0,20.71,11.19,7.52
7012,2025-12-10 03:00:00,24.0,73,0.0,21.4,10.79,7.72
7013,2025-12-10 04:00:00,25.9,55,0.0,22.45,10.21,7.59
7014,2025-12-10 05:00:00,27.6,44,0.0,23.69,9.74,7.71
7015,2025-12-10 06:00:00,28.1,38,0.0,24.72,9.43,7.67
7016,2025-12-10 07:00:00,29.4,34,0.0,25.82,9.13,7.71
7017,2025-12-10 08:00:00,30.3,33,0.0,26.86,8.91,7.66
7018,2025-12-10 09:00:00,30.8,32,0.0,27.75,8.73,7.61
7019,2025-12-10 10:00:00,30.7,33,0.0,28.33,8.63,7.57
7020,2025-12-10 11:00:00,30.2,35,0.0,28.59,8.62,7.48
7021,2025-12-10 12:00:00,28.9,39,0.0,28.38,8.73,7.39
7022,2025-12-10 13:00:00,27.4,44,0.0,27.79,8.93,7.36
7023,2025-12-10 14:00:00,26.1,49,0.0,26.98,9.19,7.22
7024,2025-12-10 15:00:00,25.0,57,0.0,26.09,9.51,7.15
7025,2025-12-10 16:00:00,24.0,63,0.0,25.16,9.82,7.23
7026,2025-12-10 17:00:00,23.0,68,0.0,24.21,10.11,7.08
7027,2025-12-10 18:00:00,22.7,71,0.0,23.46,10.32,7.15
7028,2025-12-10 19:00:00,22.4,73,0.0,22.84,10.49,7.01
7029,2025-12-10 20:00:00,22.0,75,0.0,22.29,10.65,7.23
7030,2025-12-10 21:00:00,21.5,78,0.0,21.75,10.82,7.15
7031,2025-12-10 22:00:00,21.2,80,0.0,21.29,10.96,7.28
7032,2025-12-10 23:00:00,20.9,82,0.0,20.87,11.09,7.38
7033,2025-12-11 00:00:00,20.1,85,0.0,20.34,11.27,7.48
7034,2025-12-11 01:00:00,20.2,83,0.0,20.0,11.3,7.51
7035,2025-12-11 02:00:00,21.0,79,0.0,20.0,11.22,7.58
7036,2025-12-11 03:00:00,23.1,67,0.0,20.63,10.83,7.64
7037,2025-12-11 04:00:00,25.1,53,0.0,21.67,10.33,7.79
7038,2025-12-11 05:00:00,26.8,46,0.0,22.91,9.94,7.68
7039,2025-12-11 06:00:00,27.8,42,0.0,24.08,9.63,7.68
7040,2025-12-11 07:00:00,29.0,39,0.0,25.25,9.34,7.78
7041,2025-12-11 08:00:00,29.7,38,0.0,26.29,9.12,7.67
7042,2025-12-11 09:00:00,30.1,36,0.0,27.13,8.92,7.62
7043,2025-12-11 10:00:00,30.1,34,0.0,27.72,8.77,7.56
7044,2025-12-11 11:00:00,29.6,35,0.0,27.99,8.73,7.47
7045,2025-12-11 12:00:00,28.5,38,0.0,27.84,8.82,7.41
7046,2025-12-11 13:00:00,27.1,44,0.0,27.32,9.03,7.39
7047,2025-12-11 14:00:00,25.8,50,0.0,26.56,9.29,7.21
7048,2025-12-11 15:00:00,24.8,55,0.0,25.73,9.55,7.2
7049,2025-12-11 16:00:00,24.0,61,0.0,24.91,9.83,7.15
7050,2025-12-11 17:00:00,23.0,71,0.0,24.04,10.2,7.07
7051,2025-12-11 18:00:00,22.9,76,0.0,23.4,10.44,7.23
7052,2025-12-11 19:00:00,22.7,76,0.0,22.89,10.54,7.06
7053,2025-12-11 20:00:00,22.4,76,0.0,22.44,10.64,7.15
7054,2025-12-11 21:00:00,22.0,77,0.0,22.01,10.75,7.26
7055,2025-12-11 22:00:00,21.5,78,0.0,21.56,10.86,7.32
7056,2025-12-11 23:00:00,21.1,79,0.0,21.12,10.98,7.38
7057,2025-12-12 00:00:00,20.5,84,0.0,20.63,11.19,7.4
7058,2025-12-12 01:00:00,20.3,84,0.0,20.23,11.27,7.58
7059,2025-12-12 02:00:00,20.8,80,0.0,20.1,11.21,7.54
7060,2025-12-12 03:00:00,22.6,67,0.0,20.55,10.85,7.63
7061,2025-12-12 04:00:00,24.8,54,0.0,21.53,10.38,7.7
7062,2025-12-12 05:00:00,26.6,43,0.0,22.75,9.91,7.74
7063,2025-12-12 06:00:00,28.0,37,0.0,24.02,9.54,7.67
7064,2025-12-12 07:00:00,29.6,32,0.0,25.4,9.18,7.78
7065,2025-12-12 08:00:00,30.5,30,0.0,26.63,8.9,7.59
7066,2025-12-12 09:00:00,31.0,28,0.0,27.64,8.67,7.76
7067,2025-12-12 10:00:00,31.0,28,0.0,28.35,8.54,7.46
7068,2025-12-12 11:00:00,30.6,27,0.0,28.72,8.45,7.46
7069,2025-12-12 12:00:00,29.0,32,0.0,28.51,8.58,7.38
7070,2025-12-12 13:00:00,26.9,39,0.0,27.72,8.86,7.29
7071,2025-12-12 14:00:00,25.8,42,0.0,26.85,9.08,7.2
7072,2025-12-12 15:00:00,24.8,50,0.0,25.93,9.41,7.18
7073,2025-12-12 16:00:00,24.2,59,0.0,25.11,9.75,7.24
7074,2025-12-12 17:00:00,23.5,66,0.0,24.33,10.05,7.15
7075,2025-12-12 18:00:00,22.6,74,0.0,23.51,10.37,7.07
7076,2025-12-12 19:00:00,22.2,77,0.0,22.82,10.58,7.24
7077,2025-12-12 20:00:00,22.1,78,0.0,22.3,10.71,7.23
7078,2025-12-12 21:00:00,21.8,81,0.0,21.85,10.86,7.2
7079,2025-12-12 22:00:00,21.2,85,0.0,21.36,11.05,7.27
7080,2025-12-12 23:00:00,20.6,89,0.0,20.83,11.25,7.36
7081,2025-12-13 00:00:00,20.6,91,0.0,20.46,11.37,7.47
7082,2025-12-13 01:00:00,20.4,91,0.0,20.14,11.44,7.65
7083,2025-12-13 02:00:00,21.0,86,0.0,20.1,11.34,7.65
7084,2025-12-13 03:00:00,22.8,75,0.0,20.61,11.0,7.62
7085,2025-12-13 04:00:00,24.7,64,0.0,21.54,10.58,7.65
7086,2025-12-13 05:00:00,26.6,54,0.0,22.76,10.13,7.69
7087,2025-12-13 06:00:00,27.9,49,0.0,24.0,9.78,7.8
7088,2025-12-13 07:00:00,29.6,41,0.0,25.38,9.35,7.69
7089,2025-12-13 08:00:00,30.5,37,0.0,26.62,9.04,7.66
7090,2025-12-13 09:00:00,31.1,34,0.0,27.66,8.78,7.47
7091,2025-12-13 10:00:00,31.2,31,0.0,28.42,8.58,7.51
7092,2025-12-13 11:00:00,30.8,30,0.0,28.84,8.48,7.42
7093,2025-12-13 12:00:00,29.1,34,0.0,28.62,8.59,7.27
7094,2025-12-13 13:00:00,27.6,36,0.0,28.01,8.75,7.25
7095,2025-12-13 14:00:00,26.1,41,0.0,27.14,9.01,7.27
7096,2025-12-13 15:00:00,24.5,58,0.0,26.05,9.54,7.15
7097,2025-12-13 16:00:00,23.2,62,0.0,24.89,9.85,7.1
7098,2025-12-13 17:00:00,22.4,63,0.0,23.84,10.09,7.14
7099,2025-12-13 18:00:00,21.8,66,0.0,22.93,10.33,7.11
7100,2025-12-13 19:00:00,21.5,69,0.0,22.2,10.55,7.13
7101,2025-12-13 20:00:00,21.0,72,0.0,21.54,10.74,7.2
7102,2025-12-13 21:00:00,20.5,76,0.0,20.93,10.96,7.34
7103,2025-12-13 22:00:00,19.9,82,0.0,20.32,11.21,7.28
7104,2025-12-13 23:00:00,19.2,87,0.0,19.68,11.45,7.39
7105,2025-12-14 00:00:00,18.9,90,0.0,19.15,11.63,7.49
7106,2025-12-14 01:00:00,18.5,92,0.0,18.65,11.78,7.54
7107,2025-12-14 02:00:00,19.4,87,0.0,18.58,11.69,7.61
7108,2025-12-14 03:00:00,21.5,73,0.0,19.15,11.26,7.62
7109,2025-12-14 04:00:00,23.5,61,0.0,20.16,10.8,7.77
7110,2025-12-14 05:00:00,25.4,52,0.0,21.43,10.36,7.78
7111,2025-12-14 06:00:00,26.8,44,0.0,22.74,9.93,7.7
7112,2025-12-14 07:00:00,28.4,34,0.0,24.14,9.46,7.65
7113,2025-12-14 08:00:00,29.4,29,0.0,25.42,9.12,7.66
7114,2025-12-14 09:00:00,29.9,26,0.0,26.46,8.86,7.59
7115,2025-12-14 10:00:00,30.0,24,0.0,27.22,8.68,7.63
7116,2025-12-14 11:00:00,29.5,25,0.0,27.61,8.62,7.41
7117,2025-12-14 12:00:00,27.6,32,0.0,27.3,8.81,7.4
7118,2025-12-14 13:00:00,25.5,38,0.0,26.46,9.08,7.35
7119,2025-12-14 14:00:00,24.5,43,0.0,25.57,9.35,7.33
7120,2025-12-14 15:00:00,23.1,55,0.0,24.53,9.79,7.2
7121,2025-12-14 16:00:00,22.0,63,0.0,23.47,10.16,7.17
7122,2025-12-14 17:00:00,21.4,68,0.0,22.55,10.45,7.14
7123,2025-12-14 18:00:00,21.0,71,0.0,21.79,10.67,7.14
7124,2025-12-14 19:00:00,20.8,72,0.0,21.19,10.82,7.15
7125,2025-12-14 20:00:00,20.3,74,0.0,20.62,10.98,7.2
7126,2025-12-14 21:00:00,19.8,77,0.0,20.08,11.16,7.26
7127,2025-12-14 22:00:00,19.4,81,0.0,19.57,11.35,7.28
7128,2025-12-14 23:00:00,18.9,86,0.0,19.07,11.56,7.39
7129,2025-12-15 00:00:00,18.5,92,0.0,18.6,11.79,7.48
7130,2025-12-15 01:00:00,18.5,93,0.0,18.27,11.89,7.57
7131,2025-12-15 02:00:00,19.3,88,0.0,18.28,11.78,7.59
7132,2025-12-15 03:00:00,21.4,76,0.0,18.92,11.38,7.62
7133,2025-12-15 04:00:00,23.2,65,0.0,19.9,10.94,7.84
7134,2025-12-15 05:00:00,25.1,54,0.0,21.16,10.45,7.8
7135,2025-12-15 06:00:00,26.6,45,0.0,22.49,10.0,7.8
7136,2025-12-15 07:00:00,28.3,37,0.0,23.93,9.56,7.64
7137,2025-12-15 08:00:00,29.4,31,0.0,25.27,9.18,7.7
7138,2025-12-15 09:00:00,30.0,26,0.0,26.39,8.87,7.62
7139,2025-12-15 10:00:00,30.0,22,0.0,27.17,8.65,7.44
7140,2025-12-15 11:00:00,29.4,21,0.0,27.54,8.56,7.51
7141,2025-12-15 12:00:00,27.6,30,0.0,27.26,8.78,7.37
7142,2025-12-15 13:00:00,25.2,38,0.0,26.34,9.11,7.3
7143,2025-12-15 14:00:00,23.8,42,0.0,25.28,9.39,7.29
7144,2025-12-15 15:00:00,22.5,50,0.0,24.15,9.77,7.13
7145,2025-12-15 16:00:00,22.0,61,0.0,23.2,10.18,7.16
7146,2025-12-15 17:00:00,21.5,67,0.0,22.39,10.47,7.09
7147,2025-12-15 18:00:00,20.9,69,0.0,21.64,10.66,7.14
7148,2025-12-15 19:00:00,20.8,67,0.0,21.09,10.73,7.14
7149,2025-12-15 20:00:00,21.0,65,0.0,20.76,10.76,7.19
7150,2025-12-15 21:00:00,21.2,65,0.0,20.59,10.8,7.28
7151,2025-12-15 22:00:00,21.4,64,0.0,20.54,10.79,7.35
7152,2025-12-15 23:00:00,21.0,66,0.0,20.38,10.86,7.37
7153,2025-12-16 00:00:00,21.0,63,0.0,20.26,10.82,7.54
7154,2025-12-16 01:00:00,21.0,61,0.0,20.18,10.8,7.51
7155,2025-12-16 02:00:00,22.0,59,0.0,20.43,10.7,7.56
7156,2025-12-16 03:00:00,24.2,55,0.0,21.26,10.45,7.69
7157,2025-12-16 04:00:00,25.6,53,0.0,22.26,10.21,7.68
7158,2025-12-16 05:00:00,27.4,50,0.0,23.5,9.9,7.71
7159,2025-12-16 06:00:00,28.0,52,0.0,24.55,9.73,7.68
7160,2025-12-16 07:00:00,28.3,52,0.0,25.38,9.56,7.68
7161,2025-12-16 08:00:00,28.1,54,0.3,25.89,9.5,7.57
7162,2025-12-16 09:00:00,28.9,53,0.6,26.5,9.36,7.55
7163,2025-12-16 10:00:00,29.4,51,0.3,27.07,9.2,7.46
7164,2025-12-16 11:00:00,28.6,53,0.3,27.23,9.21,7.51
7165,2025-12-16 12:00:00,26.2,64,0.1,26.62,9.54,7.37
7166,2025-12-16 13:00:00,23.6,82,1.0,25.41,10.13,7.26
7167,2025-12-16 14:00:00,23.0,86,0.3,24.39,10.42,7.23
7168,2025-12-16 15:00:00,22.8,87,0.4,23.61,10.61,7.17
7169,2025-12-16 16:00:00,22.6,90,0.5,23.01,10.8,7.09
7170,2025-12-16 17:00:00,22.4,92,0.4,22.53,10.94,7.14
7171,2025-12-16 18:00:00,22.2,94,0.4,22.13,11.07,7.07
7172,2025-12-16 19:00:00,22.1,93,0.4,21.82,11.12,7.13
7173,2025-12-16 20:00:00,22.0,92,0.0,21.57,11.15,7.3
7174,2025-12-16 21:00:00,21.9,93,0.1,21.37,11.21,7.27
7175,2025-12-16 22:00:00,21.6,94,0.7,21.14,11.28,7.26
7176,2025-12-16 23:00:00,21.0,98,0.9,20.8,11.44,7.33
7177,2025-12-17 00:00:00,21.6,92,0.4,20.74,11.33,7.47
7178,2025-12-17 01:00:00,21.9,92,0.3,20.79,11.32,7.56
7179,2025-12-17 02:00:00,22.3,91,0.2,20.94,11.27,7.59
7180,2025-12-17 03:00:00,23.2,87,0.1,21.32,11.1,7.61
7181,2025-12-17 04:00:00,24.9,77,0.1,22.09,10.73,7.7
7182,2025-12-17 05:00:00,26.6,67,0.1,23.15,10.31,7.78
7183,2025-12-17 06:00:00,27.5,61,0.0,24.15,9.98,7.78
7184,2025-12-17 07:00:00,28.5,56,0.0,25.16,9.68,7.64
7185,2025-12-17 08:00:00,28.8,54,0.0,25.95,9.49,7.6
7186,2025-12-17 09:00:00,29.5,50,0.0,26.71,9.26,7.56
7187,2025-12-17 10:00:00,29.5,49,0.0,27.25,9.13,7.58
7188,2025-12-17 11:00:00,29.2,48,0.0,27.54,9.06,7.38
7189,2025-12-17 12:00:00,28.2,50,0.0,27.43,9.11,7.39
7190,2025-12-17 13:00:00,26.4,56,0.0,26.82,9.35,7.39
7191,2025-12-17 14:00:00,25.4,61,0.0,26.1,9.59,7.34
7192,2025-12-17 15:00:00,24.6,68,0.0,25.35,9.87,7.19
7193,2025-12-17 16:00:00,23.8,75,0.0,24.58,10.17,7.22
7194,2025-12-17 17:00:00,22.9,81,0.0,23.78,10.45,7.17
7195,2025-12-17 18:00:00,22.9,86,0.0,23.21,10.67,7.05
7196,2025-12-17 19:00:00,22.4,89,0.0,22.67,10.85,7.07
7197,2025-12-17 20:00:00,21.6,93,0.0,22.05,11.07,7.18
7198,2025-12-17 21:00:00,21.0,95,0.0,21.43,11.24,7.29
7199,2025-12-17 22:00:00,20.5,95,0.0,20.85,11.37,7.3
7200,2025-12-17 23:00:00,20.1,94,0.0,20.33,11.46,7.44
7201,2025-12-18 00:00:00,19.7,94,0.0,19.84,11.57,7.46
7202,2025-12-18 01:00:00,19.8,93,0.0,19.53,11.61,7.43
7203,2025-12-18 02:00:00,20.2,89,0.0,19.43,11.55,7.61
7204,2025-12-18 03:00:00,22.2,73,0.0,19.96,11.1,7.67
7205,2025-12-18 04:00:00,24.4,47,0.0,20.99,10.34,7.74
7206,2025-12-18 05:00:00,25.8,39,0.0,22.13,9.95,7.69
7207,2025-12-18 06:00:00,27.0,39,0.0,23.29,9.72,7.77
7208,2025-12-18 07:00:00,28.0,34,0.0,24.41,9.41,7.75
7209,2025-12-18 08:00:00,29.0,29,0.0,25.48,9.1,7.64
7210,2025-12-18 09:00:00,29.5,27,0.0,26.39,8.89,7.55
7211,2025-12-18 10:00:00,29.4,26,0.0,26.99,8.76,7.5
7212,2025-12-18 11:00:00,28.5,31,0.0,27.14,8.82,7.46
7213,2025-12-18 12:00:00,26.7,37,0.0,26.71,9.02,7.37
7214,2025-12-18 13:00:00,24.4,47,0.0,25.72,9.4,7.33
7215,2025-12-18 14:00:00,23.5,51,0.0,24.75,9.67,7.33
7216,2025-12-18 15:00:00,22.6,56,0.0,23.81,9.96,7.22
7217,2025-12-18 16:00:00,21.8,61,0.0,22.9,10.24,7.18
7218,2025-12-18 17:00:00,21.2,66,0.0,22.09,10.51,7.1
7219,2025-12-18 18:00:00,21.2,77,0.0,21.53,10.85,7.09
7220,2025-12-18 19:00:00,20.6,81,0.0,20.95,11.06,7.25
7221,2025-12-18 20:00:00,20.2,83,0.0,20.42,11.21,7.23
7222,2025-12-18 21:00:00,19.9,85,0.0,19.97,11.35,7.27
7223,2025-12-18 22:00:00,19.4,89,0.0,19.5,11.54,7.34
7224,2025-12-18 23:00:00,18.9,93,0.0,19.02,11.72,7.42
7225,2025-12-19 00:00:00,18.8,93,0.0,18.65,11.8,7.62
7226,2025-12-19 01:00:00,18.9,94,0.0,18.43,11.88,7.56
7227,2025-12-19 02:00:00,19.5,90,0.0,18.45,11.78,7.63
7228,2025-12-19 03:00:00,21.4,80,0.0,19.03,11.44,7.65
7229,2025-12-19 04:00:00,23.1,66,0.0,19.95,10.95,7.65
7230,2025-12-19 05:00:00,25.0,53,0.0,21.17,10.43,7.66
7231,2025-12-19 06:00:00,25.9,44,0.0,22.29,10.02,7.65
7232,2025-12-19 07:00:00,27.1,38,0.0,23.43,9.68,7.74
7233,2025-12-19 08:00:00,28.0,35,0.0,24.5,9.41,7.65
7234,2025-12-19 09:00:00,28.4,33,0.0,25.37,9.2,7.6
7235,2025-12-19 10:00:00,28.2,33,0.0,25.92,9.1,7.52
7236,2025-12-19 11:00:00,27.6,34,0.0,26.12,9.08,7.51
7237,2025-12-19 12:00:00,25.7,42,0.0,25.7,9.31,7.47
7238,2025-12-19 13:00:00,23.8,50,0.0,24.83,9.63,7.36
7239,2025-12-19 14:00:00,22.9,55,0.0,23.95,9.91,7.17
7240,2025-12-19 15:00:00,21.5,65,0.0,22.91,10.32,7.3
7241,2025-12-19 16:00:00,20.8,69,0.0,21.98,10.59,7.19
7242,2025-12-19 17:00:00,20.5,67,0.0,21.24,10.7,7.13
7243,2025-12-19 18:00:00,19.7,72,0.0,20.48,10.97,7.18
7244,2025-12-19 19:00:00,19.2,74,0.0,19.79,11.15,7.22
7245,2025-12-19 20:00:00,18.9,77,0.0,19.22,11.34,7.16
7246,2025-12-19 21:00:00,18.9,79,0.0,18.83,11.46,7.2
7247,2025-12-19 22:00:00,18.7,83,0.0,18.49,11.62,7.28
7248,2025-12-19 23:00:00,18.5,87,0.0,18.19,11.77,7.37
7249,2025-12-20 00:00:00,18.5,91,0.0,17.98,11.91,7.51
7250,2025-12-20 01:00:00,18.1,95,0.0,17.72,12.05,7.55
7251,2025-12-20 02:00:00,18.9,92,0.0,17.77,11.97,7.55
7252,2025-12-20 03:00:00,20.8,81,0.0,18.38,11.6,7.73
7253,2025-12-20 04:00:00,22.8,69,0.0,19.41,11.13,7.73
7254,2025-12-20 05:00:00,24.0,61,0.0,20.48,10.73,7.77
7255,2025-12-20 06:00:00,25.2,53,0.0,21.6,10.34,7.77
7256,2025-12-20 07:00:00,26.7,47,0.0,22.83,9.97,7.68
7257,2025-12-20 08:00:00,27.2,44,0.0,23.84,9.71,7.76
7258,2025-12-20 09:00:00,27.5,42,0.0,24.64,9.52,7.57
7259,2025-12-20 10:00:00,27.7,41,0.0,25.26,9.38,7.56
7260,2025-12-20 11:00:00,27.2,42,0.0,25.54,9.34,7.49
7261,2025-12-20 12:00:00,25.5,48,0.0,25.23,9.52,7.47
7262,2025-12-20 13:00:00,23.8,54,0.0,24.5,9.78,7.36
7263,2025-12-20 14:00:00,22.9,58,0.0,23.72,10.01,7.3
7264,2025-12-20 15:00:00,21.6,68,0.0,22.78,10.4,7.17
7265,2025-12-20 16:00:00,21.0,72,0.0,21.95,10.66,7.24
7266,2025-12-20 17:00:00,20.5,71,0.0,21.21,10.79,7.26
7267,2025-12-20 18:00:00,20.0,76,0.0,20.55,11.04,7.14
7268,2025-12-20 19:00:00,19.5,77,0.0,19.93,11.19,7.11
7269,2025-12-20 20:00:00,19.2,76,0.0,19.41,11.27,7.3
7270,2025-12-20 21:00:00,18.9,79,0.0,18.96,11.43,7.26
7271,2025-12-20 22:00:00,18.5,82,0.0,18.52,11.59,7.37
7272,2025-12-20 23:00:00,18.2,85,0.0,18.13,11.74,7.38
7273,2025-12-21 00:00:00,17.9,84,0.0,17.76,11.8,7.53
7274,2025-12-21 01:00:00,18.0,84,0.0,17.53,11.85,7.66
7275,2025-12-21 02:00:00,19.0,81,0.0,17.67,11.75,7.63
7276,2025-12-21 03:00:00,21.1,72,0.0,18.4,11.4,7.58
7277,2025-12-21 04:00:00,23.0,62,0.0,19.48,10.96,7.74
7278,2025-12-21 05:00:00,24.5,55,0.0,20.69,10.57,7.71
7279,2025-12-21 06:00:00,25.5,50,0.0,21.83,10.23,7.71
7280,2025-12-21 07:00:00,26.5,46,0.0,22.93,9.93,7.71
7281,2025-12-21 08:00:00,27.4,43,0.0,23.97,9.67,7.66
7282,2025-12-21 09:00:00,27.9,40,0.0,24.85,9.44,7.66
7283,2025-12-21 10:00:00,28.0,38,0.0,25.5,9.27,7.56
7284,2025-12-21 11:00:00,27.6,38,0.0,25.83,9.21,7.55
7285,2025-12-21 12:00:00,26.5,44,0.0,25.73,9.34,7.44
7286,2025-12-21 13:00:00,24.5,51,0.0,25.06,9.61,7.37
7287,2025-12-21 14:00:00,23.5,54,0.0,24.29,9.82,7.29
7288,2025-12-21 15:00:00,22.7,56,0.0,23.51,10.02,7.11
7289,2025-12-21 16:00:00,22.0,60,0.0,22.76,10.25,7.17
7290,2025-12-21 17:00:00,21.1,68,0.0,21.96,10.58,7.17
7291,2025-12-21 18:00:00,20.8,76,0.0,21.31,10.87,7.12
7292,2025-12-21 19:00:00,20.2,79,0.0,20.68,11.07,7.23
7293,2025-12-21 20:00:00,20.0,81,0.0,20.18,11.22,7.24
7294,2025-12-21 21:00:00,19.6,84,0.0,19.7,11.38,7.24
7295,2025-12-21 22:00:00,19.1,89,0.0,19.22,11.59,7.29
7296,2025-12-21 23:00:00,18.8,93,0.0,18.8,11.77,7.46
7297,2025-12-22 00:00:00,18.4,94,0.0,18.38,11.89,7.51
7298,2025-12-22 01:00:00,18.5,94,0.0,18.11,11.94,7.65
7299,2025-12-22 02:00:00,19.1,91,0.0,18.11,11.88,7.63
7300,2025-12-22 03:00:00,20.9,82,0.0,18.65,11.57,7.64
7301,2025-12-22 04:00:00,22.6,70,0.0,19.53,11.12,7.78
7302,2025-12-22 05:00:00,24.1,59,0.0,20.6,10.67,7.72
7303,2025-12-22 06:00:00,25.2,53,0.0,21.68,10.33,7.75
7304,2025-12-22 07:00:00,26.2,49,0.0,22.74,10.03,7.72
7305,2025-12-22 08:00:00,27.2,45,0.0,23.78,9.75,7.62
7306,2025-12-22 09:00:00,27.6,43,0.0,24.62,9.54,7.62
7307,2025-12-22 10:00:00,27.8,41,0.0,25.28,9.37,7.6
7308,2025-12-22 11:00:00,27.4,40,0.0,25.61,9.29,7.44
7309,2025-12-22 12:00:00,26.1,43,0.0,25.46,9.38,7.37
7310,2025-12-22 13:00:00,24.4,48,0.0,24.84,9.59,7.32
7311,2025-12-22 14:00:00,23.5,54,0.0,24.14,9.85,7.23
7312,2025-12-22 15:00:00,22.6,59,0.0,23.38,10.1,7.14
7313,2025-12-22 16:00:00,21.8,63,0.0,22.6,10.34,7.12
7314,2025-12-22 17:00:00,21.1,67,0.0,21.85,10.58,7.14
7315,2025-12-22 18:00:00,21.0,74,0.0,21.3,10.84,7.15
7316,2025-12-22 19:00:00,20.4,78,0.0,20.73,11.04,7.2
7317,2025-12-22 20:00:00,19.9,81,0.0,20.18,11.22,7.22
7318,2025-12-22 21:00:00,19.4,83,0.0,19.65,11.38,7.17
7319,2025-12-22 22:00:00,19.0,86,0.0,19.15,11.55,7.4
7320,2025-12-22 23:00:00,18.9,88,0.0,18.78,11.67,7.36
7321,2025-12-23 00:00:00,18.5,89,0.0,18.39,11.77,7.53
7322,2025-12-23 01:00:00,18.8,88,0.0,18.22,11.79,7.52
7323,2025-12-23 02:00:00,19.6,83,0.0,18.33,11.66,7.58
7324,2025-12-23 03:00:00,21.8,72,0.0,19.07,11.26,7.67
7325,2025-12-23 04:00:00,23.8,59,0.0,20.19,10.75,7.64
7326,2025-12-23 05:00:00,25.5,49,0.0,21.48,10.28,7.78
7327,2025-12-23 06:00:00,26.6,45,0.0,22.72,9.96,7.69
7328,2025-12-23 07:00:00,27.8,42,0.0,23.94,9.65,7.7
7329,2025-12-23 08:00:00,28.8,37,0.0,25.1,9.33,7.59
7330,2025-12-23 09:00:00,29.5,35,0.0,26.12,9.09,7.64
7331,2025-12-23 10:00:00,29.5,34,0.0,26.83,8.94,7.5
7332,2025-12-23 11:00:00,29.1,35,0.0,27.21,8.88,7.39
7333,2025-12-23 12:00:00,27.8,39,0.0,27.09,8.98,7.45
7334,2025-12-23 13:00:00,26.0,44,0.0,26.46,9.2,7.31
7335,2025-12-23 14:00:00,24.9,47,0.0,25.69,9.4,7.22
7336,2025-12-23 15:00:00,23.8,51,0.0,24.83,9.65,7.14
7337,2025-12-23 16:00:00,22.9,57,0.0,23.95,9.95,7.06
7338,2025-12-23 17:00:00,22.3,63,0.0,23.15,10.23,7.18
7339,2025-12-23 18:00:00,21.6,70,0.0,22.39,10.53,7.12
7340,2025-12-23 19:00:00,21.8,67,0.0,21.91,10.57,7.08
7341,2025-12-23 20:00:00,20.9,72,0.0,21.31,10.79,7.2
7342,2025-12-23 21:00:00,20.5,76,0.0,20.77,10.99,7.23
7343,2025-12-23 22:00:00,20.2,80,0.0,20.3,11.17,7.32
7344,2025-12-23 23:00:00,20.3,84,0.0,20.0,11.32,7.43
7345,2025-12-24 00:00:00,20.5,87,0.0,19.85,11.42,7.48
7346,2025-12-24 01:00:00,20.8,86,0.1,19.83,11.4,7.62
7347,2025-12-24 02:00:00,20.9,84,0.0,19.85,11.35,7.62
7348,2025-12-24 03:00:00,22.2,76,0.0,20.26,11.1,7.65
7349,2025-12-24 04:00:00,23.8,66,0.1,21.02,10.73,7.71
7350,2025-12-24 05:00:00,25.5,58,0.0,22.06,10.35,7.72
7351,2025-12-24 06:00:00,26.3,52,0.0,23.03,10.03,7.72
7352,2025-12-24 07:00:00,27.5,47,0.0,24.07,9.73,7.79
7353,2025-12-24 08:00:00,28.5,41,0.0,25.1,9.41,7.63
7354,2025-12-24 09:00:00,29.1,37,0.0,26.0,9.16,7.5
7355,2025-12-24 10:00:00,29.5,36,0.0,26.75,8.99,7.61
7356,2025-12-24 11:00:00,29.0,38,0.0,27.13,8.95,7.51
7357,2025-12-24 12:00:00,28.2,41,0.0,27.15,9.01,7.42
7358,2025-12-24 13:00:00,26.4,47,0.0,26.62,9.22,7.36
7359,2025-12-24 14:00:00,25.5,50,0.0,25.99,9.4,7.19
7360,2025-12-24 15:00:00,24.8,52,0.0,25.33,9.57,7.09
7361,2025-12-24 16:00:00,24.0,56,0.0,24.63,9.79,7.2
7362,2025-12-24 17:00:00,23.2,61,0.0,23.9,10.04,7.01
7363,2025-12-24 18:00:00,22.2,66,0.0,23.09,10.3,7.15
7364,2025-12-24 19:00:00,22.0,65,0.0,22.46,10.41,7.2
7365,2025-12-24 20:00:00,21.3,69,0.0,21.81,10.63,7.19
7366,2025-12-24 21:00:00,20.9,71,0.0,21.24,10.79,7.24
7367,2025-12-24 22:00:00,20.5,75,0.0,20.72,10.98,7.3
7368,2025-12-24 23:00:00,20.1,79,0.0,20.23,11.17,7.46
7369,2025-12-25 00:00:00,19.8,84,0.0,19.8,11.36,7.55
7370,2025-12-25 01:00:00,19.5,87,0.0,19.41,11.51,7.6
7371,2025-12-25 02:00:00,20.0,85,0.0,19.29,11.49,7.63
7372,2025-12-25 03:00:00,21.9,76,0.0,19.77,11.2,7.64
7373,2025-12-25 04:00:00,23.5,66,0.0,20.59,10.82,7.72
7374,2025-12-25 05:00:00,25.4,56,0.0,21.73,10.38,7.76
7375,2025-12-25 06:00:00,26.6,49,0.0,22.89,10.0,7.69
7376,2025-12-25 07:00:00,28.0,43,0.0,24.13,9.64,7.74
7377,2025-12-25 08:00:00,28.9,40,0.0,25.26,9.36,7.64
7378,2025-12-25 09:00:00,29.3,38,0.0,26.17,9.14,7.6
7379,2025-12-25 10:00:00,29.4,37,0.0,26.84,8.99,7.48
7380,2025-12-25 11:00:00,29.0,37,0.0,27.19,8.92,7.47
7381,2025-12-25 12:00:00,27.8,40,0.0,27.07,9.0,7.49
7382,2025-12-25 13:00:00,26.5,44,0.0,26.6,9.17,7.39
7383,2025-12-25 14:00:00,25.9,45,0.0,26.09,9.29,7.17
7384,2025-12-25 15:00:00,24.6,53,0.0,25.34,9.59,7.14
7385,2025-12-25 16:00:00,24.0,57,0.0,24.64,9.81,7.19
7386,2025-12-25 17:00:00,23.2,56,0.0,23.91,9.94,7.09
7387,2025-12-25 18:00:00,22.3,63,0.0,23.13,10.23,7.01
7388,2025-12-25 19:00:00,21.9,64,0.0,22.46,10.39,7.2
7389,2025-12-25 20:00:00,21.4,69,0.0,21.84,10.62,7.19
7390,2025-12-25 21:00:00,21.2,76,0.0,21.35,10.87,7.25
7391,2025-12-25 22:00:00,21.6,83,0.1,21.12,11.06,7.24
7392,2025-12-25 23:00:00,21.3,89,0.0,20.88,11.24,7.43
7393,2025-12-26 00:00:00,20.3,93,0.0,20.4,11.42,7.47
7394,2025-12-26 01:00:00,20.3,94,0.0,20.07,11.52,7.49
7395,2025-12-26 02:00:00,20.9,90,0.0,20.02,11.44,7.67
7396,2025-12-26 03:00:00,22.4,80,0.0,20.43,11.14,7.61
7397,2025-12-26 04:00:00,24.0,69,0.0,21.2,10.75,7.67
7398,2025-12-26 05:00:00,25.8,59,0.0,22.28,10.33,7.73
7399,2025-12-26 06:00:00,26.8,52,0.0,23.34,9.97,7.6
7400,2025-12-26 07:00:00,28.4,43,0.0,24.56,9.55,7.62
7401,2025-12-26 08:00:00,28.7,42,0.0,25.5,9.35,7.82
7402,2025-12-26 09:00:00,28.0,47,0.0,25.95,9.35,7.6
7403,2025-12-26 10:00:00,28.5,45,0.0,26.41,9.22,7.48
7404,2025-12-26 11:00:00,28.7,44,0.0,26.8,9.13,7.51
7405,2025-12-26 12:00:00,27.6,45,0.0,26.74,9.16,7.49
7406,2025-12-26 13:00:00,26.2,51,0.0,26.28,9.36,7.31
7407,2025-12-26 14:00:00,25.2,56,0.0,25.65,9.58,7.27
7408,2025-12-26 15:00:00,24.3,60,0.0,24.95,9.8,7.19
7409,2025-12-26 16:00:00,23.9,61,0.0,24.33,9.95,7.2
7410,2025-12-26 17:00:00,23.8,61,0.0,23.87,10.04,7.18
7411,2025-12-26 18:00:00,21.8,80,0.0,22.95,10.61,7.13
7412,2025-12-26 19:00:00,21.6,87,0.2,22.25,10.9,7.13
7413,2025-12-26 20:00:00,21.3,90,0.3,21.66,11.09,7.23
7414,2025-12-26 21:00:00,21.4,90,0.2,21.28,11.17,7.19
7415,2025-12-26 22:00:00,20.8,93,0.2,20.84,11.33,7.33
7416,2025-12-26 23:00:00,20.6,93,0.2,20.47,11.41,7.39
7417,2025-12-27 00:00:00,20.2,93,0.2,20.09,11.49,7.43
7418,2025-12-27 01:00:00,20.2,92,0.2,19.82,11.53,7.48
7419,2025-12-27 02:00:00,20.4,92,0.0,19.69,11.56,7.57
7420,2025-12-27 03:00:00,21.6,82,0.0,19.97,11.29,7.62
7421,2025-12-27 04:00:00,23.2,70,0.0,20.64,10.89,7.77
7422,2025-12-27 05:00:00,24.9,59,0.0,21.62,10.46,7.73
7423,2025-12-27 06:00:00,25.7,55,0.0,22.54,10.19,7.7
7424,2025-12-27 07:00:00,26.5,50,0.0,23.43,9.91,7.7
7425,2025-12-27 08:00:00,27.1,46,0.0,24.23,9.68,7.63
7426,2025-12-27 09:00:00,28.0,42,0.0,25.06,9.43,7.68
7427,2025-12-27 10:00:00,28.3,41,0.0,25.73,9.28,7.57
7428,2025-12-27 11:00:00,27.8,42,0.0,26.05,9.24,7.6
7429,2025-12-27 12:00:00,26.6,45,0.0,25.92,9.32,7.33
7430,2025-12-27 13:00:00,25.3,51,0.0,25.43,9.53,7.38
7431,2025-12-27 14:00:00,24.4,55,0.0,24.82,9.73,7.28
7432,2025-12-27 15:00:00,23.6,58,0.0,24.16,9.93,7.23
7433,2025-12-27 16:00:00,23.2,59,0.0,23.57,10.06,7.16
7434,2025-12-27 17:00:00,23.0,61,0.0,23.1,10.2,7.12
7435,2025-12-27 18:00:00,22.1,67,0.0,22.5,10.44,7.14
7436,2025-12-27 19:00:00,21.4,76,0.0,21.87,10.76,7.14
7437,2025-12-27 20:00:00,21.1,80,0.0,21.34,10.95,7.14
7438,2025-12-27 21:00:00,21.1,81,0.0,20.97,11.05,7.21
7439,2025-12-27 22:00:00,21.3,82,0.0,20.77,11.12,7.31
7440,2025-12-27 23:00:00,21.0,86,0.0,20.54,11.25,7.46
7441,2025-12-28 00:00:00,20.2,94,0.0,20.14,11.5,7.51
7442,2025-12-28 01:00:00,20.1,94,0.1,19.83,11.57,7.6
7443,2025-12-28 02:00:00,20.6,89,0.0,19.76,11.48,7.51
7444,2025-12-28 03:00:00,22.1,76,0.0,20.16,11.12,7.68
7445,2025-12-28 04:00:00,23.8,66,0.0,20.95,10.74,7.67
7446,2025-12-28 05:00:00,25.5,58,0.0,22.02,10.36,7.67
7447,2025-12-28 06:00:00,26.4,54,0.0,23.03,10.07,7.76
7448,2025-12-28 07:00:00,27.9,48,0.0,24.19,9.72,7.72
7449,2025-12-28 08:00:00,28.6,44,0.0,25.21,9.44,7.67
7450,2025-12-28 09:00:00,28.9,42,0.0,26.02,9.25,7.55
7451,2025-12-28 10:00:00,29.1,39,0.0,26.64,9.07,7.53
7452,2025-12-28 11:00:00,28.7,39,0.0,26.96,9.01,7.34
7453,2025-12-28 12:00:00,27.4,43,0.0,26.79,9.11,7.43
7454,2025-12-28 13:00:00,25.5,49,0.0,26.1,9.36,7.36
7455,2025-12-28 14:00:00,24.4,51,0.0,25.29,9.56,7.3
7456,2025-12-28 15:00:00,23.7,54,0.0,24.52,9.77,7.17
7457,2025-12-28 16:00:00,23.4,56,0.0,23.88,9.94,7.1
7458,2025-12-28 17:00:00,23.1,58,0.0,23.35,10.09,7.08
7459,2025-12-28 18:00:00,22.6,69,0.0,22.82,10.42,7.13
7460,2025-12-28 19:00:00,22.0,78,0.0,22.28,10.71,7.11
7461,2025-12-28 20:00:00,21.5,84,0.0,21.74,10.95,7.17
7462,2025-12-28 21:00:00,21.3,85,0.0,21.31,11.06,7.33
7463,2025-12-28 22:00:00,21.5,84,0.0,21.07,11.09,7.27
7464,2025-12-28 23:00:00,21.5,85,0.0,20.9,11.15,7.34
7465,2025-12-29 00:00:00,20.5,91,0.0,20.48,11.37,7.45
7466,2025-12-29 01:00:00,20.5,91,0.0,20.18,11.43,7.61
7467,2025-12-29 02:00:00,20.8,90,0.0,20.07,11.43,7.59
7468,2025-12-29 03:00:00,22.1,80,0.0,20.38,11.16,7.7
7469,2025-12-29 04:00:00,24.0,69,0.0,21.16,10.76,7.6
7470,2025-12-29 05:00:00,25.6,59,0.0,22.2,10.34,7.7
7471,2025-12-29 06:00:00,26.5,54,0.0,23.19,10.04,7.7
7472,2025-12-29 07:00:00,27.4,50,0.0,24.15,9.77,7.65
7473,2025-12-29 08:00:00,28.2,46,0.0,25.07,9.51,7.62
7474,2025-12-29 09:00:00,28.8,44,0.0,25.89,9.31,7.59
7475,2025-12-29 10:00:00,29.2,42,0.0,26.58,9.14,7.67
7476,2025-12-29 11:00:00,28.9,41,0.0,26.98,9.04,7.35
7477,2025-12-29 12:00:00,28.0,44,0.0,26.98,9.09,7.45
7478,2025-12-29 13:00:00,26.1,50,0.0,26.42,9.32,7.31
7479,2025-12-29 14:00:00,25.1,52,0.0,25.72,9.49,7.31
7480,2025-12-29 15:00:00,24.4,55,0.0,25.03,9.69,7.17
7481,2025-12-29 16:00:00,23.8,58,0.0,24.36,9.88,7.11
7482,2025-12-29 17:00:00,23.5,61,0.0,23.8,10.06,7.16
7483,2025-12-29 18:00:00,23.2,66,0.0,23.32,10.25,7.15
7484,2025-12-29 19:00:00,22.7,70,0.0,22.83,10.43,7.19
7485,2025-12-29 20:00:00,22.1,77,0.0,22.31,10.68,7.23
7486,2025-12-29 21:00:00,21.6,82,0.0,21.8,10.9,7.22
7487,2025-12-29 22:00:00,21.1,87,0.0,21.29,11.11,7.33
7488,2025-12-29 23:00:00,21.0,91,0.0,20.9,11.27,7.37
7489,2025-12-30 00:00:00,20.6,96,0.0,20.51,11.46,7.47
7490,2025-12-30 01:00:00,20.6,94,0.0,20.24,11.48,7.59
7491,2025-12-30 02:00:00,20.9,91,0.0,20.14,11.44,7.6
7492,2025-12-30 03:00:00,22.4,81,0.0,20.52,11.15,7.59
7493,2025-12-30 04:00:00,24.1,69,0.0,21.29,10.73,7.61
7494,2025-12-30 05:00:00,26.0,59,0.0,22.4,10.3,7.79
7495,2025-12-30 06:00:00,26.9,52,0.0,23.45,9.95,7.75
7496,2025-12-30 07:00:00,28.5,46,0.0,24.67,9.59,7.75
7497,2025-12-30 08:00:00,29.5,40,0.0,25.82,9.25,7.63
7498,2025-12-30 09:00:00,30.9,34,0.0,27.04,8.9,7.56
7499,2025-12-30 10:00:00,31.0,35,0.0,27.93,8.74,7.55
7500,2025-12-30 11:00:00,30.6,38,0.0,28.43,8.7,7.41
7501,2025-12-30 12:00:00,29.7,39,0.0,28.51,8.7,7.37
7502,2025-12-30 13:00:00,28.7,43,0.0,28.27,8.82,7.38
7503,2025-12-30 14:00:00,27.5,49,0.0,27.74,9.03,7.25
7504,2025-12-30 15:00:00,26.4,55,0.0,27.04,9.28,7.18
7505,2025-12-30 16:00:00,25.6,61,0.0,26.31,9.54,7.08
7506,2025-12-30 17:00:00,25.5,59,0.0,25.76,9.62,7.13
7507,2025-12-30 18:00:00,24.6,68,0.0,25.11,9.92,7.09
7508,2025-12-30 19:00:00,24.0,72,0.0,24.48,10.13,7.2
7509,2025-12-30 20:00:00,23.0,80,0.0,23.74,10.44,7.15
7510,2025-12-30 21:00:00,22.3,84,0.0,23.01,10.68,7.21
7511,2025-12-30 22:00:00,22.1,83,0.1,22.43,10.78,7.26
7512,2025-12-30 23:00:00,21.9,85,0.0,21.97,10.92,7.35
7513,2025-12-31 00:00:00,21.5,85,0.0,21.53,11.01,7.47
7514,2025-12-31 01:00:00,21.5,86,0.0,21.22,11.1,7.48
7515,2025-12-31 02:00:00,22.0,84,0.0,21.16,11.07,7.59
7516,2025-12-31 03:00:00,23.8,78,0.0,21.65,10.85,7.6
7517,2025-12-31 04:00:00,25.5,68,0.0,22.5,10.46,7.77
7518,2025-12-31 05:00:00,27.2,57,0.0,23.61,10.02,7.74
7519,2025-12-31 06:00:00,27.6,53,0.0,24.51,9.76,7.69
7520,2025-12-31 07:00:00,29.3,47,0.0,25.65,9.41,7.69
7521,2025-12-31 08:00:00,30.0,44,0.0,26.65,9.16,7.65
7522,2025-12-31 09:00:00,30.5,42,0.0,27.51,8.95,7.67
7523,2025-12-31 10:00:00,30.5,41,0.0,28.1,8.82,7.48
7524,2025-12-31 11:00:00,29.8,44,0.0,28.31,8.83,7.43
7525,2025-12-31 12:00:00,28.9,46,0.0,28.19,8.89,7.36
7526,2025-12-31 13:00:00,26.2,63,0.0,27.29,9.38,7.33
7527,2025-12-31 14:00:00,25.5,68,0.0,26.45,9.64,7.24
7528,2025-12-31 15:00:00,24.6,72,0.0,25.6,9.9,7.24
7529,2025-12-31 16:00:00,24.0,76,0.0,24.82,10.14,7.06
7530,2025-12-31 17:00:00,23.2,80,0.0,24.03,10.38,7.0
7531,2025-12-31 18:00:00,23.0,84,0.0,23.42,10.59,7.14
7532,2025-12-31 19:00:00,22.9,84,0.0,22.97,10.69,7.04
7533,2025-12-31 20:00:00,22.5,87,0.0,22.53,10.84,7.14
7534,2025-12-31 21:00:00,22.3,87,0.0,22.16,10.92,7.26
7535,2025-12-31 22:00:00,22.1,86,0.0,21.84,10.97,7.34
7536,2025-12-31 23:00:00,21.9,88,0.0,21.56,11.07,7.42
7537,2026-01-01 00:00:00,21.8,89,0.0,21.33,11.14,7.51
7538,2026-01-01 01:00:00,21.8,86,0.0,21.17,11.11,7.49
7539,2026-01-01 02:00:00,22.2,84,0.0,21.18,11.07,7.58
7540,2026-01-01 03:00:00,24.2,77,0.0,21.79,10.8,7.68
7541,2026-01-01 04:00:00,26.1,67,0.0,22.78,10.39,7.64
7542,2026-01-01 05:00:00,27.2,61,0.0,23.81,10.06,7.73
7543,2026-01-01 06:00:00,27.1,61,0.0,24.49,9.91,7.61
7544,2026-01-01 07:00:00,28.2,56,0.0,25.31,9.65,7.68
7545,2026-01-01 08:00:00,29.3,51,0.1,26.2,9.38,7.7
7546,2026-01-01 09:00:00,29.5,50,0.1,26.89,9.22,7.62
7547,2026-01-01 10:00:00,29.9,48,0.1,27.5,9.06,7.6
7548,2026-01-01 11:00:00,29.3,49,0.1,27.74,9.03,7.49
7549,2026-01-01 12:00:00,28.6,51,0.1,27.7,9.08,7.39
7550,2026-01-01 13:00:00,26.4,65,0.4,27.01,9.47,7.29
7551,2026-01-01 14:00:00,25.2,69,0.1,26.16,9.72,7.29
7552,2026-01-01 15:00:00,24.1,73,0.0,25.25,9.99,7.15
7553,2026-01-01 16:00:00,22.5,86,1.7,24.12,10.48,7.09
7554,2026-01-01 17:00:00,22.1,93,3.6,23.22,10.81,7.0
7555,2026-01-01 18:00:00,21.2,96,2.0,22.31,11.07,7.05
7556,2026-01-01 19:00:00,21.3,94,3.1,21.71,11.16,7.07
7557,2026-01-01 20:00:00,21.4,94,4.2,21.32,11.25,7.14
7558,2026-01-01 21:00:00,21.6,92,2.8,21.1,11.25,7.15
7559,2026-01-01 22:00:00,21.6,92,0.5,20.95,11.28,7.26
7560,2026-01-01 23:00:00,21.7,91,0.1,20.88,11.28,7.3
7561,2026-01-02 00:00:00,21.4,95,0.1,20.73,11.39,7.42
7562,2026-01-02 01:00:00,21.5,92,1.6,20.66,11.35,7.46
7563,2026-01-02 02:00:00,21.8,93,2.8,20.7,11.36,7.5
7564,2026-01-02 03:00:00,22.0,93,2.5,20.79,11.34,7.57
7565,2026-01-02 04:00:00,22.6,89,0.2,21.03,11.2,7.77
7566,2026-01-02 05:00:00,23.8,83,0.0,21.56,10.97,7.76
7567,2026-01-02 06:00:00,24.0,76,0.1,22.0,10.73,7.75
7568,2026-01-02 07:00:00,25.4,70,0.0,22.72,10.46,7.7
7569,2026-01-02 08:00:00,26.5,64,0.0,23.55,10.17,7.7
7570,2026-01-02 09:00:00,27.1,61,0.0,24.32,9.95,7.68
7571,2026-01-02 10:00:00,27.3,60,0.0,24.91,9.81,7.55
7572,2026-01-02 11:00:00,27.1,61,0.0,25.27,9.76,7.47
7573,2026-01-02 12:00:00,27.2,62,0.0,25.55,9.72,7.38
7574,2026-01-02 13:00:00,25.3,73,0.0,25.17,10.01,7.28
7575,2026-01-02 14:00:00,24.0,80,0.0,24.52,10.28,7.26
7576,2026-01-02 15:00:00,23.2,83,0.0,23.82,10.48,7.21
7577,2026-01-02 16:00:00,23.2,79,0.0,23.34,10.51,7.16
7578,2026-01-02 17:00:00,23.0,80,0.0,22.94,10.61,7.16
7579,2026-01-02 18:00:00,22.4,84,0.0,22.48,10.79,7.18
7580,2026-01-02 19:00:00,22.3,85,0.1,22.12,10.89,7.13
7581,2026-01-02 20:00:00,21.6,90,0.2,21.67,11.09,7.22
7582,2026-01-02 21:00:00,21.4,91,0.2,21.29,11.19,7.24
7583,2026-01-02 22:00:00,20.5,93,0.9,20.75,11.35,7.27
7584,2026-01-02 23:00:00,20.3,94,0.1,20.32,11.46,7.42
7585,2026-01-03 00:00:00,20.8,91,0.5,20.16,11.43,7.32
7586,2026-01-03 01:00:00,20.7,92,0.5,20.02,11.49,7.55
7587,2026-01-03 02:00:00,21.0,91,0.1,20.02,11.47,7.6
7588,2026-01-03 03:00:00,22.1,83,0.0,20.34,11.23,7.76
7589,2026-01-03 04:00:00,23.1,78,0.0,20.87,11.01,7.66
7590,2026-01-03 05:00:00,24.6,70,0.0,21.69,10.67,7.71
7591,2026-01-03 06:00:00,25.6,63,0.1,22.56,10.35,7.67
7592,2026-01-03 07:00:00,26.5,56,0.0,23.44,10.03,7.79
7593,2026-01-03 08:00:00,27.6,50,0.0,24.39,9.72,7.61
7594,2026-01-03 09:00:00,28.2,48,0.0,25.23,9.52,7.54
7595,2026-01-03 10:00:00,28.1,47,0.0,25.79,9.38,7.51
7596,2026-01-03 11:00:00,27.8,47,0.0,26.1,9.32,7.46
7597,2026-01-03 12:00:00,26.8,54,0.0,26.01,9.47,7.4
7598,2026-01-03 13:00:00,24.9,65,0.0,25.37,9.81,7.39
7599,2026-01-03 14:00:00,23.8,71,0.0,24.6,10.09,7.22
7600,2026-01-03 15:00:00,23.4,72,0.0,23.94,10.24,7.21
7601,2026-01-03 16:00:00,23.1,71,0.0,23.39,10.34,7.17
7602,2026-01-03 17:00:00,22.5,75,0.0,22.82,10.54,7.13
7603,2026-01-03 18:00:00,22.5,80,0.1,22.43,10.72,7.15
7604,2026-01-03 19:00:00,21.9,84,0.0,21.97,10.9,7.12
7605,2026-01-03 20:00:00,20.6,87,0.4,21.26,11.11,7.16
7606,2026-01-03 21:00:00,19.5,92,0.8,20.43,11.4,7.24
7607,2026-01-03 22:00:00,19.6,93,0.0,19.88,11.54,7.3
7608,2026-01-03 23:00:00,19.8,93,0.0,19.56,11.61,7.46
7609,2026-01-04 00:00:00,19.7,92,0.0,19.3,11.64,7.4
7610,2026-01-04 01:00:00,19.7,92,0.0,19.12,11.68,7.51
7611,2026-01-04 02:00:00,20.2,89,0.0,19.14,11.61,7.65
7612,2026-01-04 03:00:00,21.5,82,0.0,19.55,11.37,7.67
7613,2026-01-04 04:00:00,23.2,72,0.0,20.35,10.99,7.71
7614,2026-01-04 05:00:00,24.6,63,0.0,21.32,10.6,7.69
7615,2026-01-04 06:00:00,26.1,54,0.0,22.46,10.19,7.75
7616,2026-01-04 07:00:00,27.0,47,0.0,23.52,9.84,7.69
7617,2026-01-04 08:00:00,27.6,44,0.0,24.44,9.59,7.73
7618,2026-01-04 09:00:00,27.9,42,0.0,25.18,9.41,7.57
7619,2026-01-04 10:00:00,27.9,40,0.0,25.7,9.27,7.66
7620,2026-01-04 11:00:00,27.5,38,0.0,25.94,9.19,7.58
7621,2026-01-04 12:00:00,26.7,43,0.0,25.87,9.29,7.34
7622,2026-01-04 13:00:00,24.9,51,0.0,25.28,9.56,7.32
7623,2026-01-04 14:00:00,23.7,56,0.0,24.5,9.82,7.25
7624,2026-01-04 15:00:00,23.2,56,0.0,23.81,9.96,7.27
7625,2026-01-04 16:00:00,22.6,57,0.0,23.15,10.11,7.23
7626,2026-01-04 17:00:00,22.1,64,0.0,22.53,10.38,7.13
7627,2026-01-04 18:00:00,21.4,76,0.0,21.89,10.75,7.29
7628,2026-01-04 19:00:00,20.7,81,0.0,21.24,10.99,7.12
7629,2026-01-04 20:00:00,20.2,84,0.0,20.62,11.19,7.26
7630,2026-01-04 21:00:00,19.9,87,0.0,20.11,11.36,7.31
7631,2026-01-04 22:00:00,19.4,90,0.0,19.6,11.54,7.26
7632,2026-01-04 23:00:00,19.0,91,0.0,19.12,11.66,7.36
7633,2026-01-05 00:00:00,18.7,91,0.0,18.69,11.75,7.48
7634,2026-01-05 01:00:00,19.0,90,0.0,18.48,11.78,7.53
7635,2026-01-05 02:00:00,19.5,86,0.0,18.49,11.69,7.61
7636,2026-01-05 03:00:00,21.8,70,0.0,19.18,11.19,7.6
7637,2026-01-05 04:00:00,23.5,56,0.0,20.18,10.69,7.71
7638,2026-01-05 05:00:00,24.9,49,0.0,21.29,10.32,7.71
7639,2026-01-05 06:00:00,26.0,47,0.0,22.41,10.06,7.66
7640,2026-01-05 07:00:00,26.9,44,0.0,23.45,9.79,7.76
7641,2026-01-05 08:00:00,27.5,44,0.0,24.37,9.61,7.68
7642,2026-01-05 09:00:00,27.9,43,0.0,25.13,9.44,7.66
7643,2026-01-05 10:00:00,28.0,42,0.0,25.69,9.31,7.65
7644,2026-01-05 11:00:00,28.0,41,0.0,26.08,9.21,7.43
7645,2026-01-05 12:00:00,27.4,44,0.0,26.18,9.25,7.42
7646,2026-01-05 13:00:00,25.5,53,0.0,25.67,9.52,7.31
7647,2026-01-05 14:00:00,24.8,58,0.0,25.11,9.73,7.29
7648,2026-01-05 15:00:00,24.4,58,0.0,24.6,9.84,7.26
7649,2026-01-05 16:00:00,23.5,65,0.0,23.97,10.1,7.17
7650,2026-01-05 17:00:00,22.7,70,0.0,23.29,10.34,7.16
7651,2026-01-05 18:00:00,22.0,78,0.0,22.6,10.64,7.08
7652,2026-01-05 19:00:00,21.8,80,0.0,22.06,10.8,7.22
7653,2026-01-05 20:00:00,21.5,82,0.0,21.59,10.94,7.22
7654,2026-01-05 21:00:00,21.1,84,0.0,21.15,11.08,7.25
7655,2026-01-05 22:00:00,21.0,85,0.0,20.8,11.17,7.29
7656,2026-01-05 23:00:00,20.5,87,0.0,20.41,11.3,7.4
7657,2026-01-06 00:00:00,20.4,86,0.0,20.11,11.34,7.52
7658,2026-01-06 01:00:00,20.5,83,0.0,19.93,11.32,7.59
7659,2026-01-06 02:00:00,21.2,78,0.0,20.01,11.19,7.63
7660,2026-01-06 03:00:00,22.5,72,0.0,20.46,10.97,7.65
7661,2026-01-06 04:00:00,23.6,67,0.0,21.1,10.73,7.72
7662,2026-01-06 05:00:00,24.6,60,0.0,21.85,10.43,7.62
7663,2026-01-06 06:00:00,25.5,55,0.0,22.64,10.17,7.7
7664,2026-01-06 07:00:00,26.0,55,0.0,23.35,10.03,7.72
7665,2026-01-06 08:00:00,26.7,52,0.0,24.06,9.83,7.71
7666,2026-01-06 09:00:00,26.0,55,0.0,24.34,9.83,7.64
7667,2026-01-06 10:00:00,27.0,50,0.0,24.84,9.63,7.55
7668,2026-01-06 11:00:00,27.1,49,0.0,25.22,9.54,7.5
7669,2026-01-06 12:00:00,25.2,58,0.0,24.91,9.77,7.38
7670,2026-01-06 13:00:00,24.0,66,0.0,24.34,10.04,7.31
7671,2026-01-06 14:00:00,23.9,68,0.0,23.91,10.17,7.33
7672,2026-01-06 15:00:00,23.8,69,0.0,23.57,10.26,7.13
7673,2026-01-06 16:00:00,23.2,73,0.0,23.16,10.43,7.15
7674,2026-01-06 17:00:00,22.4,79,0.1,22.63,10.66,7.18
7675,2026-01-06 18:00:00,21.6,82,0.1,22.02,10.85,7.15
7676,2026-01-06 19:00:00,21.4,83,0.1,21.54,10.97,7.06
7677,2026-01-06 20:00:00,21.4,83,0.0,21.2,11.04,7.16
7678,2026-01-06 21:00:00,20.9,85,0.0,20.81,11.17,7.18
7679,2026-01-06 22:00:00,20.7,85,0.0,20.47,11.24,7.35
7680,2026-01-06 23:00:00,20.5,85,0.0,20.18,11.3,7.36
7681,2026-01-07 00:00:00,20.5,91,0.0,19.98,11.47,7.36
7682,2026-01-07 01:00:00,20.7,92,0.0,19.89,11.51,7.47
7683,2026-01-07 02:00:00,21.2,86,0.1,19.99,11.37,7.65
7684,2026-01-07 03:00:00,22.4,78,0.0,20.41,11.11,7.68
7685,2026-01-07 04:00:00,23.9,68,0.0,21.16,10.74,7.76
7686,2026-01-07 05:00:00,25.5,58,0.0,22.16,10.33,7.73
7687,2026-01-07 06:00:00,26.5,52,0.0,23.16,10.01,7.72
7688,2026-01-07 07:00:00,27.5,47,0.0,24.16,9.71,7.68
7689,2026-01-07 08:00:00,28.0,45,0.0,25.01,9.5,7.69
7690,2026-01-07 09:00:00,28.0,42,0.0,25.61,9.33,7.64
7691,2026-01-07 10:00:00,28.5,39,0.0,26.18,9.16,7.5
7692,2026-01-07 11:00:00,28.6,38,0.0,26.6,9.06,7.4
7693,2026-01-07 12:00:00,27.0,44,0.0,26.42,9.2,7.42
7694,2026-01-07 13:00:00,25.4,53,0.0,25.82,9.49,7.3
7695,2026-01-07 14:00:00,24.0,58,0.0,24.97,9.76,7.29
7696,2026-01-07 15:00:00,23.7,60,0.0,24.29,9.94,7.14
7697,2026-01-07 16:00:00,23.3,58,0.0,23.69,10.02,7.13
7698,2026-01-07 17:00:00,22.2,64,0.0,22.95,10.29,7.14
7699,2026-01-07 18:00:00,21.0,71,0.0,22.06,10.62,7.19
7700,2026-01-07 19:00:00,20.6,73,0.0,21.32,10.81,7.11
7701,2026-01-07 20:00:00,20.0,76,0.0,20.63,11.02,7.12
7702,2026-01-07 21:00:00,19.1,80,0.0,19.87,11.26,7.25
7703,2026-01-07 22:00:00,18.5,83,0.0,19.16,11.48,7.36
7704,2026-01-07 23:00:00,18.0,85,0.0,18.51,11.66,7.35
7705,2026-01-08 00:00:00,18.0,78,0.0,18.06,11.6,7.39
7706,2026-01-08 01:00:00,18.3,73,0.0,17.83,11.54,7.59
7707,2026-01-08 02:00:00,18.9,71,0.0,17.85,11.49,7.68
7708,2026-01-08 03:00:00,21.1,60,0.0,18.53,11.11,7.73
7709,2026-01-08 04:00:00,23.0,48,0.0,19.57,10.64,7.73
7710,2026-01-08 05:00:00,24.6,40,0.0,20.78,10.24,7.71
7711,2026-01-08 06:00:00,26.0,30,0.0,22.04,9.78,7.74
7712,2026-01-08 07:00:00,26.9,28,0.0,23.2,9.52,7.76
7713,2026-01-08 08:00:00,27.0,36,0.0,24.04,9.52,7.78
7714,2026-01-08 09:00:00,27.1,38,0.0,24.66,9.44,7.68
7715,2026-01-08 10:00:00,27.1,40,0.0,25.09,9.39,7.55
7716,2026-01-08 11:00:00,26.8,42,0.0,25.3,9.39,7.48
7717,2026-01-08 12:00:00,26.7,42,0.0,25.42,9.36,7.41
7718,2026-01-08 13:00:00,25.2,48,0.0,25.06,9.55,7.4
7719,2026-01-08 14:00:00,24.0,54,0.0,24.44,9.79,7.23
7720,2026-01-08 15:00:00,23.8,54,0.0,23.95,9.89,7.21
7721,2026-01-08 16:00:00,23.4,53,0.0,23.48,9.96,7.2
7722,2026-01-08 17:00:00,22.2,58,0.0,22.8,10.2,7.09
7723,2026-01-08 18:00:00,21.6,60,0.0,22.14,10.38,7.17
7724,2026-01-08 19:00:00,21.0,63,0.0,21.5,10.57,7.2
7725,2026-01-08 20:00:00,20.4,66,0.0,20.87,10.76,7.22
7726,2026-01-08 21:00:00,19.9,69,0.0,20.28,10.95,7.26
7727,2026-01-08 22:00:00,19.4,71,0.0,19.71,11.1,7.31
7728,2026-01-08 23:00:00,18.8,74,0.0,19.14,11.29,7.53
7729,2026-01-09 00:00:00,18.5,77,0.0,18.65,11.46,7.54
7730,2026-01-09 01:00:00,18.5,76,0.0,18.3,11.51,7.59
7731,2026-01-09 02:00:00,18.9,74,0.0,18.18,11.49,7.61
7732,2026-01-09 03:00:00,20.9,63,0.0,18.7,11.14,7.65
7733,2026-01-09 04:00:00,23.1,48,0.0,19.72,10.61,7.71
7734,2026-01-09 05:00:00,24.7,42,0.0,20.91,10.25,7.7
7735,2026-01-09 06:00:00,25.6,40,0.0,22.02,9.99,7.71
7736,2026-01-09 07:00:00,26.6,36,0.0,23.09,9.7,7.77
7737,2026-01-09 08:00:00,27.2,38,0.0,24.03,9.56,7.72
7738,2026-01-09 09:00:00,28.5,37,0.0,25.07,9.34,7.54
7739,2026-01-09 10:00:00,29.2,35,0.0,26.01,9.12,7.5
7740,2026-01-09 11:00:00,28.2,39,0.0,26.37,9.12,7.5
7741,2026-01-09 12:00:00,27.4,44,0.0,26.38,9.21,7.44
7742,2026-01-09 13:00:00,26.3,49,0.0,26.05,9.37,7.37
7743,2026-01-09 14:00:00,25.2,53,0.0,25.5,9.56,7.25
7744,2026-01-09 15:00:00,24.5,57,0.0,24.9,9.76,7.13
7745,2026-01-09 16:00:00,23.5,65,0.0,24.18,10.06,7.12
7746,2026-01-09 17:00:00,22.6,68,0.0,23.4,10.28,7.22
7747,2026-01-09 18:00:00,22.5,70,0.0,22.83,10.43,7.15
7748,2026-01-09 19:00:00,22.2,71,0.0,22.34,10.56,7.25
7749,2026-01-09 20:00:00,21.8,73,0.0,21.88,10.69,7.19
7750,2026-01-09 21:00:00,21.4,73,0.0,21.44,10.79,7.21
7751,2026-01-09 22:00:00,20.9,73,0.0,20.98,10.88,7.43
7752,2026-01-09 23:00:00,20.4,74,0.0,20.5,11.0,7.41
7753,2026-01-10 00:00:00,20.2,79,0.0,20.11,11.19,7.52
7754,2026-01-10 01:00:00,20.5,76,0.0,19.93,11.17,7.49
7755,2026-01-10 02:00:00,20.9,73,0.0,19.92,11.1,7.57
7756,2026-01-10 03:00:00,22.9,64,0.0,20.51,10.79,7.67
7757,2026-01-10 04:00:00,24.5,56,0.0,21.41,10.44,7.71
7758,2026-01-10 05:00:00,26.0,52,0.0,22.49,10.14,7.72
7759,2026-01-10 06:00:00,27.0,50,0.0,23.54,9.89,7.76
7760,2026-01-10 07:00:00,28.6,46,0.0,24.76,9.57,7.75
7761,2026-01-10 08:00:00,29.0,45,0.0,25.73,9.36,7.71
7762,2026-01-10 09:00:00,29.4,44,0.0,26.53,9.18,7.56
7763,2026-01-10 10:00:00,29.0,45,0.0,26.97,9.11,7.53
7764,2026-01-10 11:00:00,28.4,46,0.0,27.1,9.11,7.54
7765,2026-01-10 12:00:00,27.8,50,0.0,27.01,9.2,7.37
7766,2026-01-10 13:00:00,25.4,65,0.0,26.23,9.64,7.31
7767,2026-01-10 14:00:00,24.4,69,0.0,25.38,9.89,7.29
7768,2026-01-10 15:00:00,23.7,69,0.0,24.58,10.05,7.24
7769,2026-01-10 16:00:00,23.4,70,0.0,23.92,10.21,7.17
7770,2026-01-10 17:00:00,23.0,73,0.0,23.35,10.39,7.15
7771,2026-01-10 18:00:00,22.1,82,0.0,22.67,10.71,7.14
7772,2026-01-10 19:00:00,22.2,81,0.0,22.23,10.78,7.11
7773,2026-01-10 20:00:00,22.1,80,0.0,21.89,10.84,7.18
7774,2026-01-10 21:00:00,22.1,79,0.0,21.65,10.86,7.15
7775,2026-01-10 22:00:00,22.0,79,0.0,21.46,10.91,7.33
7776,2026-01-10 23:00:00,21.9,78,0.0,21.29,10.92,7.33
7777,2026-01-11 00:00:00,21.2,81,0.0,20.96,11.05,7.42
7778,2026-01-11 01:00:00,20.4,91,2.0,20.49,11.36,7.54
7779,2026-01-11 02:00:00,20.4,94,3.6,20.17,11.5,7.46
7780,2026-01-11 03:00:00,20.8,92,0.3,20.06,11.48,7.64
7781,2026-01-11 04:00:00,21.8,84,0.0,20.28,11.26,7.73
7782,2026-01-11 05:00:00,21.9,84,0.1,20.47,11.22,7.74
7783,2026-01-11 06:00:00,21.7,85,0.1,20.54,11.23,7.67
7784,2026-01-11 07:00:00,22.8,78,0.0,20.92,11.0,7.75
7785,2026-01-11 08:00:00,23.4,75,0.0,21.36,10.84,7.69
7786,2026-01-11 09:00:00,23.6,74,0.0,21.73,10.75,7.65
7787,2026-01-11 10:00:00,24.4,70,0.0,22.23,10.56,7.55
7788,2026-01-11 11:00:00,24.5,70,0.0,22.61,10.48,7.43
7789,2026-01-11 12:00:00,23.1,79,0.0,22.46,10.69,7.44
7790,2026-01-11 13:00:00,22.2,84,0.0,22.08,10.88,7.42
7791,2026-01-11 14:00:00,22.1,85,0.0,21.79,10.96,7.31
7792,2026-01-11 15:00:00,21.9,86,0.0,21.52,11.04,7.2
7793,2026-01-11 16:00:00,22.0,86,0.0,21.36,11.07,7.17
7794,2026-01-11 17:00:00,22.0,85,0.0,21.26,11.07,7.18
7795,2026-01-11 18:00:00,22.0,84,0.0,21.18,11.07,7.13
7796,2026-01-11 19:00:00,22.1,82,0.0,21.16,11.03,7.16
7797,2026-01-11 20:00:00,22.0,82,0.0,21.11,11.04,7.2
7798,2026-01-11 21:00:00,21.8,83,0.0,21.02,11.08,7.17
7799,2026-01-11 22:00:00,21.7,83,0.0,20.92,11.1,7.29
7800,2026-01-11 23:00:00,21.5,84,0.0,20.79,11.15,7.32
7801,2026-01-12 00:00:00,21.2,87,0.0,20.62,11.25,7.4
7802,2026-01-12 01:00:00,21.1,88,0.0,20.46,11.31,7.49
7803,2026-01-12 02:00:00,21.8,82,0.0,20.56,11.16,7.58
7804,2026-01-12 03:00:00,23.0,75,0.0,20.99,10.92,7.71
7805,2026-01-12 04:00:00,24.4,67,0.0,21.72,10.61,7.76
7806,2026-01-12 05:00:00,25.8,61,0.0,22.64,10.29,7.75
7807,2026-01-12 06:00:00,26.5,57,0.0,23.5,10.04,7.69
7808,2026-01-12 07:00:00,27.2,54,0.0,24.31,9.82,7.85
7809,2026-01-12 08:00:00,27.2,55,0.0,24.88,9.72,7.7
7810,2026-01-12 09:00:00,27.7,54,0.0,25.42,9.59,7.59
7811,2026-01-12 10:00:00,28.0,54,0.1,25.9,9.5,7.61
7812,2026-01-12 11:00:00,26.9,59,0.0,25.9,9.59,7.43
7813,2026-01-12 12:00:00,26.2,64,0.0,25.69,9.73,7.34
7814,2026-01-12 13:00:00,24.8,72,0.0,25.12,10.0,7.37
7815,2026-01-12 14:00:00,23.8,78,0.0,24.43,10.26,7.3
7816,2026-01-12 15:00:00,23.0,83,0.0,23.7,10.51,7.26
7817,2026-01-12 16:00:00,22.1,88,0.3,22.92,10.78,7.14
7818,2026-01-12 17:00:00,21.6,94,1.1,22.22,11.05,7.02
7819,2026-01-12 18:00:00,21.6,95,0.5,21.74,11.18,7.24
7820,2026-01-12 19:00:00,21.6,96,1.3,21.4,11.27,7.15
7821,2026-01-12 20:00:00,21.5,93,0.3,21.13,11.27,7.12
7822,2026-01-12 21:00:00,21.2,94,0.1,20.85,11.35,7.26
7823,2026-01-12 22:00:00,21.1,94,0.1,20.62,11.4,7.31
7824,2026-01-12 23:00:00,21.0,94,0.0,20.44,11.44,7.43
7825,2026-01-13 00:00:00,21.0,92,0.0,20.31,11.42,7.44
7826,2026-01-13 01:00:00,21.2,90,0.0,20.27,11.39,7.5
7827,2026-01-13 02:00:00,21.4,89,0.0,20.31,11.36,7.6
7828,2026-01-13 03:00:00,22.6,82,0.0,20.7,11.13,7.63
7829,2026-01-13 04:00:00,24.1,70,0.0,21.42,10.73,7.65
7830,2026-01-13 05:00:00,25.0,65,0.0,22.19,10.47,7.79
7831,2026-01-13 06:00:00,25.1,67,0.0,22.77,10.39,7.76
7832,2026-01-13 07:00:00,24.0,75,0.6,22.84,10.53,7.62
7833,2026-01-13 08:00:00,24.0,75,0.5,22.88,10.52,7.64
7834,2026-01-13 09:00:00,23.2,82,1.5,22.68,10.71,7.67
7835,2026-01-13 10:00:00,22.7,87,1.3,22.39,10.87,7.48
7836,2026-01-13 11:00:00,22.6,90,0.7,22.15,10.98,7.49
7837,2026-01-13 12:00:00,22.0,92,0.2,21.8,11.1,7.38
7838,2026-01-13 13:00:00,21.8,92,0.6,21.5,11.16,7.36
7839,2026-01-13 14:00:00,21.6,90,0.0,21.23,11.18,7.3
7840,2026-01-13 15:00:00,21.2,87,0.0,20.92,11.19,7.24
7841,2026-01-13 16:00:00,21.3,84,0.0,20.74,11.16,7.26
7842,2026-01-13 17:00:00,21.2,83,0.0,20.58,11.18,7.18
7843,2026-01-13 18:00:00,21.1,85,0.0,20.43,11.25,7.17
7844,2026-01-13 19:00:00,21.1,88,0.0,20.33,11.33,7.14
7845,2026-01-13 20:00:00,21.0,91,0.0,20.23,11.42,7.18
7846,2026-01-13 21:00:00,21.4,89,0.0,20.28,11.37,7.25
7847,2026-01-13 22:00:00,21.5,88,0.0,20.35,11.33,7.33
7848,2026-01-13 23:00:00,21.4,89,0.0,20.36,11.35,7.29
7849,2026-01-14 00:00:00,21.3,88,0.0,20.34,11.33,7.36
7850,2026-01-14 01:00:00,21.5,89,0.0,20.39,11.34,7.55
7851,2026-01-14 02:00:00,21.8,90,0.0,20.51,11.34,7.62
7852,2026-01-14 03:00:00,22.4,88,0.0,20.78,11.24,7.63
7853,2026-01-14 04:00:00,23.5,82,0.0,21.3,11.0,7.82
7854,2026-01-14 05:00:00,25.0,74,0.0,22.11,10.67,7.77
7855,2026-01-14 06:00:00,25.9,70,0.0,22.94,10.41,7.78
7856,2026-01-14 07:00:00,26.8,65,0.0,23.8,10.13,7.73
7857,2026-01-14 08:00:00,28.0,59,0.0,24.76,9.82,7.6
7858,2026-01-14 09:00:00,28.5,55,0.0,25.58,9.58,7.56
7859,2026-01-14 10:00:00,28.5,54,0.0,26.16,9.44,7.55
7860,2026-01-14 11:00:00,28.2,55,0.0,26.47,9.4,7.5
7861,2026-01-14 12:00:00,27.4,60,0.0,26.45,9.5,7.42
7862,2026-01-14 13:00:00,25.4,70,0.0,25.83,9.81,7.3
7863,2026-01-14 14:00:00,24.7,74,0.0,25.19,10.02,7.26
7864,2026-01-14 15:00:00,24.2,75,0.0,24.6,10.16,7.28
7865,2026-01-14 16:00:00,23.4,80,0.0,23.94,10.4,7.15
7866,2026-01-14 17:00:00,22.9,82,0.0,23.33,10.57,7.08
7867,2026-01-14 18:00:00,22.9,83,0.0,22.9,10.68,7.22
7868,2026-01-14 19:00:00,22.5,86,0.0,22.48,10.83,7.19
7869,2026-01-14 20:00:00,22.2,88,0.0,22.1,10.95,7.1
7870,2026-01-14 21:00:00,21.9,90,0.0,21.74,11.07,7.17
7871,2026-01-14 22:00:00,21.6,92,0.0,21.4,11.19,7.31
7872,2026-01-14 23:00:00,21.4,94,0.0,21.1,11.29,7.39
7873,2026-01-15 00:00:00,21.1,91,0.0,20.8,11.3,7.51
7874,2026-01-15 01:00:00,21.2,92,0.0,20.62,11.36,7.51
7875,2026-01-15 02:00:00,21.5,92,0.0,20.58,11.36,7.52
7876,2026-01-15 03:00:00,22.7,83,0.0,20.92,11.1,7.64
7877,2026-01-15 04:00:00,24.3,72,0.0,21.63,10.73,7.86
7878,2026-01-15 05:00:00,25.9,66,0.0,22.61,10.4,7.77
7879,2026-01-15 06:00:00,27.1,59,0.0,23.66,10.05,7.74
7880,2026-01-15 07:00:00,28.0,56,0.0,24.66,9.78,7.62
7881,2026-01-15 08:00:00,28.7,52,0.0,25.57,9.52,7.65
7882,2026-01-15 09:00:00,29.1,49,0.0,26.33,9.32,7.56
7883,2026-01-15 10:00:00,29.2,47,0.0,26.89,9.17,7.51
7884,2026-01-15 11:00:00,28.5,48,0.0,27.07,9.15,7.44
7885,2026-01-15 12:00:00,27.8,51,0.0,26.99,9.22,7.47
7886,2026-01-15 13:00:00,25.9,60,0.0,26.36,9.51,7.37
7887,2026-01-15 14:00:00,24.6,68,0.0,25.54,9.83,7.25
7888,2026-01-15 15:00:00,23.9,71,0.0,24.74,10.06,7.09
7889,2026-01-15 16:00:00,23.4,71,0.0,24.04,10.2,7.19
7890,2026-01-15 17:00:00,22.9,74,0.0,23.4,10.4,7.18
7891,2026-01-15 18:00:00,22.5,80,0.0,22.83,10.64,7.14
7892,2026-01-15 19:00:00,22.4,82,0.0,22.4,10.77,7.14
7893,2026-01-15 20:00:00,21.5,85,0.2,21.83,10.95,7.25
7894,2026-01-15 21:00:00,21.0,87,0.2,21.28,11.11,7.23
7895,2026-01-15 22:00:00,20.6,93,0.6,20.78,11.34,7.23
7896,2026-01-15 23:00:00,21.0,92,0.1,20.54,11.37,7.39
7897,2026-01-16 00:00:00,20.0,96,0.0,20.08,11.56,7.46
7898,2026-01-16 01:00:00,20.1,95,0.0,19.79,11.6,7.54
7899,2026-01-16 02:00:00,20.6,93,0.0,19.73,11.57,7.6
7900,2026-01-16 03:00:00,22.1,83,0.0,20.14,11.27,7.73
7901,2026-01-16 04:00:00,23.9,72,0.1,20.97,10.86,7.62
7902,2026-01-16 05:00:00,25.1,66,0.0,21.91,10.55,7.83
7903,2026-01-16 06:00:00,26.5,58,0.0,22.99,10.16,7.68
7904,2026-01-16 07:00:00,27.6,54,0.0,24.07,9.86,7.7
7905,2026-01-16 08:00:00,28.5,49,0.0,25.1,9.56,7.66
7906,2026-01-16 09:00:00,28.8,46,0.0,25.91,9.34,7.6
7907,2026-01-16 10:00:00,28.9,44,0.0,26.51,9.19,7.49
7908,2026-01-16 11:00:00,28.4,44,0.0,26.77,9.13,7.47
7909,2026-01-16 12:00:00,27.4,48,0.0,26.66,9.23,7.37
7910,2026-01-16 13:00:00,25.5,55,0.0,26.01,9.49,7.33
7911,2026-01-16 14:00:00,24.4,62,0.0,25.23,9.78,7.24
7912,2026-01-16 15:00:00,23.4,69,0.0,24.38,10.09,7.19
7913,2026-01-16 16:00:00,23.0,69,0.0,23.67,10.24,7.14
7914,2026-01-16 17:00:00,22.5,70,0.0,23.02,10.4,7.16
7915,2026-01-16 18:00:00,21.9,75,0.0,22.38,10.63,7.2
7916,2026-01-16 19:00:00,21.6,79,0.0,21.85,10.82,7.18
7917,2026-01-16 20:00:00,20.9,82,0.0,21.26,11.01,7.17
7918,2026-01-16 21:00:00,20.5,84,0.0,20.73,11.16,7.1
7919,2026-01-16 22:00:00,20.0,84,0.0,20.21,11.28,7.41
7920,2026-01-16 23:00:00,19.6,87,0.0,19.73,11.44,7.36
7921,2026-01-17 00:00:00,19.1,91,0.0,19.24,11.63,7.47
7922,2026-01-17 01:00:00,19.3,92,0.0,18.96,11.72,7.48
7923,2026-01-17 02:00:00,19.6,91,0.0,18.85,11.72,7.63
7924,2026-01-17 03:00:00,21.2,82,0.0,19.26,11.44,7.71
7925,2026-01-17 04:00:00,22.8,72,0.0,20.02,11.06,7.61
7926,2026-01-17 05:00:00,24.5,62,0.0,21.06,10.64,7.78
7927,2026-01-17 06:00:00,25.9,53,0.0,22.21,10.22,7.68
7928,2026-01-17 07:00:00,27.0,46,0.0,23.35,9.85,7.77
7929,2026-01-17 08:00:00,27.8,40,0.0,24.39,9.53,7.71
7930,2026-01-17 09:00:00,28.4,33,0.0,25.29,9.22,7.65
7931,2026-01-17 10:00:00,28.5,30,0.0,25.95,9.03,7.41
7932,2026-01-17 11:00:00,28.0,31,0.0,26.27,8.99,7.53
7933,2026-01-17 12:00:00,26.7,39,0.0,26.1,9.17,7.42
7934,2026-01-17 13:00:00,24.6,48,0.0,25.35,9.49,7.29
7935,2026-01-17 14:00:00,23.6,53,0.0,24.52,9.75,7.16
7936,2026-01-17 15:00:00,23.0,58,0.0,23.77,10.0,7.19
7937,2026-01-17 16:00:00,22.5,61,0.0,23.09,10.2,7.3
7938,2026-01-17 17:00:00,21.9,62,0.0,22.43,10.36,7.17
7939,2026-01-17 18:00:00,21.7,65,0.0,21.91,10.52,7.17
7940,2026-01-17 19:00:00,21.1,66,0.0,21.37,10.66,7.25
7941,2026-01-17 20:00:00,20.4,75,0.0,20.78,10.97,7.17
7942,2026-01-17 21:00:00,19.8,82,0.0,20.18,11.24,7.18
7943,2026-01-17 22:00:00,19.4,88,0.0,19.65,11.48,7.35
7944,2026-01-17 23:00:00,19.1,92,0.0,19.18,11.67,7.37
7945,2026-01-18 00:00:00,18.8,95,0.0,18.77,11.82,7.53
7946,2026-01-18 01:00:00,18.9,93,0.0,18.51,11.84,7.55
7947,2026-01-18 02:00:00,19.3,90,0.0,18.45,11.78,7.6
7948,2026-01-18 03:00:00,21.1,78,0.0,18.94,11.42,7.7
7949,2026-01-18 04:00:00,23.1,67,0.0,19.89,10.98,7.7
7950,2026-01-18 05:00:00,25.0,57,0.0,21.12,10.52,7.87
7951,2026-01-18 06:00:00,26.0,50,0.0,22.29,10.14,7.67
7952,2026-01-18 07:00:00,27.8,41,0.0,23.64,9.69,7.75
7953,2026-01-18 08:00:00,28.9,35,0.0,24.92,9.33,7.72
7954,2026-01-18 09:00:00,29.6,29,0.0,26.02,9.0,7.68
7955,2026-01-18 10:00:00,29.6,28,0.0,26.8,8.83,7.54
7956,2026-01-18 11:00:00,29.0,29,0.0,27.16,8.78,7.45
7957,2026-01-18 12:00:00,28.4,31,0.0,27.23,8.81,7.41
7958,2026-01-18 13:00:00,27.0,35,0.0,26.86,8.95,7.36
7959,2026-01-18 14:00:00,25.8,40,0.0,26.24,9.16,7.23
7960,2026-01-18 15:00:00,24.8,44,0.0,25.51,9.38,7.09
7961,2026-01-18 16:00:00,23.7,54,0.0,24.67,9.74,7.18
7962,2026-01-18 17:00:00,23.4,57,0.0,23.99,9.94,7.09
7963,2026-01-18 18:00:00,22.6,54,0.0,23.27,10.03,7.11
7964,2026-01-18 19:00:00,22.0,57,0.0,22.59,10.22,7.13
7965,2026-01-18 20:00:00,21.5,57,0.0,21.96,10.35,7.19
7966,2026-01-18 21:00:00,21.3,57,0.0,21.46,10.45,7.29
7967,2026-01-18 22:00:00,20.6,60,0.0,20.9,10.63,7.31
7968,2026-01-18 23:00:00,19.9,64,0.0,20.3,10.83,7.42
7969,2026-01-19 00:00:00,19.4,68,0.0,19.73,11.04,7.45
7970,2026-01-19 01:00:00,19.2,74,0.0,19.27,11.26,7.48
7971,2026-01-19 02:00:00,19.6,75,0.0,19.07,11.33,7.55
7972,2026-01-19 03:00:00,21.6,73,0.0,19.53,11.19,7.73
7973,2026-01-19 04:00:00,23.5,67,0.0,20.42,10.87,7.71
7974,2026-01-19 05:00:00,25.4,59,0.0,21.61,10.46,7.73
7975,2026-01-19 06:00:00,26.5,53,0.0,22.78,10.1,7.66
7976,2026-01-19 07:00:00,28.5,44,0.0,24.2,9.64,7.71
7977,2026-01-19 08:00:00,29.6,37,0.0,25.52,9.25,7.64
7978,2026-01-19 09:00:00,29.9,35,0.0,26.53,9.01,7.68
7979,2026-01-19 10:00:00,30.1,33,0.0,27.3,8.83,7.5
7980,2026-01-19 11:00:00,30.0,32,0.0,27.81,8.71,7.4
7981,2026-01-19 12:00:00,29.6,33,0.0,28.05,8.68,7.41
7982,2026-01-19 13:00:00,28.5,36,0.0,27.88,8.77,7.34
7983,2026-01-19 14:00:00,26.9,42,0.0,27.29,9.0,7.21
7984,2026-01-19 15:00:00,26.0,48,0.0,26.6,9.24,7.26
7985,2026-01-19 16:00:00,25.1,54,0.0,25.85,9.51,7.12
7986,2026-01-19 17:00:00,24.1,58,0.0,25.03,9.75,7.18
7987,2026-01-19 18:00:00,23.3,64,0.0,24.21,10.03,7.12
7988,2026-01-19 19:00:00,23.0,67,0.0,23.55,10.23,7.14
7989,2026-01-19 20:00:00,22.5,71,0.0,22.93,10.43,7.1
7990,2026-01-19 21:00:00,21.8,76,0.0,22.29,10.67,7.24
7991,2026-01-19 22:00:00,21.2,80,0.0,21.66,10.88,7.32
7992,2026-01-19 23:00:00,20.5,84,0.0,21.02,11.1,7.46
7993,2026-01-20 00:00:00,20.2,84,0.0,20.47,11.22,7.48
7994,2026-01-20 01:00:00,20.1,85,0.0,20.06,11.33,7.49
7995,2026-01-20 02:00:00,20.4,83,0.0,19.86,11.33,7.53
7996,2026-01-20 03:00:00,21.7,76,0.0,20.11,11.13,7.67
7997,2026-01-20 04:00:00,23.7,66,0.0,20.89,10.76,7.68
7998,2026-01-20 05:00:00,25.7,57,0.0,22.03,10.34,7.7
7999,2026-01-20 06:00:00,27.0,49,0.0,23.22,9.94,7.69
8000,2026-01-20 07:00:00,28.6,42,0.0,24.54,9.54,7.72
8001,2026-01-20 08:00:00,29.4,38,0.0,25.7,9.23,7.64
8002,2026-01-20 09:00:00,29.9,35,0.0,26.66,8.99,7.62
8003,2026-01-20 10:00:00,30.0,34,0.0,27.36,8.84,7.57
8004,2026-01-20 11:00:00,29.6,34,0.0,27.73,8.76,7.46
8005,2026-01-20 12:00:00,28.9,35,0.0,27.78,8.77,7.42
8006,2026-01-20 13:00:00,27.4,37,0.0,27.37,8.89,7.25
8007,2026-01-20 14:00:00,26.1,41,0.0,26.69,9.1,7.29
8008,2026-01-20 15:00:00,25.2,44,0.0,25.94,9.3,7.21
8009,2026-01-20 16:00:00,24.4,47,0.0,25.18,9.51,7.11
8010,2026-01-20 17:00:00,23.2,53,0.0,24.29,9.8,7.12
8011,2026-01-20 18:00:00,22.4,65,0.0,23.42,10.21,7.15
8012,2026-01-20 19:00:00,21.9,71,0.0,22.66,10.49,7.13
8013,2026-01-20 20:00:00,21.1,78,0.0,21.89,10.79,7.25
8014,2026-01-20 21:00:00,20.5,84,0.0,21.18,11.07,7.2
8015,2026-01-20 22:00:00,20.2,85,0.0,20.58,11.22,7.29
8016,2026-01-20 23:00:00,19.6,88,0.0,19.99,11.41,7.33
8017,2026-01-21 00:00:00,18.9,91,0.0,19.36,11.61,7.5
8018,2026-01-21 01:00:00,19.2,88,0.0,19.01,11.62,7.6
8019,2026-01-21 02:00:00,19.6,86,0.0,18.89,11.6,7.6
8020,2026-01-21 03:00:00,20.7,80,0.0,19.13,11.42,7.7
8021,2026-01-21 04:00:00,22.7,66,0.0,19.9,10.96,7.73
8022,2026-01-21 05:00:00,24.3,56,0.0,20.92,10.54,7.83
8023,2026-01-21 06:00:00,25.6,50,0.0,22.03,10.19,7.71
8024,2026-01-21 07:00:00,27.2,44,0.0,23.28,9.83,7.74
8025,2026-01-21 08:00:00,28.3,37,0.0,24.48,9.45,7.64
8026,2026-01-21 09:00:00,28.9,33,0.0,25.51,9.18,7.59
8027,2026-01-21 10:00:00,29.0,31,0.0,26.26,8.99,7.64
8028,2026-01-21 11:00:00,28.6,31,0.0,26.66,8.92,7.51
8029,2026-01-21 12:00:00,28.0,34,0.0,26.76,8.95,7.41
8030,2026-01-21 13:00:00,26.8,37,0.0,26.47,9.06,7.36
8031,2026-01-21 14:00:00,25.5,42,0.0,25.88,9.27,7.32
8032,2026-01-21 15:00:00,24.6,44,0.0,25.2,9.45,7.17
8033,2026-01-21 16:00:00,24.0,47,0.0,24.54,9.63,7.21
8034,2026-01-21 17:00:00,23.2,51,0.0,23.84,9.85,7.07
8035,2026-01-21 18:00:00,22.4,56,0.0,23.11,10.1,7.12
8036,2026-01-21 19:00:00,22.0,60,0.0,22.47,10.31,7.18
8037,2026-01-21 20:00:00,21.1,68,0.0,21.76,10.62,7.13
8038,2026-01-21 21:00:00,20.5,73,0.0,21.08,10.86,7.2
8039,2026-01-21 22:00:00,20.2,77,0.0,20.52,11.06,7.14
8040,2026-01-21 23:00:00,19.9,81,0.0,20.03,11.25,7.32
8041,2026-01-22 00:00:00,19.1,85,0.0,19.45,11.46,7.44
8042,2026-01-22 01:00:00,18.9,88,0.0,18.99,11.62,7.52
8043,2026-01-22 02:00:00,19.1,86,0.0,18.72,11.64,7.55
8044,2026-01-22 03:00:00,20.8,77,0.0,19.04,11.37,7.69
8045,2026-01-22 04:00:00,22.7,65,0.0,19.84,10.95,7.76
8046,2026-01-22 05:00:00,24.1,55,0.0,20.82,10.54,7.74
8047,2026-01-22 06:00:00,25.5,43,0.0,21.92,10.07,7.76
8048,2026-01-22 07:00:00,27.0,34,0.0,23.15,9.65,7.75
8049,2026-01-22 08:00:00,28.0,30,0.0,24.3,9.35,7.56
8050,2026-01-22 09:00:00,28.5,28,0.0,25.26,9.13,7.7
8051,2026-01-22 10:00:00,28.5,26,0.0,25.93,8.96,7.45
8052,2026-01-22 11:00:00,28.2,26,0.0,26.31,8.89,7.57
8053,2026-01-22 12:00:00,27.5,28,0.0,26.37,8.92,7.3
8054,2026-01-22 13:00:00,25.9,34,0.0,25.93,9.11,7.25
8055,2026-01-22 14:00:00,25.0,37,0.0,25.35,9.28,7.28
8056,2026-01-22 15:00:00,24.3,38,0.0,24.73,9.42,7.2
8057,2026-01-22 16:00:00,23.6,41,0.0,24.09,9.61,7.12
8058,2026-01-22 17:00:00,23.0,46,0.0,23.47,9.83,7.11
8059,2026-01-22 18:00:00,22.2,51,0.0,22.79,10.06,7.14
8060,2026-01-22 19:00:00,21.5,58,0.0,22.1,10.34,7.23
8061,2026-01-22 20:00:00,20.8,69,0.0,21.41,10.71,7.22
8062,2026-01-22 21:00:00,20.4,74,0.0,20.81,10.94,7.25
8063,2026-01-22 22:00:00,20.2,77,0.0,20.33,11.1,7.35
8064,2026-01-22 23:00:00,19.5,82,0.0,19.78,11.33,7.35
8065,2026-01-23 00:00:00,18.9,87,0.0,19.21,11.55,7.47
8066,2026-01-23 01:00:00,18.7,88,0.0,18.76,11.67,7.47
8067,2026-01-23 02:00:00,19.0,87,0.0,18.53,11.7,7.71
8068,2026-01-23 03:00:00,20.9,75,0.0,18.94,11.35,7.69
8069,2026-01-23 04:00:00,22.9,62,0.0,19.83,10.89,7.67
8070,2026-01-23 05:00:00,24.8,51,0.0,21.02,10.42,7.77
8071,2026-01-23 06:00:00,26.2,44,0.0,22.27,10.02,7.77
8072,2026-01-23 07:00:00,27.8,37,0.0,23.63,9.62,7.74
8073,2026-01-23 08:00:00,28.8,32,0.0,24.88,9.28,7.69
8074,2026-01-23 09:00:00,29.5,29,0.0,25.97,9.01,7.55
8075,2026-01-23 10:00:00,29.5,28,0.0,26.73,8.85,7.55
8076,2026-01-23 11:00:00,29.0,27,0.0,27.11,8.76,7.39
8077,2026-01-23 12:00:00,28.3,30,0.0,27.17,8.8,7.41
8078,2026-01-23 13:00:00,26.9,32,0.0,26.79,8.91,7.36
8079,2026-01-23 14:00:00,25.9,35,0.0,26.22,9.08,7.19
8080,2026-01-23 15:00:00,25.1,36,0.0,25.58,9.22,7.19
8081,2026-01-23 16:00:00,24.4,38,0.0,24.93,9.38,7.28
8082,2026-01-23 17:00:00,23.6,41,0.0,24.23,9.58,7.12
8083,2026-01-23 18:00:00,23.2,43,0.0,23.62,9.74,7.13
8084,2026-01-23 19:00:00,22.6,57,0.0,23.01,10.14,7.09
8085,2026-01-23 20:00:00,21.8,66,0.0,22.35,10.45,7.14
8086,2026-01-23 21:00:00,21.5,68,0.0,21.8,10.61,7.23
8087,2026-01-23 22:00:00,21.4,71,0.0,21.38,10.76,7.29
8088,2026-01-23 23:00:00,20.9,75,0.0,20.93,10.93,7.34
8089,2026-01-24 00:00:00,20.2,87,0.0,20.41,11.3,7.46
8090,2026-01-24 01:00:00,20.1,89,0.0,20.02,11.42,7.48
8091,2026-01-24 02:00:00,20.5,86,0.0,19.86,11.39,7.65
8092,2026-01-24 03:00:00,22.2,77,0.0,20.26,11.12,7.67
8093,2026-01-24 04:00:00,24.7,61,0.0,21.3,10.57,7.64
8094,2026-01-24 05:00:00,26.7,51,0.0,22.62,10.1,7.74
8095,2026-01-24 06:00:00,27.5,47,0.0,23.78,9.78,7.78
8096,2026-01-24 07:00:00,29.1,42,0.0,25.08,9.43,7.69
8097,2026-01-24 08:00:00,30.4,38,0.0,26.37,9.1,7.67
8098,2026-01-24 09:00:00,30.6,38,0.0,27.34,8.91,7.51
8099,2026-01-24 10:00:00,29.9,41,0.0,27.81,8.88,7.49
8100,2026-01-24 11:00:00,28.8,45,0.0,27.81,8.95,7.46
8101,2026-01-24 12:00:00,28.8,47,0.0,27.8,8.98,7.35
8102,2026-01-24 13:00:00,27.5,53,0.0,27.41,9.17,7.38
8103,2026-01-24 14:00:00,26.5,58,0.0,26.84,9.38,7.21
8104,2026-01-24 15:00:00,24.9,69,0.0,25.96,9.77,7.24
8105,2026-01-24 16:00:00,24.1,74,0.0,25.1,10.04,7.1
8106,2026-01-24 17:00:00,24.0,73,0.0,24.47,10.15,7.06
8107,2026-01-24 18:00:00,23.5,75,0.0,23.88,10.32,7.19
8108,2026-01-24 19:00:00,23.3,76,0.0,23.41,10.43,7.16
8109,2026-01-24 20:00:00,23.1,77,0.0,23.01,10.54,7.12
8110,2026-01-24 21:00:00,22.9,77,0.0,22.68,10.61,7.16
8111,2026-01-24 22:00:00,22.7,76,0.0,22.39,10.65,7.33
8112,2026-01-24 23:00:00,22.5,76,0.0,22.12,10.71,7.36
8113,2026-01-25 00:00:00,22.5,74,0.0,21.93,10.7,7.25
8114,2026-01-25 01:00:00,22.4,74,0.0,21.77,10.74,7.5
8115,2026-01-25 02:00:00,23.0,71,0.0,21.84,10.66,7.52
8116,2026-01-25 03:00:00,23.5,69,0.0,22.04,10.58,7.64
8117,2026-01-25 04:00:00,24.1,67,0.0,22.36,10.47,7.67
8118,2026-01-25 05:00:00,24.9,64,0.0,22.82,10.32,7.73
8119,2026-01-25 06:00:00,25.7,61,0.0,23.38,10.14,7.72
8120,2026-01-25 07:00:00,26.5,58,0.0,24.02,9.95,7.69
8121,2026-01-25 08:00:00,27.1,55,0.0,24.64,9.77,7.7
8122,2026-01-25 09:00:00,27.1,55,0.0,25.08,9.68,7.61
8123,2026-01-25 10:00:00,28.0,53,0.0,25.66,9.53,7.61
8124,2026-01-25 11:00:00,27.7,53,0.0,25.97,9.46,7.48
8125,2026-01-25 12:00:00,27.2,55,0.0,26.04,9.49,7.28
8126,2026-01-25 13:00:00,26.5,57,0.0,25.88,9.56,7.31
8127,2026-01-25 14:00:00,25.6,62,0.0,25.49,9.73,7.24
8128,2026-01-25 15:00:00,24.9,68,0.0,25.02,9.94,7.26
8129,2026-01-25 16:00:00,24.1,73,0.0,24.44,10.16,7.21
8130,2026-01-25 17:00:00,23.5,77,0.0,23.86,10.36,7.1
8131,2026-01-25 18:00:00,23.4,79,0.0,23.42,10.49,7.12
8132,2026-01-25 19:00:00,23.6,78,0.0,23.17,10.52,7.17
8133,2026-01-25 20:00:00,22.9,81,0.0,22.79,10.66,7.15
8134,2026-01-25 21:00:00,22.0,87,0.3,22.25,10.9,7.12
8135,2026-01-25 22:00:00,21.6,91,0.9,21.76,11.09,7.25
8136,2026-01-25 23:00:00,21.1,91,0.4,21.26,11.2,7.4
8137,2026-01-26 00:00:00,21.9,86,0.1,21.15,11.12,7.56
8138,2026-01-26 01:00:00,21.8,87,0.0,21.05,11.16,7.53
8139,2026-01-26 02:00:00,22.3,83,0.0,21.12,11.06,7.63
8140,2026-01-26 03:00:00,23.6,74,0.0,21.57,10.78,7.77
8141,2026-01-26 04:00:00,24.2,71,0.0,22.06,10.62,7.73
8142,2026-01-26 05:00:00,24.5,70,0.0,22.49,10.51,7.67
8143,2026-01-26 06:00:00,23.9,73,0.0,22.61,10.54,7.76
8144,2026-01-26 07:00:00,24.2,71,0.1,22.79,10.46,7.77
8145,2026-01-26 08:00:00,24.7,69,0.0,23.06,10.37,7.65
8146,2026-01-26 09:00:00,25.2,66,0.0,23.4,10.24,7.62
8147,2026-01-26 10:00:00,26.2,62,0.0,23.94,10.05,7.55
8148,2026-01-26 11:00:00,26.3,62,0.0,24.35,9.96,7.48
8149,2026-01-26 12:00:00,25.2,64,0.0,24.3,10.01,7.46
8150,2026-01-26 13:00:00,24.5,67,0.0,24.06,10.12,7.21
8151,2026-01-26 14:00:00,24.3,70,0.0,23.83,10.23,7.26
8152,2026-01-26 15:00:00,23.9,72,0.0,23.55,10.32,7.22
8153,2026-01-26 16:00:00,23.4,74,0.0,23.21,10.44,7.18
8154,2026-01-26 17:00:00,23.1,74,0.0,22.88,10.51,7.28
8155,2026-01-26 18:00:00,22.0,88,0.1,22.31,10.91,7.08
8156,2026-01-26 19:00:00,22.0,86,0.1,21.92,10.95,7.13
8157,2026-01-26 20:00:00,21.9,86,0.1,21.61,11.02,7.3
8158,2026-01-26 21:00:00,21.9,83,0.0,21.4,11.0,7.24
8159,2026-01-26 22:00:00,21.5,84,0.0,21.13,11.08,7.27
8160,2026-01-26 23:00:00,21.6,84,0.0,20.97,11.11,7.4
8161,2026-01-27 00:00:00,21.4,90,0.0,20.8,11.28,7.4
8162,2026-01-27 01:00:00,21.4,89,0.0,20.68,11.28,7.56
8163,2026-01-27 02:00:00,22.0,84,0.0,20.78,11.16,7.57
8164,2026-01-27 03:00:00,23.3,79,0.0,21.23,10.95,7.63
8165,2026-01-27 04:00:00,24.8,70,0.0,22.0,10.61,7.74
8166,2026-01-27 05:00:00,26.0,61,0.0,22.9,10.24,7.72
8167,2026-01-27 06:00:00,27.1,57,0.0,23.86,9.97,7.66
8168,2026-01-27 07:00:00,28.0,52,0.2,24.8,9.68,7.66
8169,2026-01-27 08:00:00,28.8,50,0.3,25.7,9.46,7.6
8170,2026-01-27 09:00:00,29.5,47,0.1,26.54,9.24,7.62
8171,2026-01-27 10:00:00,30.0,43,0.0,27.28,9.02,7.5
8172,2026-01-27 11:00:00,29.5,41,0.0,27.65,8.91,7.42
8173,2026-01-27 12:00:00,28.8,41,0.0,27.69,8.9,7.36
8174,2026-01-27 13:00:00,27.1,50,0.0,27.21,9.16,7.4
8175,2026-01-27 14:00:00,26.4,56,0.0,26.67,9.38,7.31
8176,2026-01-27 15:00:00,25.8,57,0.0,26.11,9.51,7.18
8177,2026-01-27 16:00:00,24.5,64,0.0,25.33,9.8,7.16
8178,2026-01-27 17:00:00,23.8,70,0.0,24.57,10.07,7.09
8179,2026-01-27 18:00:00,23.2,75,0.0,23.86,10.32,7.04
8180,2026-01-27 19:00:00,22.9,76,0.0,23.27,10.46,7.16
8181,2026-01-27 20:00:00,22.4,75,0.0,22.71,10.56,7.17
8182,2026-01-27 21:00:00,21.8,76,0.0,22.14,10.7,7.16
8183,2026-01-27 22:00:00,21.3,76,0.0,21.59,10.82,7.27
8184,2026-01-27 23:00:00,20.9,79,0.0,21.08,10.99,7.44
8185,2026-01-28 00:00:00,20.4,87,0.0,20.58,11.26,7.46
8186,2026-01-28 01:00:00,20.4,89,0.0,20.22,11.38,7.54
8187,2026-01-28 02:00:00,20.7,88,0.0,20.07,11.39,7.59
8188,2026-01-28 03:00:00,22.4,78,0.0,20.47,11.1,7.66
8189,2026-01-28 04:00:00,24.7,65,0.0,21.44,10.62,7.61
8190,2026-01-28 05:00:00,26.4,58,0.0,22.63,10.24,7.64
8191,2026-01-28 06:00:00,27.7,52,0.0,23.85,9.87,7.75
8192,2026-01-28 07:00:00,29.0,46,0.0,25.09,9.5,7.75
8193,2026-01-28 08:00:00,29.9,41,0.0,26.24,9.18,7.75
8194,2026-01-28 09:00:00,30.5,37,0.0,27.21,8.92,7.68
8195,2026-01-28 10:00:00,30.5,37,0.0,27.9,8.79,7.64
8196,2026-01-28 11:00:00,30.0,38,0.0,28.23,8.74,7.45
8197,2026-01-28 12:00:00,29.0,41,0.0,28.16,8.81,7.47
8198,2026-01-28 13:00:00,27.2,48,0.0,27.57,9.05,7.28
8199,2026-01-28 14:00:00,25.9,54,0.0,26.77,9.32,7.3
8200,2026-01-28 15:00:00,25.3,57,0.0,26.03,9.53,7.11
8201,2026-01-28 16:00:00,24.7,59,0.0,25.33,9.71,7.15
8202,2026-01-28 17:00:00,24.1,61,0.0,24.66,9.88,7.19
8203,2026-01-28 18:00:00,23.5,68,0.0,24.01,10.15,7.1
8204,2026-01-28 19:00:00,22.9,73,0.0,23.38,10.38,7.11
8205,2026-01-28 20:00:00,22.2,77,0.0,22.73,10.6,7.15
8206,2026-01-28 21:00:00,21.7,81,0.0,22.12,10.81,7.32
8207,2026-01-28 22:00:00,21.1,85,0.0,21.51,11.02,7.25
8208,2026-01-28 23:00:00,20.6,88,0.0,20.94,11.2,7.41
8209,2026-01-29 00:00:00,20.1,88,0.0,20.39,11.32,7.39
8210,2026-01-29 01:00:00,20.2,87,0.0,20.03,11.38,7.53
8211,2026-01-29 02:00:00,20.6,86,0.0,19.9,11.38,7.6
8212,2026-01-29 03:00:00,21.6,81,0.1,20.11,11.23,7.65
8213,2026-01-29 04:00:00,23.3,70,0.1,20.77,10.86,7.63
8214,2026-01-29 05:00:00,25.4,59,0.0,21.86,10.41,7.78
8215,2026-01-29 06:00:00,26.8,51,0.0,23.04,10.01,7.75
8216,2026-01-29 07:00:00,28.1,45,0.0,24.26,9.65,7.68
8217,2026-01-29 08:00:00,29.0,40,0.0,25.38,9.33,7.69
8218,2026-01-29 09:00:00,29.8,35,0.0,26.41,9.04,7.58
8219,2026-01-29 10:00:00,30.0,33,0.0,27.18,8.85,7.66
8220,2026-01-29 11:00:00,29.6,34,0.0,27.61,8.79,7.46
8221,2026-01-29 12:00:00,28.7,37,0.0,27.64,8.84,7.44
8222,2026-01-29 13:00:00,27.2,42,0.0,27.21,9.01,7.34
8223,2026-01-29 14:00:00,26.0,47,0.0,26.54,9.24,7.22
8224,2026-01-29 15:00:00,25.0,51,0.0,25.78,9.46,7.16
8225,2026-01-29 16:00:00,24.4,52,0.0,25.07,9.63,7.1
8226,2026-01-29 17:00:00,23.6,55,0.0,24.33,9.83,7.1
8227,2026-01-29 18:00:00,22.9,60,0.0,23.6,10.08,7.1
8228,2026-01-29 19:00:00,22.2,64,0.0,22.88,10.3,7.2
8229,2026-01-29 20:00:00,21.5,68,0.0,22.17,10.53,7.19
8230,2026-01-29 21:00:00,20.8,73,0.0,21.46,10.78,7.19
8231,2026-01-29 22:00:00,20.4,77,0.0,20.84,11.0,7.26
8232,2026-01-29 23:00:00,20.0,80,0.0,20.29,11.18,7.39
8233,2026-01-30 00:00:00,20.1,82,0.0,19.93,11.29,7.37
8234,2026-01-30 01:00:00,20.0,83,0.0,19.65,11.37,7.61
8235,2026-01-30 02:00:00,20.3,82,0.0,19.55,11.37,7.55
8236,2026-01-30 03:00:00,22.0,74,0.0,19.98,11.11,7.64
8237,2026-01-30 04:00:00,24.1,63,0.0,20.92,10.69,7.71
8238,2026-01-30 05:00:00,26.0,53,0.0,22.14,10.23,7.69
8239,2026-01-30 06:00:00,27.2,47,0.0,23.36,9.87,7.72
8240,2026-01-30 07:00:00,28.6,39,0.0,24.63,9.46,7.78
8241,2026-01-30 08:00:00,29.6,34,0.0,25.82,9.13,7.67
8242,2026-01-30 09:00:00,30.3,30,0.0,26.87,8.86,7.59
8243,2026-01-30 10:00:00,30.5,28,0.0,27.66,8.67,7.5
8244,2026-01-30 11:00:00,30.2,28,0.0,28.12,8.58,7.47
8245,2026-01-30 12:00:00,29.4,30,0.0,28.2,8.6,7.32
8246,2026-01-30 13:00:00,27.9,35,0.0,27.81,8.77,7.25
8247,2026-01-30 14:00:00,26.9,38,0.0,27.24,8.93,7.2
8248,2026-01-30 15:00:00,25.9,40,0.0,26.54,9.11,7.17
8249,2026-01-30 16:00:00,25.0,44,0.0,25.78,9.33,7.21
8250,2026-01-30 17:00:00,23.6,52,0.0,24.82,9.67,7.06
8251,2026-01-30 18:00:00,23.0,61,0.0,23.98,10.02,7.13
8252,2026-01-30 19:00:00,22.2,68,0.0,23.14,10.33,7.14
8253,2026-01-30 20:00:00,21.5,72,0.0,22.35,10.58,7.27
8254,2026-01-30 21:00:00,20.9,76,0.0,21.62,10.81,7.2
8255,2026-01-30 22:00:00,20.2,81,0.0,20.89,11.07,7.23
8256,2026-01-30 23:00:00,19.7,84,0.0,20.23,11.27,7.35
8257,2026-01-31 00:00:00,19.3,87,0.0,19.65,11.46,7.5
8258,2026-01-31 01:00:00,19.5,85,0.0,19.31,11.49,7.56
8259,2026-01-31 02:00:00,19.9,82,0.0,19.19,11.45,7.6
8260,2026-01-31 03:00:00,21.5,73,0.0,19.58,11.18,7.63
8261,2026-01-31 04:00:00,23.6,62,0.0,20.49,10.75,7.8
8262,2026-01-31 05:00:00,25.8,48,0.0,21.78,10.2,7.77
8263,2026-01-31 06:00:00,27.0,39,0.0,23.05,9.77,7.7
8264,2026-01-31 07:00:00,28.8,31,0.0,24.47,9.34,7.76
8265,2026-01-31 08:00:00,29.9,24,0.0,25.8,8.95,7.7
8266,2026-01-31 09:00:00,30.5,20,0.0,26.91,8.66,7.58
8267,2026-01-31 10:00:00,30.6,20,0.0,27.72,8.51,7.51
8268,2026-01-31 11:00:00,30.2,21,0.0,28.16,8.45,7.56
8269,2026-01-31 12:00:00,29.3,25,0.0,28.2,8.51,7.39
8270,2026-01-31 13:00:00,27.5,31,0.0,27.69,8.72,7.22
8271,2026-01-31 14:00:00,26.2,34,0.0,26.94,8.92,7.27
8272,2026-01-31 15:00:00,25.4,37,0.0,26.18,9.12,7.22
8273,2026-01-31 16:00:00,24.2,46,0.0,25.29,9.47,7.22
8274,2026-01-31 17:00:00,23.4,55,0.0,24.42,9.81,7.08
8275,2026-01-31 18:00:00,23.0,62,0.0,23.69,10.1,7.22
8276,2026-01-31 19:00:00,23.0,63,0.0,23.19,10.22,7.12
8277,2026-01-31 20:00:00,22.8,64,0.0,22.77,10.33,7.2
8278,2026-01-31 21:00:00,22.2,66,0.0,22.3,10.46,7.21
8279,2026-01-31 22:00:00,21.9,68,0.0,21.88,10.59,7.3
8280,2026-01-31 23:00:00,21.6,70,0.0,21.5,10.71,7.46
8281,2026-02-01 00:00:00,21.4,72,0.0,21.17,10.82,7.52
8282,2026-02-01 01:00:00,21.1,74,0.0,20.85,10.93,7.54
8283,2026-02-01 02:00:00,21.5,72,0.0,20.74,10.91,7.68
8284,2026-02-01 03:00:00,23.0,67,0.0,21.12,10.73,7.6
8285,2026-02-01 04:00:00,24.8,56,0.0,21.92,10.34,7.69
8286,2026-02-01 05:00:00,26.6,47,0.0,23.03,9.93,7.73
8287,2026-02-01 06:00:00,27.8,42,0.0,24.16,9.61,7.69
8288,2026-02-01 07:00:00,28.5,41,0.0,25.16,9.4,7.64
8289,2026-02-01 08:00:00,28.5,42,0.0,25.86,9.28,7.63
8290,2026-02-01 09:00:00,29.9,41,0.0,26.77,9.08,7.56
8291,2026-02-01 10:00:00,30.0,42,0.0,27.44,8.97,7.51
8292,2026-02-01 11:00:00,29.8,43,0.0,27.85,8.9,7.53
8293,2026-02-01 12:00:00,29.3,45,0.0,27.98,8.91,7.42
8294,2026-02-01 13:00:00,28.7,47,0.0,27.9,8.97,7.26
8295,2026-02-01 14:00:00,27.6,51,0.0,27.51,9.12,7.1
8296,2026-02-01 15:00:00,27.1,52,0.0,27.09,9.22,7.16
8297,2026-02-01 16:00:00,25.5,68,0.0,26.31,9.67,7.16
8298,2026-02-01 17:00:00,24.1,77,0.0,25.35,10.05,7.15
8299,2026-02-01 18:00:00,24.1,79,0.0,24.67,10.23,7.12
8300,2026-02-01 19:00:00,23.8,82,0.0,24.11,10.4,7.18
8301,2026-02-01 20:00:00,23.2,84,0.0,23.54,10.57,7.19
8302,2026-02-01 21:00:00,22.9,85,0.1,23.05,10.69,7.16
8303,2026-02-01 22:00:00,22.8,85,0.1,22.67,10.77,7.26
8304,2026-02-01 23:00:00,22.5,86,0.0,22.32,10.87,7.4
8305,2026-02-02 00:00:00,21.4,91,0.0,21.74,11.09,7.45
8306,2026-02-02 01:00:00,21.5,89,0.0,21.37,11.13,7.54
8307,2026-02-02 02:00:00,21.6,85,0.0,21.14,11.1,7.62
8308,2026-02-02 03:00:00,23.0,77,0.0,21.4,10.88,7.69
8309,2026-02-02 04:00:00,24.9,66,0.0,22.15,10.5,7.73
8310,2026-02-02 05:00:00,26.8,55,0.0,23.24,10.05,7.78
8311,2026-02-02 06:00:00,28.2,50,0.0,24.43,9.71,7.79
8312,2026-02-02 07:00:00,29.9,43,0.0,25.77,9.31,7.65
8313,2026-02-02 08:00:00,30.3,41,0.0,26.83,9.07,7.67
8314,2026-02-02 09:00:00,30.7,40,0.0,27.69,8.88,7.51
8315,2026-02-02 10:00:00,30.7,39,0.0,28.29,8.74,7.64
8316,2026-02-02 11:00:00,30.5,38,0.0,28.66,8.66,7.46
8317,2026-02-02 12:00:00,30.1,38,0.0,28.79,8.63,7.36
8318,2026-02-02 13:00:00,28.9,42,0.0,28.52,8.75,7.33
8319,2026-02-02 14:00:00,27.7,44,0.0,27.98,8.9,7.28
8320,2026-02-02 15:00:00,26.9,47,0.0,27.35,9.07,7.16
8321,2026-02-02 16:00:00,26.1,50,0.0,26.68,9.26,7.12
8322,2026-02-02 17:00:00,25.0,55,0.0,25.87,9.52,7.2
8323,2026-02-02 18:00:00,24.5,60,0.0,25.16,9.76,7.14
8324,2026-02-02 19:00:00,23.4,69,0.0,24.33,10.1,7.14
8325,2026-02-02 20:00:00,22.5,73,0.0,23.48,10.36,7.22
8326,2026-02-02 21:00:00,22.0,76,0.0,22.74,10.58,7.16
8327,2026-02-02 22:00:00,21.5,79,0.0,22.07,10.78,7.34
8328,2026-02-02 23:00:00,21.1,81,0.0,21.48,10.94,7.4
8329,2026-02-03 00:00:00,20.5,85,0.0,20.88,11.15,7.45
8330,2026-02-03 01:00:00,20.4,86,0.0,20.44,11.27,7.49
8331,2026-02-03 02:00:00,20.7,85,0.0,20.22,11.3,7.57
8332,2026-02-03 03:00:00,22.2,76,0.0,20.51,11.04,7.65
8333,2026-02-03 04:00:00,24.2,65,0.0,21.32,10.65,7.8
8334,2026-02-03 05:00:00,26.1,56,0.0,22.45,10.23,7.71
8335,2026-02-03 06:00:00,28.0,47,0.0,23.82,9.78,7.75
8336,2026-02-03 07:00:00,29.5,42,0.0,25.22,9.4,7.68
8337,2026-02-03 08:00:00,30.5,39,0.0,26.51,9.09,7.74
8338,2026-02-03 09:00:00,31.0,38,0.0,27.55,8.87,7.61
8339,2026-02-03 10:00:00,31.4,35,0.0,28.41,8.65,7.48
8340,2026-02-03 11:00:00,30.6,36,0.0,28.77,8.6,7.44
8341,2026-02-03 12:00:00,29.9,38,0.0,28.81,8.63,7.25
8342,2026-02-03 13:00:00,28.7,41,0.0,28.47,8.74,7.41
8343,2026-02-03 14:00:00,27.7,39,0.0,27.94,8.81,7.3
8344,2026-02-03 15:00:00,27.4,40,0.0,27.48,8.92,7.13
8345,2026-02-03 16:00:00,26.0,51,0.0,26.74,9.27,7.19
8346,2026-02-03 17:00:00,25.1,57,0.0,25.94,9.54,7.08
8347,2026-02-03 18:00:00,24.4,64,0.0,25.18,9.83,7.17
8348,2026-02-03 19:00:00,23.9,66,0.0,24.5,10.01,7.18
8349,2026-02-03 20:00:00,23.1,69,0.0,23.78,10.22,7.14
8350,2026-02-03 21:00:00,22.4,73,0.0,23.06,10.45,7.31
8351,2026-02-03 22:00:00,21.5,78,0.0,22.3,10.71,7.13
8352,2026-02-03 23:00:00,21.0,83,0.0,21.61,10.96,7.4
8353,2026-02-04 00:00:00,20.5,86,0.0,20.97,11.15,7.44
8354,2026-02-04 01:00:00,20.5,85,0.0,20.53,11.23,7.47
8355,2026-02-04 02:00:00,20.5,84,0.0,20.22,11.27,7.66
8356,2026-02-04 03:00:00,22.0,75,0.0,20.46,11.03,7.72
8357,2026-02-04 04:00:00,23.9,62,0.0,21.19,10.61,7.7
8358,2026-02-04 05:00:00,26.0,49,0.0,22.33,10.11,7.8
8359,2026-02-04 06:00:00,27.4,40,0.0,23.55,9.69,7.75
8360,2026-02-04 07:00:00,28.9,32,0.0,24.86,9.28,7.66
8361,2026-02-04 08:00:00,29.9,27,0.0,26.07,8.95,7.66
8362,2026-02-04 09:00:00,30.5,25,0.0,27.1,8.72,7.71
8363,2026-02-04 10:00:00,30.6,24,0.0,27.85,8.56,7.56
8364,2026-02-04 11:00:00,30.0,25,0.0,28.19,8.51,7.48
8365,2026-02-04 12:00:00,29.2,32,0.0,28.2,8.64,7.31
8366,2026-02-04 13:00:00,27.8,39,0.0,27.78,8.85,7.38
8367,2026-02-04 14:00:00,27.1,42,0.0,27.27,9.0,7.3
8368,2026-02-04 15:00:00,26.6,44,0.0,26.77,9.13,7.22
8369,2026-02-04 16:00:00,26.0,47,0.0,26.24,9.3,7.14
8370,2026-02-04 17:00:00,25.2,55,0.0,25.63,9.57,7.11
8371,2026-02-04 18:00:00,24.6,62,0.0,25.02,9.83,7.09
8372,2026-02-04 19:00:00,23.7,69,0.0,24.32,10.11,7.08
8373,2026-02-04 20:00:00,22.6,79,0.0,23.51,10.47,7.19
8374,2026-02-04 21:00:00,21.8,85,0.0,22.69,10.77,7.27
8375,2026-02-04 22:00:00,21.3,89,0.0,21.98,11.0,7.37
8376,2026-02-04 23:00:00,21.2,91,0.1,21.44,11.16,7.28
8377,2026-02-05 00:00:00,21.4,89,0.0,21.13,11.18,7.42
8378,2026-02-05 01:00:00,21.2,87,0.0,20.85,11.2,7.52
8379,2026-02-05 02:00:00,21.5,83,0.0,20.75,11.14,7.69
8380,2026-02-05 03:00:00,23.0,74,0.0,21.12,10.87,7.7
8381,2026-02-05 04:00:00,24.7,62,0.0,21.9,10.47,7.7
8382,2026-02-05 05:00:00,26.6,51,0.0,23.01,10.02,7.68
8383,2026-02-05 06:00:00,27.7,46,0.0,24.11,9.7,7.7
8384,2026-02-05 07:00:00,30.0,39,0.0,25.58,9.28,7.73
8385,2026-02-05 08:00:00,29.9,39,0.0,26.58,9.08,7.59
8386,2026-02-05 09:00:00,30.0,38,0.0,27.3,8.92,7.61
8387,2026-02-05 10:00:00,31.0,35,0.0,28.11,8.71,7.48
8388,2026-02-05 11:00:00,30.8,36,0.0,28.62,8.63,7.49
8389,2026-02-05 12:00:00,28.9,44,0.0,28.4,8.81,7.3
8390,2026-02-05 13:00:00,27.3,53,0.0,27.77,9.1,7.28
8391,2026-02-05 14:00:00,25.6,62,0.0,26.82,9.46,7.22
8392,2026-02-05 15:00:00,25.1,66,0.0,26.0,9.7,7.24
8393,2026-02-05 16:00:00,24.8,68,0.0,25.34,9.87,7.2
8394,2026-02-05 17:00:00,24.5,70,0.0,24.79,10.03,7.19
8395,2026-02-05 18:00:00,24.0,72,0.0,24.25,10.18,7.06
8396,2026-02-05 19:00:00,23.7,75,0.0,23.79,10.33,7.12
8397,2026-02-05 20:00:00,23.0,78,0.0,23.25,10.51,7.18
8398,2026-02-05 21:00:00,22.5,82,0.0,22.73,10.7,7.13
8399,2026-02-05 22:00:00,21.9,86,0.0,22.18,10.9,7.27
8400,2026-02-05 23:00:00,21.4,89,0.0,21.64,11.07,7.35
8401,2026-02-06 00:00:00,20.9,90,0.0,21.12,11.21,7.49
8402,2026-02-06 01:00:00,20.8,89,0.0,20.72,11.27,7.54
8403,2026-02-06 02:00:00,21.0,88,0.0,20.51,11.3,7.67
8404,2026-02-06 03:00:00,22.8,75,0.0,20.9,10.94,7.68
8405,2026-02-06 04:00:00,24.8,57,0.0,21.77,10.39,7.68
8406,2026-02-06 05:00:00,27.0,41,0.0,23.04,9.81,7.62
8407,2026-02-06 06:00:00,28.6,31,0.0,24.41,9.35,7.69
8408,2026-02-06 07:00:00,30.1,25,0.0,25.81,8.97,7.77
8409,2026-02-06 08:00:00,31.0,22,0.0,27.07,8.67,7.61
8410,2026-02-06 09:00:00,31.5,19,0.0,28.1,8.42,7.66
8411,2026-02-06 10:00:00,31.5,20,0.0,28.82,8.31,7.53
8412,2026-02-06 11:00:00,30.9,24,0.0,29.14,8.32,7.46
8413,2026-02-06 12:00:00,29.9,30,0.0,29.07,8.43,7.44
8414,2026-02-06 13:00:00,28.6,33,0.0,28.63,8.57,7.3
8415,2026-02-06 14:00:00,27.5,34,0.0,27.99,8.71,7.23
8416,2026-02-06 15:00:00,26.8,39,0.0,27.33,8.93,7.16
8417,2026-02-06 16:00:00,26.2,45,0.0,26.69,9.17,7.1
8418,2026-02-06 17:00:00,25.4,50,0.0,26.01,9.4,7.09
8419,2026-02-06 18:00:00,24.7,56,0.0,25.31,9.65,7.13
8420,2026-02-06 19:00:00,23.9,61,0.0,24.59,9.9,7.03
8421,2026-02-06 20:00:00,23.0,67,0.0,23.81,10.17,7.27
8422,2026-02-06 21:00:00,22.2,73,0.0,23.03,10.45,7.22
8423,2026-02-06 22:00:00,21.6,79,0.0,22.3,10.73,7.2
8424,2026-02-06 23:00:00,21.0,85,0.0,21.61,11.0,7.33
8425,2026-02-07 00:00:00,20.3,90,0.0,20.92,11.25,7.43
8426,2026-02-07 01:00:00,20.2,91,0.0,20.4,11.38,7.53
8427,2026-02-07 02:00:00,20.5,88,0.0,20.13,11.38,7.64
8428,2026-02-07 03:00:00,22.2,74,0.0,20.45,11.01,7.66
8429,2026-02-07 04:00:00,24.2,59,0.0,21.28,10.53,7.72
8430,2026-02-07 05:00:00,26.3,46,0.0,22.48,10.02,7.74
8431,2026-02-07 06:00:00,27.9,34,0.0,23.81,9.52,7.76
8432,2026-02-07 07:00:00,29.5,27,0.0,25.22,9.12,7.53
8433,2026-02-07 08:00:00,30.4,27,0.0,26.47,8.88,7.64
8434,2026-02-07 09:00:00,31.0,24,0.0,27.53,8.62,7.6
8435,2026-02-07 10:00:00,31.2,22,0.0,28.33,8.43,7.47
8436,2026-02-07 11:00:00,30.9,23,0.0,28.8,8.36,7.4
8437,2026-02-07 12:00:00,29.7,29,0.0,28.77,8.47,7.36
8438,2026-02-07 13:00:00,28.4,34,0.0,28.36,8.64,7.22
8439,2026-02-07 14:00:00,27.1,39,0.0,27.68,8.86,7.18
8440,2026-02-07 15:00:00,26.5,41,0.0,27.03,9.03,7.18
8441,2026-02-07 16:00:00,26.2,42,0.0,26.48,9.16,7.21
8442,2026-02-07 17:00:00,25.2,51,0.0,25.8,9.46,7.15
8443,2026-02-07 18:00:00,24.5,57,0.0,25.11,9.71,7.03
8444,2026-02-07 19:00:00,23.7,60,0.0,24.38,9.92,7.14
8445,2026-02-07 20:00:00,23.0,62,0.0,23.67,10.1,7.21
8446,2026-02-07 21:00:00,22.4,65,0.0,22.99,10.3,7.17
8447,2026-02-07 22:00:00,21.8,69,0.0,22.33,10.52,7.34
8448,2026-02-07 23:00:00,21.2,73,0.0,21.69,10.73,7.36
8449,2026-02-08 00:00:00,20.9,78,0.0,21.15,10.95,7.4
8450,2026-02-08 01:00:00,20.8,79,0.0,20.75,11.06,7.53
8451,2026-02-08 02:00:00,20.9,79,0.0,20.49,11.11,7.55
8452,2026-02-08 03:00:00,22.9,70,0.0,20.92,10.83,7.6
8453,2026-02-08 04:00:00,25.0,60,0.0,21.84,10.44,7.71
8454,2026-02-08 05:00:00,27.0,50,0.0,23.09,9.98,7.7
8455,2026-02-08 06:00:00,28.6,43,0.0,24.44,9.58,7.71
8456,2026-02-08 07:00:00,30.2,35,0.0,25.87,9.14,7.79
8457,2026-02-08 08:00:00,31.0,31,0.0,27.11,8.83,7.66
8458,2026-02-08 09:00:00,31.6,28,0.0,28.16,8.57,7.58
8459,2026-02-08 10:00:00,31.9,26,0.0,28.98,8.38,7.44
8460,2026-02-08 11:00:00,31.4,27,0.0,29.41,8.32,7.34
8461,2026-02-08 12:00:00,30.0,30,0.0,29.28,8.39,7.42
8462,2026-02-08 13:00:00,28.7,33,0.0,28.81,8.54,7.39
8463,2026-02-08 14:00:00,27.5,35,0.0,28.12,8.71,7.28
8464,2026-02-08 15:00:00,26.8,39,0.0,27.42,8.92,7.18
8465,2026-02-08 16:00:00,25.9,42,0.0,26.66,9.12,7.07
8466,2026-02-08 17:00:00,25.0,49,0.0,25.87,9.41,7.21
8467,2026-02-08 18:00:00,24.2,57,0.0,25.07,9.72,7.0
8468,2026-02-08 19:00:00,23.5,60,0.0,24.3,9.94,7.18
8469,2026-02-08 20:00:00,22.8,62,0.0,23.55,10.13,7.09
8470,2026-02-08 21:00:00,22.2,65,0.0,22.84,10.33,7.23
8471,2026-02-08 22:00:00,21.5,69,0.0,22.14,10.56,7.28
8472,2026-02-08 23:00:00,20.9,72,0.0,21.47,10.76,7.53
8473,2026-02-09 00:00:00,20.2,74,0.0,20.79,10.94,7.45
8474,2026-02-09 01:00:00,20.2,74,0.0,20.31,11.04,7.47
8475,2026-02-09 02:00:00,20.8,73,0.0,20.16,11.05,7.62
8476,2026-02-09 03:00:00,22.2,70,0.0,20.47,10.93,7.71
8477,2026-02-09 04:00:00,24.4,62,0.0,21.35,10.58,7.73
8478,2026-02-09 05:00:00,26.4,53,0.0,22.56,10.15,7.7
8479,2026-02-09 06:00:00,28.0,45,0.0,23.9,9.72,7.72
8480,2026-02-09 07:00:00,30.0,38,0.0,25.43,9.29,7.69
8481,2026-02-09 08:00:00,31.6,31,0.0,26.98,8.85,7.74
8482,2026-02-09 09:00:00,32.4,28,0.0,28.31,8.55,7.6
8483,2026-02-09 10:00:00,32.1,30,0.0,29.14,8.42,7.52
8484,2026-02-09 11:00:00,31.3,32,0.0,29.49,8.39,7.46
8485,2026-02-09 12:00:00,30.1,36,0.0,29.37,8.48,7.28
8486,2026-02-09 13:00:00,29.5,38,0.0,29.11,8.57,7.31
8487,2026-02-09 14:00:00,29.0,39,0.0,28.78,8.65,7.21
8488,2026-02-09 15:00:00,28.0,43,0.0,28.24,8.83,7.09
8489,2026-02-09 16:00:00,26.9,47,0.0,27.54,9.04,7.06
8490,2026-02-09 17:00:00,26.0,49,0.0,26.78,9.23,7.14
8491,2026-02-09 18:00:00,24.7,57,0.0,25.86,9.56,7.16
8492,2026-02-09 19:00:00,23.8,62,0.0,24.94,9.84,7.1
8493,2026-02-09 20:00:00,23.0,63,0.0,24.06,10.04,7.25
8494,2026-02-09 21:00:00,22.2,62,0.0,23.2,10.2,7.22
8495,2026-02-09 22:00:00,21.6,64,0.0,22.42,10.4,7.24
8496,2026-02-09 23:00:00,21.1,68,0.0,21.72,10.62,7.33
8497,2026-02-10 00:00:00,20.2,74,0.0,20.97,10.91,7.5
8498,2026-02-10 01:00:00,20.3,77,0.0,20.47,11.07,7.57
8499,2026-02-10 02:00:00,20.7,78,0.0,20.24,11.14,7.6
8500,2026-02-10 03:00:00,22.2,73,0.0,20.53,10.98,7.65
8501,2026-02-10 04:00:00,24.2,64,0.0,21.33,10.62,7.57
8502,2026-02-10 05:00:00,26.4,55,0.0,22.55,10.19,7.73
8503,2026-02-10 06:00:00,27.7,48,0.0,23.79,9.8,7.73
8504,2026-02-10 07:00:00,29.6,40,0.0,25.24,9.36,7.74
8505,2026-02-10 08:00:00,30.8,35,0.0,26.61,9.0,7.68
8506,2026-02-10 09:00:00,31.5,32,0.0,27.77,8.72,7.61
8507,2026-02-10 10:00:00,31.9,29,0.0,28.71,8.49,7.59
8508,2026-02-10 11:00:00,31.4,29,0.0,29.22,8.39,7.47
8509,2026-02-10 12:00:00,30.4,30,0.0,29.27,8.4,7.33
8510,2026-02-10 13:00:00,29.0,35,0.0,28.89,8.56,7.31
8511,2026-02-10 14:00:00,27.7,42,0.0,28.23,8.81,7.19
8512,2026-02-10 15:00:00,27.0,43,0.0,27.56,8.96,7.14
8513,2026-02-10 16:00:00,26.2,45,0.0,26.85,9.14,7.15
8514,2026-02-10 17:00:00,24.3,54,0.0,25.79,9.52,7.11
8515,2026-02-10 18:00:00,23.5,54,0.0,24.8,9.72,7.16
8516,2026-02-10 19:00:00,22.8,56,0.0,23.9,9.94,7.22
8517,2026-02-10 20:00:00,21.9,63,0.0,23.0,10.26,7.25
8518,2026-02-10 21:00:00,21.2,71,0.0,22.16,10.59,7.21
8519,2026-02-10 22:00:00,20.6,77,0.0,21.39,10.88,7.24
8520,2026-02-10 23:00:00,20.3,81,0.0,20.76,11.09,7.41
8521,2026-02-11 00:00:00,19.7,86,0.0,20.15,11.33,7.47
8522,2026-02-11 01:00:00,20.0,86,0.0,19.8,11.41,7.55
8523,2026-02-11 02:00:00,20.3,85,0.0,19.65,11.42,7.63
8524,2026-02-11 03:00:00,22.0,75,0.0,20.06,11.12,7.6
8525,2026-02-11 04:00:00,24.1,62,0.0,20.97,10.66,7.74
8526,2026-02-11 05:00:00,26.0,50,0.0,22.18,10.16,7.73
8527,2026-02-11 06:00:00,27.5,41,0.0,23.47,9.73,7.71
8528,2026-02-11 07:00:00,29.0,30,0.0,24.83,9.25,7.7
8529,2026-02-11 08:00:00,30.3,23,0.0,26.17,8.86,7.67
8530,2026-02-11 09:00:00,30.7,22,0.0,27.23,8.64,7.66
8531,2026-02-11 10:00:00,30.8,22,0.0,28.0,8.5,7.48
8532,2026-02-11 11:00:00,30.4,23,0.0,28.42,8.43,7.48
8533,2026-02-11 12:00:00,29.3,27,0.0,28.38,8.51,7.4
8534,2026-02-11 13:00:00,28.0,31,0.0,27.97,8.66,7.33
8535,2026-02-11 14:00:00,26.8,31,0.0,27.32,8.79,7.19
8536,2026-02-11 15:00:00,26.0,33,0.0,26.62,8.96,7.15
8537,2026-02-11 16:00:00,24.9,49,0.0,25.81,9.42,7.09
8538,2026-02-11 17:00:00,23.8,59,0.0,24.9,9.79,7.12
8539,2026-02-11 18:00:00,22.9,68,0.0,24.0,10.15,7.19
8540,2026-02-11 19:00:00,22.1,75,0.0,23.13,10.47,7.16
8541,2026-02-11 20:00:00,21.4,81,0.0,22.31,10.77,7.16
8542,2026-02-11 21:00:00,20.9,83,0.0,21.59,10.96,7.27
8543,2026-02-11 22:00:00,20.4,84,0.0,20.93,11.12,7.3
8544,2026-02-11 23:00:00,20.0,84,0.0,20.35,11.25,7.38
8545,2026-02-12 00:00:00,19.4,87,0.0,19.77,11.43,7.48
8546,2026-02-12 01:00:00,19.2,87,0.0,19.3,11.54,7.51
8547,2026-02-12 02:00:00,19.7,83,0.0,19.12,11.49,7.58
8548,2026-02-12 03:00:00,21.4,66,0.0,19.5,11.04,7.65
8549,2026-02-12 04:00:00,23.2,57,0.0,20.31,10.69,7.68
8550,2026-02-12 05:00:00,25.3,46,0.0,21.51,10.22,7.73
8551,2026-02-12 06:00:00,26.4,43,0.0,22.68,9.92,7.7
8552,2026-02-12 07:00:00,28.1,38,0.0,24.0,9.56,7.7
8553,2026-02-12 08:00:00,29.2,35,0.0,25.26,9.26,7.64
8554,2026-02-12 09:00:00,30.0,33,0.0,26.38,9.01,7.64
8555,2026-02-12 10:00:00,30.2,33,0.0,27.23,8.84,7.6
8556,2026-02-12 11:00:00,30.0,33,0.0,27.76,8.74,7.53
8557,2026-02-12 12:00:00,29.0,36,0.0,27.83,8.78,7.34
8558,2026-02-12 13:00:00,28.2,38,0.0,27.64,8.85,7.3
8559,2026-02-12 14:00:00,27.7,40,0.0,27.36,8.95,7.21
8560,2026-02-12 15:00:00,27.3,41,0.0,27.04,9.03,7.16
8561,2026-02-12 16:00:00,26.7,42,0.0,26.64,9.12,7.11
8562,2026-02-12 17:00:00,25.7,45,0.0,26.06,9.29,7.12
8563,2026-02-12 18:00:00,24.8,57,0.0,25.38,9.66,7.05
8564,2026-02-12 19:00:00,24.5,66,0.0,24.82,9.95,7.19
8565,2026-02-12 20:00:00,23.9,70,0.0,24.24,10.14,7.15
8566,2026-02-12 21:00:00,23.4,76,0.0,23.69,10.38,7.22
8567,2026-02-12 22:00:00,23.0,80,0.0,23.18,10.56,7.24
8568,2026-02-12 23:00:00,22.6,82,0.0,22.71,10.7,7.34
8569,2026-02-13 00:00:00,21.9,86,0.0,22.17,10.9,7.45
8570,2026-02-13 01:00:00,21.9,87,0.0,21.79,11.0,7.6
8571,2026-02-13 02:00:00,22.1,86,0.0,21.58,11.02,7.59
8572,2026-02-13 03:00:00,23.6,77,0.0,21.89,10.77,7.71
8573,2026-02-13 04:00:00,25.6,64,0.0,22.7,10.34,7.7
8574,2026-02-13 05:00:00,27.7,53,0.0,23.9,9.88,7.74
8575,2026-02-13 06:00:00,28.9,46,0.0,25.1,9.5,7.63
8576,2026-02-13 07:00:00,30.1,42,0.0,26.3,9.19,7.6
8577,2026-02-13 08:00:00,31.1,38,0.0,27.44,8.89,7.61
8578,2026-02-13 09:00:00,32.0,35,0.0,28.51,8.63,7.57
8579,2026-02-13 10:00:00,32.8,32,0.0,29.5,8.39,7.6
8580,2026-02-13 11:00:00,32.3,31,0.0,30.04,8.27,7.42
8581,2026-02-13 12:00:00,32.0,30,0.0,30.33,8.19,7.31
8582,2026-02-13 13:00:00,30.8,33,0.0,30.17,8.28,7.3
8583,2026-02-13 14:00:00,29.2,38,0.0,29.58,8.48,7.21
8584,2026-02-13 15:00:00,28.5,40,0.0,28.95,8.63,7.17
8585,2026-02-13 16:00:00,27.8,42,0.0,28.31,8.8,7.08
8586,2026-02-13 17:00:00,27.0,48,0.0,27.62,9.04,7.07
8587,2026-02-13 18:00:00,26.3,56,0.0,26.92,9.33,7.1
8588,2026-02-13 19:00:00,25.2,67,0.0,26.1,9.7,7.19
8589,2026-02-13 20:00:00,24.2,77,0.0,25.23,10.07,7.16
8590,2026-02-13 21:00:00,23.5,82,0.0,24.41,10.34,7.2
8591,2026-02-13 22:00:00,23.0,85,0.0,23.69,10.55,7.22
8592,2026-02-13 23:00:00,22.3,89,0.0,22.97,10.79,7.36
8593,2026-02-14 00:00:00,21.6,89,0.1,22.26,10.94,7.42
8594,2026-02-14 01:00:00,21.6,89,0.0,21.76,11.05,7.59
8595,2026-02-14 02:00:00,22.0,86,0.0,21.53,11.03,7.54
8596,2026-02-14 03:00:00,23.6,76,0.0,21.85,10.76,7.58
8597,2026-02-14 04:00:00,25.6,64,0.0,22.68,10.35,7.77
8598,2026-02-14 05:00:00,27.5,54,0.0,23.82,9.91,7.65
8599,2026-02-14 06:00:00,28.5,49,0.0,24.93,9.6,7.7
8600,2026-02-14 07:00:00,30.2,41,0.0,26.21,9.19,7.76
8601,2026-02-14 08:00:00,31.1,37,0.0,27.38,8.89,7.69
8602,2026-02-14 09:00:00,31.7,34,0.0,28.37,8.64,7.58
8603,2026-02-14 10:00:00,32.2,32,0.0,29.22,8.44,7.59
8604,2026-02-14 11:00:00,32.0,31,0.0,29.75,8.32,7.43
8605,2026-02-14 12:00:00,31.0,33,0.0,29.83,8.34,7.4
8606,2026-02-14 13:00:00,30.0,35,0.0,29.58,8.42,7.22
8607,2026-02-14 14:00:00,29.1,37,0.0,29.14,8.54,7.2
8608,2026-02-14 15:00:00,28.6,39,0.0,28.68,8.67,7.2
8609,2026-02-14 16:00:00,27.6,43,0.0,28.05,8.86,7.17
8610,2026-02-14 17:00:00,26.5,49,0.0,27.29,9.12,7.06
8611,2026-02-14 18:00:00,25.3,57,0.0,26.39,9.45,7.15
8612,2026-02-14 19:00:00,24.6,60,0.0,25.55,9.68,7.09
8613,2026-02-14 20:00:00,24.0,62,0.0,24.79,9.87,7.13
8614,2026-02-14 21:00:00,23.5,61,0.0,24.1,9.99,7.25
8615,2026-02-14 22:00:00,22.9,60,0.0,23.44,10.11,7.32
8616,2026-02-14 23:00:00,22.1,61,0.0,22.74,10.27,7.33
8617,2026-02-15 00:00:00,21.5,67,0.0,22.07,10.53,7.38
8618,2026-02-15 01:00:00,21.4,68,0.0,21.57,10.66,7.43
8619,2026-02-15 02:00:00,21.8,68,0.0,21.34,10.7,7.6
8620,2026-02-15 03:00:00,23.9,60,0.0,21.81,10.44,7.69
8621,2026-02-15 04:00:00,26.2,52,0.0,22.82,10.08,7.65
8622,2026-02-15 05:00:00,28.4,42,0.0,24.2,9.6,7.65
8623,2026-02-15 06:00:00,29.7,39,0.0,25.55,9.28,7.75
8624,2026-02-15 07:00:00,31.5,34,0.0,27.03,8.9,7.53
8625,2026-02-15 08:00:00,32.5,30,0.0,28.37,8.57,7.62
8626,2026-02-15 09:00:00,33.2,28,0.0,29.52,8.31,7.6
8627,2026-02-15 10:00:00,33.4,27,0.0,30.38,8.13,7.44
8628,2026-02-15 11:00:00,33.2,26,0.0,30.93,8.01,7.42
8629,2026-02-15 12:00:00,32.3,27,0.0,31.04,8.01,7.36
8630,2026-02-15 13:00:00,31.0,29,0.0,30.73,8.1,7.32
8631,2026-02-15 14:00:00,29.9,32,0.0,30.18,8.26,7.21
8632,2026-02-15 15:00:00,29.0,33,0.0,29.53,8.4,7.2
8633,2026-02-15 16:00:00,28.2,36,0.0,28.83,8.59,7.1
8634,2026-02-15 17:00:00,26.7,45,0.0,27.89,8.93,7.14
8635,2026-02-15 18:00:00,25.6,51,0.0,26.9,9.24,7.02
8636,2026-02-15 19:00:00,24.8,57,0.0,25.97,9.54,7.12
8637,2026-02-15 20:00:00,24.0,57,0.0,25.08,9.72,7.12
8638,2026-02-15 21:00:00,23.2,58,0.0,24.22,9.91,7.14
8639,2026-02-15 22:00:00,22.9,59,0.0,23.52,10.07,7.29
8640,2026-02-15 23:00:00,22.5,61,0.0,22.91,10.24,7.37
8641,2026-02-16 00:00:00,21.5,64,0.0,22.19,10.45,7.39
8642,2026-02-16 01:00:00,21.5,66,0.0,21.68,10.59,7.49
8643,2026-02-16 02:00:00,21.8,68,0.0,21.42,10.69,7.54
8644,2026-02-16 03:00:00,23.5,64,0.0,21.74,10.54,7.63
8645,2026-02-16 04:00:00,25.4,56,0.0,22.54,10.21,7.75
8646,2026-02-16 05:00:00,27.5,45,0.0,23.73,9.76,7.72
8647,2026-02-16 06:00:00,28.6,39,0.0,24.89,9.41,7.73
8648,2026-02-16 07:00:00,30.2,33,0.0,26.18,9.05,7.67
8649,2026-02-16 08:00:00,31.1,29,0.0,27.36,8.75,7.62
8650,2026-02-16 09:00:00,31.9,27,0.0,28.42,8.51,7.56
8651,2026-02-16 10:00:00,32.2,25,0.0,29.25,8.31,7.47
8652,2026-02-16 11:00:00,32.0,25,0.0,29.78,8.21,7.5
8653,2026-02-16 12:00:00,30.7,27,0.0,29.75,8.25,7.38
8654,2026-02-16 13:00:00,29.6,30,0.0,29.41,8.37,7.28
8655,2026-02-16 14:00:00,28.8,34,0.0,28.93,8.53,7.25
8656,2026-02-16 15:00:00,28.1,35,0.0,28.38,8.66,7.19
8657,2026-02-16 16:00:00,27.0,40,0.0,27.66,8.89,7.15
8658,2026-02-16 17:00:00,25.9,47,0.0,26.84,9.18,7.16
8659,2026-02-16 18:00:00,24.8,52,0.0,25.92,9.45,7.08
8660,2026-02-16 19:00:00,24.1,55,0.0,25.08,9.68,7.07
8661,2026-02-16 20:00:00,23.6,56,0.0,24.33,9.85,7.21
8662,2026-02-16 21:00:00,23.0,58,0.0,23.63,10.03,7.23
8663,2026-02-16 22:00:00,22.5,60,0.0,22.99,10.2,7.22
8664,2026-02-16 23:00:00,22.0,61,0.0,22.4,10.34,7.32
8665,2026-02-17 00:00:00,21.5,63,0.0,21.83,10.5,7.48
8666,2026-02-17 01:00:00,21.2,64,0.0,21.34,10.62,7.46
8667,2026-02-17 02:00:00,21.5,61,0.0,21.09,10.61,7.61
8668,2026-02-17 03:00:00,23.8,49,0.0,21.6,10.26,7.69
8669,2026-02-17 04:00:00,25.9,44,0.0,22.59,9.96,7.69
8670,2026-02-17 05:00:00,27.7,38,0.0,23.82,9.6,7.75
8671,2026-02-17 06:00:00,28.8,36,0.0,25.02,9.33,7.66
8672,2026-02-17 07:00:00,30.5,31,0.0,26.36,8.97,7.62
8673,2026-02-17 08:00:00,31.6,28,0.0,27.63,8.67,7.75
8674,2026-02-17 09:00:00,32.4,25,0.0,28.76,8.41,7.65
8675,2026-02-17 10:00:00,32.5,25,0.0,29.58,8.25,7.44
8676,2026-02-17 11:00:00,32.1,24,0.0,30.04,8.15,7.46
8677,2026-02-17 12:00:00,31.2,26,0.0,30.09,8.17,7.46
8678,2026-02-17 13:00:00,30.2,27,0.0,29.82,8.24,7.19
8679,2026-02-17 14:00:00,29.1,29,0.0,29.3,8.37,7.19
8680,2026-02-17 15:00:00,28.1,31,0.0,28.64,8.53,7.13
8681,2026-02-17 16:00:00,26.9,40,0.0,27.82,8.86,7.06
8682,2026-02-17 17:00:00,25.7,51,0.0,26.88,9.24,7.08
8683,2026-02-17 18:00:00,24.8,58,0.0,25.96,9.56,6.99
8684,2026-02-17 19:00:00,23.6,65,0.0,24.95,9.9,7.09
8685,2026-02-17 20:00:00,22.8,71,0.0,24.01,10.21,7.09
8686,2026-02-17 21:00:00,22.0,75,0.0,23.1,10.48,7.3
8687,2026-02-17 22:00:00,21.6,78,0.0,22.35,10.7,7.28
8688,2026-02-17 23:00:00,21.6,77,0.0,21.83,10.79,7.33
8689,2026-02-18 00:00:00,21.8,77,0.0,21.52,10.85,7.31
8690,2026-02-18 01:00:00,22.0,76,0.0,21.36,10.86,7.47
8691,2026-02-18 02:00:00,22.1,75,0.0,21.28,10.86,7.69
8692,2026-02-18 03:00:00,23.4,68,0.0,21.62,10.65,7.73
8693,2026-02-18 04:00:00,25.2,57,0.0,22.39,10.26,7.75
8694,2026-02-18 05:00:00,27.1,48,0.0,23.51,9.86,7.73
8695,2026-02-18 06:00:00,28.9,38,0.0,24.82,9.4,7.7
8696,2026-02-18 07:00:00,30.5,32,0.0,26.23,9.02,7.7
8697,2026-02-18 08:00:00,31.5,31,0.0,27.51,8.75,7.58
8698,2026-02-18 09:00:00,31.9,30,0.0,28.53,8.54,7.58
8699,2026-02-18 10:00:00,31.7,29,0.0,29.18,8.4,7.47
8700,2026-02-18 11:00:00,31.4,28,0.0,29.54,8.31,7.47
8701,2026-02-18 12:00:00,31.6,22,0.0,29.86,8.14,7.43
8702,2026-02-18 13:00:00,30.2,25,0.0,29.66,8.23,7.32
8703,2026-02-18 14:00:00,28.5,30,0.0,29.01,8.45,7.28
8704,2026-02-18 15:00:00,26.8,36,0.0,28.05,8.74,7.23
8705,2026-02-18 16:00:00,26.0,42,0.0,27.13,9.03,7.15
8706,2026-02-18 17:00:00,25.6,47,0.0,26.37,9.27,7.07
8707,2026-02-18 18:00:00,25.4,53,0.0,25.78,9.5,7.01
8708,2026-02-18 19:00:00,24.9,64,0.0,25.22,9.82,6.98
8709,2026-02-18 20:00:00,24.0,71,0.0,24.55,10.1,7.16
8710,2026-02-18 21:00:00,23.4,75,0.0,23.91,10.31,7.23
8711,2026-02-18 22:00:00,22.9,79,0.0,23.3,10.52,7.35
8712,2026-02-18 23:00:00,22.5,81,0.0,22.76,10.67,7.31
8713,2026-02-19 00:00:00,21.8,85,0.0,22.17,10.88,7.37
8714,2026-02-19 01:00:00,21.8,85,0.0,21.76,10.96,7.56
8715,2026-02-19 02:00:00,22.1,83,0.0,21.56,10.97,7.53
8716,2026-02-19 03:00:00,23.6,73,0.0,21.87,10.7,7.78
8717,2026-02-19 04:00:00,25.5,62,0.0,22.66,10.31,7.7
8718,2026-02-19 05:00:00,27.6,52,0.0,23.84,9.87,7.74
8719,2026-02-19 06:00:00,28.6,47,0.0,24.97,9.55,7.63
8720,2026-02-19 07:00:00,30.3,41,0.0,26.27,9.18,7.68
8721,2026-02-19 08:00:00,31.7,35,0.0,27.6,8.81,7.59
8722,2026-02-19 09:00:00,32.6,31,0.0,28.8,8.5,7.52
8723,2026-02-19 10:00:00,33.0,30,0.0,29.76,8.3,7.48
8724,2026-02-19 11:00:00,32.5,29,0.0,30.28,8.18,7.48
8725,2026-02-19 12:00:00,31.2,30,0.0,30.26,8.21,7.42
8726,2026-02-19 13:00:00,30.3,32,0.0,29.97,8.3,7.18
8727,2026-02-19 14:00:00,29.5,35,0.0,29.53,8.43,7.24
8728,2026-02-19 15:00:00,28.7,40,0.0,28.98,8.63,7.19
8729,2026-02-19 16:00:00,27.6,48,0.0,28.27,8.91,7.15
8730,2026-02-19 17:00:00,26.8,53,0.0,27.53,9.15,7.03
8731,2026-02-19 18:00:00,25.8,61,0.0,26.71,9.46,7.13
8732,2026-02-19 19:00:00,25.2,65,0.0,25.96,9.69,7.07
8733,2026-02-19 20:00:00,24.5,69,0.0,25.22,9.92,7.19
8734,2026-02-19 21:00:00,23.9,72,0.0,24.52,10.12,7.29
8735,2026-02-19 22:00:00,23.4,76,0.0,23.89,10.33,7.32
8736,2026-02-19 23:00:00,23.0,78,0.0,23.32,10.49,7.39
8737,2026-02-20 00:00:00,22.6,81,0.0,22.8,10.66,7.44
8738,2026-02-20 01:00:00,22.7,81,0.0,22.47,10.73,7.52
8739,2026-02-20 02:00:00,23.2,78,0.0,22.39,10.69,7.51
8740,2026-02-20 03:00:00,25.0,66,0.0,22.87,10.35,7.68
8741,2026-02-20 04:00:00,27.0,56,0.0,23.81,9.96,7.6
8742,2026-02-20 05:00:00,29.0,47,0.0,25.07,9.53,7.77
8743,2026-02-20 06:00:00,30.1,43,0.0,26.28,9.21,7.73
8744,2026-02-20 07:00:00,31.8,37,0.0,27.63,8.84,7.76
8745,2026-02-20 08:00:00,31.8,36,0.0,28.58,8.63,7.61
8746,2026-02-20 09:00:00,32.7,34,0.0,29.52,8.42,7.53
8747,2026-02-20 10:00:00,31.4,38,0.0,29.78,8.44,7.51
8748,2026-02-20 11:00:00,31.5,37,0.0,30.0,8.38,7.43
8749,2026-02-20 12:00:00,31.5,37,0.0,30.15,8.35,7.29
8750,2026-02-20 13:00:00,29.0,49,0.0,29.5,8.68,7.16
8751,2026-02-20 14:00:00,26.2,62,0.0,28.21,9.17,7.25
8752,2026-02-20 15:00:00,25.6,67,0.0,27.13,9.49,7.24
8753,2026-02-20 16:00:00,26.0,66,0.0,26.49,9.6,7.17
8754,2026-02-20 17:00:00,25.8,68,0.1,25.98,9.74,7.13
8755,2026-02-20 18:00:00,25.6,70,0.0,25.57,9.87,7.08
8756,2026-02-20 19:00:00,25.3,70,0.0,25.19,9.94,7.18
8757,2026-02-20 20:00:00,24.2,77,0.1,24.59,10.2,7.1
8758,2026-02-20 21:00:00,23.5,81,0.0,23.96,10.42,7.19
8759,2026-02-20 22:00:00,23.4,80,0.0,23.49,10.5,7.26
8760,2026-02-20 23:00:00,23.4,79,0.0,23.17,10.54,7.31
8761,2026-02-21 00:00:00,23.0,80,0.0,22.82,10.64,7.46
8762,2026-02-21 01:00:00,23.0,80,0.0,22.57,10.69,7.52
8763,2026-02-21 02:00:00,23.6,76,0.0,22.58,10.61,7.65
8764,2026-02-21 03:00:00,25.5,68,0.0,23.16,10.33,7.66
8765,2026-02-21 04:00:00,27.4,58,0.0,24.13,9.93,7.71
8766,2026-02-21 05:00:00,29.4,48,0.0,25.41,9.48,7.7
8767,2026-02-21 06:00:00,30.0,45,0.0,26.49,9.21,7.75
8768,2026-02-21 07:00:00,31.5,39,0.0,27.69,8.86,7.63
8769,2026-02-21 08:00:00,32.2,37,0.0,28.74,8.62,7.63
8770,2026-02-21 09:00:00,32.9,34,0.0,29.69,8.38,7.58
8771,2026-02-21 10:00:00,33.6,32,0.0,30.56,8.18,7.55
8772,2026-02-21 11:00:00,33.6,32,0.0,31.17,8.06,7.53
8773,2026-02-21 12:00:00,33.0,31,0.0,31.42,8.0,7.3
8774,2026-02-21 13:00:00,32.1,33,0.0,31.33,8.05,7.32
8775,2026-02-21 14:00:00,31.5,35,0.2,31.08,8.13,7.16
8776,2026-02-21 15:00:00,29.4,46,0.0,30.27,8.48,7.06
8777,2026-02-21 16:00:00,27.4,64,0.0,29.11,9.02,7.07
8778,2026-02-21 17:00:00,26.4,69,0.0,28.0,9.34,7.02
8779,2026-02-21 18:00:00,26.2,69,0.0,27.16,9.52,7.0
8780,2026-02-21 19:00:00,24.7,81,0.0,26.12,9.96,7.01
8781,2026-02-21 20:00:00,23.9,86,0.0,25.15,10.26,7.13
8782,2026-02-21 21:00:00,23.7,86,0.0,24.42,10.42,7.16
8783,2026-02-21 22:00:00,23.3,88,0.0,23.78,10.59,7.22
8784,2026-02-21 23:00:00,22.9,91,0.0,23.22,10.77,7.34
